ISO-10303-21;
HEADER;
/* Generated by software containing ST-Developer
 * from STEP Tools, Inc. (www.steptools.com) 
 */
/* OPTION: using custom renumber hook */

FILE_DESCRIPTION(
/* description */ ('STEP AP242',
'CAx-IF Rec.Pracs.---Representation and Presentation of Product Manufa
cturing Information (PMI)---4.0---2014-10-13',
'CAx-IF Rec.Pracs.---3D Tessellated Geometry---0.4---2014-09-14','2;1'),

/* implementation_level */ '2;1');

FILE_NAME(
/* name */ '681384a1ee054e489b611f8a',
/* time_stamp */ '2025-05-01T14:26:43Z',
/* author */ (''),
/* organization */ (''),
/* preprocessor_version */ 'ST-DEVELOPER v20',
/* originating_system */ 'ONSHAPE BY PTC INC, 1.197',
/* authorisation */ '  ');

FILE_SCHEMA (('AP242_MANAGED_MODEL_BASED_3D_ENGINEERING_MIM_LF { 1 0 10303 442 1 1 4 }'));
ENDSEC;

DATA;
#10=SHAPE_REPRESENTATION_RELATIONSHIP('','',#5588,#11);
#11=ADVANCED_BREP_SHAPE_REPRESENTATION('',(#5586),#11509);
#12=PLANE('',#5740);
#13=PLANE('',#5742);
#14=PLANE('',#5745);
#15=PLANE('',#5774);
#16=PLANE('',#5783);
#17=PLANE('',#5787);
#18=PLANE('',#5788);
#19=PLANE('',#5789);
#20=PLANE('',#5793);
#21=PLANE('',#5794);
#22=PLANE('',#5795);
#23=PLANE('',#5799);
#24=PLANE('',#5800);
#25=PLANE('',#5801);
#26=PLANE('',#5805);
#27=PLANE('',#5806);
#28=PLANE('',#5807);
#29=PLANE('',#5811);
#30=PLANE('',#5812);
#31=PLANE('',#5813);
#32=PLANE('',#5817);
#33=PLANE('',#5818);
#34=PLANE('',#5819);
#35=PLANE('',#5823);
#36=PLANE('',#5824);
#37=PLANE('',#5825);
#38=PLANE('',#5829);
#39=PLANE('',#5830);
#40=PLANE('',#5833);
#41=PLANE('',#5834);
#42=PLANE('',#5837);
#43=PLANE('',#5838);
#44=PLANE('',#5841);
#45=PLANE('',#5842);
#46=PLANE('',#5845);
#47=PLANE('',#5846);
#48=PLANE('',#5849);
#49=PLANE('',#5850);
#50=PLANE('',#5853);
#51=PLANE('',#5854);
#52=PLANE('',#5857);
#53=PLANE('',#5858);
#54=PLANE('',#5861);
#55=PLANE('',#5862);
#56=PLANE('',#5865);
#57=PLANE('',#5866);
#58=PLANE('',#5869);
#59=PLANE('',#5870);
#60=PLANE('',#5873);
#61=PLANE('',#5874);
#62=PLANE('',#5877);
#63=PLANE('',#5878);
#64=PLANE('',#5881);
#65=PLANE('',#5884);
#66=PLANE('',#5887);
#67=PLANE('',#5890);
#68=PLANE('',#5893);
#69=PLANE('',#5896);
#70=PLANE('',#5899);
#71=PLANE('',#5904);
#72=CONICAL_SURFACE('',#5736,0.0128018035684539,0.785398163397449);
#73=CONICAL_SURFACE('',#5738,0.0105,0.785398163397448);
#74=CONICAL_SURFACE('',#5744,0.0075,0.540419500270584);
#75=CONICAL_SURFACE('',#5831,0.007,0.785398163397448);
#76=CONICAL_SURFACE('',#5832,0.00315,0.785398163397449);
#77=CONICAL_SURFACE('',#5835,0.0005,0.785398163397448);
#78=CONICAL_SURFACE('',#5836,0.0005,0.785398163397448);
#79=CONICAL_SURFACE('',#5839,0.0005,0.785398163397447);
#80=CONICAL_SURFACE('',#5840,0.0005,0.785398163397448);
#81=CONICAL_SURFACE('',#5843,0.00315,0.785398163397449);
#82=CONICAL_SURFACE('',#5844,0.00315,0.785398163397449);
#83=CONICAL_SURFACE('',#5847,0.0005,0.785398163397448);
#84=CONICAL_SURFACE('',#5848,0.0005,0.785398163397446);
#85=CONICAL_SURFACE('',#5851,0.0005,0.785398163397448);
#86=CONICAL_SURFACE('',#5852,0.0005,0.785398163397446);
#87=CONICAL_SURFACE('',#5855,0.00315,0.785398163397449);
#88=CONICAL_SURFACE('',#5856,0.00315,0.78539816339745);
#89=CONICAL_SURFACE('',#5859,0.0005,0.785398163397448);
#90=CONICAL_SURFACE('',#5860,0.0005,0.785398163397446);
#91=CONICAL_SURFACE('',#5863,0.0005,0.785398163397446);
#92=CONICAL_SURFACE('',#5864,0.0005,0.785398163397448);
#93=CONICAL_SURFACE('',#5867,0.00315,0.785398163397449);
#94=CONICAL_SURFACE('',#5868,0.00315,0.78539816339745);
#95=CONICAL_SURFACE('',#5871,0.0005,0.785398163397448);
#96=CONICAL_SURFACE('',#5872,0.0005,0.785398163397448);
#97=CONICAL_SURFACE('',#5875,0.0005,0.785398163397448);
#98=CONICAL_SURFACE('',#5876,0.0005,0.785398163397446);
#99=CONICAL_SURFACE('',#5879,0.00315,0.785398163397449);
#100=CONICAL_SURFACE('',#5880,0.0068,0.785398163397448);
#101=B_SPLINE_CURVE_WITH_KNOTS('',3,(#6923,#6924,#6925,#6926),
 .UNSPECIFIED.,.F.,.F.,(4,4),(6.7786484031585E-18,0.00169676342253196),
 .UNSPECIFIED.);
#102=B_SPLINE_CURVE_WITH_KNOTS('',3,(#6928,#6929,#6930,#6931),
 .UNSPECIFIED.,.F.,.F.,(4,4),(1.0842021724855E-18,0.00121891754619378),
 .UNSPECIFIED.);
#103=B_SPLINE_CURVE_WITH_KNOTS('',3,(#6948,#6949,#6950,#6951),
 .UNSPECIFIED.,.F.,.F.,(4,4),(5.42101086242752E-20,0.000747186281765107),
 .UNSPECIFIED.);
#104=B_SPLINE_CURVE_WITH_KNOTS('',3,(#6953,#6954,#6955,#6956),
 .UNSPECIFIED.,.F.,.F.,(4,4),(0.,0.00111829506036383),.UNSPECIFIED.);
#105=B_SPLINE_CURVE_WITH_KNOTS('',3,(#6964,#6965,#6966,#6967),
 .UNSPECIFIED.,.F.,.F.,(4,4),(2.68252301534968E-16,0.000251056734265172),
 .UNSPECIFIED.);
#106=B_SPLINE_CURVE_WITH_KNOTS('',3,(#6989,#6990,#6991,#6992),
 .UNSPECIFIED.,.F.,.F.,(4,4),(0.,0.000786523764682234),.UNSPECIFIED.);
#107=B_SPLINE_CURVE_WITH_KNOTS('',3,(#6995,#6996,#6997,#6998),
 .UNSPECIFIED.,.F.,.F.,(4,4),(4.20240118705049E-16,0.000198206603532038),
 .UNSPECIFIED.);
#108=B_SPLINE_CURVE_WITH_KNOTS('',3,(#7006,#7007,#7008,#7009),
 .UNSPECIFIED.,.F.,.F.,(4,4),(0.,0.00111829506036385),.UNSPECIFIED.);
#109=B_SPLINE_CURVE_WITH_KNOTS('',3,(#7022,#7023,#7024,#7025),
 .UNSPECIFIED.,.F.,.F.,(4,4),(3.24537045394939E-18,0.00170104549718498),
 .UNSPECIFIED.);
#110=B_SPLINE_CURVE_WITH_KNOTS('',3,(#7026,#7027,#7028,#7029),
 .UNSPECIFIED.,.F.,.F.,(4,4),(8.67361737988404E-19,0.00123634808539684),
 .UNSPECIFIED.);
#111=B_SPLINE_CURVE_WITH_KNOTS('',3,(#7055,#7056,#7057,#7058),
 .UNSPECIFIED.,.F.,.F.,(4,4),(1.15252271840046E-18,0.000747186281765109),
 .UNSPECIFIED.);
#112=B_SPLINE_CURVE_WITH_KNOTS('',3,(#7067,#7068,#7069,#7070),
 .UNSPECIFIED.,.F.,.F.,(4,4),(8.67361737988404E-19,0.00111829506036385),
 .UNSPECIFIED.);
#113=B_SPLINE_CURVE_WITH_KNOTS('',3,(#7078,#7079,#7080,#7081),
 .UNSPECIFIED.,.F.,.F.,(4,4),(2.69314422924003E-16,0.000251056734265202),
 .UNSPECIFIED.);
#114=B_SPLINE_CURVE_WITH_KNOTS('',3,(#7092,#7093,#7094,#7095),
 .UNSPECIFIED.,.F.,.F.,(4,4),(9.69739903612216E-19,0.00169676342253068),
 .UNSPECIFIED.);
#115=B_SPLINE_CURVE_WITH_KNOTS('',3,(#7096,#7097,#7098,#7099),
 .UNSPECIFIED.,.F.,.F.,(4,4),(8.67361737988404E-19,0.00121891754619239),
 .UNSPECIFIED.);
#116=B_SPLINE_CURVE_WITH_KNOTS('',3,(#7121,#7122,#7123,#7124),
 .UNSPECIFIED.,.F.,.F.,(4,4),(1.56365861034638E-18,0.00170104549718499),
 .UNSPECIFIED.);
#117=B_SPLINE_CURVE_WITH_KNOTS('',3,(#7132,#7133,#7134,#7135),
 .UNSPECIFIED.,.F.,.F.,(4,4),(8.67361737988404E-19,0.00123634808539913),
 .UNSPECIFIED.);
#118=B_SPLINE_CURVE_WITH_KNOTS('',3,(#7142,#7143,#7144,#7145),
 .UNSPECIFIED.,.F.,.F.,(4,4),(2.49130692054224E-18,0.000786523764682243),
 .UNSPECIFIED.);
#119=B_SPLINE_CURVE_WITH_KNOTS('',3,(#7147,#7148,#7149,#7150),
 .UNSPECIFIED.,.F.,.F.,(4,4),(4.19995012778687E-16,0.000198206603532014),
 .UNSPECIFIED.);
#120=B_SPLINE_CURVE_WITH_KNOTS('',3,(#7158,#7159,#7160,#7161),
 .UNSPECIFIED.,.F.,.F.,(4,4),(0.,0.00111829506036386),.UNSPECIFIED.);
#121=B_SPLINE_CURVE_WITH_KNOTS('',3,(#7198,#7199,#7200,#7201),
 .UNSPECIFIED.,.F.,.F.,(4,4),(3.60242385527828E-18,0.0017010454971837),
 .UNSPECIFIED.);
#122=B_SPLINE_CURVE_WITH_KNOTS('',3,(#7209,#7210,#7211,#7212),
 .UNSPECIFIED.,.F.,.F.,(4,4),(1.73472347597681E-18,0.00123634808539918),
 .UNSPECIFIED.);
#123=B_SPLINE_CURVE_WITH_KNOTS('',3,(#7219,#7220,#7221,#7222),
 .UNSPECIFIED.,.F.,.F.,(4,4),(9.69739903612216E-19,0.00078652376468225),
 .UNSPECIFIED.);
#124=B_SPLINE_CURVE_WITH_KNOTS('',3,(#7224,#7225,#7226,#7227),
 .UNSPECIFIED.,.F.,.F.,(4,4),(4.21184789195027E-16,0.000198206603530522),
 .UNSPECIFIED.);
#125=B_SPLINE_CURVE_WITH_KNOTS('',3,(#7235,#7236,#7237,#7238),
 .UNSPECIFIED.,.F.,.F.,(4,4),(0.,0.00111829506036389),.UNSPECIFIED.);
#126=B_SPLINE_CURVE_WITH_KNOTS('',3,(#7275,#7276,#7277,#7278),
 .UNSPECIFIED.,.F.,.F.,(4,4),(2.60208521396521E-18,0.00170104549718372),
 .UNSPECIFIED.);
#127=B_SPLINE_CURVE_WITH_KNOTS('',3,(#7286,#7287,#7288,#7289),
 .UNSPECIFIED.,.F.,.F.,(4,4),(8.67361737988404E-19,0.00123634808539756),
 .UNSPECIFIED.);
#128=B_SPLINE_CURVE_WITH_KNOTS('',3,(#7296,#7297,#7298,#7299),
 .UNSPECIFIED.,.F.,.F.,(4,4),(0.,0.000786523764682226),.UNSPECIFIED.);
#129=B_SPLINE_CURVE_WITH_KNOTS('',3,(#7301,#7302,#7303,#7304),
 .UNSPECIFIED.,.F.,.F.,(4,4),(4.19080254805278E-16,0.000198206603530524),
 .UNSPECIFIED.);
#130=B_SPLINE_CURVE_WITH_KNOTS('',3,(#7312,#7313,#7314,#7315),
 .UNSPECIFIED.,.F.,.F.,(4,4),(8.67361737988404E-19,0.00111829506036385),
 .UNSPECIFIED.);
#131=B_SPLINE_CURVE_WITH_KNOTS('',3,(#7352,#7353,#7354,#7355),
 .UNSPECIFIED.,.F.,.F.,(4,4),(4.24918736097037E-18,0.00170104549718281),
 .UNSPECIFIED.);
#132=B_SPLINE_CURVE_WITH_KNOTS('',3,(#7363,#7364,#7365,#7366),
 .UNSPECIFIED.,.F.,.F.,(4,4),(0.,0.00123634808539755),.UNSPECIFIED.);
#133=B_SPLINE_CURVE_WITH_KNOTS('',3,(#7373,#7374,#7375,#7376),
 .UNSPECIFIED.,.F.,.F.,(4,4),(8.67361737988404E-19,0.000786523764682226),
 .UNSPECIFIED.);
#134=B_SPLINE_CURVE_WITH_KNOTS('',3,(#7378,#7379,#7380,#7381),
 .UNSPECIFIED.,.F.,.F.,(4,4),(4.19177182271632E-16,0.000198206603530524),
 .UNSPECIFIED.);
#135=B_SPLINE_CURVE_WITH_KNOTS('',3,(#7389,#7390,#7391,#7392),
 .UNSPECIFIED.,.F.,.F.,(4,4),(0.,0.00111829506036388),.UNSPECIFIED.);
#136=B_SPLINE_CURVE_WITH_KNOTS('',3,(#7429,#7430,#7431,#7432),
 .UNSPECIFIED.,.F.,.F.,(4,4),(1.56365861034638E-18,0.00170104549718279),
 .UNSPECIFIED.);
#137=B_SPLINE_CURVE_WITH_KNOTS('',3,(#7440,#7441,#7442,#7443),
 .UNSPECIFIED.,.F.,.F.,(4,4),(8.67361737988404E-19,0.00123634808539919),
 .UNSPECIFIED.);
#138=B_SPLINE_CURVE_WITH_KNOTS('',3,(#7450,#7451,#7452,#7453),
 .UNSPECIFIED.,.F.,.F.,(4,4),(1.98737540962016E-18,0.000786523764682232),
 .UNSPECIFIED.);
#139=B_SPLINE_CURVE_WITH_KNOTS('',3,(#7455,#7456,#7457,#7458),
 .UNSPECIFIED.,.F.,.F.,(4,4),(4.18100972478681E-16,0.000198206603530519),
 .UNSPECIFIED.);
#140=B_SPLINE_CURVE_WITH_KNOTS('',3,(#7466,#7467,#7468,#7469),
 .UNSPECIFIED.,.F.,.F.,(4,4),(2.16840434497101E-18,0.00111829506036387),
 .UNSPECIFIED.);
#141=B_SPLINE_CURVE_WITH_KNOTS('',3,(#7506,#7507,#7508,#7509),
 .UNSPECIFIED.,.F.,.F.,(4,4),(4.33680868994202E-19,0.00170104549718281),
 .UNSPECIFIED.);
#142=B_SPLINE_CURVE_WITH_KNOTS('',3,(#7517,#7518,#7519,#7520),
 .UNSPECIFIED.,.F.,.F.,(4,4),(8.67361737988404E-19,0.00123634808539755),
 .UNSPECIFIED.);
#143=B_SPLINE_CURVE_WITH_KNOTS('',3,(#7527,#7528,#7529,#7530),
 .UNSPECIFIED.,.F.,.F.,(4,4),(9.69739903612216E-19,0.000786523764682232),
 .UNSPECIFIED.);
#144=B_SPLINE_CURVE_WITH_KNOTS('',3,(#7532,#7533,#7534,#7535),
 .UNSPECIFIED.,.F.,.F.,(4,4),(4.19624732365793E-16,0.000198206603530523),
 .UNSPECIFIED.);
#145=B_SPLINE_CURVE_WITH_KNOTS('',3,(#7543,#7544,#7545,#7546),
 .UNSPECIFIED.,.F.,.F.,(4,4),(0.,0.00111829506036387),.UNSPECIFIED.);
#146=B_SPLINE_CURVE_WITH_KNOTS('',3,(#7583,#7584,#7585,#7586),
 .UNSPECIFIED.,.F.,.F.,(4,4),(2.12459368048518E-18,0.00170104549718281),
 .UNSPECIFIED.);
#147=B_SPLINE_CURVE_WITH_KNOTS('',3,(#7594,#7595,#7596,#7597),
 .UNSPECIFIED.,.F.,.F.,(4,4),(8.67361737988404E-19,0.00123634808539919),
 .UNSPECIFIED.);
#148=B_SPLINE_CURVE_WITH_KNOTS('',3,(#7604,#7605,#7606,#7607),
 .UNSPECIFIED.,.F.,.F.,(4,4),(0.,0.000786523764682232),.UNSPECIFIED.);
#149=B_SPLINE_CURVE_WITH_KNOTS('',3,(#7609,#7610,#7611,#7612),
 .UNSPECIFIED.,.F.,.F.,(4,4),(4.19445410913218E-16,0.000198206603530523),
 .UNSPECIFIED.);
#150=B_SPLINE_CURVE_WITH_KNOTS('',3,(#7620,#7621,#7622,#7623),
 .UNSPECIFIED.,.F.,.F.,(4,4),(8.67361737988404E-19,0.00111829506036388),
 .UNSPECIFIED.);
#151=B_SPLINE_CURVE_WITH_KNOTS('',3,(#7660,#7661,#7662,#7663),
 .UNSPECIFIED.,.F.,.F.,(4,4),(2.74283864732555E-18,0.0017010454971828),
 .UNSPECIFIED.);
#152=B_SPLINE_CURVE_WITH_KNOTS('',3,(#7671,#7672,#7673,#7674),
 .UNSPECIFIED.,.F.,.F.,(4,4),(1.93947980722443E-18,0.00123634808539755),
 .UNSPECIFIED.);
#153=B_SPLINE_CURVE_WITH_KNOTS('',3,(#7681,#7682,#7683,#7684),
 .UNSPECIFIED.,.F.,.F.,(4,4),(2.4532694666934E-18,0.000786523764682232),
 .UNSPECIFIED.);
#154=B_SPLINE_CURVE_WITH_KNOTS('',3,(#7686,#7687,#7688,#7689),
 .UNSPECIFIED.,.F.,.F.,(4,4),(4.19818313502545E-16,0.000198206603530517),
 .UNSPECIFIED.);
#155=B_SPLINE_CURVE_WITH_KNOTS('',3,(#7697,#7698,#7699,#7700),
 .UNSPECIFIED.,.F.,.F.,(4,4),(1.73472347597681E-18,0.00111829506036387),
 .UNSPECIFIED.);
#156=B_SPLINE_CURVE_WITH_KNOTS('',3,(#7737,#7738,#7739,#7740),
 .UNSPECIFIED.,.F.,.F.,(4,4),(2.13563060504163E-18,0.00170104549718498),
 .UNSPECIFIED.);
#157=B_SPLINE_CURVE_WITH_KNOTS('',3,(#7748,#7749,#7750,#7751),
 .UNSPECIFIED.,.F.,.F.,(4,4),(3.90312782094782E-18,0.00123634808539906),
 .UNSPECIFIED.);
#158=B_SPLINE_CURVE_WITH_KNOTS('',3,(#7758,#7759,#7760,#7761),
 .UNSPECIFIED.,.F.,.F.,(4,4),(0.,0.000786523764682239),.UNSPECIFIED.);
#159=B_SPLINE_CURVE_WITH_KNOTS('',3,(#7763,#7764,#7765,#7766),
 .UNSPECIFIED.,.F.,.F.,(4,4),(4.20435429549124E-16,0.000198206603532015),
 .UNSPECIFIED.);
#160=B_SPLINE_CURVE_WITH_KNOTS('',3,(#7774,#7775,#7776,#7777),
 .UNSPECIFIED.,.F.,.F.,(4,4),(0.,0.00111829506036385),.UNSPECIFIED.);
#161=B_SPLINE_CURVE_WITH_KNOTS('',3,(#7814,#7815,#7816,#7817),
 .UNSPECIFIED.,.F.,.F.,(4,4),(5.50279333404246E-18,0.001701045497185),
 .UNSPECIFIED.);
#162=B_SPLINE_CURVE_WITH_KNOTS('',3,(#7825,#7826,#7827,#7828),
 .UNSPECIFIED.,.F.,.F.,(4,4),(3.13482579625636E-18,0.00123634808539905),
 .UNSPECIFIED.);
#163=B_SPLINE_CURVE_WITH_KNOTS('',3,(#7835,#7836,#7837,#7838),
 .UNSPECIFIED.,.F.,.F.,(4,4),(4.33680868994202E-19,0.000786523764682222),
 .UNSPECIFIED.);
#164=B_SPLINE_CURVE_WITH_KNOTS('',3,(#7840,#7841,#7842,#7843),
 .UNSPECIFIED.,.F.,.F.,(4,4),(4.19995012778687E-16,0.000198206603532032),
 .UNSPECIFIED.);
#165=B_SPLINE_CURVE_WITH_KNOTS('',3,(#7851,#7852,#7853,#7854),
 .UNSPECIFIED.,.F.,.F.,(4,4),(0.,0.00111829506036387),.UNSPECIFIED.);
#166=B_SPLINE_CURVE_WITH_KNOTS('',3,(#7891,#7892,#7893,#7894),
 .UNSPECIFIED.,.F.,.F.,(4,4),(8.67361737988404E-19,0.0017010454971828),
 .UNSPECIFIED.);
#167=B_SPLINE_CURVE_WITH_KNOTS('',3,(#7902,#7903,#7904,#7905),
 .UNSPECIFIED.,.F.,.F.,(4,4),(0.,0.00123634808539918),.UNSPECIFIED.);
#168=B_SPLINE_CURVE_WITH_KNOTS('',3,(#7912,#7913,#7914,#7915),
 .UNSPECIFIED.,.F.,.F.,(4,4),(0.,0.00078652376468224),.UNSPECIFIED.);
#169=B_SPLINE_CURVE_WITH_KNOTS('',3,(#7917,#7918,#7919,#7920),
 .UNSPECIFIED.,.F.,.F.,(4,4),(4.18086352379948E-16,0.000198206603530515),
 .UNSPECIFIED.);
#170=B_SPLINE_CURVE_WITH_KNOTS('',3,(#7928,#7929,#7930,#7931),
 .UNSPECIFIED.,.F.,.F.,(4,4),(0.,0.00111829506036387),.UNSPECIFIED.);
#171=B_SPLINE_CURVE_WITH_KNOTS('',3,(#7968,#7969,#7970,#7971),
 .UNSPECIFIED.,.F.,.F.,(4,4),(5.4856772946511E-18,0.00170104549718499),
 .UNSPECIFIED.);
#172=B_SPLINE_CURVE_WITH_KNOTS('',3,(#7979,#7980,#7981,#7982),
 .UNSPECIFIED.,.F.,.F.,(4,4),(1.93947980722443E-18,0.00123634808539906),
 .UNSPECIFIED.);
#173=B_SPLINE_CURVE_WITH_KNOTS('',3,(#7989,#7990,#7991,#7992),
 .UNSPECIFIED.,.F.,.F.,(4,4),(0.,0.000786523764682219),.UNSPECIFIED.);
#174=B_SPLINE_CURVE_WITH_KNOTS('',3,(#7994,#7995,#7996,#7997),
 .UNSPECIFIED.,.F.,.F.,(4,4),(4.19917757984589E-16,0.000198206603532027),
 .UNSPECIFIED.);
#175=B_SPLINE_CURVE_WITH_KNOTS('',3,(#8005,#8006,#8007,#8008),
 .UNSPECIFIED.,.F.,.F.,(4,4),(0.,0.00111829506036387),.UNSPECIFIED.);
#176=B_SPLINE_CURVE_WITH_KNOTS('',3,(#8045,#8046,#8047,#8048),
 .UNSPECIFIED.,.F.,.F.,(4,4),(1.98811462311406E-18,0.00170104549718279),
 .UNSPECIFIED.);
#177=B_SPLINE_CURVE_WITH_KNOTS('',3,(#8056,#8057,#8058,#8059),
 .UNSPECIFIED.,.F.,.F.,(4,4),(8.67361737988404E-19,0.00123634808539919),
 .UNSPECIFIED.);
#178=B_SPLINE_CURVE_WITH_KNOTS('',3,(#8066,#8067,#8068,#8069),
 .UNSPECIFIED.,.F.,.F.,(4,4),(2.12674860903032E-19,0.000786523764682239),
 .UNSPECIFIED.);
#179=B_SPLINE_CURVE_WITH_KNOTS('',3,(#8071,#8072,#8073,#8074),
 .UNSPECIFIED.,.F.,.F.,(4,4),(4.19068586098573E-16,0.000198206603530561),
 .UNSPECIFIED.);
#180=B_SPLINE_CURVE_WITH_KNOTS('',3,(#8082,#8083,#8084,#8085),
 .UNSPECIFIED.,.F.,.F.,(4,4),(0.,0.00111829506036388),.UNSPECIFIED.);
#181=B_SPLINE_CURVE_WITH_KNOTS('',3,(#8122,#8123,#8124,#8125),
 .UNSPECIFIED.,.F.,.F.,(4,4),(4.33680868994202E-19,0.00170105175839771),
 .UNSPECIFIED.);
#182=B_SPLINE_CURVE_WITH_KNOTS('',3,(#8127,#8128,#8129,#8130),
 .UNSPECIFIED.,.F.,.F.,(4,4),(0.,0.0012363241522445),.UNSPECIFIED.);
#183=B_SPLINE_CURVE_WITH_KNOTS('',3,(#8143,#8144,#8145,#8146),
 .UNSPECIFIED.,.F.,.F.,(4,4),(2.72779750727672E-18,0.000786497744385694),
 .UNSPECIFIED.);
#184=B_SPLINE_CURVE_WITH_KNOTS('',3,(#8147,#8148,#8149,#8150),
 .UNSPECIFIED.,.F.,.F.,(4,4),(4.33680868994202E-19,0.00111829506036244),
 .UNSPECIFIED.);
#185=B_SPLINE_CURVE_WITH_KNOTS('',3,(#8167,#8168,#8169,#8170),
 .UNSPECIFIED.,.F.,.F.,(4,4),(4.13672504657557E-17,0.00074720339677574),
 .UNSPECIFIED.);
#186=B_SPLINE_CURVE_WITH_KNOTS('',3,(#8173,#8174,#8175,#8176),
 .UNSPECIFIED.,.F.,.F.,(4,4),(1.05189795415048E-16,0.000251056734264339),
 .UNSPECIFIED.);
#187=B_SPLINE_CURVE_WITH_KNOTS('',3,(#8184,#8185,#8186,#8187),
 .UNSPECIFIED.,.F.,.F.,(4,4),(1.73472347597681E-18,0.00111829506036244),
 .UNSPECIFIED.);
#188=B_SPLINE_CURVE_WITH_KNOTS('',3,(#8204,#8205,#8206,#8207),
 .UNSPECIFIED.,.F.,.F.,(4,4),(1.99990487990625E-18,0.00169675929590647),
 .UNSPECIFIED.);
#189=B_SPLINE_CURVE_WITH_KNOTS('',3,(#8208,#8209,#8210,#8211),
 .UNSPECIFIED.,.F.,.F.,(4,4),(8.67361737988404E-19,0.00121887329068217),
 .UNSPECIFIED.);
#190=B_SPLINE_CURVE_WITH_KNOTS('',3,(#8218,#8219,#8220,#8221),
 .UNSPECIFIED.,.F.,.F.,(4,4),(4.33680868994202E-19,0.0017010517583977),
 .UNSPECIFIED.);
#191=B_SPLINE_CURVE_WITH_KNOTS('',3,(#8234,#8235,#8236,#8237),
 .UNSPECIFIED.,.F.,.F.,(4,4),(1.2266347333467E-18,0.000786497744385694),
 .UNSPECIFIED.);
#192=B_SPLINE_CURVE_WITH_KNOTS('',3,(#8238,#8239,#8240,#8241),
 .UNSPECIFIED.,.F.,.F.,(4,4),(0.,0.00111829506036244),.UNSPECIFIED.);
#193=B_SPLINE_CURVE_WITH_KNOTS('',3,(#8258,#8259,#8260,#8261),
 .UNSPECIFIED.,.F.,.F.,(4,4),(4.09616114989352E-17,0.000747203396775751),
 .UNSPECIFIED.);
#194=B_SPLINE_CURVE_WITH_KNOTS('',3,(#8264,#8265,#8266,#8267),
 .UNSPECIFIED.,.F.,.F.,(4,4),(1.04435404937423E-16,0.000251056734264876),
 .UNSPECIFIED.);
#195=B_SPLINE_CURVE_WITH_KNOTS('',3,(#8275,#8276,#8277,#8278),
 .UNSPECIFIED.,.F.,.F.,(4,4),(1.93947980722443E-18,0.00111829506036384),
 .UNSPECIFIED.);
#196=B_SPLINE_CURVE_WITH_KNOTS('',3,(#8295,#8296,#8297,#8298),
 .UNSPECIFIED.,.F.,.F.,(4,4),(9.0872701151262E-19,0.00169675929590646),
 .UNSPECIFIED.);
#197=B_SPLINE_CURVE_WITH_KNOTS('',3,(#8299,#8300,#8301,#8302),
 .UNSPECIFIED.,.F.,.F.,(4,4),(8.67361737988404E-19,0.00121887329068218),
 .UNSPECIFIED.);
#198=B_SPLINE_CURVE_WITH_KNOTS('',3,(#8309,#8310,#8311,#8312),
 .UNSPECIFIED.,.F.,.F.,(4,4),(2.4532694666934E-18,0.000786497744385703),
 .UNSPECIFIED.);
#199=B_SPLINE_CURVE_WITH_KNOTS('',3,(#8319,#8320,#8321,#8322),
 .UNSPECIFIED.,.F.,.F.,(4,4),(8.67361737988404E-19,0.00111829506036385),
 .UNSPECIFIED.);
#200=B_SPLINE_CURVE_WITH_KNOTS('',3,(#8335,#8336,#8337,#8338),
 .UNSPECIFIED.,.F.,.F.,(4,4),(0.,0.00170105175839771),.UNSPECIFIED.);
#201=B_SPLINE_CURVE_WITH_KNOTS('',3,(#8349,#8350,#8351,#8352),
 .UNSPECIFIED.,.F.,.F.,(4,4),(2.03703094193551E-18,0.000747186281765066),
 .UNSPECIFIED.);
#202=B_SPLINE_CURVE_WITH_KNOTS('',3,(#8360,#8361,#8362,#8363),
 .UNSPECIFIED.,.F.,.F.,(4,4),(0.,0.00111829506036382),.UNSPECIFIED.);
#203=B_SPLINE_CURVE_WITH_KNOTS('',3,(#8371,#8372,#8373,#8374),
 .UNSPECIFIED.,.F.,.F.,(4,4),(2.68067403045152E-16,0.00025105673426516),
 .UNSPECIFIED.);
#204=B_SPLINE_CURVE_WITH_KNOTS('',3,(#8385,#8386,#8387,#8388),
 .UNSPECIFIED.,.F.,.F.,(4,4),(5.55805645343853E-18,0.00169676342252973),
 .UNSPECIFIED.);
#205=B_SPLINE_CURVE_WITH_KNOTS('',3,(#8399,#8400,#8401,#8402),
 .UNSPECIFIED.,.F.,.F.,(4,4),(4.2539014546641E-17,0.000747203396775748),
 .UNSPECIFIED.);
#206=B_SPLINE_CURVE_WITH_KNOTS('',3,(#8405,#8406,#8407,#8408),
 .UNSPECIFIED.,.F.,.F.,(4,4),(1.05710768214175E-16,0.000251056734264337),
 .UNSPECIFIED.);
#207=B_SPLINE_CURVE_WITH_KNOTS('',3,(#8416,#8417,#8418,#8419),
 .UNSPECIFIED.,.F.,.F.,(4,4),(0.,0.00111829506036338),.UNSPECIFIED.);
#208=B_SPLINE_CURVE_WITH_KNOTS('',3,(#8436,#8437,#8438,#8439),
 .UNSPECIFIED.,.F.,.F.,(4,4),(3.26162902166106E-18,0.00169675929590646),
 .UNSPECIFIED.);
#209=B_SPLINE_CURVE_WITH_KNOTS('',3,(#8440,#8441,#8442,#8443),
 .UNSPECIFIED.,.F.,.F.,(4,4),(2.49130692054224E-18,0.00121887329068219),
 .UNSPECIFIED.);
#210=B_SPLINE_CURVE_WITH_KNOTS('',3,(#8450,#8451,#8452,#8453),
 .UNSPECIFIED.,.F.,.F.,(4,4),(0.,0.000786497744385684),.UNSPECIFIED.);
#211=B_SPLINE_CURVE_WITH_KNOTS('',3,(#8460,#8461,#8462,#8463),
 .UNSPECIFIED.,.F.,.F.,(4,4),(0.,0.00111829506036244),.UNSPECIFIED.);
#212=B_SPLINE_CURVE_WITH_KNOTS('',3,(#8476,#8477,#8478,#8479),
 .UNSPECIFIED.,.F.,.F.,(4,4),(8.67361737988404E-19,0.00170105175839771),
 .UNSPECIFIED.);
#213=B_SPLINE_CURVE_WITH_KNOTS('',3,(#8490,#8491,#8492,#8493),
 .UNSPECIFIED.,.F.,.F.,(4,4),(4.43629509485586E-18,0.000747186281764967),
 .UNSPECIFIED.);
#214=B_SPLINE_CURVE_WITH_KNOTS('',3,(#8500,#8501,#8502,#8503),
 .UNSPECIFIED.,.F.,.F.,(4,4),(0.,0.00111829506036384),.UNSPECIFIED.);
#215=B_SPLINE_CURVE_WITH_KNOTS('',3,(#8520,#8521,#8522,#8523),
 .UNSPECIFIED.,.F.,.F.,(4,4),(7.61106836183478E-18,0.00169676342253187),
 .UNSPECIFIED.);
#216=B_SPLINE_CURVE_WITH_KNOTS('',3,(#8534,#8535,#8536,#8537),
 .UNSPECIFIED.,.F.,.F.,(4,4),(4.01266138863266E-17,0.000747203396775744),
 .UNSPECIFIED.);
#217=B_SPLINE_CURVE_WITH_KNOTS('',3,(#8540,#8541,#8542,#8543),
 .UNSPECIFIED.,.F.,.F.,(4,4),(1.05135191442505E-16,0.000251056734264889),
 .UNSPECIFIED.);
#218=B_SPLINE_CURVE_WITH_KNOTS('',3,(#8551,#8552,#8553,#8554),
 .UNSPECIFIED.,.F.,.F.,(4,4),(8.67361737988404E-19,0.00111829506036291),
 .UNSPECIFIED.);
#219=B_SPLINE_CURVE_WITH_KNOTS('',3,(#8571,#8572,#8573,#8574),
 .UNSPECIFIED.,.F.,.F.,(4,4),(6.26613517675301E-18,0.00169675929590646),
 .UNSPECIFIED.);
#220=B_SPLINE_CURVE_WITH_KNOTS('',3,(#8575,#8576,#8577,#8578),
 .UNSPECIFIED.,.F.,.F.,(4,4),(1.73472347597681E-18,0.00121887329068219),
 .UNSPECIFIED.);
#221=B_SPLINE_CURVE_WITH_KNOTS('',3,(#8585,#8586,#8587,#8588),
 .UNSPECIFIED.,.F.,.F.,(4,4),(2.82933146327887E-18,0.0007864977443857),
 .UNSPECIFIED.);
#222=B_SPLINE_CURVE_WITH_KNOTS('',3,(#8595,#8596,#8597,#8598),
 .UNSPECIFIED.,.F.,.F.,(4,4),(8.40256683676266E-19,0.00111829506036383),
 .UNSPECIFIED.);
#223=B_SPLINE_CURVE_WITH_KNOTS('',3,(#8611,#8612,#8613,#8614),
 .UNSPECIFIED.,.F.,.F.,(4,4),(2.16840434497101E-19,0.00170105175839772),
 .UNSPECIFIED.);
#224=B_SPLINE_CURVE_WITH_KNOTS('',3,(#8625,#8626,#8627,#8628),
 .UNSPECIFIED.,.F.,.F.,(4,4),(1.34655116358176E-18,0.000747186281764966),
 .UNSPECIFIED.);
#225=B_SPLINE_CURVE_WITH_KNOTS('',3,(#8635,#8636,#8637,#8638),
 .UNSPECIFIED.,.F.,.F.,(4,4),(2.60208521396521E-18,0.00111829506036382),
 .UNSPECIFIED.);
#226=B_SPLINE_CURVE_WITH_KNOTS('',3,(#8655,#8656,#8657,#8658),
 .UNSPECIFIED.,.F.,.F.,(4,4),(5.96212622886047E-18,0.00169676342253187),
 .UNSPECIFIED.);
#227=B_SPLINE_CURVE_WITH_KNOTS('',3,(#8669,#8670,#8671,#8672),
 .UNSPECIFIED.,.F.,.F.,(4,4),(4.21094967712558E-17,0.000747203396775753),
 .UNSPECIFIED.);
#228=B_SPLINE_CURVE_WITH_KNOTS('',3,(#8675,#8676,#8677,#8678),
 .UNSPECIFIED.,.F.,.F.,(4,4),(1.05264138666828E-16,0.000251056734264879),
 .UNSPECIFIED.);
#229=B_SPLINE_CURVE_WITH_KNOTS('',3,(#8686,#8687,#8688,#8689),
 .UNSPECIFIED.,.F.,.F.,(4,4),(0.,0.00111829506036291),.UNSPECIFIED.);
#230=B_SPLINE_CURVE_WITH_KNOTS('',3,(#8706,#8707,#8708,#8709),
 .UNSPECIFIED.,.F.,.F.,(4,4),(2.04566856771261E-18,0.00169675929590647),
 .UNSPECIFIED.);
#231=B_SPLINE_CURVE_WITH_KNOTS('',3,(#8710,#8711,#8712,#8713),
 .UNSPECIFIED.,.F.,.F.,(4,4),(8.67361737988404E-19,0.00121887329068218),
 .UNSPECIFIED.);
#232=B_SPLINE_CURVE_WITH_KNOTS('',3,(#8720,#8721,#8722,#8723),
 .UNSPECIFIED.,.F.,.F.,(4,4),(8.67361737988404E-19,0.000786497744385702),
 .UNSPECIFIED.);
#233=B_SPLINE_CURVE_WITH_KNOTS('',3,(#8730,#8731,#8732,#8733),
 .UNSPECIFIED.,.F.,.F.,(4,4),(0.,0.00111829506036384),.UNSPECIFIED.);
#234=B_SPLINE_CURVE_WITH_KNOTS('',3,(#8746,#8747,#8748,#8749),
 .UNSPECIFIED.,.F.,.F.,(4,4),(0.,0.00170105175839771),.UNSPECIFIED.);
#235=B_SPLINE_CURVE_WITH_KNOTS('',3,(#8760,#8761,#8762,#8763),
 .UNSPECIFIED.,.F.,.F.,(4,4),(6.1331736667335E-19,0.000747186281764967),
 .UNSPECIFIED.);
#236=B_SPLINE_CURVE_WITH_KNOTS('',3,(#8770,#8771,#8772,#8773),
 .UNSPECIFIED.,.F.,.F.,(4,4),(7.04731412115578E-19,0.00111829506036382),
 .UNSPECIFIED.);
#237=B_SPLINE_CURVE_WITH_KNOTS('',3,(#8790,#8791,#8792,#8793),
 .UNSPECIFIED.,.F.,.F.,(4,4),(6.09086214849354E-18,0.0016967634225297),
 .UNSPECIFIED.);
#238=B_SPLINE_CURVE_WITH_KNOTS('',3,(#8804,#8805,#8806,#8807),
 .UNSPECIFIED.,.F.,.F.,(4,4),(4.30581170635737E-17,0.00074720339677574),
 .UNSPECIFIED.);
#239=B_SPLINE_CURVE_WITH_KNOTS('',3,(#8810,#8811,#8812,#8813),
 .UNSPECIFIED.,.F.,.F.,(4,4),(1.05903633933362E-16,0.000251056734264339),
 .UNSPECIFIED.);
#240=B_SPLINE_CURVE_WITH_KNOTS('',3,(#8821,#8822,#8823,#8824),
 .UNSPECIFIED.,.F.,.F.,(4,4),(1.73472347597681E-18,0.00111829506036245),
 .UNSPECIFIED.);
#241=B_SPLINE_CURVE_WITH_KNOTS('',3,(#8841,#8842,#8843,#8844),
 .UNSPECIFIED.,.F.,.F.,(4,4),(5.42101086242752E-20,0.00169675929590647),
 .UNSPECIFIED.);
#242=B_SPLINE_CURVE_WITH_KNOTS('',3,(#8845,#8846,#8847,#8848),
 .UNSPECIFIED.,.F.,.F.,(4,4),(1.56365861034638E-18,0.00121887329068218),
 .UNSPECIFIED.);
#243=B_SPLINE_CURVE_WITH_KNOTS('',3,(#8855,#8856,#8857,#8858),
 .UNSPECIFIED.,.F.,.F.,(4,4),(8.67361737988404E-19,0.000786497744385692),
 .UNSPECIFIED.);
#244=B_SPLINE_CURVE_WITH_KNOTS('',3,(#8865,#8866,#8867,#8868),
 .UNSPECIFIED.,.F.,.F.,(4,4),(0.,0.00111829506036244),.UNSPECIFIED.);
#245=B_SPLINE_CURVE_WITH_KNOTS('',3,(#8881,#8882,#8883,#8884),
 .UNSPECIFIED.,.F.,.F.,(4,4),(0.,0.00170105175839771),.UNSPECIFIED.);
#246=B_SPLINE_CURVE_WITH_KNOTS('',3,(#8895,#8896,#8897,#8898),
 .UNSPECIFIED.,.F.,.F.,(4,4),(2.16840434497101E-19,0.000747186281764969),
 .UNSPECIFIED.);
#247=B_SPLINE_CURVE_WITH_KNOTS('',3,(#8905,#8906,#8907,#8908),
 .UNSPECIFIED.,.F.,.F.,(4,4),(0.,0.00111829506036384),.UNSPECIFIED.);
#248=B_SPLINE_CURVE_WITH_KNOTS('',3,(#8925,#8926,#8927,#8928),
 .UNSPECIFIED.,.F.,.F.,(4,4),(5.63785129692462E-18,0.0016967634225297),
 .UNSPECIFIED.);
#249=B_SPLINE_CURVE_WITH_KNOTS('',3,(#8939,#8940,#8941,#8942),
 .UNSPECIFIED.,.F.,.F.,(4,4),(4.10565243737841E-17,0.000747203396775764),
 .UNSPECIFIED.);
#250=B_SPLINE_CURVE_WITH_KNOTS('',3,(#8945,#8946,#8947,#8948),
 .UNSPECIFIED.,.F.,.F.,(4,4),(1.05456316404732E-16,0.000251056734264319),
 .UNSPECIFIED.);
#251=B_SPLINE_CURVE_WITH_KNOTS('',3,(#8956,#8957,#8958,#8959),
 .UNSPECIFIED.,.F.,.F.,(4,4),(0.,0.00111829506036244),.UNSPECIFIED.);
#252=B_SPLINE_CURVE_WITH_KNOTS('',3,(#8976,#8977,#8978,#8979),
 .UNSPECIFIED.,.F.,.F.,(4,4),(1.38951411335963E-18,0.00169675929590642),
 .UNSPECIFIED.);
#253=B_SPLINE_CURVE_WITH_KNOTS('',3,(#8980,#8981,#8982,#8983),
 .UNSPECIFIED.,.F.,.F.,(4,4),(4.33680868994202E-19,0.00121887329068219),
 .UNSPECIFIED.);
#254=B_SPLINE_CURVE_WITH_KNOTS('',3,(#8990,#8991,#8992,#8993),
 .UNSPECIFIED.,.F.,.F.,(4,4),(1.98737540962016E-18,0.000786497744385697),
 .UNSPECIFIED.);
#255=B_SPLINE_CURVE_WITH_KNOTS('',3,(#9000,#9001,#9002,#9003),
 .UNSPECIFIED.,.F.,.F.,(4,4),(4.33680868994202E-19,0.00111829506036244),
 .UNSPECIFIED.);
#256=B_SPLINE_CURVE_WITH_KNOTS('',3,(#9016,#9017,#9018,#9019),
 .UNSPECIFIED.,.F.,.F.,(4,4),(0.,0.00170105175839771),.UNSPECIFIED.);
#257=B_SPLINE_CURVE_WITH_KNOTS('',3,(#9030,#9031,#9032,#9033),
 .UNSPECIFIED.,.F.,.F.,(4,4),(1.9903306163226E-18,0.00074718628176497),
 .UNSPECIFIED.);
#258=B_SPLINE_CURVE_WITH_KNOTS('',3,(#9040,#9041,#9042,#9043),
 .UNSPECIFIED.,.F.,.F.,(4,4),(1.73472347597681E-18,0.00111829506036384),
 .UNSPECIFIED.);
#259=B_SPLINE_CURVE_WITH_KNOTS('',3,(#9060,#9061,#9062,#9063),
 .UNSPECIFIED.,.F.,.F.,(4,4),(6.28837260041593E-18,0.00169676342252968),
 .UNSPECIFIED.);
#260=B_SPLINE_CURVE_WITH_KNOTS('',3,(#9074,#9075,#9076,#9077),
 .UNSPECIFIED.,.F.,.F.,(4,4),(4.27050431516377E-17,0.000747203396775741),
 .UNSPECIFIED.);
#261=B_SPLINE_CURVE_WITH_KNOTS('',3,(#9080,#9081,#9082,#9083),
 .UNSPECIFIED.,.F.,.F.,(4,4),(1.05348751220067E-16,0.000251056734264331),
 .UNSPECIFIED.);
#262=B_SPLINE_CURVE_WITH_KNOTS('',3,(#9091,#9092,#9093,#9094),
 .UNSPECIFIED.,.F.,.F.,(4,4),(0.,0.00111829506036244),.UNSPECIFIED.);
#263=B_SPLINE_CURVE_WITH_KNOTS('',3,(#9111,#9112,#9113,#9114),
 .UNSPECIFIED.,.F.,.F.,(4,4),(7.78835330723428E-18,0.00169675929590641),
 .UNSPECIFIED.);
#264=B_SPLINE_CURVE_WITH_KNOTS('',3,(#9115,#9116,#9117,#9118),
 .UNSPECIFIED.,.F.,.F.,(4,4),(1.30104260698261E-18,0.00121887329068219),
 .UNSPECIFIED.);
#265=B_SPLINE_CURVE_WITH_KNOTS('',3,(#9125,#9126,#9127,#9128),
 .UNSPECIFIED.,.F.,.F.,(4,4),(1.0842021724855E-18,0.000786497744385691),
 .UNSPECIFIED.);
#266=B_SPLINE_CURVE_WITH_KNOTS('',3,(#9135,#9136,#9137,#9138),
 .UNSPECIFIED.,.F.,.F.,(4,4),(1.0842021724855E-19,0.00111829506036244),
 .UNSPECIFIED.);
#267=B_SPLINE_CURVE_WITH_KNOTS('',3,(#9151,#9152,#9153,#9154),
 .UNSPECIFIED.,.F.,.F.,(4,4),(5.42101086242752E-19,0.00170105175839771),
 .UNSPECIFIED.);
#268=B_SPLINE_CURVE_WITH_KNOTS('',3,(#9165,#9166,#9167,#9168),
 .UNSPECIFIED.,.F.,.F.,(4,4),(2.2013576404721E-18,0.000747186281764964),
 .UNSPECIFIED.);
#269=B_SPLINE_CURVE_WITH_KNOTS('',3,(#9175,#9176,#9177,#9178),
 .UNSPECIFIED.,.F.,.F.,(4,4),(4.33680868994202E-19,0.00111829506036383),
 .UNSPECIFIED.);
#270=B_SPLINE_CURVE_WITH_KNOTS('',3,(#9195,#9196,#9197,#9198),
 .UNSPECIFIED.,.F.,.F.,(4,4),(5.20417042793042E-18,0.00169676342252969),
 .UNSPECIFIED.);
#271=B_SPLINE_CURVE_WITH_KNOTS('',3,(#9209,#9210,#9211,#9212),
 .UNSPECIFIED.,.F.,.F.,(4,4),(4.14637525156872E-17,0.000747203396775745),
 .UNSPECIFIED.);
#272=B_SPLINE_CURVE_WITH_KNOTS('',3,(#9215,#9216,#9217,#9218),
 .UNSPECIFIED.,.F.,.F.,(4,4),(1.06027710948221E-16,0.000251056734264341),
 .UNSPECIFIED.);
#273=B_SPLINE_CURVE_WITH_KNOTS('',3,(#9226,#9227,#9228,#9229),
 .UNSPECIFIED.,.F.,.F.,(4,4),(0.,0.00111829506036244),.UNSPECIFIED.);
#274=B_SPLINE_CURVE_WITH_KNOTS('',3,(#9246,#9247,#9248,#9249),
 .UNSPECIFIED.,.F.,.F.,(4,4),(9.69739903612216E-19,0.00169675929590641),
 .UNSPECIFIED.);
#275=B_SPLINE_CURVE_WITH_KNOTS('',3,(#9250,#9251,#9252,#9253),
 .UNSPECIFIED.,.F.,.F.,(4,4),(4.33680868994202E-19,0.00121887329068218),
 .UNSPECIFIED.);
#276=B_SPLINE_CURVE_WITH_KNOTS('',3,(#9260,#9261,#9262,#9263),
 .UNSPECIFIED.,.F.,.F.,(4,4),(0.,0.000786497744385691),.UNSPECIFIED.);
#277=B_SPLINE_CURVE_WITH_KNOTS('',3,(#9270,#9271,#9272,#9273),
 .UNSPECIFIED.,.F.,.F.,(4,4),(0.,0.00111829506036244),.UNSPECIFIED.);
#278=B_SPLINE_CURVE_WITH_KNOTS('',3,(#9286,#9287,#9288,#9289),
 .UNSPECIFIED.,.F.,.F.,(4,4),(0.,0.00170105175839771),.UNSPECIFIED.);
#279=B_SPLINE_CURVE_WITH_KNOTS('',3,(#9300,#9301,#9302,#9303),
 .UNSPECIFIED.,.F.,.F.,(4,4),(2.65242034558465E-18,0.00074718628176499),
 .UNSPECIFIED.);
#280=B_SPLINE_CURVE_WITH_KNOTS('',3,(#9310,#9311,#9312,#9313),
 .UNSPECIFIED.,.F.,.F.,(4,4),(0.,0.00111829506036382),.UNSPECIFIED.);
#281=B_SPLINE_CURVE_WITH_KNOTS('',3,(#9330,#9331,#9332,#9333),
 .UNSPECIFIED.,.F.,.F.,(4,4),(2.13563060504163E-18,0.00169676342253068),
 .UNSPECIFIED.);
#282=B_SPLINE_CURVE_WITH_KNOTS('',3,(#9344,#9345,#9346,#9347),
 .UNSPECIFIED.,.F.,.F.,(4,4),(4.16775268852002E-17,0.000747203396775753),
 .UNSPECIFIED.);
#283=B_SPLINE_CURVE_WITH_KNOTS('',3,(#9350,#9351,#9352,#9353),
 .UNSPECIFIED.,.F.,.F.,(4,4),(1.05135191442505E-16,0.000251056734264333),
 .UNSPECIFIED.);
#284=B_SPLINE_CURVE_WITH_KNOTS('',3,(#9361,#9362,#9363,#9364),
 .UNSPECIFIED.,.F.,.F.,(4,4),(0.,0.00111829506036244),.UNSPECIFIED.);
#285=B_SPLINE_CURVE_WITH_KNOTS('',3,(#9381,#9382,#9383,#9384),
 .UNSPECIFIED.,.F.,.F.,(4,4),(9.26342742239755E-19,0.00169675929590642),
 .UNSPECIFIED.);
#286=B_SPLINE_CURVE_WITH_KNOTS('',3,(#9385,#9386,#9387,#9388),
 .UNSPECIFIED.,.F.,.F.,(4,4),(2.90921971083665E-18,0.00121887329068219),
 .UNSPECIFIED.);
#287=B_SPLINE_CURVE_WITH_KNOTS('',3,(#9395,#9396,#9397,#9398),
 .UNSPECIFIED.,.F.,.F.,(4,4),(2.4532694666934E-18,0.000786497744385689),
 .UNSPECIFIED.);
#288=B_SPLINE_CURVE_WITH_KNOTS('',3,(#9405,#9406,#9407,#9408),
 .UNSPECIFIED.,.F.,.F.,(4,4),(0.,0.00111829506036243),.UNSPECIFIED.);
#289=B_SPLINE_CURVE_WITH_KNOTS('',3,(#9421,#9422,#9423,#9424),
 .UNSPECIFIED.,.F.,.F.,(4,4),(0.,0.00170105175839771),.UNSPECIFIED.);
#290=B_SPLINE_CURVE_WITH_KNOTS('',3,(#9435,#9436,#9437,#9438),
 .UNSPECIFIED.,.F.,.F.,(4,4),(2.42979842312175E-18,0.000747186281764981),
 .UNSPECIFIED.);
#291=B_SPLINE_CURVE_WITH_KNOTS('',3,(#9445,#9446,#9447,#9448),
 .UNSPECIFIED.,.F.,.F.,(4,4),(1.93947980722443E-18,0.00111829506036384),
 .UNSPECIFIED.);
#292=B_SPLINE_CURVE_WITH_KNOTS('',3,(#9465,#9466,#9467,#9468),
 .UNSPECIFIED.,.F.,.F.,(4,4),(1.85268548447951E-18,0.00169676342253068),
 .UNSPECIFIED.);
#293=B_SPLINE_CURVE_WITH_KNOTS('',3,(#9479,#9480,#9481,#9482),
 .UNSPECIFIED.,.F.,.F.,(4,4),(4.09060442166194E-17,0.000747203396775747),
 .UNSPECIFIED.);
#294=B_SPLINE_CURVE_WITH_KNOTS('',3,(#9485,#9486,#9487,#9488),
 .UNSPECIFIED.,.F.,.F.,(4,4),(1.06079306847875E-16,0.000251056734264333),
 .UNSPECIFIED.);
#295=B_SPLINE_CURVE_WITH_KNOTS('',3,(#9496,#9497,#9498,#9499),
 .UNSPECIFIED.,.F.,.F.,(4,4),(9.48676900924816E-19,0.00111829506036336),
 .UNSPECIFIED.);
#296=B_SPLINE_CURVE_WITH_KNOTS('',3,(#9516,#9517,#9518,#9519),
 .UNSPECIFIED.,.F.,.F.,(4,4),(7.04731412115578E-19,0.00169675929590642),
 .UNSPECIFIED.);
#297=B_SPLINE_CURVE_WITH_KNOTS('',3,(#9520,#9521,#9522,#9523),
 .UNSPECIFIED.,.F.,.F.,(4,4),(4.33680868994202E-19,0.00121887329068218),
 .UNSPECIFIED.);
#298=B_SPLINE_CURVE_WITH_KNOTS('',3,(#9530,#9531,#9532,#9533),
 .UNSPECIFIED.,.F.,.F.,(4,4),(5.36433609201825E-18,0.000786497744385688),
 .UNSPECIFIED.);
#299=B_SPLINE_CURVE_WITH_KNOTS('',3,(#9540,#9541,#9542,#9543),
 .UNSPECIFIED.,.F.,.F.,(4,4),(1.93947980722443E-18,0.00111829506036241),
 .UNSPECIFIED.);
#300=B_SPLINE_CURVE_WITH_KNOTS('',3,(#9556,#9557,#9558,#9559),
 .UNSPECIFIED.,.F.,.F.,(4,4),(0.,0.00170105175839771),.UNSPECIFIED.);
#301=B_SPLINE_CURVE_WITH_KNOTS('',3,(#9570,#9571,#9572,#9573),
 .UNSPECIFIED.,.F.,.F.,(4,4),(2.34109854784221E-18,0.000747186281764964),
 .UNSPECIFIED.);
#302=B_SPLINE_CURVE_WITH_KNOTS('',3,(#9580,#9581,#9582,#9583),
 .UNSPECIFIED.,.F.,.F.,(4,4),(8.67361737988404E-19,0.00111829506036384),
 .UNSPECIFIED.);
#303=B_SPLINE_CURVE_WITH_KNOTS('',3,(#9600,#9601,#9602,#9603),
 .UNSPECIFIED.,.F.,.F.,(4,4),(2.12459368048518E-18,0.00169676342253067),
 .UNSPECIFIED.);
#304=B_SPLINE_CURVE_WITH_KNOTS('',3,(#9614,#9615,#9616,#9617),
 .UNSPECIFIED.,.F.,.F.,(4,4),(4.16514295399037E-17,0.000747203396775749),
 .UNSPECIFIED.);
#305=B_SPLINE_CURVE_WITH_KNOTS('',3,(#9620,#9621,#9622,#9623),
 .UNSPECIFIED.,.F.,.F.,(4,4),(1.04620509836612E-16,0.000251056734264328),
 .UNSPECIFIED.);
#306=B_SPLINE_CURVE_WITH_KNOTS('',3,(#9631,#9632,#9633,#9634),
 .UNSPECIFIED.,.F.,.F.,(4,4),(8.67361737988404E-19,0.00111829506036337),
 .UNSPECIFIED.);
#307=B_SPLINE_CURVE_WITH_KNOTS('',3,(#9651,#9652,#9653,#9654),
 .UNSPECIFIED.,.F.,.F.,(4,4),(9.26342742239755E-19,0.00169675929590641),
 .UNSPECIFIED.);
#308=B_SPLINE_CURVE_WITH_KNOTS('',3,(#9655,#9656,#9657,#9658),
 .UNSPECIFIED.,.F.,.F.,(4,4),(4.33680868994202E-19,0.00121887329068218),
 .UNSPECIFIED.);
#309=B_SPLINE_CURVE_WITH_KNOTS('',3,(#9665,#9666,#9667,#9668),
 .UNSPECIFIED.,.F.,.F.,(4,4),(1.2266347333467E-18,0.000786497744385681),
 .UNSPECIFIED.);
#310=B_SPLINE_CURVE_WITH_KNOTS('',3,(#9675,#9676,#9677,#9678),
 .UNSPECIFIED.,.F.,.F.,(4,4),(1.30104260698261E-18,0.00111829506036244),
 .UNSPECIFIED.);
#311=B_SPLINE_CURVE_WITH_KNOTS('',3,(#9691,#9692,#9693,#9694),
 .UNSPECIFIED.,.F.,.F.,(4,4),(6.50521303491303E-19,0.0017010517583977),
 .UNSPECIFIED.);
#312=B_SPLINE_CURVE_WITH_KNOTS('',3,(#9705,#9706,#9707,#9708),
 .UNSPECIFIED.,.F.,.F.,(4,4),(1.72878407760069E-18,0.000747186281764973),
 .UNSPECIFIED.);
#313=B_SPLINE_CURVE_WITH_KNOTS('',3,(#9715,#9716,#9717,#9718),
 .UNSPECIFIED.,.F.,.F.,(4,4),(4.33680868994202E-19,0.00111829506036383),
 .UNSPECIFIED.);
#314=B_SPLINE_CURVE_WITH_KNOTS('',3,(#9735,#9736,#9737,#9738),
 .UNSPECIFIED.,.F.,.F.,(4,4),(6.2846328602098E-18,0.00169676342253195),
 .UNSPECIFIED.);
#315=B_SPLINE_CURVE_WITH_KNOTS('',3,(#9749,#9750,#9751,#9752),
 .UNSPECIFIED.,.F.,.F.,(4,4),(4.10317168049939E-17,0.000747203396775825),
 .UNSPECIFIED.);
#316=B_SPLINE_CURVE_WITH_KNOTS('',3,(#9760,#9761,#9762,#9763),
 .UNSPECIFIED.,.F.,.F.,(4,4),(0.,0.00111829506036293),.UNSPECIFIED.);
#317=B_SPLINE_CURVE_WITH_KNOTS('',3,(#9780,#9781,#9782,#9783),
 .UNSPECIFIED.,.F.,.F.,(4,4),(8.94056015336375E-19,0.00169675929590638),
 .UNSPECIFIED.);
#318=B_SPLINE_CURVE_WITH_KNOTS('',3,(#9784,#9785,#9786,#9787),
 .UNSPECIFIED.,.F.,.F.,(4,4),(1.30104260698261E-18,0.00121887329068219),
 .UNSPECIFIED.);
#319=B_SPLINE_CURVE_WITH_KNOTS('',3,(#9794,#9795,#9796,#9797),
 .UNSPECIFIED.,.F.,.F.,(4,4),(1.2266347333467E-18,0.000786497744385673),
 .UNSPECIFIED.);
#320=B_SPLINE_CURVE_WITH_KNOTS('',3,(#9804,#9805,#9806,#9807),
 .UNSPECIFIED.,.F.,.F.,(4,4),(0.,0.00111829506036389),.UNSPECIFIED.);
#321=B_SPLINE_CURVE_WITH_KNOTS('',3,(#9820,#9821,#9822,#9823),
 .UNSPECIFIED.,.F.,.F.,(4,4),(0.,0.00170105175839771),.UNSPECIFIED.);
#322=B_SPLINE_CURVE_WITH_KNOTS('',3,(#9834,#9835,#9836,#9837),
 .UNSPECIFIED.,.F.,.F.,(4,4),(2.14661078335672E-18,0.000747186281764969),
 .UNSPECIFIED.);
#323=B_SPLINE_CURVE_WITH_KNOTS('',3,(#9844,#9845,#9846,#9847),
 .UNSPECIFIED.,.F.,.F.,(4,4),(4.33680868994202E-19,0.00111829506036383),
 .UNSPECIFIED.);
#324=B_SPLINE_CURVE_WITH_KNOTS('',3,(#9864,#9865,#9866,#9867),
 .UNSPECIFIED.,.F.,.F.,(4,4),(6.74997489164751E-18,0.00169676342253196),
 .UNSPECIFIED.);
#325=B_SPLINE_CURVE_WITH_KNOTS('',3,(#9878,#9879,#9880,#9881),
 .UNSPECIFIED.,.F.,.F.,(4,4),(4.35963881634826E-17,0.000747203396775843),
 .UNSPECIFIED.);
#326=B_SPLINE_CURVE_WITH_KNOTS('',3,(#9889,#9890,#9891,#9892),
 .UNSPECIFIED.,.F.,.F.,(4,4),(0.,0.00111829506036338),.UNSPECIFIED.);
#327=B_SPLINE_CURVE_WITH_KNOTS('',3,(#9908,#9909,#9910,#9911),
 .UNSPECIFIED.,.F.,.F.,(4,4),(5.42101086242752E-20,0.00169675929590639),
 .UNSPECIFIED.);
#328=B_SPLINE_CURVE_WITH_KNOTS('',3,(#9918,#9919,#9920,#9921),
 .UNSPECIFIED.,.F.,.F.,(4,4),(8.67361737988404E-19,0.00078649774438567),
 .UNSPECIFIED.);
#329=B_SPLINE_CURVE_WITH_KNOTS('',3,(#9929,#9930,#9931,#9932),
 .UNSPECIFIED.,.F.,.F.,(4,4),(0.,0.00111829506036384),.UNSPECIFIED.);
#330=B_SPLINE_CURVE_WITH_KNOTS('',3,(#9940,#9941,#9942,#9943),
 .UNSPECIFIED.,.F.,.F.,(4,4),(4.18994078233502E-16,0.000198206603530539),
 .UNSPECIFIED.);
#331=B_SPLINE_CURVE_WITH_KNOTS('',3,(#9950,#9951,#9952,#9953),
 .UNSPECIFIED.,.F.,.F.,(4,4),(0.,0.00170105175839771),.UNSPECIFIED.);
#332=B_SPLINE_CURVE_WITH_KNOTS('',3,(#9964,#9965,#9966,#9967),
 .UNSPECIFIED.,.F.,.F.,(4,4),(2.57083974364376E-18,0.000747186281764981),
 .UNSPECIFIED.);
#333=B_SPLINE_CURVE_WITH_KNOTS('',3,(#9974,#9975,#9976,#9977),
 .UNSPECIFIED.,.F.,.F.,(4,4),(1.73472347597681E-18,0.00111829506036383),
 .UNSPECIFIED.);
#334=B_SPLINE_CURVE_WITH_KNOTS('',3,(#9994,#9995,#9996,#9997),
 .UNSPECIFIED.,.F.,.F.,(4,4),(1.85268548447951E-18,0.00169676342253068),
 .UNSPECIFIED.);
#335=B_SPLINE_CURVE_WITH_KNOTS('',3,(#10004,#10005,#10006,#10007),
 .UNSPECIFIED.,.F.,.F.,(4,4),(1.2266347333467E-18,0.000786523764682231),
 .UNSPECIFIED.);
#336=B_SPLINE_CURVE_WITH_KNOTS('',3,(#10015,#10016,#10017,#10018),
 .UNSPECIFIED.,.F.,.F.,(4,4),(8.67361737988404E-19,0.00111829506036384),
 .UNSPECIFIED.);
#337=B_SPLINE_CURVE_WITH_KNOTS('',3,(#10030,#10031,#10032,#10033),
 .UNSPECIFIED.,.F.,.F.,(4,4),(2.60208521396521E-18,0.00170104549718497),
 .UNSPECIFIED.);
#338=B_SPLINE_CURVE_WITH_KNOTS('',3,(#10044,#10045,#10046,#10047),
 .UNSPECIFIED.,.F.,.F.,(4,4),(4.17845665806507E-17,0.000747203396775888),
 .UNSPECIFIED.);
#339=B_SPLINE_CURVE_WITH_KNOTS('',3,(#10055,#10056,#10057,#10058),
 .UNSPECIFIED.,.F.,.F.,(4,4),(0.,0.00111829506036291),.UNSPECIFIED.);
#340=B_SPLINE_CURVE_WITH_KNOTS('',3,(#10074,#10075,#10076,#10077),
 .UNSPECIFIED.,.F.,.F.,(4,4),(9.46738845987632E-19,0.00169675929590639),
 .UNSPECIFIED.);
#341=B_SPLINE_CURVE_WITH_KNOTS('',3,(#10113,#10114,#10115,#10116),
 .UNSPECIFIED.,.F.,.F.,(4,4),(1.91213431243667E-17,0.00122686987676308),
 .UNSPECIFIED.);
#342=B_SPLINE_CURVE_WITH_KNOTS('',3,(#10123,#10124,#10125,#10126),
 .UNSPECIFIED.,.F.,.F.,(4,4),(1.17093834628434E-17,0.0012375092889755),
 .UNSPECIFIED.);
#343=B_SPLINE_CURVE_WITH_KNOTS('',3,(#10162,#10163,#10164,#10165),
 .UNSPECIFIED.,.F.,.F.,(4,4),(0.,0.00122688477587105),.UNSPECIFIED.);
#344=B_SPLINE_CURVE_WITH_KNOTS('',3,(#10172,#10173,#10174,#10175),
 .UNSPECIFIED.,.F.,.F.,(4,4),(3.24537045394939E-18,0.00123753193235232),
 .UNSPECIFIED.);
#345=B_SPLINE_CURVE_WITH_KNOTS('',3,(#10223,#10224,#10225,#10226),
 .UNSPECIFIED.,.F.,.F.,(4,4),(4.33680868994202E-19,0.00122688477587056),
 .UNSPECIFIED.);
#346=B_SPLINE_CURVE_WITH_KNOTS('',3,(#10233,#10234,#10235,#10236),
 .UNSPECIFIED.,.F.,.F.,(4,4),(0.,0.00123753193235232),.UNSPECIFIED.);
#347=B_SPLINE_CURVE_WITH_KNOTS('',3,(#10272,#10273,#10274,#10275),
 .UNSPECIFIED.,.F.,.F.,(4,4),(4.33680868994202E-19,0.00122688477587057),
 .UNSPECIFIED.);
#348=B_SPLINE_CURVE_WITH_KNOTS('',3,(#10282,#10283,#10284,#10285),
 .UNSPECIFIED.,.F.,.F.,(4,4),(2.49130692054224E-18,0.00123753193235232),
 .UNSPECIFIED.);
#349=B_SPLINE_CURVE_WITH_KNOTS('',3,(#10321,#10322,#10323,#10324),
 .UNSPECIFIED.,.F.,.F.,(4,4),(8.67361737988403E-19,0.00122688477587056),
 .UNSPECIFIED.);
#350=B_SPLINE_CURVE_WITH_KNOTS('',3,(#10331,#10332,#10333,#10334),
 .UNSPECIFIED.,.F.,.F.,(4,4),(0.,0.00123753193235232),.UNSPECIFIED.);
#351=B_SPLINE_CURVE_WITH_KNOTS('',3,(#10370,#10371,#10372,#10373),
 .UNSPECIFIED.,.F.,.F.,(4,4),(1.56365861034638E-18,0.00122688477587055),
 .UNSPECIFIED.);
#352=B_SPLINE_CURVE_WITH_KNOTS('',3,(#10380,#10381,#10382,#10383),
 .UNSPECIFIED.,.F.,.F.,(4,4),(0.,0.00123753193235231),.UNSPECIFIED.);
#353=B_SPLINE_CURVE_WITH_KNOTS('',3,(#10419,#10420,#10421,#10422),
 .UNSPECIFIED.,.F.,.F.,(4,4),(8.67361737988404E-19,0.00122688477587055),
 .UNSPECIFIED.);
#354=B_SPLINE_CURVE_WITH_KNOTS('',3,(#10429,#10430,#10431,#10432),
 .UNSPECIFIED.,.F.,.F.,(4,4),(7.70371977754894E-34,0.00123753193235232),
 .UNSPECIFIED.);
#355=B_SPLINE_CURVE_WITH_KNOTS('',3,(#10468,#10469,#10470,#10471),
 .UNSPECIFIED.,.F.,.F.,(4,4),(4.33680868994202E-19,0.00122688477587056),
 .UNSPECIFIED.);
#356=B_SPLINE_CURVE_WITH_KNOTS('',3,(#10478,#10479,#10480,#10481),
 .UNSPECIFIED.,.F.,.F.,(4,4),(8.67361737988404E-19,0.00123753193235232),
 .UNSPECIFIED.);
#357=B_SPLINE_CURVE_WITH_KNOTS('',3,(#10517,#10518,#10519,#10520),
 .UNSPECIFIED.,.F.,.F.,(4,4),(8.67361737988404E-19,0.00122688477587056),
 .UNSPECIFIED.);
#358=B_SPLINE_CURVE_WITH_KNOTS('',3,(#10527,#10528,#10529,#10530),
 .UNSPECIFIED.,.F.,.F.,(4,4),(8.67361737988404E-19,0.00123753193235231),
 .UNSPECIFIED.);
#359=B_SPLINE_CURVE_WITH_KNOTS('',3,(#10566,#10567,#10568,#10569),
 .UNSPECIFIED.,.F.,.F.,(4,4),(4.33680868994202E-19,0.00122688477587107),
 .UNSPECIFIED.);
#360=B_SPLINE_CURVE_WITH_KNOTS('',3,(#10576,#10577,#10578,#10579),
 .UNSPECIFIED.,.F.,.F.,(4,4),(0.,0.00123753193235231),.UNSPECIFIED.);
#361=B_SPLINE_CURVE_WITH_KNOTS('',3,(#10615,#10616,#10617,#10618),
 .UNSPECIFIED.,.F.,.F.,(4,4),(8.67361737988404E-19,0.00122688477587107),
 .UNSPECIFIED.);
#362=B_SPLINE_CURVE_WITH_KNOTS('',3,(#10625,#10626,#10627,#10628),
 .UNSPECIFIED.,.F.,.F.,(4,4),(1.73472347597681E-18,0.00123753193235232),
 .UNSPECIFIED.);
#363=B_SPLINE_CURVE_WITH_KNOTS('',3,(#10664,#10665,#10666,#10667),
 .UNSPECIFIED.,.F.,.F.,(4,4),(2.81057325781161E-18,0.00122688477587056),
 .UNSPECIFIED.);
#364=B_SPLINE_CURVE_WITH_KNOTS('',3,(#10674,#10675,#10676,#10677),
 .UNSPECIFIED.,.F.,.F.,(4,4),(8.67361737988404E-19,0.00123753193235232),
 .UNSPECIFIED.);
#365=B_SPLINE_CURVE_WITH_KNOTS('',3,(#10713,#10714,#10715,#10716),
 .UNSPECIFIED.,.F.,.F.,(4,4),(4.33680868994202E-19,0.00122688477587108),
 .UNSPECIFIED.);
#366=B_SPLINE_CURVE_WITH_KNOTS('',3,(#10723,#10724,#10725,#10726),
 .UNSPECIFIED.,.F.,.F.,(4,4),(0.,0.00123753193235232),.UNSPECIFIED.);
#367=B_SPLINE_CURVE_WITH_KNOTS('',3,(#10762,#10763,#10764,#10765),
 .UNSPECIFIED.,.F.,.F.,(4,4),(0.,0.00122688477587056),.UNSPECIFIED.);
#368=B_SPLINE_CURVE_WITH_KNOTS('',3,(#10772,#10773,#10774,#10775),
 .UNSPECIFIED.,.F.,.F.,(4,4),(8.67361737988404E-19,0.00123753193235231),
 .UNSPECIFIED.);
#369=B_SPLINE_CURVE_WITH_KNOTS('',3,(#10805,#10806,#10807,#10808),
 .UNSPECIFIED.,.F.,.F.,(4,4),(1.71070474828568E-17,0.0012268698767631),
 .UNSPECIFIED.);
#370=B_SPLINE_CURVE_WITH_KNOTS('',3,(#11024,#11025,#11026,#11027),
 .UNSPECIFIED.,.F.,.F.,(4,4),(8.67361737988404E-19,0.00123753193235266),
 .UNSPECIFIED.);
#371=B_SPLINE_CURVE_WITH_KNOTS('',3,(#11340,#11341,#11342,#11343),
 .UNSPECIFIED.,.F.,.F.,(4,4),(0.,0.000563148891763756),.UNSPECIFIED.);
#372=B_SPLINE_CURVE_WITH_KNOTS('',3,(#11344,#11345,#11346,#11347),
 .UNSPECIFIED.,.F.,.F.,(4,4),(5.14167948728752E-18,0.000295055458300547),
 .UNSPECIFIED.);
#373=B_SPLINE_CURVE_WITH_KNOTS('',3,(#11365,#11366,#11367,#11368),
 .UNSPECIFIED.,.F.,.F.,(4,4),(0.,0.000563148891763757),.UNSPECIFIED.);
#374=B_SPLINE_CURVE_WITH_KNOTS('',3,(#11370,#11371,#11372,#11373),
 .UNSPECIFIED.,.F.,.F.,(4,4),(3.70537096895902E-18,0.000295055458300551),
 .UNSPECIFIED.);
#375=B_SPLINE_CURVE_WITH_KNOTS('',3,(#11375,#11376,#11377,#11378),
 .UNSPECIFIED.,.F.,.F.,(4,4),(3.70537096895902E-18,0.000295055458300547),
 .UNSPECIFIED.);
#376=B_SPLINE_CURVE_WITH_KNOTS('',3,(#11380,#11381,#11382,#11383),
 .UNSPECIFIED.,.F.,.F.,(4,4),(0.,0.000563148891763756),.UNSPECIFIED.);
#377=B_SPLINE_CURVE_WITH_KNOTS('',3,(#11401,#11402,#11403,#11404),
 .UNSPECIFIED.,.F.,.F.,(4,4),(0.,0.000563148891763756),.UNSPECIFIED.);
#378=B_SPLINE_CURVE_WITH_KNOTS('',3,(#11406,#11407,#11408,#11409),
 .UNSPECIFIED.,.F.,.F.,(4,4),(5.14167948728752E-18,0.000295055458300547),
 .UNSPECIFIED.);
#379=B_SPLINE_CURVE_WITH_KNOTS('',3,(#11411,#11412,#11413,#11414),
 .UNSPECIFIED.,.F.,.F.,(4,4),(5.14167948728752E-18,0.000295055458300546),
 .UNSPECIFIED.);
#380=B_SPLINE_CURVE_WITH_KNOTS('',3,(#11416,#11417,#11418,#11419),
 .UNSPECIFIED.,.F.,.F.,(4,4),(0.,0.00056314889176376),.UNSPECIFIED.);
#381=B_SPLINE_CURVE_WITH_KNOTS('',3,(#11437,#11438,#11439,#11440),
 .UNSPECIFIED.,.F.,.F.,(4,4),(0.,0.000563148891763757),.UNSPECIFIED.);
#382=B_SPLINE_CURVE_WITH_KNOTS('',3,(#11442,#11443,#11444,#11445),
 .UNSPECIFIED.,.F.,.F.,(4,4),(3.70537096895902E-18,0.000295055458300551),
 .UNSPECIFIED.);
#383=B_SPLINE_CURVE_WITH_KNOTS('',3,(#11447,#11448,#11449,#11450),
 .UNSPECIFIED.,.F.,.F.,(4,4),(3.70537096895902E-18,0.000295055458300547),
 .UNSPECIFIED.);
#384=B_SPLINE_CURVE_WITH_KNOTS('',3,(#11452,#11453,#11454,#11455),
 .UNSPECIFIED.,.F.,.F.,(4,4),(0.,0.000563148891763757),.UNSPECIFIED.);
#385=B_SPLINE_CURVE_WITH_KNOTS('',3,(#11473,#11474,#11475,#11476),
 .UNSPECIFIED.,.F.,.F.,(4,4),(0.,0.000563148891763758),.UNSPECIFIED.);
#386=B_SPLINE_CURVE_WITH_KNOTS('',3,(#11478,#11479,#11480,#11481),
 .UNSPECIFIED.,.F.,.F.,(4,4),(5.14167948728752E-18,0.000295055458300547),
 .UNSPECIFIED.);
#387=(
BOUNDED_SURFACE()
B_SPLINE_SURFACE(1,2,((#6913,#6914,#6915,#6916,#6917),(#6918,#6919,#6920,
#6921,#6922)),.UNSPECIFIED.,.F.,.F.,.F.)
B_SPLINE_SURFACE_WITH_KNOTS((2,2),(3,2,3),(0.,0.0998477732467766),(0.46524229385298,
0.5,0.667142284154709),.PIECEWISE_BEZIER_KNOTS.)
GEOMETRIC_REPRESENTATION_ITEM()
RATIONAL_B_SPLINE_SURFACE(((0.996756523297085,0.998257103478247,1.,0.991618787947085,
0.988840995600207),(0.996756523297085,0.998257103478247,1.,0.991618787947085,
0.988840995600207)))
REPRESENTATION_ITEM('')
SURFACE()
);
#388=(
BOUNDED_SURFACE()
B_SPLINE_SURFACE(1,2,((#6938,#6939,#6940,#6941,#6942),(#6943,#6944,#6945,
#6946,#6947)),.UNSPECIFIED.,.F.,.F.,.F.)
B_SPLINE_SURFACE_WITH_KNOTS((2,2),(3,2,3),(0.900152226753206,1.),(0.466439329368604,
0.5,0.667142284154708),.PIECEWISE_BEZIER_KNOTS.)
GEOMETRIC_REPRESENTATION_ITEM()
RATIONAL_B_SPLINE_SURFACE(((0.996860168948228,0.998317127837385,1.,0.991618787947085,
0.988840995600207),(0.996860168948228,0.998317127837385,1.,0.991618787947085,
0.988840995600207)))
REPRESENTATION_ITEM('')
SURFACE()
);
#389=(
BOUNDED_SURFACE()
B_SPLINE_SURFACE(1,2,((#6983,#6984,#6985),(#6986,#6987,#6988)),
 .UNSPECIFIED.,.F.,.F.,.F.)
B_SPLINE_SURFACE_WITH_KNOTS((2,2),(3,3),(0.900152226753191,1.),(0.034528953237751,
0.233403020236448),.PIECEWISE_BEZIER_KNOTS.)
GEOMETRIC_REPRESENTATION_ITEM()
RATIONAL_B_SPLINE_SURFACE(((0.996776285503762,0.988181252196997,0.987519206896698),
(0.996776285503762,0.988181252196997,0.987519206896698)))
REPRESENTATION_ITEM('')
SURFACE()
);
#390=(
BOUNDED_SURFACE()
B_SPLINE_SURFACE(1,2,((#7016,#7017,#7018),(#7019,#7020,#7021)),
 .UNSPECIFIED.,.F.,.F.,.F.)
B_SPLINE_SURFACE_WITH_KNOTS((2,2),(3,3),(0.,0.0998477732467719),(0.034528953237788,
0.234589147872623),.PIECEWISE_BEZIER_KNOTS.)
GEOMETRIC_REPRESENTATION_ITEM()
RATIONAL_B_SPLINE_SURFACE(((0.996776285503759,0.988129989572901,0.987511591927174),
(0.996776285503759,0.988129989572901,0.987511591927174)))
REPRESENTATION_ITEM('')
SURFACE()
);
#391=(
BOUNDED_SURFACE()
B_SPLINE_SURFACE(1,2,((#7045,#7046,#7047,#7048,#7049),(#7050,#7051,#7052,
#7053,#7054)),.UNSPECIFIED.,.F.,.F.,.F.)
B_SPLINE_SURFACE_WITH_KNOTS((2,2),(3,2,3),(0.900152226753204,1.),(0.466439329368604,
0.5,0.667142284154708),.PIECEWISE_BEZIER_KNOTS.)
GEOMETRIC_REPRESENTATION_ITEM()
RATIONAL_B_SPLINE_SURFACE(((0.996860168948228,0.998317127837385,1.,0.991618787947085,
0.988840995600207),(0.996860168948228,0.998317127837385,1.,0.991618787947085,
0.988840995600207)))
REPRESENTATION_ITEM('')
SURFACE()
);
#392=(
BOUNDED_SURFACE()
B_SPLINE_SURFACE(1,2,((#7082,#7083,#7084,#7085,#7086),(#7087,#7088,#7089,
#7090,#7091)),.UNSPECIFIED.,.F.,.F.,.F.)
B_SPLINE_SURFACE_WITH_KNOTS((2,2),(3,2,3),(0.,0.0998477732466521),(0.46524229385298,
0.5,0.667142284154709),.PIECEWISE_BEZIER_KNOTS.)
GEOMETRIC_REPRESENTATION_ITEM()
RATIONAL_B_SPLINE_SURFACE(((0.996756523297085,0.998257103478247,1.,0.991618787947085,
0.988840995600207),(0.996756523297085,0.998257103478247,1.,0.991618787947085,
0.988840995600207)))
REPRESENTATION_ITEM('')
SURFACE()
);
#393=(
BOUNDED_SURFACE()
B_SPLINE_SURFACE(1,2,((#7115,#7116,#7117),(#7118,#7119,#7120)),
 .UNSPECIFIED.,.F.,.F.,.F.)
B_SPLINE_SURFACE_WITH_KNOTS((2,2),(3,3),(0.,0.0998477732467713),(0.0345289532377881,
0.234589147872623),.PIECEWISE_BEZIER_KNOTS.)
GEOMETRIC_REPRESENTATION_ITEM()
RATIONAL_B_SPLINE_SURFACE(((0.996776285503759,0.988129989572901,0.987511591927174),
(0.996776285503759,0.988129989572901,0.987511591927174)))
REPRESENTATION_ITEM('')
SURFACE()
);
#394=(
BOUNDED_SURFACE()
B_SPLINE_SURFACE(1,2,((#7136,#7137,#7138),(#7139,#7140,#7141)),
 .UNSPECIFIED.,.F.,.F.,.F.)
B_SPLINE_SURFACE_WITH_KNOTS((2,2),(3,3),(0.900152226753193,1.),(0.0345289532377512,
0.233403020236448),.PIECEWISE_BEZIER_KNOTS.)
GEOMETRIC_REPRESENTATION_ITEM()
RATIONAL_B_SPLINE_SURFACE(((0.996776285503762,0.988181252196997,0.987519206896698),
(0.996776285503762,0.988181252196997,0.987519206896698)))
REPRESENTATION_ITEM('')
SURFACE()
);
#395=(
BOUNDED_SURFACE()
B_SPLINE_SURFACE(1,2,((#7192,#7193,#7194),(#7195,#7196,#7197)),
 .UNSPECIFIED.,.F.,.F.,.F.)
B_SPLINE_SURFACE_WITH_KNOTS((2,2),(3,3),(0.,0.099847773246698),(0.0345289532377883,
0.234589147872624),.PIECEWISE_BEZIER_KNOTS.)
GEOMETRIC_REPRESENTATION_ITEM()
RATIONAL_B_SPLINE_SURFACE(((0.996776285503759,0.988129989572901,0.987511591927174),
(0.996776285503759,0.988129989572901,0.987511591927174)))
REPRESENTATION_ITEM('')
SURFACE()
);
#396=(
BOUNDED_SURFACE()
B_SPLINE_SURFACE(1,2,((#7213,#7214,#7215),(#7216,#7217,#7218)),
 .UNSPECIFIED.,.F.,.F.,.F.)
B_SPLINE_SURFACE_WITH_KNOTS((2,2),(3,3),(0.900152226753224,1.),(0.0345289532377507,
0.233403020236449),.PIECEWISE_BEZIER_KNOTS.)
GEOMETRIC_REPRESENTATION_ITEM()
RATIONAL_B_SPLINE_SURFACE(((0.996776285503762,0.988181252196997,0.987519206896698),
(0.996776285503762,0.988181252196997,0.987519206896698)))
REPRESENTATION_ITEM('')
SURFACE()
);
#397=(
BOUNDED_SURFACE()
B_SPLINE_SURFACE(1,2,((#7269,#7270,#7271),(#7272,#7273,#7274)),
 .UNSPECIFIED.,.F.,.F.,.F.)
B_SPLINE_SURFACE_WITH_KNOTS((2,2),(3,3),(0.,0.0998477732466988),(0.0345289532377878,
0.234589147872623),.PIECEWISE_BEZIER_KNOTS.)
GEOMETRIC_REPRESENTATION_ITEM()
RATIONAL_B_SPLINE_SURFACE(((0.996776285503759,0.988129989572901,0.987511591927174),
(0.996776285503759,0.988129989572901,0.987511591927174)))
REPRESENTATION_ITEM('')
SURFACE()
);
#398=(
BOUNDED_SURFACE()
B_SPLINE_SURFACE(1,2,((#7290,#7291,#7292),(#7293,#7294,#7295)),
 .UNSPECIFIED.,.F.,.F.,.F.)
B_SPLINE_SURFACE_WITH_KNOTS((2,2),(3,3),(0.900152226753226,1.),(0.0345289532377512,
0.233403020236449),.PIECEWISE_BEZIER_KNOTS.)
GEOMETRIC_REPRESENTATION_ITEM()
RATIONAL_B_SPLINE_SURFACE(((0.996776285503762,0.988181252196997,0.987519206896698),
(0.996776285503762,0.988181252196997,0.987519206896698)))
REPRESENTATION_ITEM('')
SURFACE()
);
#399=(
BOUNDED_SURFACE()
B_SPLINE_SURFACE(1,2,((#7346,#7347,#7348),(#7349,#7350,#7351)),
 .UNSPECIFIED.,.F.,.F.,.F.)
B_SPLINE_SURFACE_WITH_KNOTS((2,2),(3,3),(0.,0.0998477732466472),(0.0345289532377879,
0.234589147872624),.PIECEWISE_BEZIER_KNOTS.)
GEOMETRIC_REPRESENTATION_ITEM()
RATIONAL_B_SPLINE_SURFACE(((0.996776285503759,0.988129989572901,0.987511591927174),
(0.996776285503759,0.988129989572901,0.987511591927174)))
REPRESENTATION_ITEM('')
SURFACE()
);
#400=(
BOUNDED_SURFACE()
B_SPLINE_SURFACE(1,2,((#7367,#7368,#7369),(#7370,#7371,#7372)),
 .UNSPECIFIED.,.F.,.F.,.F.)
B_SPLINE_SURFACE_WITH_KNOTS((2,2),(3,3),(0.900152226753225,1.),(0.0345289532377511,
0.233403020236449),.PIECEWISE_BEZIER_KNOTS.)
GEOMETRIC_REPRESENTATION_ITEM()
RATIONAL_B_SPLINE_SURFACE(((0.996776285503762,0.988181252196997,0.987519206896698),
(0.996776285503762,0.988181252196997,0.987519206896698)))
REPRESENTATION_ITEM('')
SURFACE()
);
#401=(
BOUNDED_SURFACE()
B_SPLINE_SURFACE(1,2,((#7423,#7424,#7425),(#7426,#7427,#7428)),
 .UNSPECIFIED.,.F.,.F.,.F.)
B_SPLINE_SURFACE_WITH_KNOTS((2,2),(3,3),(0.,0.0998477732466466),(0.0345289532377883,
0.234589147872623),.PIECEWISE_BEZIER_KNOTS.)
GEOMETRIC_REPRESENTATION_ITEM()
RATIONAL_B_SPLINE_SURFACE(((0.996776285503759,0.988129989572901,0.987511591927174),
(0.996776285503759,0.988129989572901,0.987511591927174)))
REPRESENTATION_ITEM('')
SURFACE()
);
#402=(
BOUNDED_SURFACE()
B_SPLINE_SURFACE(1,2,((#7444,#7445,#7446),(#7447,#7448,#7449)),
 .UNSPECIFIED.,.F.,.F.,.F.)
B_SPLINE_SURFACE_WITH_KNOTS((2,2),(3,3),(0.900152226753226,1.),(0.0345289532377506,
0.233403020236449),.PIECEWISE_BEZIER_KNOTS.)
GEOMETRIC_REPRESENTATION_ITEM()
RATIONAL_B_SPLINE_SURFACE(((0.996776285503762,0.988181252196997,0.987519206896698),
(0.996776285503762,0.988181252196997,0.987519206896698)))
REPRESENTATION_ITEM('')
SURFACE()
);
#403=(
BOUNDED_SURFACE()
B_SPLINE_SURFACE(1,2,((#7500,#7501,#7502),(#7503,#7504,#7505)),
 .UNSPECIFIED.,.F.,.F.,.F.)
B_SPLINE_SURFACE_WITH_KNOTS((2,2),(3,3),(0.,0.0998477732466479),(0.0345289532377882,
0.234589147872623),.PIECEWISE_BEZIER_KNOTS.)
GEOMETRIC_REPRESENTATION_ITEM()
RATIONAL_B_SPLINE_SURFACE(((0.996776285503759,0.988129989572901,0.987511591927174),
(0.996776285503759,0.988129989572901,0.987511591927174)))
REPRESENTATION_ITEM('')
SURFACE()
);
#404=(
BOUNDED_SURFACE()
B_SPLINE_SURFACE(1,2,((#7521,#7522,#7523),(#7524,#7525,#7526)),
 .UNSPECIFIED.,.F.,.F.,.F.)
B_SPLINE_SURFACE_WITH_KNOTS((2,2),(3,3),(0.900152226753226,1.),(0.0345289532377509,
0.233403020236448),.PIECEWISE_BEZIER_KNOTS.)
GEOMETRIC_REPRESENTATION_ITEM()
RATIONAL_B_SPLINE_SURFACE(((0.996776285503762,0.988181252196997,0.987519206896698),
(0.996776285503762,0.988181252196997,0.987519206896698)))
REPRESENTATION_ITEM('')
SURFACE()
);
#405=(
BOUNDED_SURFACE()
B_SPLINE_SURFACE(1,2,((#7577,#7578,#7579),(#7580,#7581,#7582)),
 .UNSPECIFIED.,.F.,.F.,.F.)
B_SPLINE_SURFACE_WITH_KNOTS((2,2),(3,3),(0.,0.0998477732466481),(0.0345289532377882,
0.234589147872624),.PIECEWISE_BEZIER_KNOTS.)
GEOMETRIC_REPRESENTATION_ITEM()
RATIONAL_B_SPLINE_SURFACE(((0.996776285503758,0.988129989572901,0.987511591927174),
(0.996776285503758,0.988129989572901,0.987511591927174)))
REPRESENTATION_ITEM('')
SURFACE()
);
#406=(
BOUNDED_SURFACE()
B_SPLINE_SURFACE(1,2,((#7598,#7599,#7600),(#7601,#7602,#7603)),
 .UNSPECIFIED.,.F.,.F.,.F.)
B_SPLINE_SURFACE_WITH_KNOTS((2,2),(3,3),(0.900152226753225,1.),(0.0345289532377514,
0.233403020236449),.PIECEWISE_BEZIER_KNOTS.)
GEOMETRIC_REPRESENTATION_ITEM()
RATIONAL_B_SPLINE_SURFACE(((0.996776285503762,0.988181252196997,0.987519206896698),
(0.996776285503762,0.988181252196997,0.987519206896698)))
REPRESENTATION_ITEM('')
SURFACE()
);
#407=(
BOUNDED_SURFACE()
B_SPLINE_SURFACE(1,2,((#7654,#7655,#7656),(#7657,#7658,#7659)),
 .UNSPECIFIED.,.F.,.F.,.F.)
B_SPLINE_SURFACE_WITH_KNOTS((2,2),(3,3),(0.,0.0998477732466472),(0.034528953237788,
0.234589147872624),.PIECEWISE_BEZIER_KNOTS.)
GEOMETRIC_REPRESENTATION_ITEM()
RATIONAL_B_SPLINE_SURFACE(((0.996776285503759,0.988129989572901,0.987511591927174),
(0.996776285503759,0.988129989572901,0.987511591927174)))
REPRESENTATION_ITEM('')
SURFACE()
);
#408=(
BOUNDED_SURFACE()
B_SPLINE_SURFACE(1,2,((#7675,#7676,#7677),(#7678,#7679,#7680)),
 .UNSPECIFIED.,.F.,.F.,.F.)
B_SPLINE_SURFACE_WITH_KNOTS((2,2),(3,3),(0.900152226753227,1.),(0.034528953237751,
0.233403020236449),.PIECEWISE_BEZIER_KNOTS.)
GEOMETRIC_REPRESENTATION_ITEM()
RATIONAL_B_SPLINE_SURFACE(((0.996776285503762,0.988181252196997,0.987519206896698),
(0.996776285503762,0.988181252196997,0.987519206896698)))
REPRESENTATION_ITEM('')
SURFACE()
);
#409=(
BOUNDED_SURFACE()
B_SPLINE_SURFACE(1,2,((#7731,#7732,#7733),(#7734,#7735,#7736)),
 .UNSPECIFIED.,.F.,.F.,.F.)
B_SPLINE_SURFACE_WITH_KNOTS((2,2),(3,3),(0.,0.0998477732467709),(0.0345289532377885,
0.234589147872623),.PIECEWISE_BEZIER_KNOTS.)
GEOMETRIC_REPRESENTATION_ITEM()
RATIONAL_B_SPLINE_SURFACE(((0.996776285503758,0.988129989572901,0.987511591927174),
(0.996776285503758,0.988129989572901,0.987511591927174)))
REPRESENTATION_ITEM('')
SURFACE()
);
#410=(
BOUNDED_SURFACE()
B_SPLINE_SURFACE(1,2,((#7752,#7753,#7754),(#7755,#7756,#7757)),
 .UNSPECIFIED.,.F.,.F.,.F.)
B_SPLINE_SURFACE_WITH_KNOTS((2,2),(3,3),(0.900152226753193,1.),(0.0345289532377509,
0.233403020236448),.PIECEWISE_BEZIER_KNOTS.)
GEOMETRIC_REPRESENTATION_ITEM()
RATIONAL_B_SPLINE_SURFACE(((0.996776285503762,0.988181252196997,0.987519206896698),
(0.996776285503762,0.988181252196997,0.987519206896698)))
REPRESENTATION_ITEM('')
SURFACE()
);
#411=(
BOUNDED_SURFACE()
B_SPLINE_SURFACE(1,2,((#7808,#7809,#7810),(#7811,#7812,#7813)),
 .UNSPECIFIED.,.F.,.F.,.F.)
B_SPLINE_SURFACE_WITH_KNOTS((2,2),(3,3),(0.,0.0998477732467733),(0.034528953237788,
0.234589147872624),.PIECEWISE_BEZIER_KNOTS.)
GEOMETRIC_REPRESENTATION_ITEM()
RATIONAL_B_SPLINE_SURFACE(((0.996776285503759,0.988129989572901,0.987511591927174),
(0.996776285503759,0.988129989572901,0.987511591927174)))
REPRESENTATION_ITEM('')
SURFACE()
);
#412=(
BOUNDED_SURFACE()
B_SPLINE_SURFACE(1,2,((#7829,#7830,#7831),(#7832,#7833,#7834)),
 .UNSPECIFIED.,.F.,.F.,.F.)
B_SPLINE_SURFACE_WITH_KNOTS((2,2),(3,3),(0.900152226753191,1.),(0.0345289532377502,
0.233403020236449),.PIECEWISE_BEZIER_KNOTS.)
GEOMETRIC_REPRESENTATION_ITEM()
RATIONAL_B_SPLINE_SURFACE(((0.996776285503762,0.988181252196997,0.987519206896698),
(0.996776285503762,0.988181252196997,0.987519206896698)))
REPRESENTATION_ITEM('')
SURFACE()
);
#413=(
BOUNDED_SURFACE()
B_SPLINE_SURFACE(1,2,((#7885,#7886,#7887),(#7888,#7889,#7890)),
 .UNSPECIFIED.,.F.,.F.,.F.)
B_SPLINE_SURFACE_WITH_KNOTS((2,2),(3,3),(0.,0.0998477732466469),(0.0345289532377886,
0.234589147872623),.PIECEWISE_BEZIER_KNOTS.)
GEOMETRIC_REPRESENTATION_ITEM()
RATIONAL_B_SPLINE_SURFACE(((0.996776285503759,0.988129989572901,0.987511591927174),
(0.996776285503759,0.988129989572901,0.987511591927174)))
REPRESENTATION_ITEM('')
SURFACE()
);
#414=(
BOUNDED_SURFACE()
B_SPLINE_SURFACE(1,2,((#7906,#7907,#7908),(#7909,#7910,#7911)),
 .UNSPECIFIED.,.F.,.F.,.F.)
B_SPLINE_SURFACE_WITH_KNOTS((2,2),(3,3),(0.900152226753226,1.),(0.0345289532377511,
0.233403020236448),.PIECEWISE_BEZIER_KNOTS.)
GEOMETRIC_REPRESENTATION_ITEM()
RATIONAL_B_SPLINE_SURFACE(((0.996776285503762,0.988181252196997,0.987519206896698),
(0.996776285503762,0.988181252196997,0.987519206896698)))
REPRESENTATION_ITEM('')
SURFACE()
);
#415=(
BOUNDED_SURFACE()
B_SPLINE_SURFACE(1,2,((#7962,#7963,#7964),(#7965,#7966,#7967)),
 .UNSPECIFIED.,.F.,.F.,.F.)
B_SPLINE_SURFACE_WITH_KNOTS((2,2),(3,3),(0.,0.0998477732467719),(0.0345289532377882,
0.234589147872623),.PIECEWISE_BEZIER_KNOTS.)
GEOMETRIC_REPRESENTATION_ITEM()
RATIONAL_B_SPLINE_SURFACE(((0.996776285503759,0.988129989572901,0.987511591927174),
(0.996776285503759,0.988129989572901,0.987511591927174)))
REPRESENTATION_ITEM('')
SURFACE()
);
#416=(
BOUNDED_SURFACE()
B_SPLINE_SURFACE(1,2,((#7983,#7984,#7985),(#7986,#7987,#7988)),
 .UNSPECIFIED.,.F.,.F.,.F.)
B_SPLINE_SURFACE_WITH_KNOTS((2,2),(3,3),(0.900152226753193,1.),(0.034528953237751,
0.233403020236448),.PIECEWISE_BEZIER_KNOTS.)
GEOMETRIC_REPRESENTATION_ITEM()
RATIONAL_B_SPLINE_SURFACE(((0.996776285503762,0.988181252196997,0.987519206896698),
(0.996776285503762,0.988181252196997,0.987519206896698)))
REPRESENTATION_ITEM('')
SURFACE()
);
#417=(
BOUNDED_SURFACE()
B_SPLINE_SURFACE(1,2,((#8039,#8040,#8041),(#8042,#8043,#8044)),
 .UNSPECIFIED.,.F.,.F.,.F.)
B_SPLINE_SURFACE_WITH_KNOTS((2,2),(3,3),(0.,0.0998477732466473),(0.0345289532377883,
0.234589147872623),.PIECEWISE_BEZIER_KNOTS.)
GEOMETRIC_REPRESENTATION_ITEM()
RATIONAL_B_SPLINE_SURFACE(((0.996776285503758,0.988129989572901,0.987511591927174),
(0.996776285503759,0.988129989572901,0.987511591927174)))
REPRESENTATION_ITEM('')
SURFACE()
);
#418=(
BOUNDED_SURFACE()
B_SPLINE_SURFACE(1,2,((#8060,#8061,#8062),(#8063,#8064,#8065)),
 .UNSPECIFIED.,.F.,.F.,.F.)
B_SPLINE_SURFACE_WITH_KNOTS((2,2),(3,3),(0.900152226753225,1.),(0.0345289532377508,
0.233403020236448),.PIECEWISE_BEZIER_KNOTS.)
GEOMETRIC_REPRESENTATION_ITEM()
RATIONAL_B_SPLINE_SURFACE(((0.996776285503762,0.988181252196997,0.987519206896698),
(0.996776285503762,0.988181252196997,0.987519206896698)))
REPRESENTATION_ITEM('')
SURFACE()
);
#419=(
BOUNDED_SURFACE()
B_SPLINE_SURFACE(1,2,((#8116,#8117,#8118),(#8119,#8120,#8121)),
 .UNSPECIFIED.,.F.,.F.,.F.)
B_SPLINE_SURFACE_WITH_KNOTS((2,2),(3,3),(0.900152226753228,1.),(0.034528953237788,
0.234589147872624),.PIECEWISE_BEZIER_KNOTS.)
GEOMETRIC_REPRESENTATION_ITEM()
RATIONAL_B_SPLINE_SURFACE(((0.996776285503759,0.988129989572901,0.987511591927174),
(0.996776285503759,0.988129989572901,0.987511591927174)))
REPRESENTATION_ITEM('')
SURFACE()
);
#420=(
BOUNDED_SURFACE()
B_SPLINE_SURFACE(1,2,((#8137,#8138,#8139),(#8140,#8141,#8142)),
 .UNSPECIFIED.,.F.,.F.,.F.)
B_SPLINE_SURFACE_WITH_KNOTS((2,2),(3,3),(0.,0.0998477732466853),(0.0345289532377881,
0.233403020236449),.PIECEWISE_BEZIER_KNOTS.)
GEOMETRIC_REPRESENTATION_ITEM()
RATIONAL_B_SPLINE_SURFACE(((0.996776285503758,0.988181252196997,0.987519206896698),
(0.996776285503758,0.988181252196997,0.987519206896698)))
REPRESENTATION_ITEM('')
SURFACE()
);
#421=(
BOUNDED_SURFACE()
B_SPLINE_SURFACE(1,2,((#8157,#8158,#8159,#8160,#8161),(#8162,#8163,#8164,
#8165,#8166)),.UNSPECIFIED.,.F.,.F.,.F.)
B_SPLINE_SURFACE_WITH_KNOTS((2,2),(3,2,3),(0.,0.0998477732467459),(0.466439329368603,
0.5,0.667142284154738),.PIECEWISE_BEZIER_KNOTS.)
GEOMETRIC_REPRESENTATION_ITEM()
RATIONAL_B_SPLINE_SURFACE(((0.996860168948228,0.998317127837385,1.,0.991618787947084,
0.988840995600206),(0.996860168948228,0.998317127837385,1.,0.991618787947084,
0.988840995600206)))
REPRESENTATION_ITEM('')
SURFACE()
);
#422=(
BOUNDED_SURFACE()
B_SPLINE_SURFACE(1,2,((#8194,#8195,#8196,#8197,#8198),(#8199,#8200,#8201,
#8202,#8203)),.UNSPECIFIED.,.F.,.F.,.F.)
B_SPLINE_SURFACE_WITH_KNOTS((2,2),(3,2,3),(0.900152226753224,1.),(0.46524229385298,
0.5,0.667142284154708),.PIECEWISE_BEZIER_KNOTS.)
GEOMETRIC_REPRESENTATION_ITEM()
RATIONAL_B_SPLINE_SURFACE(((0.996756523297086,0.998257103478247,1.,0.991618787947085,
0.988840995600207),(0.996756523297085,0.998257103478247,1.,0.991618787947085,
0.988840995600207)))
REPRESENTATION_ITEM('')
SURFACE()
);
#423=(
BOUNDED_SURFACE()
B_SPLINE_SURFACE(1,2,((#8212,#8213,#8214),(#8215,#8216,#8217)),
 .UNSPECIFIED.,.F.,.F.,.F.)
B_SPLINE_SURFACE_WITH_KNOTS((2,2),(3,3),(0.900152226753229,1.),(0.0345289532377881,
0.234589147872623),.PIECEWISE_BEZIER_KNOTS.)
GEOMETRIC_REPRESENTATION_ITEM()
RATIONAL_B_SPLINE_SURFACE(((0.996776285503759,0.988129989572901,0.987511591927174),
(0.996776285503759,0.988129989572901,0.987511591927174)))
REPRESENTATION_ITEM('')
SURFACE()
);
#424=(
BOUNDED_SURFACE()
B_SPLINE_SURFACE(1,2,((#8228,#8229,#8230),(#8231,#8232,#8233)),
 .UNSPECIFIED.,.F.,.F.,.F.)
B_SPLINE_SURFACE_WITH_KNOTS((2,2),(3,3),(0.,0.0998477732468089),(0.0345289532377879,
0.233403020236497),.PIECEWISE_BEZIER_KNOTS.)
GEOMETRIC_REPRESENTATION_ITEM()
RATIONAL_B_SPLINE_SURFACE(((0.996776285503759,0.988181252196995,0.987519206896698),
(0.996776285503759,0.988181252196995,0.987519206896698)))
REPRESENTATION_ITEM('')
SURFACE()
);
#425=(
BOUNDED_SURFACE()
B_SPLINE_SURFACE(1,2,((#8248,#8249,#8250,#8251,#8252),(#8253,#8254,#8255,
#8256,#8257)),.UNSPECIFIED.,.F.,.F.,.F.)
B_SPLINE_SURFACE_WITH_KNOTS((2,2),(3,2,3),(0.,0.0998477732467907),(0.466439329368603,
0.5,0.667142284154738),.PIECEWISE_BEZIER_KNOTS.)
GEOMETRIC_REPRESENTATION_ITEM()
RATIONAL_B_SPLINE_SURFACE(((0.996860168948228,0.998317127837385,1.,0.991618787947084,
0.988840995600206),(0.996860168948228,0.998317127837385,1.,0.991618787947084,
0.988840995600206)))
REPRESENTATION_ITEM('')
SURFACE()
);
#426=(
BOUNDED_SURFACE()
B_SPLINE_SURFACE(1,2,((#8285,#8286,#8287,#8288,#8289),(#8290,#8291,#8292,
#8293,#8294)),.UNSPECIFIED.,.F.,.F.,.F.)
B_SPLINE_SURFACE_WITH_KNOTS((2,2),(3,2,3),(0.900152226753223,1.),(0.46524229385298,
0.5,0.667142284154708),.PIECEWISE_BEZIER_KNOTS.)
GEOMETRIC_REPRESENTATION_ITEM()
RATIONAL_B_SPLINE_SURFACE(((0.996756523297085,0.998257103478247,1.,0.991618787947085,
0.988840995600207),(0.996756523297085,0.998257103478247,1.,0.991618787947085,
0.988840995600207)))
REPRESENTATION_ITEM('')
SURFACE()
);
#427=(
BOUNDED_SURFACE()
B_SPLINE_SURFACE(1,2,((#8303,#8304,#8305),(#8306,#8307,#8308)),
 .UNSPECIFIED.,.F.,.F.,.F.)
B_SPLINE_SURFACE_WITH_KNOTS((2,2),(3,3),(0.,0.0998477732467725),(0.0345289532377881,
0.233403020236449),.PIECEWISE_BEZIER_KNOTS.)
GEOMETRIC_REPRESENTATION_ITEM()
RATIONAL_B_SPLINE_SURFACE(((0.996776285503759,0.988181252196997,0.987519206896698),
(0.996776285503759,0.988181252196997,0.987519206896698)))
REPRESENTATION_ITEM('')
SURFACE()
);
#428=(
BOUNDED_SURFACE()
B_SPLINE_SURFACE(1,2,((#8329,#8330,#8331),(#8332,#8333,#8334)),
 .UNSPECIFIED.,.F.,.F.,.F.)
B_SPLINE_SURFACE_WITH_KNOTS((2,2),(3,3),(0.900152226753229,1.),(0.0345289532377882,
0.234589147872623),.PIECEWISE_BEZIER_KNOTS.)
GEOMETRIC_REPRESENTATION_ITEM()
RATIONAL_B_SPLINE_SURFACE(((0.996776285503759,0.988129989572901,0.987511591927174),
(0.996776285503759,0.988129989572901,0.987511591927174)))
REPRESENTATION_ITEM('')
SURFACE()
);
#429=(
BOUNDED_SURFACE()
B_SPLINE_SURFACE(1,2,((#8339,#8340,#8341,#8342,#8343),(#8344,#8345,#8346,
#8347,#8348)),.UNSPECIFIED.,.F.,.F.,.F.)
B_SPLINE_SURFACE_WITH_KNOTS((2,2),(3,2,3),(0.900152226753205,1.),(0.466439329368603,
0.5,0.667142284154708),.PIECEWISE_BEZIER_KNOTS.)
GEOMETRIC_REPRESENTATION_ITEM()
RATIONAL_B_SPLINE_SURFACE(((0.996860168948228,0.998317127837385,1.,0.991618787947085,
0.988840995600207),(0.996860168948228,0.998317127837385,1.,0.991618787947085,
0.988840995600207)))
REPRESENTATION_ITEM('')
SURFACE()
);
#430=(
BOUNDED_SURFACE()
B_SPLINE_SURFACE(1,2,((#8375,#8376,#8377,#8378,#8379),(#8380,#8381,#8382,
#8383,#8384)),.UNSPECIFIED.,.F.,.F.,.F.)
B_SPLINE_SURFACE_WITH_KNOTS((2,2),(3,2,3),(0.,0.099847773246771),(0.465242293852981,
0.5,0.667142284154709),.PIECEWISE_BEZIER_KNOTS.)
GEOMETRIC_REPRESENTATION_ITEM()
RATIONAL_B_SPLINE_SURFACE(((0.996756523297085,0.998257103478247,1.,0.991618787947085,
0.988840995600207),(0.996756523297085,0.998257103478247,1.,0.991618787947085,
0.988840995600207)))
REPRESENTATION_ITEM('')
SURFACE()
);
#431=(
BOUNDED_SURFACE()
B_SPLINE_SURFACE(1,2,((#8389,#8390,#8391,#8392,#8393),(#8394,#8395,#8396,
#8397,#8398)),.UNSPECIFIED.,.F.,.F.,.F.)
B_SPLINE_SURFACE_WITH_KNOTS((2,2),(3,2,3),(0.,0.0998477732467455),(0.466439329368603,
0.5,0.667142284154738),.PIECEWISE_BEZIER_KNOTS.)
GEOMETRIC_REPRESENTATION_ITEM()
RATIONAL_B_SPLINE_SURFACE(((0.996860168948228,0.998317127837385,1.,0.991618787947084,
0.988840995600206),(0.996860168948228,0.998317127837385,1.,0.991618787947084,
0.988840995600206)))
REPRESENTATION_ITEM('')
SURFACE()
);
#432=(
BOUNDED_SURFACE()
B_SPLINE_SURFACE(1,2,((#8426,#8427,#8428,#8429,#8430),(#8431,#8432,#8433,
#8434,#8435)),.UNSPECIFIED.,.F.,.F.,.F.)
B_SPLINE_SURFACE_WITH_KNOTS((2,2),(3,2,3),(0.900152226753224,1.),(0.46524229385298,
0.5,0.667142284154707),.PIECEWISE_BEZIER_KNOTS.)
GEOMETRIC_REPRESENTATION_ITEM()
RATIONAL_B_SPLINE_SURFACE(((0.996756523297085,0.998257103478247,1.,0.991618787947085,
0.988840995600207),(0.996756523297085,0.998257103478247,1.,0.991618787947085,
0.988840995600207)))
REPRESENTATION_ITEM('')
SURFACE()
);
#433=(
BOUNDED_SURFACE()
B_SPLINE_SURFACE(1,2,((#8444,#8445,#8446),(#8447,#8448,#8449)),
 .UNSPECIFIED.,.F.,.F.,.F.)
B_SPLINE_SURFACE_WITH_KNOTS((2,2),(3,3),(0.,0.0998477732468087),(0.0345289532377878,
0.233403020236498),.PIECEWISE_BEZIER_KNOTS.)
GEOMETRIC_REPRESENTATION_ITEM()
RATIONAL_B_SPLINE_SURFACE(((0.996776285503758,0.988181252196994,0.987519206896698),
(0.996776285503758,0.988181252196994,0.987519206896698)))
REPRESENTATION_ITEM('')
SURFACE()
);
#434=(
BOUNDED_SURFACE()
B_SPLINE_SURFACE(1,2,((#8470,#8471,#8472),(#8473,#8474,#8475)),
 .UNSPECIFIED.,.F.,.F.,.F.)
B_SPLINE_SURFACE_WITH_KNOTS((2,2),(3,3),(0.900152226753228,1.),(0.0345289532377874,
0.234589147872623),.PIECEWISE_BEZIER_KNOTS.)
GEOMETRIC_REPRESENTATION_ITEM()
RATIONAL_B_SPLINE_SURFACE(((0.996776285503758,0.988129989572901,0.987511591927174),
(0.996776285503759,0.988129989572901,0.987511591927174)))
REPRESENTATION_ITEM('')
SURFACE()
);
#435=(
BOUNDED_SURFACE()
B_SPLINE_SURFACE(1,2,((#8480,#8481,#8482,#8483,#8484),(#8485,#8486,#8487,
#8488,#8489)),.UNSPECIFIED.,.F.,.F.,.F.)
B_SPLINE_SURFACE_WITH_KNOTS((2,2),(3,2,3),(0.900152226753225,1.),(0.466439329368603,
0.5,0.667142284154708),.PIECEWISE_BEZIER_KNOTS.)
GEOMETRIC_REPRESENTATION_ITEM()
RATIONAL_B_SPLINE_SURFACE(((0.996860168948228,0.998317127837385,1.,0.991618787947085,
0.988840995600207),(0.996860168948228,0.998317127837385,1.,0.991618787947085,
0.988840995600207)))
REPRESENTATION_ITEM('')
SURFACE()
);
#436=(
BOUNDED_SURFACE()
B_SPLINE_SURFACE(1,2,((#8510,#8511,#8512,#8513,#8514),(#8515,#8516,#8517,
#8518,#8519)),.UNSPECIFIED.,.F.,.F.,.F.)
B_SPLINE_SURFACE_WITH_KNOTS((2,2),(3,2,3),(0.,0.0998477732467819),(0.46524229385298,
0.5,0.667142284154709),.PIECEWISE_BEZIER_KNOTS.)
GEOMETRIC_REPRESENTATION_ITEM()
RATIONAL_B_SPLINE_SURFACE(((0.996756523297085,0.998257103478247,1.,0.991618787947085,
0.988840995600207),(0.996756523297085,0.998257103478247,1.,0.991618787947085,
0.988840995600207)))
REPRESENTATION_ITEM('')
SURFACE()
);
#437=(
BOUNDED_SURFACE()
B_SPLINE_SURFACE(1,2,((#8524,#8525,#8526,#8527,#8528),(#8529,#8530,#8531,
#8532,#8533)),.UNSPECIFIED.,.F.,.F.,.F.)
B_SPLINE_SURFACE_WITH_KNOTS((2,2),(3,2,3),(0.,0.0998477732467906),(0.466439329368547,
0.5,0.667142284154738),.PIECEWISE_BEZIER_KNOTS.)
GEOMETRIC_REPRESENTATION_ITEM()
RATIONAL_B_SPLINE_SURFACE(((0.996860168948223,0.998317127837383,1.,0.991618787947084,
0.988840995600206),(0.996860168948223,0.998317127837383,1.,0.991618787947084,
0.988840995600206)))
REPRESENTATION_ITEM('')
SURFACE()
);
#438=(
BOUNDED_SURFACE()
B_SPLINE_SURFACE(1,2,((#8561,#8562,#8563,#8564,#8565),(#8566,#8567,#8568,
#8569,#8570)),.UNSPECIFIED.,.F.,.F.,.F.)
B_SPLINE_SURFACE_WITH_KNOTS((2,2),(3,2,3),(0.900152226753225,1.),(0.46524229385298,
0.5,0.667142284154708),.PIECEWISE_BEZIER_KNOTS.)
GEOMETRIC_REPRESENTATION_ITEM()
RATIONAL_B_SPLINE_SURFACE(((0.996756523297085,0.998257103478247,1.,0.991618787947085,
0.988840995600207),(0.996756523297085,0.998257103478247,1.,0.991618787947085,
0.988840995600207)))
REPRESENTATION_ITEM('')
SURFACE()
);
#439=(
BOUNDED_SURFACE()
B_SPLINE_SURFACE(1,2,((#8579,#8580,#8581),(#8582,#8583,#8584)),
 .UNSPECIFIED.,.F.,.F.,.F.)
B_SPLINE_SURFACE_WITH_KNOTS((2,2),(3,3),(0.,0.0998477732468083),(0.0345289532377881,
0.233403020236448),.PIECEWISE_BEZIER_KNOTS.)
GEOMETRIC_REPRESENTATION_ITEM()
RATIONAL_B_SPLINE_SURFACE(((0.996776285503758,0.988181252196997,0.987519206896698),
(0.996776285503758,0.988181252196997,0.987519206896698)))
REPRESENTATION_ITEM('')
SURFACE()
);
#440=(
BOUNDED_SURFACE()
B_SPLINE_SURFACE(1,2,((#8605,#8606,#8607),(#8608,#8609,#8610)),
 .UNSPECIFIED.,.F.,.F.,.F.)
B_SPLINE_SURFACE_WITH_KNOTS((2,2),(3,3),(0.900152226753228,1.),(0.034528953237788,
0.234589147872623),.PIECEWISE_BEZIER_KNOTS.)
GEOMETRIC_REPRESENTATION_ITEM()
RATIONAL_B_SPLINE_SURFACE(((0.996776285503759,0.988129989572901,0.987511591927174),
(0.996776285503759,0.988129989572901,0.987511591927174)))
REPRESENTATION_ITEM('')
SURFACE()
);
#441=(
BOUNDED_SURFACE()
B_SPLINE_SURFACE(1,2,((#8615,#8616,#8617,#8618,#8619),(#8620,#8621,#8622,
#8623,#8624)),.UNSPECIFIED.,.F.,.F.,.F.)
B_SPLINE_SURFACE_WITH_KNOTS((2,2),(3,2,3),(0.90015222675321,1.),(0.466439329368603,
0.5,0.667142284154708),.PIECEWISE_BEZIER_KNOTS.)
GEOMETRIC_REPRESENTATION_ITEM()
RATIONAL_B_SPLINE_SURFACE(((0.996860168948228,0.998317127837385,1.,0.991618787947085,
0.988840995600207),(0.996860168948228,0.998317127837385,1.,0.991618787947085,
0.988840995600207)))
REPRESENTATION_ITEM('')
SURFACE()
);
#442=(
BOUNDED_SURFACE()
B_SPLINE_SURFACE(1,2,((#8645,#8646,#8647,#8648,#8649),(#8650,#8651,#8652,
#8653,#8654)),.UNSPECIFIED.,.F.,.F.,.F.)
B_SPLINE_SURFACE_WITH_KNOTS((2,2),(3,2,3),(0.,0.0998477732467803),(0.46524229385298,
0.5,0.667142284154709),.PIECEWISE_BEZIER_KNOTS.)
GEOMETRIC_REPRESENTATION_ITEM()
RATIONAL_B_SPLINE_SURFACE(((0.996756523297085,0.998257103478247,1.,0.991618787947085,
0.988840995600207),(0.996756523297085,0.998257103478247,1.,0.991618787947085,
0.988840995600207)))
REPRESENTATION_ITEM('')
SURFACE()
);
#443=(
BOUNDED_SURFACE()
B_SPLINE_SURFACE(1,2,((#8659,#8660,#8661,#8662,#8663),(#8664,#8665,#8666,
#8667,#8668)),.UNSPECIFIED.,.F.,.F.,.F.)
B_SPLINE_SURFACE_WITH_KNOTS((2,2),(3,2,3),(0.,0.0998477732467913),(0.466439329368548,
0.5,0.667142284154738),.PIECEWISE_BEZIER_KNOTS.)
GEOMETRIC_REPRESENTATION_ITEM()
RATIONAL_B_SPLINE_SURFACE(((0.996860168948223,0.998317127837383,1.,0.991618787947084,
0.988840995600206),(0.996860168948223,0.998317127837383,1.,0.991618787947084,
0.988840995600206)))
REPRESENTATION_ITEM('')
SURFACE()
);
#444=(
BOUNDED_SURFACE()
B_SPLINE_SURFACE(1,2,((#8696,#8697,#8698,#8699,#8700),(#8701,#8702,#8703,
#8704,#8705)),.UNSPECIFIED.,.F.,.F.,.F.)
B_SPLINE_SURFACE_WITH_KNOTS((2,2),(3,2,3),(0.900152226753223,1.),(0.465242293852981,
0.5,0.667142284154708),.PIECEWISE_BEZIER_KNOTS.)
GEOMETRIC_REPRESENTATION_ITEM()
RATIONAL_B_SPLINE_SURFACE(((0.996756523297085,0.998257103478247,1.,0.991618787947085,
0.988840995600207),(0.996756523297085,0.998257103478247,1.,0.991618787947085,
0.988840995600207)))
REPRESENTATION_ITEM('')
SURFACE()
);
#445=(
BOUNDED_SURFACE()
B_SPLINE_SURFACE(1,2,((#8714,#8715,#8716),(#8717,#8718,#8719)),
 .UNSPECIFIED.,.F.,.F.,.F.)
B_SPLINE_SURFACE_WITH_KNOTS((2,2),(3,3),(0.,0.0998477732467706),(0.0345289532377884,
0.233403020236449),.PIECEWISE_BEZIER_KNOTS.)
GEOMETRIC_REPRESENTATION_ITEM()
RATIONAL_B_SPLINE_SURFACE(((0.996776285503759,0.988181252196997,0.987519206896698),
(0.996776285503759,0.988181252196997,0.987519206896698)))
REPRESENTATION_ITEM('')
SURFACE()
);
#446=(
BOUNDED_SURFACE()
B_SPLINE_SURFACE(1,2,((#8740,#8741,#8742),(#8743,#8744,#8745)),
 .UNSPECIFIED.,.F.,.F.,.F.)
B_SPLINE_SURFACE_WITH_KNOTS((2,2),(3,3),(0.900152226753228,1.),(0.034528953237788,
0.234589147872624),.PIECEWISE_BEZIER_KNOTS.)
GEOMETRIC_REPRESENTATION_ITEM()
RATIONAL_B_SPLINE_SURFACE(((0.996776285503759,0.988129989572901,0.987511591927174),
(0.996776285503759,0.988129989572901,0.987511591927174)))
REPRESENTATION_ITEM('')
SURFACE()
);
#447=(
BOUNDED_SURFACE()
B_SPLINE_SURFACE(1,2,((#8750,#8751,#8752,#8753,#8754),(#8755,#8756,#8757,
#8758,#8759)),.UNSPECIFIED.,.F.,.F.,.F.)
B_SPLINE_SURFACE_WITH_KNOTS((2,2),(3,2,3),(0.900152226753226,1.),(0.466439329368603,
0.5,0.667142284154708),.PIECEWISE_BEZIER_KNOTS.)
GEOMETRIC_REPRESENTATION_ITEM()
RATIONAL_B_SPLINE_SURFACE(((0.996860168948228,0.998317127837385,1.,0.991618787947085,
0.988840995600207),(0.996860168948228,0.998317127837385,1.,0.991618787947085,
0.988840995600207)))
REPRESENTATION_ITEM('')
SURFACE()
);
#448=(
BOUNDED_SURFACE()
B_SPLINE_SURFACE(1,2,((#8780,#8781,#8782,#8783,#8784),(#8785,#8786,#8787,
#8788,#8789)),.UNSPECIFIED.,.F.,.F.,.F.)
B_SPLINE_SURFACE_WITH_KNOTS((2,2),(3,2,3),(0.,0.0998477732467721),(0.46524229385298,
0.5,0.667142284154709),.PIECEWISE_BEZIER_KNOTS.)
GEOMETRIC_REPRESENTATION_ITEM()
RATIONAL_B_SPLINE_SURFACE(((0.996756523297085,0.998257103478247,1.,0.991618787947085,
0.988840995600207),(0.996756523297085,0.998257103478247,1.,0.991618787947085,
0.988840995600207)))
REPRESENTATION_ITEM('')
SURFACE()
);
#449=(
BOUNDED_SURFACE()
B_SPLINE_SURFACE(1,2,((#8794,#8795,#8796,#8797,#8798),(#8799,#8800,#8801,
#8802,#8803)),.UNSPECIFIED.,.F.,.F.,.F.)
B_SPLINE_SURFACE_WITH_KNOTS((2,2),(3,2,3),(0.,0.0998477732467456),(0.466439329368603,
0.5,0.667142284154738),.PIECEWISE_BEZIER_KNOTS.)
GEOMETRIC_REPRESENTATION_ITEM()
RATIONAL_B_SPLINE_SURFACE(((0.996860168948228,0.998317127837385,1.,0.991618787947084,
0.988840995600206),(0.996860168948228,0.998317127837385,1.,0.991618787947084,
0.988840995600206)))
REPRESENTATION_ITEM('')
SURFACE()
);
#450=(
BOUNDED_SURFACE()
B_SPLINE_SURFACE(1,2,((#8831,#8832,#8833,#8834,#8835),(#8836,#8837,#8838,
#8839,#8840)),.UNSPECIFIED.,.F.,.F.,.F.)
B_SPLINE_SURFACE_WITH_KNOTS((2,2),(3,2,3),(0.900152226753224,1.),(0.465242293852981,
0.5,0.667142284154708),.PIECEWISE_BEZIER_KNOTS.)
GEOMETRIC_REPRESENTATION_ITEM()
RATIONAL_B_SPLINE_SURFACE(((0.996756523297085,0.998257103478247,1.,0.991618787947085,
0.988840995600207),(0.996756523297085,0.998257103478247,1.,0.991618787947085,
0.988840995600207)))
REPRESENTATION_ITEM('')
SURFACE()
);
#451=(
BOUNDED_SURFACE()
B_SPLINE_SURFACE(1,2,((#8849,#8850,#8851),(#8852,#8853,#8854)),
 .UNSPECIFIED.,.F.,.F.,.F.)
B_SPLINE_SURFACE_WITH_KNOTS((2,2),(3,3),(0.,0.0998477732466836),(0.0345289532377883,
0.233403020236449),.PIECEWISE_BEZIER_KNOTS.)
GEOMETRIC_REPRESENTATION_ITEM()
RATIONAL_B_SPLINE_SURFACE(((0.996776285503758,0.988181252196997,0.987519206896698),
(0.996776285503758,0.988181252196997,0.987519206896698)))
REPRESENTATION_ITEM('')
SURFACE()
);
#452=(
BOUNDED_SURFACE()
B_SPLINE_SURFACE(1,2,((#8875,#8876,#8877),(#8878,#8879,#8880)),
 .UNSPECIFIED.,.F.,.F.,.F.)
B_SPLINE_SURFACE_WITH_KNOTS((2,2),(3,3),(0.900152226753228,1.),(0.0345289532377883,
0.234589147872623),.PIECEWISE_BEZIER_KNOTS.)
GEOMETRIC_REPRESENTATION_ITEM()
RATIONAL_B_SPLINE_SURFACE(((0.996776285503758,0.988129989572901,0.987511591927174),
(0.996776285503759,0.988129989572901,0.987511591927174)))
REPRESENTATION_ITEM('')
SURFACE()
);
#453=(
BOUNDED_SURFACE()
B_SPLINE_SURFACE(1,2,((#8885,#8886,#8887,#8888,#8889),(#8890,#8891,#8892,
#8893,#8894)),.UNSPECIFIED.,.F.,.F.,.F.)
B_SPLINE_SURFACE_WITH_KNOTS((2,2),(3,2,3),(0.900152226753208,1.),(0.466439329368603,
0.5,0.667142284154708),.PIECEWISE_BEZIER_KNOTS.)
GEOMETRIC_REPRESENTATION_ITEM()
RATIONAL_B_SPLINE_SURFACE(((0.996860168948228,0.998317127837385,1.,0.991618787947085,
0.988840995600207),(0.996860168948228,0.998317127837385,1.,0.991618787947085,
0.988840995600207)))
REPRESENTATION_ITEM('')
SURFACE()
);
#454=(
BOUNDED_SURFACE()
B_SPLINE_SURFACE(1,2,((#8915,#8916,#8917,#8918,#8919),(#8920,#8921,#8922,
#8923,#8924)),.UNSPECIFIED.,.F.,.F.,.F.)
B_SPLINE_SURFACE_WITH_KNOTS((2,2),(3,2,3),(0.,0.0998477732467708),(0.465242293852981,
0.5,0.667142284154709),.PIECEWISE_BEZIER_KNOTS.)
GEOMETRIC_REPRESENTATION_ITEM()
RATIONAL_B_SPLINE_SURFACE(((0.996756523297085,0.998257103478247,1.,0.991618787947085,
0.988840995600207),(0.996756523297085,0.998257103478247,1.,0.991618787947085,
0.988840995600207)))
REPRESENTATION_ITEM('')
SURFACE()
);
#455=(
BOUNDED_SURFACE()
B_SPLINE_SURFACE(1,2,((#8929,#8930,#8931,#8932,#8933),(#8934,#8935,#8936,
#8937,#8938)),.UNSPECIFIED.,.F.,.F.,.F.)
B_SPLINE_SURFACE_WITH_KNOTS((2,2),(3,2,3),(0.,0.0998477732467453),(0.466439329368603,
0.5,0.667142284154738),.PIECEWISE_BEZIER_KNOTS.)
GEOMETRIC_REPRESENTATION_ITEM()
RATIONAL_B_SPLINE_SURFACE(((0.996860168948228,0.998317127837385,1.,0.991618787947084,
0.988840995600206),(0.996860168948228,0.998317127837385,1.,0.991618787947084,
0.988840995600206)))
REPRESENTATION_ITEM('')
SURFACE()
);
#456=(
BOUNDED_SURFACE()
B_SPLINE_SURFACE(1,2,((#8966,#8967,#8968,#8969,#8970),(#8971,#8972,#8973,
#8974,#8975)),.UNSPECIFIED.,.F.,.F.,.F.)
B_SPLINE_SURFACE_WITH_KNOTS((2,2),(3,2,3),(0.90015222675322,1.),(0.46524229385298,
0.5,0.667142284154708),.PIECEWISE_BEZIER_KNOTS.)
GEOMETRIC_REPRESENTATION_ITEM()
RATIONAL_B_SPLINE_SURFACE(((0.996756523297085,0.998257103478247,1.,0.991618787947085,
0.988840995600207),(0.996756523297085,0.998257103478247,1.,0.991618787947085,
0.988840995600207)))
REPRESENTATION_ITEM('')
SURFACE()
);
#457=(
BOUNDED_SURFACE()
B_SPLINE_SURFACE(1,2,((#8984,#8985,#8986),(#8987,#8988,#8989)),
 .UNSPECIFIED.,.F.,.F.,.F.)
B_SPLINE_SURFACE_WITH_KNOTS((2,2),(3,3),(0.,0.0998477732466838),(0.0345289532377882,
0.233403020236448),.PIECEWISE_BEZIER_KNOTS.)
GEOMETRIC_REPRESENTATION_ITEM()
RATIONAL_B_SPLINE_SURFACE(((0.996776285503758,0.988181252196997,0.987519206896698),
(0.996776285503758,0.988181252196997,0.987519206896698)))
REPRESENTATION_ITEM('')
SURFACE()
);
#458=(
BOUNDED_SURFACE()
B_SPLINE_SURFACE(1,2,((#9010,#9011,#9012),(#9013,#9014,#9015)),
 .UNSPECIFIED.,.F.,.F.,.F.)
B_SPLINE_SURFACE_WITH_KNOTS((2,2),(3,3),(0.900152226753229,1.),(0.0345289532377879,
0.234589147872623),.PIECEWISE_BEZIER_KNOTS.)
GEOMETRIC_REPRESENTATION_ITEM()
RATIONAL_B_SPLINE_SURFACE(((0.996776285503759,0.988129989572901,0.987511591927174),
(0.996776285503759,0.988129989572901,0.987511591927174)))
REPRESENTATION_ITEM('')
SURFACE()
);
#459=(
BOUNDED_SURFACE()
B_SPLINE_SURFACE(1,2,((#9020,#9021,#9022,#9023,#9024),(#9025,#9026,#9027,
#9028,#9029)),.UNSPECIFIED.,.F.,.F.,.F.)
B_SPLINE_SURFACE_WITH_KNOTS((2,2),(3,2,3),(0.900152226753209,1.),(0.466439329368603,
0.5,0.667142284154708),.PIECEWISE_BEZIER_KNOTS.)
GEOMETRIC_REPRESENTATION_ITEM()
RATIONAL_B_SPLINE_SURFACE(((0.996860168948228,0.998317127837385,1.,0.991618787947085,
0.988840995600207),(0.996860168948228,0.998317127837385,1.,0.991618787947085,
0.988840995600207)))
REPRESENTATION_ITEM('')
SURFACE()
);
#460=(
BOUNDED_SURFACE()
B_SPLINE_SURFACE(1,2,((#9050,#9051,#9052,#9053,#9054),(#9055,#9056,#9057,
#9058,#9059)),.UNSPECIFIED.,.F.,.F.,.F.)
B_SPLINE_SURFACE_WITH_KNOTS((2,2),(3,2,3),(0.,0.0998477732467703),(0.465242293852981,
0.5,0.667142284154709),.PIECEWISE_BEZIER_KNOTS.)
GEOMETRIC_REPRESENTATION_ITEM()
RATIONAL_B_SPLINE_SURFACE(((0.996756523297085,0.998257103478247,1.,0.991618787947085,
0.988840995600207),(0.996756523297085,0.998257103478247,1.,0.991618787947085,
0.988840995600207)))
REPRESENTATION_ITEM('')
SURFACE()
);
#461=(
BOUNDED_SURFACE()
B_SPLINE_SURFACE(1,2,((#9064,#9065,#9066,#9067,#9068),(#9069,#9070,#9071,
#9072,#9073)),.UNSPECIFIED.,.F.,.F.,.F.)
B_SPLINE_SURFACE_WITH_KNOTS((2,2),(3,2,3),(0.,0.0998477732467456),(0.466439329368604,
0.5,0.667142284154737),.PIECEWISE_BEZIER_KNOTS.)
GEOMETRIC_REPRESENTATION_ITEM()
RATIONAL_B_SPLINE_SURFACE(((0.996860168948228,0.998317127837385,1.,0.991618787947084,
0.988840995600206),(0.996860168948228,0.998317127837385,1.,0.991618787947084,
0.988840995600206)))
REPRESENTATION_ITEM('')
SURFACE()
);
#462=(
BOUNDED_SURFACE()
B_SPLINE_SURFACE(1,2,((#9101,#9102,#9103,#9104,#9105),(#9106,#9107,#9108,
#9109,#9110)),.UNSPECIFIED.,.F.,.F.,.F.)
B_SPLINE_SURFACE_WITH_KNOTS((2,2),(3,2,3),(0.900152226753222,1.),(0.46524229385298,
0.5,0.667142284154708),.PIECEWISE_BEZIER_KNOTS.)
GEOMETRIC_REPRESENTATION_ITEM()
RATIONAL_B_SPLINE_SURFACE(((0.996756523297085,0.998257103478247,1.,0.991618787947085,
0.988840995600207),(0.996756523297085,0.998257103478247,1.,0.991618787947085,
0.988840995600207)))
REPRESENTATION_ITEM('')
SURFACE()
);
#463=(
BOUNDED_SURFACE()
B_SPLINE_SURFACE(1,2,((#9119,#9120,#9121),(#9122,#9123,#9124)),
 .UNSPECIFIED.,.F.,.F.,.F.)
B_SPLINE_SURFACE_WITH_KNOTS((2,2),(3,3),(0.,0.0998477732466831),(0.0345289532377881,
0.233403020236449),.PIECEWISE_BEZIER_KNOTS.)
GEOMETRIC_REPRESENTATION_ITEM()
RATIONAL_B_SPLINE_SURFACE(((0.996776285503758,0.988181252196997,0.987519206896698),
(0.996776285503758,0.988181252196997,0.987519206896698)))
REPRESENTATION_ITEM('')
SURFACE()
);
#464=(
BOUNDED_SURFACE()
B_SPLINE_SURFACE(1,2,((#9145,#9146,#9147),(#9148,#9149,#9150)),
 .UNSPECIFIED.,.F.,.F.,.F.)
B_SPLINE_SURFACE_WITH_KNOTS((2,2),(3,3),(0.900152226753229,1.),(0.0345289532377879,
0.234589147872623),.PIECEWISE_BEZIER_KNOTS.)
GEOMETRIC_REPRESENTATION_ITEM()
RATIONAL_B_SPLINE_SURFACE(((0.996776285503759,0.988129989572901,0.987511591927174),
(0.996776285503759,0.988129989572901,0.987511591927174)))
REPRESENTATION_ITEM('')
SURFACE()
);
#465=(
BOUNDED_SURFACE()
B_SPLINE_SURFACE(1,2,((#9155,#9156,#9157,#9158,#9159),(#9160,#9161,#9162,
#9163,#9164)),.UNSPECIFIED.,.F.,.F.,.F.)
B_SPLINE_SURFACE_WITH_KNOTS((2,2),(3,2,3),(0.900152226753225,1.),(0.466439329368603,
0.5,0.667142284154708),.PIECEWISE_BEZIER_KNOTS.)
GEOMETRIC_REPRESENTATION_ITEM()
RATIONAL_B_SPLINE_SURFACE(((0.996860168948228,0.998317127837385,1.,0.991618787947085,
0.988840995600207),(0.996860168948228,0.998317127837385,1.,0.991618787947085,
0.988840995600207)))
REPRESENTATION_ITEM('')
SURFACE()
);
#466=(
BOUNDED_SURFACE()
B_SPLINE_SURFACE(1,2,((#9185,#9186,#9187,#9188,#9189),(#9190,#9191,#9192,
#9193,#9194)),.UNSPECIFIED.,.F.,.F.,.F.)
B_SPLINE_SURFACE_WITH_KNOTS((2,2),(3,2,3),(0.,0.0998477732467719),(0.46524229385298,
0.5,0.667142284154709),.PIECEWISE_BEZIER_KNOTS.)
GEOMETRIC_REPRESENTATION_ITEM()
RATIONAL_B_SPLINE_SURFACE(((0.996756523297085,0.998257103478247,1.,0.991618787947085,
0.988840995600207),(0.996756523297085,0.998257103478247,1.,0.991618787947085,
0.988840995600207)))
REPRESENTATION_ITEM('')
SURFACE()
);
#467=(
BOUNDED_SURFACE()
B_SPLINE_SURFACE(1,2,((#9199,#9200,#9201,#9202,#9203),(#9204,#9205,#9206,
#9207,#9208)),.UNSPECIFIED.,.F.,.F.,.F.)
B_SPLINE_SURFACE_WITH_KNOTS((2,2),(3,2,3),(0.,0.0998477732467455),(0.466439329368603,
0.5,0.667142284154738),.PIECEWISE_BEZIER_KNOTS.)
GEOMETRIC_REPRESENTATION_ITEM()
RATIONAL_B_SPLINE_SURFACE(((0.996860168948228,0.998317127837385,1.,0.991618787947084,
0.988840995600206),(0.996860168948228,0.998317127837385,1.,0.991618787947084,
0.988840995600206)))
REPRESENTATION_ITEM('')
SURFACE()
);
#468=(
BOUNDED_SURFACE()
B_SPLINE_SURFACE(1,2,((#9236,#9237,#9238,#9239,#9240),(#9241,#9242,#9243,
#9244,#9245)),.UNSPECIFIED.,.F.,.F.,.F.)
B_SPLINE_SURFACE_WITH_KNOTS((2,2),(3,2,3),(0.900152226753221,1.),(0.46524229385298,
0.5,0.667142284154708),.PIECEWISE_BEZIER_KNOTS.)
GEOMETRIC_REPRESENTATION_ITEM()
RATIONAL_B_SPLINE_SURFACE(((0.996756523297085,0.998257103478247,1.,0.991618787947085,
0.988840995600207),(0.996756523297085,0.998257103478247,1.,0.991618787947085,
0.988840995600207)))
REPRESENTATION_ITEM('')
SURFACE()
);
#469=(
BOUNDED_SURFACE()
B_SPLINE_SURFACE(1,2,((#9254,#9255,#9256),(#9257,#9258,#9259)),
 .UNSPECIFIED.,.F.,.F.,.F.)
B_SPLINE_SURFACE_WITH_KNOTS((2,2),(3,3),(0.,0.0998477732466837),(0.0345289532377882,
0.233403020236449),.PIECEWISE_BEZIER_KNOTS.)
GEOMETRIC_REPRESENTATION_ITEM()
RATIONAL_B_SPLINE_SURFACE(((0.996776285503758,0.988181252196997,0.987519206896698),
(0.996776285503758,0.988181252196997,0.987519206896698)))
REPRESENTATION_ITEM('')
SURFACE()
);
#470=(
BOUNDED_SURFACE()
B_SPLINE_SURFACE(1,2,((#9280,#9281,#9282),(#9283,#9284,#9285)),
 .UNSPECIFIED.,.F.,.F.,.F.)
B_SPLINE_SURFACE_WITH_KNOTS((2,2),(3,3),(0.900152226753229,1.),(0.0345289532377882,
0.234589147872623),.PIECEWISE_BEZIER_KNOTS.)
GEOMETRIC_REPRESENTATION_ITEM()
RATIONAL_B_SPLINE_SURFACE(((0.996776285503759,0.988129989572901,0.987511591927174),
(0.996776285503759,0.988129989572901,0.987511591927174)))
REPRESENTATION_ITEM('')
SURFACE()
);
#471=(
BOUNDED_SURFACE()
B_SPLINE_SURFACE(1,2,((#9290,#9291,#9292,#9293,#9294),(#9295,#9296,#9297,
#9298,#9299)),.UNSPECIFIED.,.F.,.F.,.F.)
B_SPLINE_SURFACE_WITH_KNOTS((2,2),(3,2,3),(0.900152226753225,1.),(0.466439329368603,
0.5,0.667142284154708),.PIECEWISE_BEZIER_KNOTS.)
GEOMETRIC_REPRESENTATION_ITEM()
RATIONAL_B_SPLINE_SURFACE(((0.996860168948228,0.998317127837385,1.,0.991618787947085,
0.988840995600207),(0.996860168948228,0.998317127837385,1.,0.991618787947085,
0.988840995600207)))
REPRESENTATION_ITEM('')
SURFACE()
);
#472=(
BOUNDED_SURFACE()
B_SPLINE_SURFACE(1,2,((#9320,#9321,#9322,#9323,#9324),(#9325,#9326,#9327,
#9328,#9329)),.UNSPECIFIED.,.F.,.F.,.F.)
B_SPLINE_SURFACE_WITH_KNOTS((2,2),(3,2,3),(0.,0.099847773246772),(0.46524229385298,
0.5,0.667142284154709),.PIECEWISE_BEZIER_KNOTS.)
GEOMETRIC_REPRESENTATION_ITEM()
RATIONAL_B_SPLINE_SURFACE(((0.996756523297085,0.998257103478247,1.,0.991618787947085,
0.988840995600207),(0.996756523297085,0.998257103478247,1.,0.991618787947085,
0.988840995600207)))
REPRESENTATION_ITEM('')
SURFACE()
);
#473=(
BOUNDED_SURFACE()
B_SPLINE_SURFACE(1,2,((#9334,#9335,#9336,#9337,#9338),(#9339,#9340,#9341,
#9342,#9343)),.UNSPECIFIED.,.F.,.F.,.F.)
B_SPLINE_SURFACE_WITH_KNOTS((2,2),(3,2,3),(0.,0.099847773246747),(0.466439329368603,
0.5,0.667142284154738),.PIECEWISE_BEZIER_KNOTS.)
GEOMETRIC_REPRESENTATION_ITEM()
RATIONAL_B_SPLINE_SURFACE(((0.996860168948228,0.998317127837385,1.,0.991618787947084,
0.988840995600206),(0.996860168948228,0.998317127837385,1.,0.991618787947084,
0.988840995600206)))
REPRESENTATION_ITEM('')
SURFACE()
);
#474=(
BOUNDED_SURFACE()
B_SPLINE_SURFACE(1,2,((#9371,#9372,#9373,#9374,#9375),(#9376,#9377,#9378,
#9379,#9380)),.UNSPECIFIED.,.F.,.F.,.F.)
B_SPLINE_SURFACE_WITH_KNOTS((2,2),(3,2,3),(0.900152226753221,1.),(0.46524229385298,
0.5,0.667142284154708),.PIECEWISE_BEZIER_KNOTS.)
GEOMETRIC_REPRESENTATION_ITEM()
RATIONAL_B_SPLINE_SURFACE(((0.996756523297085,0.998257103478247,1.,0.991618787947085,
0.988840995600207),(0.996756523297085,0.998257103478247,1.,0.991618787947085,
0.988840995600207)))
REPRESENTATION_ITEM('')
SURFACE()
);
#475=(
BOUNDED_SURFACE()
B_SPLINE_SURFACE(1,2,((#9389,#9390,#9391),(#9392,#9393,#9394)),
 .UNSPECIFIED.,.F.,.F.,.F.)
B_SPLINE_SURFACE_WITH_KNOTS((2,2),(3,3),(0.,0.0998477732466838),(0.0345289532377883,
0.233403020236449),.PIECEWISE_BEZIER_KNOTS.)
GEOMETRIC_REPRESENTATION_ITEM()
RATIONAL_B_SPLINE_SURFACE(((0.996776285503758,0.988181252196997,0.987519206896698),
(0.996776285503758,0.988181252196997,0.987519206896698)))
REPRESENTATION_ITEM('')
SURFACE()
);
#476=(
BOUNDED_SURFACE()
B_SPLINE_SURFACE(1,2,((#9415,#9416,#9417),(#9418,#9419,#9420)),
 .UNSPECIFIED.,.F.,.F.,.F.)
B_SPLINE_SURFACE_WITH_KNOTS((2,2),(3,3),(0.900152226753228,1.),(0.034528953237788,
0.234589147872623),.PIECEWISE_BEZIER_KNOTS.)
GEOMETRIC_REPRESENTATION_ITEM()
RATIONAL_B_SPLINE_SURFACE(((0.996776285503759,0.988129989572901,0.987511591927174),
(0.996776285503759,0.988129989572901,0.987511591927174)))
REPRESENTATION_ITEM('')
SURFACE()
);
#477=(
BOUNDED_SURFACE()
B_SPLINE_SURFACE(1,2,((#9425,#9426,#9427,#9428,#9429),(#9430,#9431,#9432,
#9433,#9434)),.UNSPECIFIED.,.F.,.F.,.F.)
B_SPLINE_SURFACE_WITH_KNOTS((2,2),(3,2,3),(0.900152226753226,1.),(0.466439329368603,
0.5,0.667142284154708),.PIECEWISE_BEZIER_KNOTS.)
GEOMETRIC_REPRESENTATION_ITEM()
RATIONAL_B_SPLINE_SURFACE(((0.996860168948228,0.998317127837385,1.,0.991618787947085,
0.988840995600207),(0.996860168948228,0.998317127837385,1.,0.991618787947085,
0.988840995600207)))
REPRESENTATION_ITEM('')
SURFACE()
);
#478=(
BOUNDED_SURFACE()
B_SPLINE_SURFACE(1,2,((#9455,#9456,#9457,#9458,#9459),(#9460,#9461,#9462,
#9463,#9464)),.UNSPECIFIED.,.F.,.F.,.F.)
B_SPLINE_SURFACE_WITH_KNOTS((2,2),(3,2,3),(0.,0.099847773246771),(0.46524229385298,
0.5,0.667142284154709),.PIECEWISE_BEZIER_KNOTS.)
GEOMETRIC_REPRESENTATION_ITEM()
RATIONAL_B_SPLINE_SURFACE(((0.996756523297085,0.998257103478247,1.,0.991618787947085,
0.988840995600207),(0.996756523297085,0.998257103478247,1.,0.991618787947085,
0.988840995600207)))
REPRESENTATION_ITEM('')
SURFACE()
);
#479=(
BOUNDED_SURFACE()
B_SPLINE_SURFACE(1,2,((#9469,#9470,#9471,#9472,#9473),(#9474,#9475,#9476,
#9477,#9478)),.UNSPECIFIED.,.F.,.F.,.F.)
B_SPLINE_SURFACE_WITH_KNOTS((2,2),(3,2,3),(0.,0.0998477732467451),(0.466439329368604,
0.5,0.667142284154738),.PIECEWISE_BEZIER_KNOTS.)
GEOMETRIC_REPRESENTATION_ITEM()
RATIONAL_B_SPLINE_SURFACE(((0.996860168948228,0.998317127837385,1.,0.991618787947084,
0.988840995600206),(0.996860168948228,0.998317127837385,1.,0.991618787947084,
0.988840995600206)))
REPRESENTATION_ITEM('')
SURFACE()
);
#480=(
BOUNDED_SURFACE()
B_SPLINE_SURFACE(1,2,((#9506,#9507,#9508,#9509,#9510),(#9511,#9512,#9513,
#9514,#9515)),.UNSPECIFIED.,.F.,.F.,.F.)
B_SPLINE_SURFACE_WITH_KNOTS((2,2),(3,2,3),(0.90015222675322,1.),(0.465242293852981,
0.5,0.667142284154708),.PIECEWISE_BEZIER_KNOTS.)
GEOMETRIC_REPRESENTATION_ITEM()
RATIONAL_B_SPLINE_SURFACE(((0.996756523297085,0.998257103478247,1.,0.991618787947085,
0.988840995600207),(0.996756523297085,0.998257103478247,1.,0.991618787947085,
0.988840995600207)))
REPRESENTATION_ITEM('')
SURFACE()
);
#481=(
BOUNDED_SURFACE()
B_SPLINE_SURFACE(1,2,((#9524,#9525,#9526),(#9527,#9528,#9529)),
 .UNSPECIFIED.,.F.,.F.,.F.)
B_SPLINE_SURFACE_WITH_KNOTS((2,2),(3,3),(0.,0.0998477732466825),(0.0345289532377881,
0.233403020236449),.PIECEWISE_BEZIER_KNOTS.)
GEOMETRIC_REPRESENTATION_ITEM()
RATIONAL_B_SPLINE_SURFACE(((0.996776285503758,0.988181252196997,0.987519206896698),
(0.996776285503758,0.988181252196997,0.987519206896698)))
REPRESENTATION_ITEM('')
SURFACE()
);
#482=(
BOUNDED_SURFACE()
B_SPLINE_SURFACE(1,2,((#9550,#9551,#9552),(#9553,#9554,#9555)),
 .UNSPECIFIED.,.F.,.F.,.F.)
B_SPLINE_SURFACE_WITH_KNOTS((2,2),(3,3),(0.900152226753229,1.),(0.0345289532377884,
0.234589147872624),.PIECEWISE_BEZIER_KNOTS.)
GEOMETRIC_REPRESENTATION_ITEM()
RATIONAL_B_SPLINE_SURFACE(((0.996776285503759,0.988129989572901,0.987511591927174),
(0.996776285503759,0.988129989572901,0.987511591927174)))
REPRESENTATION_ITEM('')
SURFACE()
);
#483=(
BOUNDED_SURFACE()
B_SPLINE_SURFACE(1,2,((#9560,#9561,#9562,#9563,#9564),(#9565,#9566,#9567,
#9568,#9569)),.UNSPECIFIED.,.F.,.F.,.F.)
B_SPLINE_SURFACE_WITH_KNOTS((2,2),(3,2,3),(0.900152226753226,1.),(0.466439329368603,
0.5,0.667142284154708),.PIECEWISE_BEZIER_KNOTS.)
GEOMETRIC_REPRESENTATION_ITEM()
RATIONAL_B_SPLINE_SURFACE(((0.996860168948228,0.998317127837385,1.,0.991618787947085,
0.988840995600207),(0.996860168948228,0.998317127837385,1.,0.991618787947085,
0.988840995600207)))
REPRESENTATION_ITEM('')
SURFACE()
);
#484=(
BOUNDED_SURFACE()
B_SPLINE_SURFACE(1,2,((#9590,#9591,#9592,#9593,#9594),(#9595,#9596,#9597,
#9598,#9599)),.UNSPECIFIED.,.F.,.F.,.F.)
B_SPLINE_SURFACE_WITH_KNOTS((2,2),(3,2,3),(0.,0.0998477732467717),(0.46524229385298,
0.5,0.667142284154709),.PIECEWISE_BEZIER_KNOTS.)
GEOMETRIC_REPRESENTATION_ITEM()
RATIONAL_B_SPLINE_SURFACE(((0.996756523297085,0.998257103478247,1.,0.991618787947085,
0.988840995600207),(0.996756523297085,0.998257103478247,1.,0.991618787947085,
0.988840995600207)))
REPRESENTATION_ITEM('')
SURFACE()
);
#485=(
BOUNDED_SURFACE()
B_SPLINE_SURFACE(1,2,((#9604,#9605,#9606,#9607,#9608),(#9609,#9610,#9611,
#9612,#9613)),.UNSPECIFIED.,.F.,.F.,.F.)
B_SPLINE_SURFACE_WITH_KNOTS((2,2),(3,2,3),(0.,0.0998477732467459),(0.466439329368603,
0.5,0.667142284154738),.PIECEWISE_BEZIER_KNOTS.)
GEOMETRIC_REPRESENTATION_ITEM()
RATIONAL_B_SPLINE_SURFACE(((0.996860168948228,0.998317127837385,1.,0.991618787947084,
0.988840995600206),(0.996860168948228,0.998317127837385,1.,0.991618787947084,
0.988840995600206)))
REPRESENTATION_ITEM('')
SURFACE()
);
#486=(
BOUNDED_SURFACE()
B_SPLINE_SURFACE(1,2,((#9641,#9642,#9643,#9644,#9645),(#9646,#9647,#9648,
#9649,#9650)),.UNSPECIFIED.,.F.,.F.,.F.)
B_SPLINE_SURFACE_WITH_KNOTS((2,2),(3,2,3),(0.900152226753222,1.),(0.465242293852981,
0.5,0.667142284154708),.PIECEWISE_BEZIER_KNOTS.)
GEOMETRIC_REPRESENTATION_ITEM()
RATIONAL_B_SPLINE_SURFACE(((0.996756523297085,0.998257103478247,1.,0.991618787947085,
0.988840995600207),(0.996756523297085,0.998257103478247,1.,0.991618787947085,
0.988840995600207)))
REPRESENTATION_ITEM('')
SURFACE()
);
#487=(
BOUNDED_SURFACE()
B_SPLINE_SURFACE(1,2,((#9659,#9660,#9661),(#9662,#9663,#9664)),
 .UNSPECIFIED.,.F.,.F.,.F.)
B_SPLINE_SURFACE_WITH_KNOTS((2,2),(3,3),(0.,0.099847773246808),(0.0345289532377879,
0.233403020236498),.PIECEWISE_BEZIER_KNOTS.)
GEOMETRIC_REPRESENTATION_ITEM()
RATIONAL_B_SPLINE_SURFACE(((0.996776285503759,0.988181252196995,0.987519206896698),
(0.996776285503759,0.988181252196995,0.987519206896698)))
REPRESENTATION_ITEM('')
SURFACE()
);
#488=(
BOUNDED_SURFACE()
B_SPLINE_SURFACE(1,2,((#9685,#9686,#9687),(#9688,#9689,#9690)),
 .UNSPECIFIED.,.F.,.F.,.F.)
B_SPLINE_SURFACE_WITH_KNOTS((2,2),(3,3),(0.90015222675323,1.),(0.0345289532377883,
0.234589147872623),.PIECEWISE_BEZIER_KNOTS.)
GEOMETRIC_REPRESENTATION_ITEM()
RATIONAL_B_SPLINE_SURFACE(((0.996776285503759,0.988129989572901,0.987511591927174),
(0.996776285503759,0.988129989572901,0.987511591927174)))
REPRESENTATION_ITEM('')
SURFACE()
);
#489=(
BOUNDED_SURFACE()
B_SPLINE_SURFACE(1,2,((#9695,#9696,#9697,#9698,#9699),(#9700,#9701,#9702,
#9703,#9704)),.UNSPECIFIED.,.F.,.F.,.F.)
B_SPLINE_SURFACE_WITH_KNOTS((2,2),(3,2,3),(0.900152226753226,1.),(0.466439329368604,
0.5,0.667142284154708),.PIECEWISE_BEZIER_KNOTS.)
GEOMETRIC_REPRESENTATION_ITEM()
RATIONAL_B_SPLINE_SURFACE(((0.996860168948228,0.998317127837385,1.,0.991618787947085,
0.988840995600207),(0.996860168948228,0.998317127837385,1.,0.991618787947085,
0.988840995600207)))
REPRESENTATION_ITEM('')
SURFACE()
);
#490=(
BOUNDED_SURFACE()
B_SPLINE_SURFACE(1,2,((#9725,#9726,#9727,#9728,#9729),(#9730,#9731,#9732,
#9733,#9734)),.UNSPECIFIED.,.F.,.F.,.F.)
B_SPLINE_SURFACE_WITH_KNOTS((2,2),(3,2,3),(0.,0.0998477732467752),(0.46524229385298,
0.5,0.667142284154709),.PIECEWISE_BEZIER_KNOTS.)
GEOMETRIC_REPRESENTATION_ITEM()
RATIONAL_B_SPLINE_SURFACE(((0.996756523297085,0.998257103478247,1.,0.991618787947085,
0.988840995600207),(0.996756523297085,0.998257103478247,1.,0.991618787947085,
0.988840995600207)))
REPRESENTATION_ITEM('')
SURFACE()
);
#491=(
BOUNDED_SURFACE()
B_SPLINE_SURFACE(1,2,((#9739,#9740,#9741,#9742,#9743),(#9744,#9745,#9746,
#9747,#9748)),.UNSPECIFIED.,.F.,.F.,.F.)
B_SPLINE_SURFACE_WITH_KNOTS((2,2),(3,2,3),(0.,0.0998477732467989),(0.466439329368547,
0.5,0.667142284154738),.PIECEWISE_BEZIER_KNOTS.)
GEOMETRIC_REPRESENTATION_ITEM()
RATIONAL_B_SPLINE_SURFACE(((0.996860168948223,0.998317127837383,1.,0.991618787947084,
0.988840995600206),(0.996860168948223,0.998317127837383,1.,0.991618787947084,
0.988840995600206)))
REPRESENTATION_ITEM('')
SURFACE()
);
#492=(
BOUNDED_SURFACE()
B_SPLINE_SURFACE(1,2,((#9770,#9771,#9772,#9773,#9774),(#9775,#9776,#9777,
#9778,#9779)),.UNSPECIFIED.,.F.,.F.,.F.)
B_SPLINE_SURFACE_WITH_KNOTS((2,2),(3,2,3),(0.900152226753219,1.),(0.46524229385298,
0.5,0.667142284154708),.PIECEWISE_BEZIER_KNOTS.)
GEOMETRIC_REPRESENTATION_ITEM()
RATIONAL_B_SPLINE_SURFACE(((0.996756523297085,0.998257103478247,1.,0.991618787947085,
0.988840995600207),(0.996756523297085,0.998257103478247,1.,0.991618787947085,
0.988840995600207)))
REPRESENTATION_ITEM('')
SURFACE()
);
#493=(
BOUNDED_SURFACE()
B_SPLINE_SURFACE(1,2,((#9788,#9789,#9790),(#9791,#9792,#9793)),
 .UNSPECIFIED.,.F.,.F.,.F.)
B_SPLINE_SURFACE_WITH_KNOTS((2,2),(3,3),(0.,0.0998477732468093),(0.0345289532377882,
0.233403020236448),.PIECEWISE_BEZIER_KNOTS.)
GEOMETRIC_REPRESENTATION_ITEM()
RATIONAL_B_SPLINE_SURFACE(((0.996776285503759,0.988181252196997,0.987519206896698),
(0.996776285503759,0.988181252196997,0.987519206896698)))
REPRESENTATION_ITEM('')
SURFACE()
);
#494=(
BOUNDED_SURFACE()
B_SPLINE_SURFACE(1,2,((#9814,#9815,#9816),(#9817,#9818,#9819)),
 .UNSPECIFIED.,.F.,.F.,.F.)
B_SPLINE_SURFACE_WITH_KNOTS((2,2),(3,3),(0.900152226753228,1.),(0.034528953237788,
0.234589147872623),.PIECEWISE_BEZIER_KNOTS.)
GEOMETRIC_REPRESENTATION_ITEM()
RATIONAL_B_SPLINE_SURFACE(((0.996776285503759,0.988129989572901,0.987511591927174),
(0.996776285503759,0.988129989572901,0.987511591927174)))
REPRESENTATION_ITEM('')
SURFACE()
);
#495=(
BOUNDED_SURFACE()
B_SPLINE_SURFACE(1,2,((#9824,#9825,#9826,#9827,#9828),(#9829,#9830,#9831,
#9832,#9833)),.UNSPECIFIED.,.F.,.F.,.F.)
B_SPLINE_SURFACE_WITH_KNOTS((2,2),(3,2,3),(0.900152226753226,1.),(0.466439329368604,
0.5,0.667142284154708),.PIECEWISE_BEZIER_KNOTS.)
GEOMETRIC_REPRESENTATION_ITEM()
RATIONAL_B_SPLINE_SURFACE(((0.996860168948228,0.998317127837385,1.,0.991618787947085,
0.988840995600207),(0.996860168948228,0.998317127837385,1.,0.991618787947085,
0.988840995600207)))
REPRESENTATION_ITEM('')
SURFACE()
);
#496=(
BOUNDED_SURFACE()
B_SPLINE_SURFACE(1,2,((#9854,#9855,#9856,#9857,#9858),(#9859,#9860,#9861,
#9862,#9863)),.UNSPECIFIED.,.F.,.F.,.F.)
B_SPLINE_SURFACE_WITH_KNOTS((2,2),(3,2,3),(0.,0.0998477732467761),(0.46524229385298,
0.5,0.667142284154709),.PIECEWISE_BEZIER_KNOTS.)
GEOMETRIC_REPRESENTATION_ITEM()
RATIONAL_B_SPLINE_SURFACE(((0.996756523297085,0.998257103478247,1.,0.991618787947085,
0.988840995600207),(0.996756523297085,0.998257103478247,1.,0.991618787947085,
0.988840995600207)))
REPRESENTATION_ITEM('')
SURFACE()
);
#497=(
BOUNDED_SURFACE()
B_SPLINE_SURFACE(1,2,((#9868,#9869,#9870,#9871,#9872),(#9873,#9874,#9875,
#9876,#9877)),.UNSPECIFIED.,.F.,.F.,.F.)
B_SPLINE_SURFACE_WITH_KNOTS((2,2),(3,2,3),(0.,0.0998477732467956),(0.46643932936855,
0.5,0.667142284154738),.PIECEWISE_BEZIER_KNOTS.)
GEOMETRIC_REPRESENTATION_ITEM()
RATIONAL_B_SPLINE_SURFACE(((0.996860168948223,0.998317127837383,1.,0.991618787947084,
0.988840995600206),(0.996860168948224,0.998317127837383,1.,0.991618787947084,
0.988840995600206)))
REPRESENTATION_ITEM('')
SURFACE()
);
#498=(
BOUNDED_SURFACE()
B_SPLINE_SURFACE(1,2,((#9898,#9899,#9900,#9901,#9902),(#9903,#9904,#9905,
#9906,#9907)),.UNSPECIFIED.,.F.,.F.,.F.)
B_SPLINE_SURFACE_WITH_KNOTS((2,2),(3,2,3),(0.900152226753219,1.),(0.465242293852981,
0.5,0.667142284154708),.PIECEWISE_BEZIER_KNOTS.)
GEOMETRIC_REPRESENTATION_ITEM()
RATIONAL_B_SPLINE_SURFACE(((0.996756523297085,0.998257103478247,1.,0.991618787947085,
0.988840995600207),(0.996756523297085,0.998257103478247,1.,0.991618787947085,
0.988840995600207)))
REPRESENTATION_ITEM('')
SURFACE()
);
#499=(
BOUNDED_SURFACE()
B_SPLINE_SURFACE(1,2,((#9912,#9913,#9914),(#9915,#9916,#9917)),
 .UNSPECIFIED.,.F.,.F.,.F.)
B_SPLINE_SURFACE_WITH_KNOTS((2,2),(3,3),(0.,0.099847773246772),(0.0345289532377882,
0.233403020236449),.PIECEWISE_BEZIER_KNOTS.)
GEOMETRIC_REPRESENTATION_ITEM()
RATIONAL_B_SPLINE_SURFACE(((0.996776285503759,0.988181252196997,0.987519206896698),
(0.996776285503759,0.988181252196997,0.987519206896698)))
REPRESENTATION_ITEM('')
SURFACE()
);
#500=(
BOUNDED_SURFACE()
B_SPLINE_SURFACE(1,2,((#9944,#9945,#9946),(#9947,#9948,#9949)),
 .UNSPECIFIED.,.F.,.F.,.F.)
B_SPLINE_SURFACE_WITH_KNOTS((2,2),(3,3),(0.900152226753228,1.),(0.0345289532377881,
0.234589147872623),.PIECEWISE_BEZIER_KNOTS.)
GEOMETRIC_REPRESENTATION_ITEM()
RATIONAL_B_SPLINE_SURFACE(((0.996776285503759,0.988129989572901,0.987511591927174),
(0.996776285503759,0.988129989572901,0.987511591927174)))
REPRESENTATION_ITEM('')
SURFACE()
);
#501=(
BOUNDED_SURFACE()
B_SPLINE_SURFACE(1,2,((#9954,#9955,#9956,#9957,#9958),(#9959,#9960,#9961,
#9962,#9963)),.UNSPECIFIED.,.F.,.F.,.F.)
B_SPLINE_SURFACE_WITH_KNOTS((2,2),(3,2,3),(0.900152226753225,1.),(0.466439329368603,
0.5,0.667142284154708),.PIECEWISE_BEZIER_KNOTS.)
GEOMETRIC_REPRESENTATION_ITEM()
RATIONAL_B_SPLINE_SURFACE(((0.996860168948228,0.998317127837385,1.,0.991618787947085,
0.988840995600207),(0.996860168948228,0.998317127837385,1.,0.991618787947085,
0.988840995600207)))
REPRESENTATION_ITEM('')
SURFACE()
);
#502=(
BOUNDED_SURFACE()
B_SPLINE_SURFACE(1,2,((#9984,#9985,#9986,#9987,#9988),(#9989,#9990,#9991,
#9992,#9993)),.UNSPECIFIED.,.F.,.F.,.F.)
B_SPLINE_SURFACE_WITH_KNOTS((2,2),(3,2,3),(0.,0.0998477732467719),(0.46524229385298,
0.5,0.667142284154709),.PIECEWISE_BEZIER_KNOTS.)
GEOMETRIC_REPRESENTATION_ITEM()
RATIONAL_B_SPLINE_SURFACE(((0.996756523297085,0.998257103478247,1.,0.991618787947085,
0.988840995600207),(0.996756523297085,0.998257103478247,1.,0.991618787947085,
0.988840995600207)))
REPRESENTATION_ITEM('')
SURFACE()
);
#503=(
BOUNDED_SURFACE()
B_SPLINE_SURFACE(1,2,((#9998,#9999,#10000),(#10001,#10002,#10003)),
 .UNSPECIFIED.,.F.,.F.,.F.)
B_SPLINE_SURFACE_WITH_KNOTS((2,2),(3,3),(0.900152226753229,1.),(0.0345289532377516,
0.233403020236449),.PIECEWISE_BEZIER_KNOTS.)
GEOMETRIC_REPRESENTATION_ITEM()
RATIONAL_B_SPLINE_SURFACE(((0.996776285503762,0.988181252196997,0.987519206896698),
(0.996776285503762,0.988181252196997,0.987519206896698)))
REPRESENTATION_ITEM('')
SURFACE()
);
#504=(
BOUNDED_SURFACE()
B_SPLINE_SURFACE(1,2,((#10024,#10025,#10026),(#10027,#10028,#10029)),
 .UNSPECIFIED.,.F.,.F.,.F.)
B_SPLINE_SURFACE_WITH_KNOTS((2,2),(3,3),(0.,0.0998477732467711),(0.0345289532377883,
0.234589147872624),.PIECEWISE_BEZIER_KNOTS.)
GEOMETRIC_REPRESENTATION_ITEM()
RATIONAL_B_SPLINE_SURFACE(((0.996776285503759,0.988129989572901,0.987511591927174),
(0.996776285503759,0.988129989572901,0.987511591927174)))
REPRESENTATION_ITEM('')
SURFACE()
);
#505=(
BOUNDED_SURFACE()
B_SPLINE_SURFACE(1,2,((#10034,#10035,#10036,#10037,#10038),(#10039,#10040,
#10041,#10042,#10043)),.UNSPECIFIED.,.F.,.F.,.F.)
B_SPLINE_SURFACE_WITH_KNOTS((2,2),(3,2,3),(0.,0.0998477732467941),(0.466439329368604,
0.5,0.667142284154738),.PIECEWISE_BEZIER_KNOTS.)
GEOMETRIC_REPRESENTATION_ITEM()
RATIONAL_B_SPLINE_SURFACE(((0.996860168948228,0.998317127837385,1.,0.991618787947084,
0.988840995600206),(0.996860168948228,0.998317127837385,1.,0.991618787947084,
0.988840995600206)))
REPRESENTATION_ITEM('')
SURFACE()
);
#506=(
BOUNDED_SURFACE()
B_SPLINE_SURFACE(1,2,((#10064,#10065,#10066,#10067,#10068),(#10069,#10070,
#10071,#10072,#10073)),.UNSPECIFIED.,.F.,.F.,.F.)
B_SPLINE_SURFACE_WITH_KNOTS((2,2),(3,2,3),(0.90015222675322,1.),(0.46524229385298,
0.5,0.667142284154707),.PIECEWISE_BEZIER_KNOTS.)
GEOMETRIC_REPRESENTATION_ITEM()
RATIONAL_B_SPLINE_SURFACE(((0.996756523297085,0.998257103478247,1.,0.991618787947085,
0.988840995600207),(0.996756523297085,0.998257103478247,1.,0.991618787947085,
0.988840995600207)))
REPRESENTATION_ITEM('')
SURFACE()
);
#507=(
BOUNDED_SURFACE()
B_SPLINE_SURFACE(1,2,((#10102,#10103,#10104),(#10105,#10106,#10107)),
 .UNSPECIFIED.,.F.,.F.,.F.)
B_SPLINE_SURFACE_WITH_KNOTS((2,2),(3,3),(0.900152226753227,1.),(0.233403020236449,
0.467837547223397),.PIECEWISE_BEZIER_KNOTS.)
GEOMETRIC_REPRESENTATION_ITEM()
RATIONAL_B_SPLINE_SURFACE(((0.987519206896698,0.986738781981767,0.996981961866459),
(0.987519206896698,0.986738781981767,0.996981961866459)))
REPRESENTATION_ITEM('')
SURFACE()
);
#508=(
BOUNDED_SURFACE()
B_SPLINE_SURFACE(1,2,((#10117,#10118,#10119),(#10120,#10121,#10122)),
 .UNSPECIFIED.,.F.,.F.,.F.)
B_SPLINE_SURFACE_WITH_KNOTS((2,2),(3,3),(0.,0.0998477732468299),(0.232004802381655,
0.466439329368604),.PIECEWISE_BEZIER_KNOTS.)
GEOMETRIC_REPRESENTATION_ITEM()
RATIONAL_B_SPLINE_SURFACE(((0.987528908270311,0.986682736209458,0.996860168948228),
(0.987528908270311,0.986682736209458,0.996860168948228)))
REPRESENTATION_ITEM('')
SURFACE()
);
#509=(
BOUNDED_SURFACE()
B_SPLINE_SURFACE(1,2,((#10151,#10152,#10153),(#10154,#10155,#10156)),
 .UNSPECIFIED.,.F.,.F.,.F.)
B_SPLINE_SURFACE_WITH_KNOTS((2,2),(3,3),(0.,0.0998477732467762),(0.233403020236448,
0.467837547223396),.PIECEWISE_BEZIER_KNOTS.)
GEOMETRIC_REPRESENTATION_ITEM()
RATIONAL_B_SPLINE_SURFACE(((0.987519206896698,0.986738781981767,0.996981961866459),
(0.987519206896698,0.986738781981767,0.996981961866459)))
REPRESENTATION_ITEM('')
SURFACE()
);
#510=(
BOUNDED_SURFACE()
B_SPLINE_SURFACE(1,2,((#10166,#10167,#10168),(#10169,#10170,#10171)),
 .UNSPECIFIED.,.F.,.F.,.F.)
B_SPLINE_SURFACE_WITH_KNOTS((2,2),(3,3),(0.900152226753228,1.),(0.232004802381655,
0.466439329368603),.PIECEWISE_BEZIER_KNOTS.)
GEOMETRIC_REPRESENTATION_ITEM()
RATIONAL_B_SPLINE_SURFACE(((0.987528908270311,0.986682736209457,0.996860168948228),
(0.987528908270311,0.986682736209457,0.996860168948228)))
REPRESENTATION_ITEM('')
SURFACE()
);
#511=(
BOUNDED_SURFACE()
B_SPLINE_SURFACE(1,2,((#10212,#10213,#10214),(#10215,#10216,#10217)),
 .UNSPECIFIED.,.F.,.F.,.F.)
B_SPLINE_SURFACE_WITH_KNOTS((2,2),(3,3),(0.,0.0998477732467327),(0.233403020236449,
0.467837547223396),.PIECEWISE_BEZIER_KNOTS.)
GEOMETRIC_REPRESENTATION_ITEM()
RATIONAL_B_SPLINE_SURFACE(((0.987519206896698,0.986738781981767,0.996981961866459),
(0.987519206896698,0.986738781981767,0.996981961866459)))
REPRESENTATION_ITEM('')
SURFACE()
);
#512=(
BOUNDED_SURFACE()
B_SPLINE_SURFACE(1,2,((#10227,#10228,#10229),(#10230,#10231,#10232)),
 .UNSPECIFIED.,.F.,.F.,.F.)
B_SPLINE_SURFACE_WITH_KNOTS((2,2),(3,3),(0.900152226753227,1.),(0.232004802381656,
0.466439329368604),.PIECEWISE_BEZIER_KNOTS.)
GEOMETRIC_REPRESENTATION_ITEM()
RATIONAL_B_SPLINE_SURFACE(((0.987528908270311,0.986682736209457,0.996860168948228),
(0.987528908270311,0.986682736209457,0.996860168948228)))
REPRESENTATION_ITEM('')
SURFACE()
);
#513=(
BOUNDED_SURFACE()
B_SPLINE_SURFACE(1,2,((#10261,#10262,#10263),(#10264,#10265,#10266)),
 .UNSPECIFIED.,.F.,.F.,.F.)
B_SPLINE_SURFACE_WITH_KNOTS((2,2),(3,3),(0.,0.0998477732467334),(0.233403020236448,
0.467837547223397),.PIECEWISE_BEZIER_KNOTS.)
GEOMETRIC_REPRESENTATION_ITEM()
RATIONAL_B_SPLINE_SURFACE(((0.987519206896698,0.986738781981767,0.996981961866459),
(0.987519206896698,0.986738781981767,0.996981961866459)))
REPRESENTATION_ITEM('')
SURFACE()
);
#514=(
BOUNDED_SURFACE()
B_SPLINE_SURFACE(1,2,((#10276,#10277,#10278),(#10279,#10280,#10281)),
 .UNSPECIFIED.,.F.,.F.,.F.)
B_SPLINE_SURFACE_WITH_KNOTS((2,2),(3,3),(0.900152226753227,1.),(0.232004802381655,
0.466439329368604),.PIECEWISE_BEZIER_KNOTS.)
GEOMETRIC_REPRESENTATION_ITEM()
RATIONAL_B_SPLINE_SURFACE(((0.987528908270311,0.986682736209458,0.996860168948228),
(0.987528908270311,0.986682736209458,0.996860168948228)))
REPRESENTATION_ITEM('')
SURFACE()
);
#515=(
BOUNDED_SURFACE()
B_SPLINE_SURFACE(1,2,((#10310,#10311,#10312),(#10313,#10314,#10315)),
 .UNSPECIFIED.,.F.,.F.,.F.)
B_SPLINE_SURFACE_WITH_KNOTS((2,2),(3,3),(0.,0.0998477732467321),(0.233403020236448,
0.467837547223396),.PIECEWISE_BEZIER_KNOTS.)
GEOMETRIC_REPRESENTATION_ITEM()
RATIONAL_B_SPLINE_SURFACE(((0.987519206896698,0.986738781981767,0.996981961866459),
(0.987519206896698,0.986738781981767,0.996981961866459)))
REPRESENTATION_ITEM('')
SURFACE()
);
#516=(
BOUNDED_SURFACE()
B_SPLINE_SURFACE(1,2,((#10325,#10326,#10327),(#10328,#10329,#10330)),
 .UNSPECIFIED.,.F.,.F.,.F.)
B_SPLINE_SURFACE_WITH_KNOTS((2,2),(3,3),(0.900152226753229,1.),(0.232004802381656,
0.466439329368604),.PIECEWISE_BEZIER_KNOTS.)
GEOMETRIC_REPRESENTATION_ITEM()
RATIONAL_B_SPLINE_SURFACE(((0.987528908270311,0.986682736209457,0.996860168948228),
(0.987528908270311,0.986682736209457,0.996860168948228)))
REPRESENTATION_ITEM('')
SURFACE()
);
#517=(
BOUNDED_SURFACE()
B_SPLINE_SURFACE(1,2,((#10359,#10360,#10361),(#10362,#10363,#10364)),
 .UNSPECIFIED.,.F.,.F.,.F.)
B_SPLINE_SURFACE_WITH_KNOTS((2,2),(3,3),(0.,0.0998477732467316),(0.233403020236448,
0.467837547223396),.PIECEWISE_BEZIER_KNOTS.)
GEOMETRIC_REPRESENTATION_ITEM()
RATIONAL_B_SPLINE_SURFACE(((0.987519206896698,0.986738781981767,0.996981961866459),
(0.987519206896698,0.986738781981767,0.996981961866459)))
REPRESENTATION_ITEM('')
SURFACE()
);
#518=(
BOUNDED_SURFACE()
B_SPLINE_SURFACE(1,2,((#10374,#10375,#10376),(#10377,#10378,#10379)),
 .UNSPECIFIED.,.F.,.F.,.F.)
B_SPLINE_SURFACE_WITH_KNOTS((2,2),(3,3),(0.900152226753229,1.),(0.232004802381655,
0.466439329368603),.PIECEWISE_BEZIER_KNOTS.)
GEOMETRIC_REPRESENTATION_ITEM()
RATIONAL_B_SPLINE_SURFACE(((0.987528908270311,0.986682736209458,0.996860168948228),
(0.987528908270311,0.986682736209458,0.996860168948228)))
REPRESENTATION_ITEM('')
SURFACE()
);
#519=(
BOUNDED_SURFACE()
B_SPLINE_SURFACE(1,2,((#10408,#10409,#10410),(#10411,#10412,#10413)),
 .UNSPECIFIED.,.F.,.F.,.F.)
B_SPLINE_SURFACE_WITH_KNOTS((2,2),(3,3),(0.,0.0998477732467313),(0.233403020236448,
0.467837547223397),.PIECEWISE_BEZIER_KNOTS.)
GEOMETRIC_REPRESENTATION_ITEM()
RATIONAL_B_SPLINE_SURFACE(((0.987519206896698,0.986738781981767,0.996981961866459),
(0.987519206896698,0.986738781981767,0.996981961866459)))
REPRESENTATION_ITEM('')
SURFACE()
);
#520=(
BOUNDED_SURFACE()
B_SPLINE_SURFACE(1,2,((#10423,#10424,#10425),(#10426,#10427,#10428)),
 .UNSPECIFIED.,.F.,.F.,.F.)
B_SPLINE_SURFACE_WITH_KNOTS((2,2),(3,3),(0.900152226753229,1.),(0.232004802381655,
0.466439329368604),.PIECEWISE_BEZIER_KNOTS.)
GEOMETRIC_REPRESENTATION_ITEM()
RATIONAL_B_SPLINE_SURFACE(((0.987528908270311,0.986682736209457,0.996860168948228),
(0.987528908270311,0.986682736209457,0.996860168948228)))
REPRESENTATION_ITEM('')
SURFACE()
);
#521=(
BOUNDED_SURFACE()
B_SPLINE_SURFACE(1,2,((#10457,#10458,#10459),(#10460,#10461,#10462)),
 .UNSPECIFIED.,.F.,.F.,.F.)
B_SPLINE_SURFACE_WITH_KNOTS((2,2),(3,3),(0.,0.0998477732467327),(0.233403020236448,
0.467837547223396),.PIECEWISE_BEZIER_KNOTS.)
GEOMETRIC_REPRESENTATION_ITEM()
RATIONAL_B_SPLINE_SURFACE(((0.987519206896698,0.986738781981767,0.996981961866459),
(0.987519206896698,0.986738781981767,0.996981961866459)))
REPRESENTATION_ITEM('')
SURFACE()
);
#522=(
BOUNDED_SURFACE()
B_SPLINE_SURFACE(1,2,((#10472,#10473,#10474),(#10475,#10476,#10477)),
 .UNSPECIFIED.,.F.,.F.,.F.)
B_SPLINE_SURFACE_WITH_KNOTS((2,2),(3,3),(0.900152226753227,1.),(0.232004802381656,
0.466439329368603),.PIECEWISE_BEZIER_KNOTS.)
GEOMETRIC_REPRESENTATION_ITEM()
RATIONAL_B_SPLINE_SURFACE(((0.987528908270311,0.986682736209458,0.996860168948228),
(0.987528908270311,0.986682736209458,0.996860168948228)))
REPRESENTATION_ITEM('')
SURFACE()
);
#523=(
BOUNDED_SURFACE()
B_SPLINE_SURFACE(1,2,((#10506,#10507,#10508),(#10509,#10510,#10511)),
 .UNSPECIFIED.,.F.,.F.,.F.)
B_SPLINE_SURFACE_WITH_KNOTS((2,2),(3,3),(0.,0.0998477732467322),(0.233403020236448,
0.467837547223397),.PIECEWISE_BEZIER_KNOTS.)
GEOMETRIC_REPRESENTATION_ITEM()
RATIONAL_B_SPLINE_SURFACE(((0.987519206896698,0.986738781981767,0.996981961866459),
(0.987519206896698,0.986738781981767,0.996981961866459)))
REPRESENTATION_ITEM('')
SURFACE()
);
#524=(
BOUNDED_SURFACE()
B_SPLINE_SURFACE(1,2,((#10521,#10522,#10523),(#10524,#10525,#10526)),
 .UNSPECIFIED.,.F.,.F.,.F.)
B_SPLINE_SURFACE_WITH_KNOTS((2,2),(3,3),(0.900152226753228,1.),(0.232004802381656,
0.466439329368604),.PIECEWISE_BEZIER_KNOTS.)
GEOMETRIC_REPRESENTATION_ITEM()
RATIONAL_B_SPLINE_SURFACE(((0.987528908270311,0.986682736209458,0.996860168948228),
(0.987528908270311,0.986682736209458,0.996860168948228)))
REPRESENTATION_ITEM('')
SURFACE()
);
#525=(
BOUNDED_SURFACE()
B_SPLINE_SURFACE(1,2,((#10555,#10556,#10557),(#10558,#10559,#10560)),
 .UNSPECIFIED.,.F.,.F.,.F.)
B_SPLINE_SURFACE_WITH_KNOTS((2,2),(3,3),(0.,0.0998477732467739),(0.233403020236448,
0.467837547223397),.PIECEWISE_BEZIER_KNOTS.)
GEOMETRIC_REPRESENTATION_ITEM()
RATIONAL_B_SPLINE_SURFACE(((0.987519206896698,0.986738781981767,0.996981961866459),
(0.987519206896698,0.986738781981767,0.996981961866459)))
REPRESENTATION_ITEM('')
SURFACE()
);
#526=(
BOUNDED_SURFACE()
B_SPLINE_SURFACE(1,2,((#10570,#10571,#10572),(#10573,#10574,#10575)),
 .UNSPECIFIED.,.F.,.F.,.F.)
B_SPLINE_SURFACE_WITH_KNOTS((2,2),(3,3),(0.900152226753229,1.),(0.232004802381655,
0.466439329368604),.PIECEWISE_BEZIER_KNOTS.)
GEOMETRIC_REPRESENTATION_ITEM()
RATIONAL_B_SPLINE_SURFACE(((0.987528908270311,0.986682736209457,0.996860168948228),
(0.987528908270311,0.986682736209458,0.996860168948228)))
REPRESENTATION_ITEM('')
SURFACE()
);
#527=(
BOUNDED_SURFACE()
B_SPLINE_SURFACE(1,2,((#10604,#10605,#10606),(#10607,#10608,#10609)),
 .UNSPECIFIED.,.F.,.F.,.F.)
B_SPLINE_SURFACE_WITH_KNOTS((2,2),(3,3),(0.,0.0998477732467742),(0.233403020236448,
0.467837547223396),.PIECEWISE_BEZIER_KNOTS.)
GEOMETRIC_REPRESENTATION_ITEM()
RATIONAL_B_SPLINE_SURFACE(((0.987519206896698,0.986738781981767,0.996981961866459),
(0.987519206896698,0.986738781981767,0.996981961866459)))
REPRESENTATION_ITEM('')
SURFACE()
);
#528=(
BOUNDED_SURFACE()
B_SPLINE_SURFACE(1,2,((#10619,#10620,#10621),(#10622,#10623,#10624)),
 .UNSPECIFIED.,.F.,.F.,.F.)
B_SPLINE_SURFACE_WITH_KNOTS((2,2),(3,3),(0.900152226753229,1.),(0.232004802381656,
0.466439329368603),.PIECEWISE_BEZIER_KNOTS.)
GEOMETRIC_REPRESENTATION_ITEM()
RATIONAL_B_SPLINE_SURFACE(((0.987528908270311,0.986682736209458,0.996860168948228),
(0.987528908270311,0.986682736209458,0.996860168948228)))
REPRESENTATION_ITEM('')
SURFACE()
);
#529=(
BOUNDED_SURFACE()
B_SPLINE_SURFACE(1,2,((#10653,#10654,#10655),(#10656,#10657,#10658)),
 .UNSPECIFIED.,.F.,.F.,.F.)
B_SPLINE_SURFACE_WITH_KNOTS((2,2),(3,3),(0.,0.0998477732467311),(0.233403020236448,
0.467837547223397),.PIECEWISE_BEZIER_KNOTS.)
GEOMETRIC_REPRESENTATION_ITEM()
RATIONAL_B_SPLINE_SURFACE(((0.987519206896698,0.986738781981767,0.996981961866459),
(0.987519206896698,0.986738781981767,0.996981961866459)))
REPRESENTATION_ITEM('')
SURFACE()
);
#530=(
BOUNDED_SURFACE()
B_SPLINE_SURFACE(1,2,((#10668,#10669,#10670),(#10671,#10672,#10673)),
 .UNSPECIFIED.,.F.,.F.,.F.)
B_SPLINE_SURFACE_WITH_KNOTS((2,2),(3,3),(0.900152226753229,1.),(0.232004802381655,
0.466439329368603),.PIECEWISE_BEZIER_KNOTS.)
GEOMETRIC_REPRESENTATION_ITEM()
RATIONAL_B_SPLINE_SURFACE(((0.987528908270311,0.986682736209457,0.996860168948228),
(0.987528908270311,0.986682736209457,0.996860168948228)))
REPRESENTATION_ITEM('')
SURFACE()
);
#531=(
BOUNDED_SURFACE()
B_SPLINE_SURFACE(1,2,((#10702,#10703,#10704),(#10705,#10706,#10707)),
 .UNSPECIFIED.,.F.,.F.,.F.)
B_SPLINE_SURFACE_WITH_KNOTS((2,2),(3,3),(0.,0.0998477732467746),(0.233403020236448,
0.467837547223397),.PIECEWISE_BEZIER_KNOTS.)
GEOMETRIC_REPRESENTATION_ITEM()
RATIONAL_B_SPLINE_SURFACE(((0.987519206896698,0.986738781981767,0.996981961866459),
(0.987519206896698,0.986738781981767,0.996981961866459)))
REPRESENTATION_ITEM('')
SURFACE()
);
#532=(
BOUNDED_SURFACE()
B_SPLINE_SURFACE(1,2,((#10717,#10718,#10719),(#10720,#10721,#10722)),
 .UNSPECIFIED.,.F.,.F.,.F.)
B_SPLINE_SURFACE_WITH_KNOTS((2,2),(3,3),(0.900152226753229,1.),(0.232004802381655,
0.466439329368604),.PIECEWISE_BEZIER_KNOTS.)
GEOMETRIC_REPRESENTATION_ITEM()
RATIONAL_B_SPLINE_SURFACE(((0.987528908270311,0.986682736209457,0.996860168948228),
(0.987528908270311,0.986682736209457,0.996860168948228)))
REPRESENTATION_ITEM('')
SURFACE()
);
#533=(
BOUNDED_SURFACE()
B_SPLINE_SURFACE(1,2,((#10751,#10752,#10753),(#10754,#10755,#10756)),
 .UNSPECIFIED.,.F.,.F.,.F.)
B_SPLINE_SURFACE_WITH_KNOTS((2,2),(3,3),(0.,0.0998477732467322),(0.233403020236448,
0.467837547223396),.PIECEWISE_BEZIER_KNOTS.)
GEOMETRIC_REPRESENTATION_ITEM()
RATIONAL_B_SPLINE_SURFACE(((0.987519206896698,0.986738781981767,0.996981961866459),
(0.987519206896698,0.986738781981767,0.996981961866459)))
REPRESENTATION_ITEM('')
SURFACE()
);
#534=(
BOUNDED_SURFACE()
B_SPLINE_SURFACE(1,2,((#10766,#10767,#10768),(#10769,#10770,#10771)),
 .UNSPECIFIED.,.F.,.F.,.F.)
B_SPLINE_SURFACE_WITH_KNOTS((2,2),(3,3),(0.900152226753228,1.),(0.232004802381655,
0.466439329368604),.PIECEWISE_BEZIER_KNOTS.)
GEOMETRIC_REPRESENTATION_ITEM()
RATIONAL_B_SPLINE_SURFACE(((0.987528908270311,0.986682736209457,0.996860168948228),
(0.987528908270311,0.986682736209457,0.996860168948228)))
REPRESENTATION_ITEM('')
SURFACE()
);
#535=(
BOUNDED_SURFACE()
B_SPLINE_SURFACE(1,2,((#10788,#10789,#10790),(#10791,#10792,#10793)),
 .UNSPECIFIED.,.F.,.F.,.F.)
B_SPLINE_SURFACE_WITH_KNOTS((2,2),(3,3),(0.,0.0998477732467719),(0.232004802381655,
0.46643932936866),.PIECEWISE_BEZIER_KNOTS.)
GEOMETRIC_REPRESENTATION_ITEM()
RATIONAL_B_SPLINE_SURFACE(((0.987528908270311,0.986682736209457,0.996860168948233),
(0.987528908270311,0.986682736209457,0.996860168948233)))
REPRESENTATION_ITEM('')
SURFACE()
);
#536=(
BOUNDED_SURFACE()
B_SPLINE_SURFACE(1,2,((#10799,#10800,#10801),(#10802,#10803,#10804)),
 .UNSPECIFIED.,.F.,.F.,.F.)
B_SPLINE_SURFACE_WITH_KNOTS((2,2),(3,3),(0.900152226753225,1.),(0.233403020236448,
0.467837547223397),.PIECEWISE_BEZIER_KNOTS.)
GEOMETRIC_REPRESENTATION_ITEM()
RATIONAL_B_SPLINE_SURFACE(((0.987519206896698,0.986738781981767,0.996981961866459),
(0.987519206896698,0.986738781981767,0.996981961866459)))
REPRESENTATION_ITEM('')
SURFACE()
);
#537=(
BOUNDED_SURFACE()
B_SPLINE_SURFACE(1,2,((#10809,#10810,#10811),(#10812,#10813,#10814)),
 .UNSPECIFIED.,.F.,.F.,.F.)
B_SPLINE_SURFACE_WITH_KNOTS((2,2),(3,3),(0.,0.0998477732467724),(0.232004802381655,
0.466439329368604),.PIECEWISE_BEZIER_KNOTS.)
GEOMETRIC_REPRESENTATION_ITEM()
RATIONAL_B_SPLINE_SURFACE(((0.987528908270311,0.986682736209458,0.996860168948228),
(0.987528908270311,0.986682736209458,0.996860168948228)))
REPRESENTATION_ITEM('')
SURFACE()
);
#538=(
BOUNDED_SURFACE()
B_SPLINE_SURFACE(1,2,((#10820,#10821,#10822),(#10823,#10824,#10825)),
 .UNSPECIFIED.,.F.,.F.,.F.)
B_SPLINE_SURFACE_WITH_KNOTS((2,2),(3,3),(0.900152226753226,1.),(0.233403020236448,
0.467837547223397),.PIECEWISE_BEZIER_KNOTS.)
GEOMETRIC_REPRESENTATION_ITEM()
RATIONAL_B_SPLINE_SURFACE(((0.987519206896698,0.986738781981767,0.996981961866459),
(0.987519206896698,0.986738781981767,0.996981961866459)))
REPRESENTATION_ITEM('')
SURFACE()
);
#539=(
BOUNDED_SURFACE()
B_SPLINE_SURFACE(1,2,((#10826,#10827,#10828),(#10829,#10830,#10831)),
 .UNSPECIFIED.,.F.,.F.,.F.)
B_SPLINE_SURFACE_WITH_KNOTS((2,2),(3,3),(0.,0.0998477732467727),(0.232004802381655,
0.466439329368603),.PIECEWISE_BEZIER_KNOTS.)
GEOMETRIC_REPRESENTATION_ITEM()
RATIONAL_B_SPLINE_SURFACE(((0.987528908270311,0.986682736209458,0.996860168948228),
(0.987528908270311,0.986682736209458,0.996860168948228)))
REPRESENTATION_ITEM('')
SURFACE()
);
#540=(
BOUNDED_SURFACE()
B_SPLINE_SURFACE(1,2,((#10837,#10838,#10839),(#10840,#10841,#10842)),
 .UNSPECIFIED.,.F.,.F.,.F.)
B_SPLINE_SURFACE_WITH_KNOTS((2,2),(3,3),(0.900152226753225,1.),(0.233403020236448,
0.467837547223396),.PIECEWISE_BEZIER_KNOTS.)
GEOMETRIC_REPRESENTATION_ITEM()
RATIONAL_B_SPLINE_SURFACE(((0.987519206896698,0.986738781981767,0.996981961866459),
(0.987519206896698,0.986738781981767,0.996981961866459)))
REPRESENTATION_ITEM('')
SURFACE()
);
#541=(
BOUNDED_SURFACE()
B_SPLINE_SURFACE(1,2,((#10843,#10844,#10845),(#10846,#10847,#10848)),
 .UNSPECIFIED.,.F.,.F.,.F.)
B_SPLINE_SURFACE_WITH_KNOTS((2,2),(3,3),(0.,0.0998477732467723),(0.232004802381655,
0.466439329368659),.PIECEWISE_BEZIER_KNOTS.)
GEOMETRIC_REPRESENTATION_ITEM()
RATIONAL_B_SPLINE_SURFACE(((0.987528908270311,0.986682736209457,0.996860168948233),
(0.987528908270311,0.986682736209457,0.996860168948233)))
REPRESENTATION_ITEM('')
SURFACE()
);
#542=(
BOUNDED_SURFACE()
B_SPLINE_SURFACE(1,2,((#10854,#10855,#10856),(#10857,#10858,#10859)),
 .UNSPECIFIED.,.F.,.F.,.F.)
B_SPLINE_SURFACE_WITH_KNOTS((2,2),(3,3),(0.900152226753225,1.),(0.233403020236448,
0.467837547223397),.PIECEWISE_BEZIER_KNOTS.)
GEOMETRIC_REPRESENTATION_ITEM()
RATIONAL_B_SPLINE_SURFACE(((0.987519206896698,0.986738781981767,0.996981961866459),
(0.987519206896698,0.986738781981767,0.996981961866459)))
REPRESENTATION_ITEM('')
SURFACE()
);
#543=(
BOUNDED_SURFACE()
B_SPLINE_SURFACE(1,2,((#10860,#10861,#10862),(#10863,#10864,#10865)),
 .UNSPECIFIED.,.F.,.F.,.F.)
B_SPLINE_SURFACE_WITH_KNOTS((2,2),(3,3),(0.,0.0998477732467722),(0.232004802381656,
0.466439329368603),.PIECEWISE_BEZIER_KNOTS.)
GEOMETRIC_REPRESENTATION_ITEM()
RATIONAL_B_SPLINE_SURFACE(((0.987528908270311,0.986682736209457,0.996860168948228),
(0.987528908270311,0.986682736209457,0.996860168948228)))
REPRESENTATION_ITEM('')
SURFACE()
);
#544=(
BOUNDED_SURFACE()
B_SPLINE_SURFACE(1,2,((#10871,#10872,#10873),(#10874,#10875,#10876)),
 .UNSPECIFIED.,.F.,.F.,.F.)
B_SPLINE_SURFACE_WITH_KNOTS((2,2),(3,3),(0.900152226753225,1.),(0.233403020236448,
0.467837547223396),.PIECEWISE_BEZIER_KNOTS.)
GEOMETRIC_REPRESENTATION_ITEM()
RATIONAL_B_SPLINE_SURFACE(((0.987519206896698,0.986738781981767,0.996981961866459),
(0.987519206896698,0.986738781981767,0.996981961866459)))
REPRESENTATION_ITEM('')
SURFACE()
);
#545=(
BOUNDED_SURFACE()
B_SPLINE_SURFACE(1,2,((#10877,#10878,#10879),(#10880,#10881,#10882)),
 .UNSPECIFIED.,.F.,.F.,.F.)
B_SPLINE_SURFACE_WITH_KNOTS((2,2),(3,3),(0.,0.099847773246772),(0.232004802381655,
0.466439329368604),.PIECEWISE_BEZIER_KNOTS.)
GEOMETRIC_REPRESENTATION_ITEM()
RATIONAL_B_SPLINE_SURFACE(((0.987528908270311,0.986682736209458,0.996860168948228),
(0.987528908270311,0.986682736209458,0.996860168948228)))
REPRESENTATION_ITEM('')
SURFACE()
);
#546=(
BOUNDED_SURFACE()
B_SPLINE_SURFACE(1,2,((#10888,#10889,#10890),(#10891,#10892,#10893)),
 .UNSPECIFIED.,.F.,.F.,.F.)
B_SPLINE_SURFACE_WITH_KNOTS((2,2),(3,3),(0.900152226753225,1.),(0.233403020236448,
0.467837547223397),.PIECEWISE_BEZIER_KNOTS.)
GEOMETRIC_REPRESENTATION_ITEM()
RATIONAL_B_SPLINE_SURFACE(((0.987519206896698,0.986738781981767,0.996981961866459),
(0.987519206896698,0.986738781981767,0.996981961866459)))
REPRESENTATION_ITEM('')
SURFACE()
);
#547=(
BOUNDED_SURFACE()
B_SPLINE_SURFACE(1,2,((#10894,#10895,#10896),(#10897,#10898,#10899)),
 .UNSPECIFIED.,.F.,.F.,.F.)
B_SPLINE_SURFACE_WITH_KNOTS((2,2),(3,3),(0.,0.0998477732467717),(0.232004802381655,
0.466439329368604),.PIECEWISE_BEZIER_KNOTS.)
GEOMETRIC_REPRESENTATION_ITEM()
RATIONAL_B_SPLINE_SURFACE(((0.987528908270311,0.986682736209457,0.996860168948228),
(0.987528908270311,0.986682736209457,0.996860168948228)))
REPRESENTATION_ITEM('')
SURFACE()
);
#548=(
BOUNDED_SURFACE()
B_SPLINE_SURFACE(1,2,((#10905,#10906,#10907),(#10908,#10909,#10910)),
 .UNSPECIFIED.,.F.,.F.,.F.)
B_SPLINE_SURFACE_WITH_KNOTS((2,2),(3,3),(0.900152226753225,1.),(0.233403020236448,
0.467837547223396),.PIECEWISE_BEZIER_KNOTS.)
GEOMETRIC_REPRESENTATION_ITEM()
RATIONAL_B_SPLINE_SURFACE(((0.987519206896698,0.986738781981767,0.996981961866459),
(0.987519206896698,0.986738781981767,0.996981961866459)))
REPRESENTATION_ITEM('')
SURFACE()
);
#549=(
BOUNDED_SURFACE()
B_SPLINE_SURFACE(1,2,((#10911,#10912,#10913),(#10914,#10915,#10916)),
 .UNSPECIFIED.,.F.,.F.,.F.)
B_SPLINE_SURFACE_WITH_KNOTS((2,2),(3,3),(0.,0.0998477732467725),(0.232004802381655,
0.466439329368604),.PIECEWISE_BEZIER_KNOTS.)
GEOMETRIC_REPRESENTATION_ITEM()
RATIONAL_B_SPLINE_SURFACE(((0.987528908270311,0.986682736209458,0.996860168948228),
(0.987528908270311,0.986682736209457,0.996860168948228)))
REPRESENTATION_ITEM('')
SURFACE()
);
#550=(
BOUNDED_SURFACE()
B_SPLINE_SURFACE(1,2,((#10922,#10923,#10924),(#10925,#10926,#10927)),
 .UNSPECIFIED.,.F.,.F.,.F.)
B_SPLINE_SURFACE_WITH_KNOTS((2,2),(3,3),(0.900152226753225,1.),(0.233403020236448,
0.467837547223396),.PIECEWISE_BEZIER_KNOTS.)
GEOMETRIC_REPRESENTATION_ITEM()
RATIONAL_B_SPLINE_SURFACE(((0.987519206896698,0.986738781981767,0.996981961866459),
(0.987519206896698,0.986738781981767,0.996981961866459)))
REPRESENTATION_ITEM('')
SURFACE()
);
#551=(
BOUNDED_SURFACE()
B_SPLINE_SURFACE(1,2,((#10928,#10929,#10930),(#10931,#10932,#10933)),
 .UNSPECIFIED.,.F.,.F.,.F.)
B_SPLINE_SURFACE_WITH_KNOTS((2,2),(3,3),(0.,0.0998477732467717),(0.232004802381656,
0.466439329368604),.PIECEWISE_BEZIER_KNOTS.)
GEOMETRIC_REPRESENTATION_ITEM()
RATIONAL_B_SPLINE_SURFACE(((0.987528908270311,0.986682736209458,0.996860168948228),
(0.987528908270311,0.986682736209458,0.996860168948228)))
REPRESENTATION_ITEM('')
SURFACE()
);
#552=(
BOUNDED_SURFACE()
B_SPLINE_SURFACE(1,2,((#10939,#10940,#10941),(#10942,#10943,#10944)),
 .UNSPECIFIED.,.F.,.F.,.F.)
B_SPLINE_SURFACE_WITH_KNOTS((2,2),(3,3),(0.900152226753225,1.),(0.233403020236448,
0.467837547223396),.PIECEWISE_BEZIER_KNOTS.)
GEOMETRIC_REPRESENTATION_ITEM()
RATIONAL_B_SPLINE_SURFACE(((0.987519206896698,0.986738781981767,0.996981961866459),
(0.987519206896698,0.986738781981767,0.996981961866459)))
REPRESENTATION_ITEM('')
SURFACE()
);
#553=(
BOUNDED_SURFACE()
B_SPLINE_SURFACE(1,2,((#10945,#10946,#10947),(#10948,#10949,#10950)),
 .UNSPECIFIED.,.F.,.F.,.F.)
B_SPLINE_SURFACE_WITH_KNOTS((2,2),(3,3),(0.,0.099847773246772),(0.232004802381655,
0.466439329368603),.PIECEWISE_BEZIER_KNOTS.)
GEOMETRIC_REPRESENTATION_ITEM()
RATIONAL_B_SPLINE_SURFACE(((0.987528908270311,0.986682736209457,0.996860168948228),
(0.987528908270311,0.986682736209457,0.996860168948228)))
REPRESENTATION_ITEM('')
SURFACE()
);
#554=(
BOUNDED_SURFACE()
B_SPLINE_SURFACE(1,2,((#10956,#10957,#10958),(#10959,#10960,#10961)),
 .UNSPECIFIED.,.F.,.F.,.F.)
B_SPLINE_SURFACE_WITH_KNOTS((2,2),(3,3),(0.900152226753225,1.),(0.233403020236448,
0.467837547223396),.PIECEWISE_BEZIER_KNOTS.)
GEOMETRIC_REPRESENTATION_ITEM()
RATIONAL_B_SPLINE_SURFACE(((0.987519206896698,0.986738781981767,0.996981961866459),
(0.987519206896698,0.986738781981767,0.996981961866459)))
REPRESENTATION_ITEM('')
SURFACE()
);
#555=(
BOUNDED_SURFACE()
B_SPLINE_SURFACE(1,2,((#10962,#10963,#10964),(#10965,#10966,#10967)),
 .UNSPECIFIED.,.F.,.F.,.F.)
B_SPLINE_SURFACE_WITH_KNOTS((2,2),(3,3),(0.,0.0998477732467716),(0.232004802381655,
0.466439329368603),.PIECEWISE_BEZIER_KNOTS.)
GEOMETRIC_REPRESENTATION_ITEM()
RATIONAL_B_SPLINE_SURFACE(((0.987528908270311,0.986682736209457,0.996860168948228),
(0.987528908270311,0.986682736209457,0.996860168948228)))
REPRESENTATION_ITEM('')
SURFACE()
);
#556=(
BOUNDED_SURFACE()
B_SPLINE_SURFACE(1,2,((#10973,#10974,#10975),(#10976,#10977,#10978)),
 .UNSPECIFIED.,.F.,.F.,.F.)
B_SPLINE_SURFACE_WITH_KNOTS((2,2),(3,3),(0.900152226753226,1.),(0.233403020236449,
0.467837547223396),.PIECEWISE_BEZIER_KNOTS.)
GEOMETRIC_REPRESENTATION_ITEM()
RATIONAL_B_SPLINE_SURFACE(((0.987519206896698,0.986738781981767,0.996981961866459),
(0.987519206896698,0.986738781981767,0.996981961866459)))
REPRESENTATION_ITEM('')
SURFACE()
);
#557=(
BOUNDED_SURFACE()
B_SPLINE_SURFACE(1,2,((#10979,#10980,#10981),(#10982,#10983,#10984)),
 .UNSPECIFIED.,.F.,.F.,.F.)
B_SPLINE_SURFACE_WITH_KNOTS((2,2),(3,3),(0.,0.0998477732467721),(0.232004802381655,
0.466439329368659),.PIECEWISE_BEZIER_KNOTS.)
GEOMETRIC_REPRESENTATION_ITEM()
RATIONAL_B_SPLINE_SURFACE(((0.987528908270311,0.986682736209457,0.996860168948233),
(0.987528908270311,0.986682736209457,0.996860168948233)))
REPRESENTATION_ITEM('')
SURFACE()
);
#558=(
BOUNDED_SURFACE()
B_SPLINE_SURFACE(1,2,((#10990,#10991,#10992),(#10993,#10994,#10995)),
 .UNSPECIFIED.,.F.,.F.,.F.)
B_SPLINE_SURFACE_WITH_KNOTS((2,2),(3,3),(0.900152226753224,1.),(0.233403020236449,
0.467837547223397),.PIECEWISE_BEZIER_KNOTS.)
GEOMETRIC_REPRESENTATION_ITEM()
RATIONAL_B_SPLINE_SURFACE(((0.987519206896698,0.986738781981767,0.996981961866459),
(0.987519206896698,0.986738781981767,0.996981961866459)))
REPRESENTATION_ITEM('')
SURFACE()
);
#559=(
BOUNDED_SURFACE()
B_SPLINE_SURFACE(1,2,((#10996,#10997,#10998),(#10999,#11000,#11001)),
 .UNSPECIFIED.,.F.,.F.,.F.)
B_SPLINE_SURFACE_WITH_KNOTS((2,2),(3,3),(0.,0.0998477732467723),(0.232004802381654,
0.46643932936866),.PIECEWISE_BEZIER_KNOTS.)
GEOMETRIC_REPRESENTATION_ITEM()
RATIONAL_B_SPLINE_SURFACE(((0.987528908270311,0.986682736209457,0.996860168948233),
(0.987528908270311,0.986682736209457,0.996860168948233)))
REPRESENTATION_ITEM('')
SURFACE()
);
#560=(
BOUNDED_SURFACE()
B_SPLINE_SURFACE(1,2,((#11007,#11008,#11009),(#11010,#11011,#11012)),
 .UNSPECIFIED.,.F.,.F.,.F.)
B_SPLINE_SURFACE_WITH_KNOTS((2,2),(3,3),(0.900152226753227,1.),(0.233403020236448,
0.467837547223397),.PIECEWISE_BEZIER_KNOTS.)
GEOMETRIC_REPRESENTATION_ITEM()
RATIONAL_B_SPLINE_SURFACE(((0.987519206896698,0.986738781981767,0.996981961866459),
(0.987519206896698,0.986738781981767,0.996981961866459)))
REPRESENTATION_ITEM('')
SURFACE()
);
#561=(
BOUNDED_SURFACE()
B_SPLINE_SURFACE(1,2,((#11013,#11014,#11015),(#11016,#11017,#11018)),
 .UNSPECIFIED.,.F.,.F.,.F.)
B_SPLINE_SURFACE_WITH_KNOTS((2,2),(3,3),(0.9001522267532,1.),(0.232004802381655,
0.466439329368604),.PIECEWISE_BEZIER_KNOTS.)
GEOMETRIC_REPRESENTATION_ITEM()
RATIONAL_B_SPLINE_SURFACE(((0.987528908270311,0.986682736209458,0.996860168948228),
(0.987528908270311,0.986682736209458,0.996860168948228)))
REPRESENTATION_ITEM('')
SURFACE()
);
#562=(
BOUNDED_SURFACE()
B_SPLINE_SURFACE(1,2,((#11028,#11029,#11030),(#11031,#11032,#11033)),
 .UNSPECIFIED.,.F.,.F.,.F.)
B_SPLINE_SURFACE_WITH_KNOTS((2,2),(3,3),(0.,0.0998477732467725),(0.233403020236448,
0.467837547223397),.PIECEWISE_BEZIER_KNOTS.)
GEOMETRIC_REPRESENTATION_ITEM()
RATIONAL_B_SPLINE_SURFACE(((0.987519206896698,0.986738781981767,0.996981961866459),
(0.987519206896698,0.986738781981767,0.996981961866459)))
REPRESENTATION_ITEM('')
SURFACE()
);
#563=(
BOUNDED_SURFACE()
B_SPLINE_SURFACE(1,2,((#11034,#11035,#11036),(#11037,#11038,#11039)),
 .UNSPECIFIED.,.F.,.F.,.F.)
B_SPLINE_SURFACE_WITH_KNOTS((2,2),(3,3),(0.,0.0998477732468119),(0.232004802381655,
0.466439329368603),.PIECEWISE_BEZIER_KNOTS.)
GEOMETRIC_REPRESENTATION_ITEM()
RATIONAL_B_SPLINE_SURFACE(((0.987528908270311,0.986682736209457,0.996860168948228),
(0.987528908270311,0.986682736209457,0.996860168948228)))
REPRESENTATION_ITEM('')
SURFACE()
);
#564=(
BOUNDED_SURFACE()
B_SPLINE_SURFACE(1,2,((#11045,#11046,#11047),(#11048,#11049,#11050)),
 .UNSPECIFIED.,.F.,.F.,.F.)
B_SPLINE_SURFACE_WITH_KNOTS((2,2),(3,3),(0.900152226753227,1.),(0.233403020236448,
0.467837547223396),.PIECEWISE_BEZIER_KNOTS.)
GEOMETRIC_REPRESENTATION_ITEM()
RATIONAL_B_SPLINE_SURFACE(((0.987519206896698,0.986738781981767,0.996981961866459),
(0.987519206896698,0.986738781981767,0.996981961866459)))
REPRESENTATION_ITEM('')
SURFACE()
);
#565=(
BOUNDED_SURFACE()
B_SPLINE_SURFACE(1,2,((#11051,#11052,#11053),(#11054,#11055,#11056)),
 .UNSPECIFIED.,.F.,.F.,.F.)
B_SPLINE_SURFACE_WITH_KNOTS((2,2),(3,3),(0.,0.099847773246774),(0.233403020236449,
0.467837547223397),.PIECEWISE_BEZIER_KNOTS.)
GEOMETRIC_REPRESENTATION_ITEM()
RATIONAL_B_SPLINE_SURFACE(((0.987519206896698,0.986738781981767,0.996981961866459),
(0.987519206896698,0.986738781981767,0.996981961866459)))
REPRESENTATION_ITEM('')
SURFACE()
);
#566=(
BOUNDED_SURFACE()
B_SPLINE_SURFACE(1,2,((#11062,#11063,#11064),(#11065,#11066,#11067)),
 .UNSPECIFIED.,.F.,.F.,.F.)
B_SPLINE_SURFACE_WITH_KNOTS((2,2),(3,3),(0.90015222675317,1.),(0.232004802381655,
0.466439329368604),.PIECEWISE_BEZIER_KNOTS.)
GEOMETRIC_REPRESENTATION_ITEM()
RATIONAL_B_SPLINE_SURFACE(((0.987528908270311,0.986682736209457,0.996860168948228),
(0.987528908270311,0.986682736209457,0.996860168948228)))
REPRESENTATION_ITEM('')
SURFACE()
);
#567=(
BOUNDED_CURVE()
B_SPLINE_CURVE(2,(#6902,#6903,#6904,#6905,#6906),.UNSPECIFIED.,.F.,.F.)
B_SPLINE_CURVE_WITH_KNOTS((3,2,3),(0.,0.5,1.),.PIECEWISE_BEZIER_KNOTS.)
CURVE()
GEOMETRIC_REPRESENTATION_ITEM()
RATIONAL_B_SPLINE_CURVE((1.,0.974927912181824,1.,0.974927912181824,1.))
REPRESENTATION_ITEM('')
);
#568=(
BOUNDED_CURVE()
B_SPLINE_CURVE(2,(#6908,#6909,#6910,#6911,#6912),.UNSPECIFIED.,.F.,.F.)
B_SPLINE_CURVE_WITH_KNOTS((3,2,3),(0.,0.5,1.),.PIECEWISE_BEZIER_KNOTS.)
CURVE()
GEOMETRIC_REPRESENTATION_ITEM()
RATIONAL_B_SPLINE_CURVE((1.,0.974927912181824,1.,0.974927912181824,1.))
REPRESENTATION_ITEM('')
);
#569=(
BOUNDED_CURVE()
B_SPLINE_CURVE(2,(#6933,#6934,#6935,#6936,#6937),.UNSPECIFIED.,.F.,.F.)
B_SPLINE_CURVE_WITH_KNOTS((3,2,3),(0.,0.5,1.),.UNSPECIFIED.)
CURVE()
GEOMETRIC_REPRESENTATION_ITEM()
RATIONAL_B_SPLINE_CURVE((1.,0.974927912181824,1.,0.974927912181824,1.))
REPRESENTATION_ITEM('')
);
#570=(
BOUNDED_CURVE()
B_SPLINE_CURVE(2,(#6958,#6959,#6960,#6961,#6962),.UNSPECIFIED.,.F.,.F.)
B_SPLINE_CURVE_WITH_KNOTS((3,2,3),(0.,0.5,1.),.PIECEWISE_BEZIER_KNOTS.)
CURVE()
GEOMETRIC_REPRESENTATION_ITEM()
RATIONAL_B_SPLINE_CURVE((1.,0.974927912181824,1.,0.974927912181824,1.))
REPRESENTATION_ITEM('')
);
#571=(
BOUNDED_CURVE()
B_SPLINE_CURVE(2,(#6972,#6973,#6974,#6975,#6976),.UNSPECIFIED.,.F.,.F.)
B_SPLINE_CURVE_WITH_KNOTS((3,2,3),(0.,0.5,1.),.PIECEWISE_BEZIER_KNOTS.)
CURVE()
GEOMETRIC_REPRESENTATION_ITEM()
RATIONAL_B_SPLINE_CURVE((1.,0.974927912181824,1.,0.974927912181824,1.))
REPRESENTATION_ITEM('')
);
#572=(
BOUNDED_CURVE()
B_SPLINE_CURVE(2,(#6978,#6979,#6980,#6981,#6982),.UNSPECIFIED.,.F.,.F.)
B_SPLINE_CURVE_WITH_KNOTS((3,2,3),(0.,0.5,1.),.PIECEWISE_BEZIER_KNOTS.)
CURVE()
GEOMETRIC_REPRESENTATION_ITEM()
RATIONAL_B_SPLINE_CURVE((1.,0.974927912181824,1.,0.974927912181824,1.))
REPRESENTATION_ITEM('')
);
#573=(
BOUNDED_CURVE()
B_SPLINE_CURVE(2,(#7000,#7001,#7002,#7003,#7004),.UNSPECIFIED.,.F.,.F.)
B_SPLINE_CURVE_WITH_KNOTS((3,2,3),(0.,0.5,1.),.PIECEWISE_BEZIER_KNOTS.)
CURVE()
GEOMETRIC_REPRESENTATION_ITEM()
RATIONAL_B_SPLINE_CURVE((1.,0.974927912181824,1.,0.974927912181824,1.))
REPRESENTATION_ITEM('')
);
#574=(
BOUNDED_CURVE()
B_SPLINE_CURVE(2,(#7011,#7012,#7013,#7014,#7015),.UNSPECIFIED.,.F.,.F.)
B_SPLINE_CURVE_WITH_KNOTS((3,2,3),(0.,0.5,1.),.UNSPECIFIED.)
CURVE()
GEOMETRIC_REPRESENTATION_ITEM()
RATIONAL_B_SPLINE_CURVE((1.,0.974927912181824,1.,0.974927912181824,1.))
REPRESENTATION_ITEM('')
);
#575=(
BOUNDED_CURVE()
B_SPLINE_CURVE(2,(#7034,#7035,#7036,#7037,#7038),.UNSPECIFIED.,.F.,.F.)
B_SPLINE_CURVE_WITH_KNOTS((3,2,3),(0.,0.5,1.),.PIECEWISE_BEZIER_KNOTS.)
CURVE()
GEOMETRIC_REPRESENTATION_ITEM()
RATIONAL_B_SPLINE_CURVE((1.,0.974927912181824,1.,0.974927912181824,1.))
REPRESENTATION_ITEM('')
);
#576=(
BOUNDED_CURVE()
B_SPLINE_CURVE(2,(#7040,#7041,#7042,#7043,#7044),.UNSPECIFIED.,.F.,.F.)
B_SPLINE_CURVE_WITH_KNOTS((3,2,3),(0.,0.5,1.),.PIECEWISE_BEZIER_KNOTS.)
CURVE()
GEOMETRIC_REPRESENTATION_ITEM()
RATIONAL_B_SPLINE_CURVE((1.,0.974927912181824,1.,0.974927912181824,1.))
REPRESENTATION_ITEM('')
);
#577=(
BOUNDED_CURVE()
B_SPLINE_CURVE(2,(#7061,#7062,#7063,#7064,#7065),.UNSPECIFIED.,.F.,.F.)
B_SPLINE_CURVE_WITH_KNOTS((3,2,3),(0.,0.5,1.),.UNSPECIFIED.)
CURVE()
GEOMETRIC_REPRESENTATION_ITEM()
RATIONAL_B_SPLINE_CURVE((1.,0.974927912181824,1.,0.974927912181824,1.))
REPRESENTATION_ITEM('')
);
#578=(
BOUNDED_CURVE()
B_SPLINE_CURVE(2,(#7072,#7073,#7074,#7075,#7076),.UNSPECIFIED.,.F.,.F.)
B_SPLINE_CURVE_WITH_KNOTS((3,2,3),(0.,0.5,1.),.PIECEWISE_BEZIER_KNOTS.)
CURVE()
GEOMETRIC_REPRESENTATION_ITEM()
RATIONAL_B_SPLINE_CURVE((1.,0.974927912181824,1.,0.974927912181824,1.))
REPRESENTATION_ITEM('')
);
#579=(
BOUNDED_CURVE()
B_SPLINE_CURVE(2,(#7104,#7105,#7106,#7107,#7108),.UNSPECIFIED.,.F.,.F.)
B_SPLINE_CURVE_WITH_KNOTS((3,2,3),(0.,0.5,1.),.PIECEWISE_BEZIER_KNOTS.)
CURVE()
GEOMETRIC_REPRESENTATION_ITEM()
RATIONAL_B_SPLINE_CURVE((1.,0.974927912181824,1.,0.974927912181824,1.))
REPRESENTATION_ITEM('')
);
#580=(
BOUNDED_CURVE()
B_SPLINE_CURVE(2,(#7110,#7111,#7112,#7113,#7114),.UNSPECIFIED.,.F.,.F.)
B_SPLINE_CURVE_WITH_KNOTS((3,2,3),(0.,0.5,1.),.PIECEWISE_BEZIER_KNOTS.)
CURVE()
GEOMETRIC_REPRESENTATION_ITEM()
RATIONAL_B_SPLINE_CURVE((1.,0.974927912181824,1.,0.974927912181824,1.))
REPRESENTATION_ITEM('')
);
#581=(
BOUNDED_CURVE()
B_SPLINE_CURVE(2,(#7126,#7127,#7128,#7129,#7130),.UNSPECIFIED.,.F.,.F.)
B_SPLINE_CURVE_WITH_KNOTS((3,2,3),(0.,0.5,1.),.UNSPECIFIED.)
CURVE()
GEOMETRIC_REPRESENTATION_ITEM()
RATIONAL_B_SPLINE_CURVE((1.,0.974927912181824,1.,0.974927912181824,1.))
REPRESENTATION_ITEM('')
);
#582=(
BOUNDED_CURVE()
B_SPLINE_CURVE(2,(#7152,#7153,#7154,#7155,#7156),.UNSPECIFIED.,.F.,.F.)
B_SPLINE_CURVE_WITH_KNOTS((3,2,3),(0.,0.5,1.),.PIECEWISE_BEZIER_KNOTS.)
CURVE()
GEOMETRIC_REPRESENTATION_ITEM()
RATIONAL_B_SPLINE_CURVE((1.,0.974927912181824,1.,0.974927912181824,1.))
REPRESENTATION_ITEM('')
);
#583=(
BOUNDED_CURVE()
B_SPLINE_CURVE(2,(#7166,#7167,#7168,#7169,#7170),.UNSPECIFIED.,.F.,.F.)
B_SPLINE_CURVE_WITH_KNOTS((3,2,3),(0.,0.5,1.),.PIECEWISE_BEZIER_KNOTS.)
CURVE()
GEOMETRIC_REPRESENTATION_ITEM()
RATIONAL_B_SPLINE_CURVE((1.,0.974927912181824,1.,0.974927912181824,1.))
REPRESENTATION_ITEM('')
);
#584=(
BOUNDED_CURVE()
B_SPLINE_CURVE(2,(#7172,#7173,#7174,#7175,#7176),.UNSPECIFIED.,.F.,.F.)
B_SPLINE_CURVE_WITH_KNOTS((3,2,3),(0.,0.5,1.),.PIECEWISE_BEZIER_KNOTS.)
CURVE()
GEOMETRIC_REPRESENTATION_ITEM()
RATIONAL_B_SPLINE_CURVE((1.,0.974927912181824,1.,0.974927912181824,1.))
REPRESENTATION_ITEM('')
);
#585=(
BOUNDED_CURVE()
B_SPLINE_CURVE(2,(#7181,#7182,#7183,#7184,#7185),.UNSPECIFIED.,.F.,.F.)
B_SPLINE_CURVE_WITH_KNOTS((3,2,3),(0.,0.5,1.),.PIECEWISE_BEZIER_KNOTS.)
CURVE()
GEOMETRIC_REPRESENTATION_ITEM()
RATIONAL_B_SPLINE_CURVE((1.,0.974927912181824,1.,0.974927912181824,1.))
REPRESENTATION_ITEM('')
);
#586=(
BOUNDED_CURVE()
B_SPLINE_CURVE(2,(#7187,#7188,#7189,#7190,#7191),.UNSPECIFIED.,.F.,.F.)
B_SPLINE_CURVE_WITH_KNOTS((3,2,3),(0.,0.5,1.),.PIECEWISE_BEZIER_KNOTS.)
CURVE()
GEOMETRIC_REPRESENTATION_ITEM()
RATIONAL_B_SPLINE_CURVE((1.,0.974927912181824,1.,0.974927912181824,1.))
REPRESENTATION_ITEM('')
);
#587=(
BOUNDED_CURVE()
B_SPLINE_CURVE(2,(#7203,#7204,#7205,#7206,#7207),.UNSPECIFIED.,.F.,.F.)
B_SPLINE_CURVE_WITH_KNOTS((3,2,3),(0.,0.5,1.),.UNSPECIFIED.)
CURVE()
GEOMETRIC_REPRESENTATION_ITEM()
RATIONAL_B_SPLINE_CURVE((1.,0.974927912181824,1.,0.974927912181824,1.))
REPRESENTATION_ITEM('')
);
#588=(
BOUNDED_CURVE()
B_SPLINE_CURVE(2,(#7229,#7230,#7231,#7232,#7233),.UNSPECIFIED.,.F.,.F.)
B_SPLINE_CURVE_WITH_KNOTS((3,2,3),(0.,0.5,1.),.PIECEWISE_BEZIER_KNOTS.)
CURVE()
GEOMETRIC_REPRESENTATION_ITEM()
RATIONAL_B_SPLINE_CURVE((1.,0.974927912181824,1.,0.974927912181824,1.))
REPRESENTATION_ITEM('')
);
#589=(
BOUNDED_CURVE()
B_SPLINE_CURVE(2,(#7243,#7244,#7245,#7246,#7247),.UNSPECIFIED.,.F.,.F.)
B_SPLINE_CURVE_WITH_KNOTS((3,2,3),(0.,0.5,1.),.PIECEWISE_BEZIER_KNOTS.)
CURVE()
GEOMETRIC_REPRESENTATION_ITEM()
RATIONAL_B_SPLINE_CURVE((1.,0.974927912181824,1.,0.974927912181824,1.))
REPRESENTATION_ITEM('')
);
#590=(
BOUNDED_CURVE()
B_SPLINE_CURVE(2,(#7249,#7250,#7251,#7252,#7253),.UNSPECIFIED.,.F.,.F.)
B_SPLINE_CURVE_WITH_KNOTS((3,2,3),(0.,0.5,1.),.PIECEWISE_BEZIER_KNOTS.)
CURVE()
GEOMETRIC_REPRESENTATION_ITEM()
RATIONAL_B_SPLINE_CURVE((1.,0.974927912181824,1.,0.974927912181824,1.))
REPRESENTATION_ITEM('')
);
#591=(
BOUNDED_CURVE()
B_SPLINE_CURVE(2,(#7258,#7259,#7260,#7261,#7262),.UNSPECIFIED.,.F.,.F.)
B_SPLINE_CURVE_WITH_KNOTS((3,2,3),(0.,0.5,1.),.PIECEWISE_BEZIER_KNOTS.)
CURVE()
GEOMETRIC_REPRESENTATION_ITEM()
RATIONAL_B_SPLINE_CURVE((1.,0.974927912181824,1.,0.974927912181824,1.))
REPRESENTATION_ITEM('')
);
#592=(
BOUNDED_CURVE()
B_SPLINE_CURVE(2,(#7264,#7265,#7266,#7267,#7268),.UNSPECIFIED.,.F.,.F.)
B_SPLINE_CURVE_WITH_KNOTS((3,2,3),(0.,0.5,1.),.PIECEWISE_BEZIER_KNOTS.)
CURVE()
GEOMETRIC_REPRESENTATION_ITEM()
RATIONAL_B_SPLINE_CURVE((1.,0.974927912181824,1.,0.974927912181824,1.))
REPRESENTATION_ITEM('')
);
#593=(
BOUNDED_CURVE()
B_SPLINE_CURVE(2,(#7280,#7281,#7282,#7283,#7284),.UNSPECIFIED.,.F.,.F.)
B_SPLINE_CURVE_WITH_KNOTS((3,2,3),(0.,0.5,1.),.UNSPECIFIED.)
CURVE()
GEOMETRIC_REPRESENTATION_ITEM()
RATIONAL_B_SPLINE_CURVE((1.,0.974927912181824,1.,0.974927912181824,1.))
REPRESENTATION_ITEM('')
);
#594=(
BOUNDED_CURVE()
B_SPLINE_CURVE(2,(#7306,#7307,#7308,#7309,#7310),.UNSPECIFIED.,.F.,.F.)
B_SPLINE_CURVE_WITH_KNOTS((3,2,3),(0.,0.5,1.),.PIECEWISE_BEZIER_KNOTS.)
CURVE()
GEOMETRIC_REPRESENTATION_ITEM()
RATIONAL_B_SPLINE_CURVE((1.,0.974927912181824,1.,0.974927912181824,1.))
REPRESENTATION_ITEM('')
);
#595=(
BOUNDED_CURVE()
B_SPLINE_CURVE(2,(#7320,#7321,#7322,#7323,#7324),.UNSPECIFIED.,.F.,.F.)
B_SPLINE_CURVE_WITH_KNOTS((3,2,3),(0.,0.5,1.),.PIECEWISE_BEZIER_KNOTS.)
CURVE()
GEOMETRIC_REPRESENTATION_ITEM()
RATIONAL_B_SPLINE_CURVE((1.,0.974927912181824,1.,0.974927912181824,1.))
REPRESENTATION_ITEM('')
);
#596=(
BOUNDED_CURVE()
B_SPLINE_CURVE(2,(#7326,#7327,#7328,#7329,#7330),.UNSPECIFIED.,.F.,.F.)
B_SPLINE_CURVE_WITH_KNOTS((3,2,3),(0.,0.5,1.),.PIECEWISE_BEZIER_KNOTS.)
CURVE()
GEOMETRIC_REPRESENTATION_ITEM()
RATIONAL_B_SPLINE_CURVE((1.,0.974927912181824,1.,0.974927912181824,1.))
REPRESENTATION_ITEM('')
);
#597=(
BOUNDED_CURVE()
B_SPLINE_CURVE(2,(#7335,#7336,#7337,#7338,#7339),.UNSPECIFIED.,.F.,.F.)
B_SPLINE_CURVE_WITH_KNOTS((3,2,3),(0.,0.5,1.),.PIECEWISE_BEZIER_KNOTS.)
CURVE()
GEOMETRIC_REPRESENTATION_ITEM()
RATIONAL_B_SPLINE_CURVE((1.,0.974927912181824,1.,0.974927912181824,1.))
REPRESENTATION_ITEM('')
);
#598=(
BOUNDED_CURVE()
B_SPLINE_CURVE(2,(#7341,#7342,#7343,#7344,#7345),.UNSPECIFIED.,.F.,.F.)
B_SPLINE_CURVE_WITH_KNOTS((3,2,3),(0.,0.5,1.),.PIECEWISE_BEZIER_KNOTS.)
CURVE()
GEOMETRIC_REPRESENTATION_ITEM()
RATIONAL_B_SPLINE_CURVE((1.,0.974927912181824,1.,0.974927912181824,1.))
REPRESENTATION_ITEM('')
);
#599=(
BOUNDED_CURVE()
B_SPLINE_CURVE(2,(#7357,#7358,#7359,#7360,#7361),.UNSPECIFIED.,.F.,.F.)
B_SPLINE_CURVE_WITH_KNOTS((3,2,3),(0.,0.5,1.),.UNSPECIFIED.)
CURVE()
GEOMETRIC_REPRESENTATION_ITEM()
RATIONAL_B_SPLINE_CURVE((1.,0.974927912181824,1.,0.974927912181824,1.))
REPRESENTATION_ITEM('')
);
#600=(
BOUNDED_CURVE()
B_SPLINE_CURVE(2,(#7383,#7384,#7385,#7386,#7387),.UNSPECIFIED.,.F.,.F.)
B_SPLINE_CURVE_WITH_KNOTS((3,2,3),(0.,0.5,1.),.PIECEWISE_BEZIER_KNOTS.)
CURVE()
GEOMETRIC_REPRESENTATION_ITEM()
RATIONAL_B_SPLINE_CURVE((1.,0.974927912181824,1.,0.974927912181824,1.))
REPRESENTATION_ITEM('')
);
#601=(
BOUNDED_CURVE()
B_SPLINE_CURVE(2,(#7397,#7398,#7399,#7400,#7401),.UNSPECIFIED.,.F.,.F.)
B_SPLINE_CURVE_WITH_KNOTS((3,2,3),(0.,0.5,1.),.PIECEWISE_BEZIER_KNOTS.)
CURVE()
GEOMETRIC_REPRESENTATION_ITEM()
RATIONAL_B_SPLINE_CURVE((1.,0.974927912181824,1.,0.974927912181824,1.))
REPRESENTATION_ITEM('')
);
#602=(
BOUNDED_CURVE()
B_SPLINE_CURVE(2,(#7403,#7404,#7405,#7406,#7407),.UNSPECIFIED.,.F.,.F.)
B_SPLINE_CURVE_WITH_KNOTS((3,2,3),(0.,0.5,1.),.PIECEWISE_BEZIER_KNOTS.)
CURVE()
GEOMETRIC_REPRESENTATION_ITEM()
RATIONAL_B_SPLINE_CURVE((1.,0.974927912181824,1.,0.974927912181824,1.))
REPRESENTATION_ITEM('')
);
#603=(
BOUNDED_CURVE()
B_SPLINE_CURVE(2,(#7412,#7413,#7414,#7415,#7416),.UNSPECIFIED.,.F.,.F.)
B_SPLINE_CURVE_WITH_KNOTS((3,2,3),(0.,0.5,1.),.PIECEWISE_BEZIER_KNOTS.)
CURVE()
GEOMETRIC_REPRESENTATION_ITEM()
RATIONAL_B_SPLINE_CURVE((1.,0.974927912181824,1.,0.974927912181824,1.))
REPRESENTATION_ITEM('')
);
#604=(
BOUNDED_CURVE()
B_SPLINE_CURVE(2,(#7418,#7419,#7420,#7421,#7422),.UNSPECIFIED.,.F.,.F.)
B_SPLINE_CURVE_WITH_KNOTS((3,2,3),(0.,0.5,1.),.PIECEWISE_BEZIER_KNOTS.)
CURVE()
GEOMETRIC_REPRESENTATION_ITEM()
RATIONAL_B_SPLINE_CURVE((1.,0.974927912181824,1.,0.974927912181824,1.))
REPRESENTATION_ITEM('')
);
#605=(
BOUNDED_CURVE()
B_SPLINE_CURVE(2,(#7434,#7435,#7436,#7437,#7438),.UNSPECIFIED.,.F.,.F.)
B_SPLINE_CURVE_WITH_KNOTS((3,2,3),(0.,0.5,1.),.UNSPECIFIED.)
CURVE()
GEOMETRIC_REPRESENTATION_ITEM()
RATIONAL_B_SPLINE_CURVE((1.,0.974927912181824,1.,0.974927912181824,1.))
REPRESENTATION_ITEM('')
);
#606=(
BOUNDED_CURVE()
B_SPLINE_CURVE(2,(#7460,#7461,#7462,#7463,#7464),.UNSPECIFIED.,.F.,.F.)
B_SPLINE_CURVE_WITH_KNOTS((3,2,3),(0.,0.5,1.),.PIECEWISE_BEZIER_KNOTS.)
CURVE()
GEOMETRIC_REPRESENTATION_ITEM()
RATIONAL_B_SPLINE_CURVE((1.,0.974927912181824,1.,0.974927912181824,1.))
REPRESENTATION_ITEM('')
);
#607=(
BOUNDED_CURVE()
B_SPLINE_CURVE(2,(#7474,#7475,#7476,#7477,#7478),.UNSPECIFIED.,.F.,.F.)
B_SPLINE_CURVE_WITH_KNOTS((3,2,3),(0.,0.5,1.),.PIECEWISE_BEZIER_KNOTS.)
CURVE()
GEOMETRIC_REPRESENTATION_ITEM()
RATIONAL_B_SPLINE_CURVE((1.,0.974927912181824,1.,0.974927912181824,1.))
REPRESENTATION_ITEM('')
);
#608=(
BOUNDED_CURVE()
B_SPLINE_CURVE(2,(#7480,#7481,#7482,#7483,#7484),.UNSPECIFIED.,.F.,.F.)
B_SPLINE_CURVE_WITH_KNOTS((3,2,3),(0.,0.5,1.),.PIECEWISE_BEZIER_KNOTS.)
CURVE()
GEOMETRIC_REPRESENTATION_ITEM()
RATIONAL_B_SPLINE_CURVE((1.,0.974927912181824,1.,0.974927912181824,1.))
REPRESENTATION_ITEM('')
);
#609=(
BOUNDED_CURVE()
B_SPLINE_CURVE(2,(#7489,#7490,#7491,#7492,#7493),.UNSPECIFIED.,.F.,.F.)
B_SPLINE_CURVE_WITH_KNOTS((3,2,3),(0.,0.5,1.),.PIECEWISE_BEZIER_KNOTS.)
CURVE()
GEOMETRIC_REPRESENTATION_ITEM()
RATIONAL_B_SPLINE_CURVE((1.,0.974927912181824,1.,0.974927912181824,1.))
REPRESENTATION_ITEM('')
);
#610=(
BOUNDED_CURVE()
B_SPLINE_CURVE(2,(#7495,#7496,#7497,#7498,#7499),.UNSPECIFIED.,.F.,.F.)
B_SPLINE_CURVE_WITH_KNOTS((3,2,3),(0.,0.5,1.),.PIECEWISE_BEZIER_KNOTS.)
CURVE()
GEOMETRIC_REPRESENTATION_ITEM()
RATIONAL_B_SPLINE_CURVE((1.,0.974927912181824,1.,0.974927912181824,1.))
REPRESENTATION_ITEM('')
);
#611=(
BOUNDED_CURVE()
B_SPLINE_CURVE(2,(#7511,#7512,#7513,#7514,#7515),.UNSPECIFIED.,.F.,.F.)
B_SPLINE_CURVE_WITH_KNOTS((3,2,3),(0.,0.5,1.),.UNSPECIFIED.)
CURVE()
GEOMETRIC_REPRESENTATION_ITEM()
RATIONAL_B_SPLINE_CURVE((1.,0.974927912181824,1.,0.974927912181824,1.))
REPRESENTATION_ITEM('')
);
#612=(
BOUNDED_CURVE()
B_SPLINE_CURVE(2,(#7537,#7538,#7539,#7540,#7541),.UNSPECIFIED.,.F.,.F.)
B_SPLINE_CURVE_WITH_KNOTS((3,2,3),(0.,0.5,1.),.PIECEWISE_BEZIER_KNOTS.)
CURVE()
GEOMETRIC_REPRESENTATION_ITEM()
RATIONAL_B_SPLINE_CURVE((1.,0.974927912181824,1.,0.974927912181824,1.))
REPRESENTATION_ITEM('')
);
#613=(
BOUNDED_CURVE()
B_SPLINE_CURVE(2,(#7551,#7552,#7553,#7554,#7555),.UNSPECIFIED.,.F.,.F.)
B_SPLINE_CURVE_WITH_KNOTS((3,2,3),(0.,0.5,1.),.PIECEWISE_BEZIER_KNOTS.)
CURVE()
GEOMETRIC_REPRESENTATION_ITEM()
RATIONAL_B_SPLINE_CURVE((1.,0.974927912181824,1.,0.974927912181824,1.))
REPRESENTATION_ITEM('')
);
#614=(
BOUNDED_CURVE()
B_SPLINE_CURVE(2,(#7557,#7558,#7559,#7560,#7561),.UNSPECIFIED.,.F.,.F.)
B_SPLINE_CURVE_WITH_KNOTS((3,2,3),(0.,0.5,1.),.PIECEWISE_BEZIER_KNOTS.)
CURVE()
GEOMETRIC_REPRESENTATION_ITEM()
RATIONAL_B_SPLINE_CURVE((1.,0.974927912181824,1.,0.974927912181824,1.))
REPRESENTATION_ITEM('')
);
#615=(
BOUNDED_CURVE()
B_SPLINE_CURVE(2,(#7566,#7567,#7568,#7569,#7570),.UNSPECIFIED.,.F.,.F.)
B_SPLINE_CURVE_WITH_KNOTS((3,2,3),(0.,0.5,1.),.PIECEWISE_BEZIER_KNOTS.)
CURVE()
GEOMETRIC_REPRESENTATION_ITEM()
RATIONAL_B_SPLINE_CURVE((1.,0.974927912181824,1.,0.974927912181824,1.))
REPRESENTATION_ITEM('')
);
#616=(
BOUNDED_CURVE()
B_SPLINE_CURVE(2,(#7572,#7573,#7574,#7575,#7576),.UNSPECIFIED.,.F.,.F.)
B_SPLINE_CURVE_WITH_KNOTS((3,2,3),(0.,0.5,1.),.PIECEWISE_BEZIER_KNOTS.)
CURVE()
GEOMETRIC_REPRESENTATION_ITEM()
RATIONAL_B_SPLINE_CURVE((1.,0.974927912181824,1.,0.974927912181824,1.))
REPRESENTATION_ITEM('')
);
#617=(
BOUNDED_CURVE()
B_SPLINE_CURVE(2,(#7588,#7589,#7590,#7591,#7592),.UNSPECIFIED.,.F.,.F.)
B_SPLINE_CURVE_WITH_KNOTS((3,2,3),(0.,0.5,1.),.UNSPECIFIED.)
CURVE()
GEOMETRIC_REPRESENTATION_ITEM()
RATIONAL_B_SPLINE_CURVE((1.,0.974927912181824,1.,0.974927912181824,1.))
REPRESENTATION_ITEM('')
);
#618=(
BOUNDED_CURVE()
B_SPLINE_CURVE(2,(#7614,#7615,#7616,#7617,#7618),.UNSPECIFIED.,.F.,.F.)
B_SPLINE_CURVE_WITH_KNOTS((3,2,3),(0.,0.5,1.),.PIECEWISE_BEZIER_KNOTS.)
CURVE()
GEOMETRIC_REPRESENTATION_ITEM()
RATIONAL_B_SPLINE_CURVE((1.,0.974927912181824,1.,0.974927912181824,1.))
REPRESENTATION_ITEM('')
);
#619=(
BOUNDED_CURVE()
B_SPLINE_CURVE(2,(#7628,#7629,#7630,#7631,#7632),.UNSPECIFIED.,.F.,.F.)
B_SPLINE_CURVE_WITH_KNOTS((3,2,3),(0.,0.5,1.),.PIECEWISE_BEZIER_KNOTS.)
CURVE()
GEOMETRIC_REPRESENTATION_ITEM()
RATIONAL_B_SPLINE_CURVE((1.,0.974927912181824,1.,0.974927912181824,1.))
REPRESENTATION_ITEM('')
);
#620=(
BOUNDED_CURVE()
B_SPLINE_CURVE(2,(#7634,#7635,#7636,#7637,#7638),.UNSPECIFIED.,.F.,.F.)
B_SPLINE_CURVE_WITH_KNOTS((3,2,3),(0.,0.5,1.),.PIECEWISE_BEZIER_KNOTS.)
CURVE()
GEOMETRIC_REPRESENTATION_ITEM()
RATIONAL_B_SPLINE_CURVE((1.,0.974927912181824,1.,0.974927912181824,1.))
REPRESENTATION_ITEM('')
);
#621=(
BOUNDED_CURVE()
B_SPLINE_CURVE(2,(#7643,#7644,#7645,#7646,#7647),.UNSPECIFIED.,.F.,.F.)
B_SPLINE_CURVE_WITH_KNOTS((3,2,3),(0.,0.5,1.),.PIECEWISE_BEZIER_KNOTS.)
CURVE()
GEOMETRIC_REPRESENTATION_ITEM()
RATIONAL_B_SPLINE_CURVE((1.,0.974927912181824,1.,0.974927912181824,1.))
REPRESENTATION_ITEM('')
);
#622=(
BOUNDED_CURVE()
B_SPLINE_CURVE(2,(#7649,#7650,#7651,#7652,#7653),.UNSPECIFIED.,.F.,.F.)
B_SPLINE_CURVE_WITH_KNOTS((3,2,3),(0.,0.5,1.),.PIECEWISE_BEZIER_KNOTS.)
CURVE()
GEOMETRIC_REPRESENTATION_ITEM()
RATIONAL_B_SPLINE_CURVE((1.,0.974927912181824,1.,0.974927912181824,1.))
REPRESENTATION_ITEM('')
);
#623=(
BOUNDED_CURVE()
B_SPLINE_CURVE(2,(#7665,#7666,#7667,#7668,#7669),.UNSPECIFIED.,.F.,.F.)
B_SPLINE_CURVE_WITH_KNOTS((3,2,3),(0.,0.5,1.),.UNSPECIFIED.)
CURVE()
GEOMETRIC_REPRESENTATION_ITEM()
RATIONAL_B_SPLINE_CURVE((1.,0.974927912181824,1.,0.974927912181824,1.))
REPRESENTATION_ITEM('')
);
#624=(
BOUNDED_CURVE()
B_SPLINE_CURVE(2,(#7691,#7692,#7693,#7694,#7695),.UNSPECIFIED.,.F.,.F.)
B_SPLINE_CURVE_WITH_KNOTS((3,2,3),(0.,0.5,1.),.PIECEWISE_BEZIER_KNOTS.)
CURVE()
GEOMETRIC_REPRESENTATION_ITEM()
RATIONAL_B_SPLINE_CURVE((1.,0.974927912181824,1.,0.974927912181824,1.))
REPRESENTATION_ITEM('')
);
#625=(
BOUNDED_CURVE()
B_SPLINE_CURVE(2,(#7705,#7706,#7707,#7708,#7709),.UNSPECIFIED.,.F.,.F.)
B_SPLINE_CURVE_WITH_KNOTS((3,2,3),(0.,0.5,1.),.PIECEWISE_BEZIER_KNOTS.)
CURVE()
GEOMETRIC_REPRESENTATION_ITEM()
RATIONAL_B_SPLINE_CURVE((1.,0.974927912181824,1.,0.974927912181824,1.))
REPRESENTATION_ITEM('')
);
#626=(
BOUNDED_CURVE()
B_SPLINE_CURVE(2,(#7711,#7712,#7713,#7714,#7715),.UNSPECIFIED.,.F.,.F.)
B_SPLINE_CURVE_WITH_KNOTS((3,2,3),(0.,0.5,1.),.PIECEWISE_BEZIER_KNOTS.)
CURVE()
GEOMETRIC_REPRESENTATION_ITEM()
RATIONAL_B_SPLINE_CURVE((1.,0.974927912181824,1.,0.974927912181824,1.))
REPRESENTATION_ITEM('')
);
#627=(
BOUNDED_CURVE()
B_SPLINE_CURVE(2,(#7720,#7721,#7722,#7723,#7724),.UNSPECIFIED.,.F.,.F.)
B_SPLINE_CURVE_WITH_KNOTS((3,2,3),(0.,0.5,1.),.PIECEWISE_BEZIER_KNOTS.)
CURVE()
GEOMETRIC_REPRESENTATION_ITEM()
RATIONAL_B_SPLINE_CURVE((1.,0.974927912181824,1.,0.974927912181824,1.))
REPRESENTATION_ITEM('')
);
#628=(
BOUNDED_CURVE()
B_SPLINE_CURVE(2,(#7726,#7727,#7728,#7729,#7730),.UNSPECIFIED.,.F.,.F.)
B_SPLINE_CURVE_WITH_KNOTS((3,2,3),(0.,0.5,1.),.PIECEWISE_BEZIER_KNOTS.)
CURVE()
GEOMETRIC_REPRESENTATION_ITEM()
RATIONAL_B_SPLINE_CURVE((1.,0.974927912181824,1.,0.974927912181824,1.))
REPRESENTATION_ITEM('')
);
#629=(
BOUNDED_CURVE()
B_SPLINE_CURVE(2,(#7742,#7743,#7744,#7745,#7746),.UNSPECIFIED.,.F.,.F.)
B_SPLINE_CURVE_WITH_KNOTS((3,2,3),(0.,0.5,1.),.UNSPECIFIED.)
CURVE()
GEOMETRIC_REPRESENTATION_ITEM()
RATIONAL_B_SPLINE_CURVE((1.,0.974927912181824,1.,0.974927912181824,1.))
REPRESENTATION_ITEM('')
);
#630=(
BOUNDED_CURVE()
B_SPLINE_CURVE(2,(#7768,#7769,#7770,#7771,#7772),.UNSPECIFIED.,.F.,.F.)
B_SPLINE_CURVE_WITH_KNOTS((3,2,3),(0.,0.5,1.),.PIECEWISE_BEZIER_KNOTS.)
CURVE()
GEOMETRIC_REPRESENTATION_ITEM()
RATIONAL_B_SPLINE_CURVE((1.,0.974927912181824,1.,0.974927912181824,1.))
REPRESENTATION_ITEM('')
);
#631=(
BOUNDED_CURVE()
B_SPLINE_CURVE(2,(#7782,#7783,#7784,#7785,#7786),.UNSPECIFIED.,.F.,.F.)
B_SPLINE_CURVE_WITH_KNOTS((3,2,3),(0.,0.5,1.),.PIECEWISE_BEZIER_KNOTS.)
CURVE()
GEOMETRIC_REPRESENTATION_ITEM()
RATIONAL_B_SPLINE_CURVE((1.,0.974927912181824,1.,0.974927912181824,1.))
REPRESENTATION_ITEM('')
);
#632=(
BOUNDED_CURVE()
B_SPLINE_CURVE(2,(#7788,#7789,#7790,#7791,#7792),.UNSPECIFIED.,.F.,.F.)
B_SPLINE_CURVE_WITH_KNOTS((3,2,3),(0.,0.5,1.),.PIECEWISE_BEZIER_KNOTS.)
CURVE()
GEOMETRIC_REPRESENTATION_ITEM()
RATIONAL_B_SPLINE_CURVE((1.,0.974927912181824,1.,0.974927912181824,1.))
REPRESENTATION_ITEM('')
);
#633=(
BOUNDED_CURVE()
B_SPLINE_CURVE(2,(#7797,#7798,#7799,#7800,#7801),.UNSPECIFIED.,.F.,.F.)
B_SPLINE_CURVE_WITH_KNOTS((3,2,3),(0.,0.5,1.),.PIECEWISE_BEZIER_KNOTS.)
CURVE()
GEOMETRIC_REPRESENTATION_ITEM()
RATIONAL_B_SPLINE_CURVE((1.,0.974927912181824,1.,0.974927912181824,1.))
REPRESENTATION_ITEM('')
);
#634=(
BOUNDED_CURVE()
B_SPLINE_CURVE(2,(#7803,#7804,#7805,#7806,#7807),.UNSPECIFIED.,.F.,.F.)
B_SPLINE_CURVE_WITH_KNOTS((3,2,3),(0.,0.5,1.),.PIECEWISE_BEZIER_KNOTS.)
CURVE()
GEOMETRIC_REPRESENTATION_ITEM()
RATIONAL_B_SPLINE_CURVE((1.,0.974927912181824,1.,0.974927912181824,1.))
REPRESENTATION_ITEM('')
);
#635=(
BOUNDED_CURVE()
B_SPLINE_CURVE(2,(#7819,#7820,#7821,#7822,#7823),.UNSPECIFIED.,.F.,.F.)
B_SPLINE_CURVE_WITH_KNOTS((3,2,3),(0.,0.5,1.),.UNSPECIFIED.)
CURVE()
GEOMETRIC_REPRESENTATION_ITEM()
RATIONAL_B_SPLINE_CURVE((1.,0.974927912181824,1.,0.974927912181824,1.))
REPRESENTATION_ITEM('')
);
#636=(
BOUNDED_CURVE()
B_SPLINE_CURVE(2,(#7845,#7846,#7847,#7848,#7849),.UNSPECIFIED.,.F.,.F.)
B_SPLINE_CURVE_WITH_KNOTS((3,2,3),(0.,0.5,1.),.PIECEWISE_BEZIER_KNOTS.)
CURVE()
GEOMETRIC_REPRESENTATION_ITEM()
RATIONAL_B_SPLINE_CURVE((1.,0.974927912181824,1.,0.974927912181824,1.))
REPRESENTATION_ITEM('')
);
#637=(
BOUNDED_CURVE()
B_SPLINE_CURVE(2,(#7859,#7860,#7861,#7862,#7863),.UNSPECIFIED.,.F.,.F.)
B_SPLINE_CURVE_WITH_KNOTS((3,2,3),(0.,0.5,1.),.PIECEWISE_BEZIER_KNOTS.)
CURVE()
GEOMETRIC_REPRESENTATION_ITEM()
RATIONAL_B_SPLINE_CURVE((1.,0.974927912181824,1.,0.974927912181824,1.))
REPRESENTATION_ITEM('')
);
#638=(
BOUNDED_CURVE()
B_SPLINE_CURVE(2,(#7865,#7866,#7867,#7868,#7869),.UNSPECIFIED.,.F.,.F.)
B_SPLINE_CURVE_WITH_KNOTS((3,2,3),(0.,0.5,1.),.PIECEWISE_BEZIER_KNOTS.)
CURVE()
GEOMETRIC_REPRESENTATION_ITEM()
RATIONAL_B_SPLINE_CURVE((1.,0.974927912181824,1.,0.974927912181824,1.))
REPRESENTATION_ITEM('')
);
#639=(
BOUNDED_CURVE()
B_SPLINE_CURVE(2,(#7874,#7875,#7876,#7877,#7878),.UNSPECIFIED.,.F.,.F.)
B_SPLINE_CURVE_WITH_KNOTS((3,2,3),(0.,0.5,1.),.PIECEWISE_BEZIER_KNOTS.)
CURVE()
GEOMETRIC_REPRESENTATION_ITEM()
RATIONAL_B_SPLINE_CURVE((1.,0.974927912181824,1.,0.974927912181824,1.))
REPRESENTATION_ITEM('')
);
#640=(
BOUNDED_CURVE()
B_SPLINE_CURVE(2,(#7880,#7881,#7882,#7883,#7884),.UNSPECIFIED.,.F.,.F.)
B_SPLINE_CURVE_WITH_KNOTS((3,2,3),(0.,0.5,1.),.PIECEWISE_BEZIER_KNOTS.)
CURVE()
GEOMETRIC_REPRESENTATION_ITEM()
RATIONAL_B_SPLINE_CURVE((1.,0.974927912181824,1.,0.974927912181824,1.))
REPRESENTATION_ITEM('')
);
#641=(
BOUNDED_CURVE()
B_SPLINE_CURVE(2,(#7896,#7897,#7898,#7899,#7900),.UNSPECIFIED.,.F.,.F.)
B_SPLINE_CURVE_WITH_KNOTS((3,2,3),(0.,0.5,1.),.UNSPECIFIED.)
CURVE()
GEOMETRIC_REPRESENTATION_ITEM()
RATIONAL_B_SPLINE_CURVE((1.,0.974927912181824,1.,0.974927912181824,1.))
REPRESENTATION_ITEM('')
);
#642=(
BOUNDED_CURVE()
B_SPLINE_CURVE(2,(#7922,#7923,#7924,#7925,#7926),.UNSPECIFIED.,.F.,.F.)
B_SPLINE_CURVE_WITH_KNOTS((3,2,3),(0.,0.5,1.),.PIECEWISE_BEZIER_KNOTS.)
CURVE()
GEOMETRIC_REPRESENTATION_ITEM()
RATIONAL_B_SPLINE_CURVE((1.,0.974927912181824,1.,0.974927912181824,1.))
REPRESENTATION_ITEM('')
);
#643=(
BOUNDED_CURVE()
B_SPLINE_CURVE(2,(#7936,#7937,#7938,#7939,#7940),.UNSPECIFIED.,.F.,.F.)
B_SPLINE_CURVE_WITH_KNOTS((3,2,3),(0.,0.5,1.),.PIECEWISE_BEZIER_KNOTS.)
CURVE()
GEOMETRIC_REPRESENTATION_ITEM()
RATIONAL_B_SPLINE_CURVE((1.,0.974927912181824,1.,0.974927912181824,1.))
REPRESENTATION_ITEM('')
);
#644=(
BOUNDED_CURVE()
B_SPLINE_CURVE(2,(#7942,#7943,#7944,#7945,#7946),.UNSPECIFIED.,.F.,.F.)
B_SPLINE_CURVE_WITH_KNOTS((3,2,3),(0.,0.5,1.),.PIECEWISE_BEZIER_KNOTS.)
CURVE()
GEOMETRIC_REPRESENTATION_ITEM()
RATIONAL_B_SPLINE_CURVE((1.,0.974927912181824,1.,0.974927912181824,1.))
REPRESENTATION_ITEM('')
);
#645=(
BOUNDED_CURVE()
B_SPLINE_CURVE(2,(#7951,#7952,#7953,#7954,#7955),.UNSPECIFIED.,.F.,.F.)
B_SPLINE_CURVE_WITH_KNOTS((3,2,3),(0.,0.5,1.),.PIECEWISE_BEZIER_KNOTS.)
CURVE()
GEOMETRIC_REPRESENTATION_ITEM()
RATIONAL_B_SPLINE_CURVE((1.,0.974927912181824,1.,0.974927912181824,1.))
REPRESENTATION_ITEM('')
);
#646=(
BOUNDED_CURVE()
B_SPLINE_CURVE(2,(#7957,#7958,#7959,#7960,#7961),.UNSPECIFIED.,.F.,.F.)
B_SPLINE_CURVE_WITH_KNOTS((3,2,3),(0.,0.5,1.),.PIECEWISE_BEZIER_KNOTS.)
CURVE()
GEOMETRIC_REPRESENTATION_ITEM()
RATIONAL_B_SPLINE_CURVE((1.,0.974927912181824,1.,0.974927912181824,1.))
REPRESENTATION_ITEM('')
);
#647=(
BOUNDED_CURVE()
B_SPLINE_CURVE(2,(#7973,#7974,#7975,#7976,#7977),.UNSPECIFIED.,.F.,.F.)
B_SPLINE_CURVE_WITH_KNOTS((3,2,3),(0.,0.5,1.),.UNSPECIFIED.)
CURVE()
GEOMETRIC_REPRESENTATION_ITEM()
RATIONAL_B_SPLINE_CURVE((1.,0.974927912181824,1.,0.974927912181824,1.))
REPRESENTATION_ITEM('')
);
#648=(
BOUNDED_CURVE()
B_SPLINE_CURVE(2,(#7999,#8000,#8001,#8002,#8003),.UNSPECIFIED.,.F.,.F.)
B_SPLINE_CURVE_WITH_KNOTS((3,2,3),(0.,0.5,1.),.PIECEWISE_BEZIER_KNOTS.)
CURVE()
GEOMETRIC_REPRESENTATION_ITEM()
RATIONAL_B_SPLINE_CURVE((1.,0.974927912181824,1.,0.974927912181824,1.))
REPRESENTATION_ITEM('')
);
#649=(
BOUNDED_CURVE()
B_SPLINE_CURVE(2,(#8013,#8014,#8015,#8016,#8017),.UNSPECIFIED.,.F.,.F.)
B_SPLINE_CURVE_WITH_KNOTS((3,2,3),(0.,0.5,1.),.PIECEWISE_BEZIER_KNOTS.)
CURVE()
GEOMETRIC_REPRESENTATION_ITEM()
RATIONAL_B_SPLINE_CURVE((1.,0.974927912181824,1.,0.974927912181824,1.))
REPRESENTATION_ITEM('')
);
#650=(
BOUNDED_CURVE()
B_SPLINE_CURVE(2,(#8019,#8020,#8021,#8022,#8023),.UNSPECIFIED.,.F.,.F.)
B_SPLINE_CURVE_WITH_KNOTS((3,2,3),(0.,0.5,1.),.PIECEWISE_BEZIER_KNOTS.)
CURVE()
GEOMETRIC_REPRESENTATION_ITEM()
RATIONAL_B_SPLINE_CURVE((1.,0.974927912181824,1.,0.974927912181824,1.))
REPRESENTATION_ITEM('')
);
#651=(
BOUNDED_CURVE()
B_SPLINE_CURVE(2,(#8028,#8029,#8030,#8031,#8032),.UNSPECIFIED.,.F.,.F.)
B_SPLINE_CURVE_WITH_KNOTS((3,2,3),(0.,0.5,1.),.PIECEWISE_BEZIER_KNOTS.)
CURVE()
GEOMETRIC_REPRESENTATION_ITEM()
RATIONAL_B_SPLINE_CURVE((1.,0.974927912181824,1.,0.974927912181824,1.))
REPRESENTATION_ITEM('')
);
#652=(
BOUNDED_CURVE()
B_SPLINE_CURVE(2,(#8034,#8035,#8036,#8037,#8038),.UNSPECIFIED.,.F.,.F.)
B_SPLINE_CURVE_WITH_KNOTS((3,2,3),(0.,0.5,1.),.PIECEWISE_BEZIER_KNOTS.)
CURVE()
GEOMETRIC_REPRESENTATION_ITEM()
RATIONAL_B_SPLINE_CURVE((1.,0.974927912181824,1.,0.974927912181824,1.))
REPRESENTATION_ITEM('')
);
#653=(
BOUNDED_CURVE()
B_SPLINE_CURVE(2,(#8050,#8051,#8052,#8053,#8054),.UNSPECIFIED.,.F.,.F.)
B_SPLINE_CURVE_WITH_KNOTS((3,2,3),(0.,0.5,1.),.UNSPECIFIED.)
CURVE()
GEOMETRIC_REPRESENTATION_ITEM()
RATIONAL_B_SPLINE_CURVE((1.,0.974927912181824,1.,0.974927912181824,1.))
REPRESENTATION_ITEM('')
);
#654=(
BOUNDED_CURVE()
B_SPLINE_CURVE(2,(#8076,#8077,#8078,#8079,#8080),.UNSPECIFIED.,.F.,.F.)
B_SPLINE_CURVE_WITH_KNOTS((3,2,3),(0.,0.5,1.),.PIECEWISE_BEZIER_KNOTS.)
CURVE()
GEOMETRIC_REPRESENTATION_ITEM()
RATIONAL_B_SPLINE_CURVE((1.,0.974927912181824,1.,0.974927912181824,1.))
REPRESENTATION_ITEM('')
);
#655=(
BOUNDED_CURVE()
B_SPLINE_CURVE(2,(#8090,#8091,#8092,#8093,#8094),.UNSPECIFIED.,.F.,.F.)
B_SPLINE_CURVE_WITH_KNOTS((3,2,3),(0.,0.5,1.),.PIECEWISE_BEZIER_KNOTS.)
CURVE()
GEOMETRIC_REPRESENTATION_ITEM()
RATIONAL_B_SPLINE_CURVE((1.,0.974927912181824,1.,0.974927912181824,1.))
REPRESENTATION_ITEM('')
);
#656=(
BOUNDED_CURVE()
B_SPLINE_CURVE(2,(#8096,#8097,#8098,#8099,#8100),.UNSPECIFIED.,.F.,.F.)
B_SPLINE_CURVE_WITH_KNOTS((3,2,3),(0.,0.5,1.),.PIECEWISE_BEZIER_KNOTS.)
CURVE()
GEOMETRIC_REPRESENTATION_ITEM()
RATIONAL_B_SPLINE_CURVE((1.,0.974927912181824,1.,0.974927912181824,1.))
REPRESENTATION_ITEM('')
);
#657=(
BOUNDED_CURVE()
B_SPLINE_CURVE(2,(#8105,#8106,#8107,#8108,#8109),.UNSPECIFIED.,.F.,.F.)
B_SPLINE_CURVE_WITH_KNOTS((3,2,3),(0.,0.5,1.),.PIECEWISE_BEZIER_KNOTS.)
CURVE()
GEOMETRIC_REPRESENTATION_ITEM()
RATIONAL_B_SPLINE_CURVE((1.,0.974927912181824,1.,0.974927912181824,1.))
REPRESENTATION_ITEM('')
);
#658=(
BOUNDED_CURVE()
B_SPLINE_CURVE(2,(#8111,#8112,#8113,#8114,#8115),.UNSPECIFIED.,.F.,.F.)
B_SPLINE_CURVE_WITH_KNOTS((3,2,3),(0.,0.5,1.),.PIECEWISE_BEZIER_KNOTS.)
CURVE()
GEOMETRIC_REPRESENTATION_ITEM()
RATIONAL_B_SPLINE_CURVE((1.,0.974927912181824,1.,0.974927912181824,1.))
REPRESENTATION_ITEM('')
);
#659=(
BOUNDED_CURVE()
B_SPLINE_CURVE(2,(#8132,#8133,#8134,#8135,#8136),.UNSPECIFIED.,.F.,.F.)
B_SPLINE_CURVE_WITH_KNOTS((3,2,3),(0.,0.5,1.),.UNSPECIFIED.)
CURVE()
GEOMETRIC_REPRESENTATION_ITEM()
RATIONAL_B_SPLINE_CURVE((1.,0.974927912181824,1.,0.974927912181824,1.))
REPRESENTATION_ITEM('')
);
#660=(
BOUNDED_CURVE()
B_SPLINE_CURVE(2,(#8152,#8153,#8154,#8155,#8156),.UNSPECIFIED.,.F.,.F.)
B_SPLINE_CURVE_WITH_KNOTS((3,2,3),(0.,0.5,1.),.PIECEWISE_BEZIER_KNOTS.)
CURVE()
GEOMETRIC_REPRESENTATION_ITEM()
RATIONAL_B_SPLINE_CURVE((1.,0.974927912181824,1.,0.974927912181824,1.))
REPRESENTATION_ITEM('')
);
#661=(
BOUNDED_CURVE()
B_SPLINE_CURVE(2,(#8178,#8179,#8180,#8181,#8182),.UNSPECIFIED.,.F.,.F.)
B_SPLINE_CURVE_WITH_KNOTS((3,2,3),(0.,0.5,1.),.PIECEWISE_BEZIER_KNOTS.)
CURVE()
GEOMETRIC_REPRESENTATION_ITEM()
RATIONAL_B_SPLINE_CURVE((1.,0.974927912181824,1.,0.974927912181824,1.))
REPRESENTATION_ITEM('')
);
#662=(
BOUNDED_CURVE()
B_SPLINE_CURVE(2,(#8189,#8190,#8191,#8192,#8193),.UNSPECIFIED.,.F.,.F.)
B_SPLINE_CURVE_WITH_KNOTS((3,2,3),(0.,0.5,1.),.UNSPECIFIED.)
CURVE()
GEOMETRIC_REPRESENTATION_ITEM()
RATIONAL_B_SPLINE_CURVE((1.,0.974927912181824,1.,0.974927912181824,1.))
REPRESENTATION_ITEM('')
);
#663=(
BOUNDED_CURVE()
B_SPLINE_CURVE(2,(#8223,#8224,#8225,#8226,#8227),.UNSPECIFIED.,.F.,.F.)
B_SPLINE_CURVE_WITH_KNOTS((3,2,3),(0.,0.5,1.),.UNSPECIFIED.)
CURVE()
GEOMETRIC_REPRESENTATION_ITEM()
RATIONAL_B_SPLINE_CURVE((1.,0.974927912181824,1.,0.974927912181824,1.))
REPRESENTATION_ITEM('')
);
#664=(
BOUNDED_CURVE()
B_SPLINE_CURVE(2,(#8243,#8244,#8245,#8246,#8247),.UNSPECIFIED.,.F.,.F.)
B_SPLINE_CURVE_WITH_KNOTS((3,2,3),(0.,0.5,1.),.PIECEWISE_BEZIER_KNOTS.)
CURVE()
GEOMETRIC_REPRESENTATION_ITEM()
RATIONAL_B_SPLINE_CURVE((1.,0.974927912181824,1.,0.974927912181824,1.))
REPRESENTATION_ITEM('')
);
#665=(
BOUNDED_CURVE()
B_SPLINE_CURVE(2,(#8269,#8270,#8271,#8272,#8273),.UNSPECIFIED.,.F.,.F.)
B_SPLINE_CURVE_WITH_KNOTS((3,2,3),(0.,0.5,1.),.PIECEWISE_BEZIER_KNOTS.)
CURVE()
GEOMETRIC_REPRESENTATION_ITEM()
RATIONAL_B_SPLINE_CURVE((1.,0.974927912181824,1.,0.974927912181824,1.))
REPRESENTATION_ITEM('')
);
#666=(
BOUNDED_CURVE()
B_SPLINE_CURVE(2,(#8280,#8281,#8282,#8283,#8284),.UNSPECIFIED.,.F.,.F.)
B_SPLINE_CURVE_WITH_KNOTS((3,2,3),(0.,0.5,1.),.UNSPECIFIED.)
CURVE()
GEOMETRIC_REPRESENTATION_ITEM()
RATIONAL_B_SPLINE_CURVE((1.,0.974927912181824,1.,0.974927912181824,1.))
REPRESENTATION_ITEM('')
);
#667=(
BOUNDED_CURVE()
B_SPLINE_CURVE(2,(#8314,#8315,#8316,#8317,#8318),.UNSPECIFIED.,.F.,.F.)
B_SPLINE_CURVE_WITH_KNOTS((3,2,3),(0.,0.5,1.),.UNSPECIFIED.)
CURVE()
GEOMETRIC_REPRESENTATION_ITEM()
RATIONAL_B_SPLINE_CURVE((1.,0.974927912181824,1.,0.974927912181824,1.))
REPRESENTATION_ITEM('')
);
#668=(
BOUNDED_CURVE()
B_SPLINE_CURVE(2,(#8324,#8325,#8326,#8327,#8328),.UNSPECIFIED.,.F.,.F.)
B_SPLINE_CURVE_WITH_KNOTS((3,2,3),(0.,0.5,1.),.PIECEWISE_BEZIER_KNOTS.)
CURVE()
GEOMETRIC_REPRESENTATION_ITEM()
RATIONAL_B_SPLINE_CURVE((1.,0.974927912181824,1.,0.974927912181824,1.))
REPRESENTATION_ITEM('')
);
#669=(
BOUNDED_CURVE()
B_SPLINE_CURVE(2,(#8355,#8356,#8357,#8358,#8359),.UNSPECIFIED.,.F.,.F.)
B_SPLINE_CURVE_WITH_KNOTS((3,2,3),(0.,0.5,1.),.UNSPECIFIED.)
CURVE()
GEOMETRIC_REPRESENTATION_ITEM()
RATIONAL_B_SPLINE_CURVE((1.,0.974927912181824,1.,0.974927912181824,1.))
REPRESENTATION_ITEM('')
);
#670=(
BOUNDED_CURVE()
B_SPLINE_CURVE(2,(#8365,#8366,#8367,#8368,#8369),.UNSPECIFIED.,.F.,.F.)
B_SPLINE_CURVE_WITH_KNOTS((3,2,3),(0.,0.5,1.),.PIECEWISE_BEZIER_KNOTS.)
CURVE()
GEOMETRIC_REPRESENTATION_ITEM()
RATIONAL_B_SPLINE_CURVE((1.,0.974927912181824,1.,0.974927912181824,1.))
REPRESENTATION_ITEM('')
);
#671=(
BOUNDED_CURVE()
B_SPLINE_CURVE(2,(#8410,#8411,#8412,#8413,#8414),.UNSPECIFIED.,.F.,.F.)
B_SPLINE_CURVE_WITH_KNOTS((3,2,3),(0.,0.5,1.),.PIECEWISE_BEZIER_KNOTS.)
CURVE()
GEOMETRIC_REPRESENTATION_ITEM()
RATIONAL_B_SPLINE_CURVE((1.,0.974927912181824,1.,0.974927912181824,1.))
REPRESENTATION_ITEM('')
);
#672=(
BOUNDED_CURVE()
B_SPLINE_CURVE(2,(#8421,#8422,#8423,#8424,#8425),.UNSPECIFIED.,.F.,.F.)
B_SPLINE_CURVE_WITH_KNOTS((3,2,3),(0.,0.5,1.),.UNSPECIFIED.)
CURVE()
GEOMETRIC_REPRESENTATION_ITEM()
RATIONAL_B_SPLINE_CURVE((1.,0.974927912181824,1.,0.974927912181824,1.))
REPRESENTATION_ITEM('')
);
#673=(
BOUNDED_CURVE()
B_SPLINE_CURVE(2,(#8455,#8456,#8457,#8458,#8459),.UNSPECIFIED.,.F.,.F.)
B_SPLINE_CURVE_WITH_KNOTS((3,2,3),(0.,0.5,1.),.UNSPECIFIED.)
CURVE()
GEOMETRIC_REPRESENTATION_ITEM()
RATIONAL_B_SPLINE_CURVE((1.,0.974927912181824,1.,0.974927912181824,1.))
REPRESENTATION_ITEM('')
);
#674=(
BOUNDED_CURVE()
B_SPLINE_CURVE(2,(#8465,#8466,#8467,#8468,#8469),.UNSPECIFIED.,.F.,.F.)
B_SPLINE_CURVE_WITH_KNOTS((3,2,3),(0.,0.5,1.),.PIECEWISE_BEZIER_KNOTS.)
CURVE()
GEOMETRIC_REPRESENTATION_ITEM()
RATIONAL_B_SPLINE_CURVE((1.,0.974927912181824,1.,0.974927912181824,1.))
REPRESENTATION_ITEM('')
);
#675=(
BOUNDED_CURVE()
B_SPLINE_CURVE(2,(#8495,#8496,#8497,#8498,#8499),.UNSPECIFIED.,.F.,.F.)
B_SPLINE_CURVE_WITH_KNOTS((3,2,3),(0.,0.5,1.),.UNSPECIFIED.)
CURVE()
GEOMETRIC_REPRESENTATION_ITEM()
RATIONAL_B_SPLINE_CURVE((1.,0.974927912181824,1.,0.974927912181824,1.))
REPRESENTATION_ITEM('')
);
#676=(
BOUNDED_CURVE()
B_SPLINE_CURVE(2,(#8505,#8506,#8507,#8508,#8509),.UNSPECIFIED.,.F.,.F.)
B_SPLINE_CURVE_WITH_KNOTS((3,2,3),(0.,0.5,1.),.PIECEWISE_BEZIER_KNOTS.)
CURVE()
GEOMETRIC_REPRESENTATION_ITEM()
RATIONAL_B_SPLINE_CURVE((1.,0.974927912181824,1.,0.974927912181824,1.))
REPRESENTATION_ITEM('')
);
#677=(
BOUNDED_CURVE()
B_SPLINE_CURVE(2,(#8545,#8546,#8547,#8548,#8549),.UNSPECIFIED.,.F.,.F.)
B_SPLINE_CURVE_WITH_KNOTS((3,2,3),(0.,0.5,1.),.PIECEWISE_BEZIER_KNOTS.)
CURVE()
GEOMETRIC_REPRESENTATION_ITEM()
RATIONAL_B_SPLINE_CURVE((1.,0.974927912181824,1.,0.974927912181824,1.))
REPRESENTATION_ITEM('')
);
#678=(
BOUNDED_CURVE()
B_SPLINE_CURVE(2,(#8556,#8557,#8558,#8559,#8560),.UNSPECIFIED.,.F.,.F.)
B_SPLINE_CURVE_WITH_KNOTS((3,2,3),(0.,0.5,1.),.UNSPECIFIED.)
CURVE()
GEOMETRIC_REPRESENTATION_ITEM()
RATIONAL_B_SPLINE_CURVE((1.,0.974927912181824,1.,0.974927912181824,1.))
REPRESENTATION_ITEM('')
);
#679=(
BOUNDED_CURVE()
B_SPLINE_CURVE(2,(#8590,#8591,#8592,#8593,#8594),.UNSPECIFIED.,.F.,.F.)
B_SPLINE_CURVE_WITH_KNOTS((3,2,3),(0.,0.5,1.),.UNSPECIFIED.)
CURVE()
GEOMETRIC_REPRESENTATION_ITEM()
RATIONAL_B_SPLINE_CURVE((1.,0.974927912181824,1.,0.974927912181824,1.))
REPRESENTATION_ITEM('')
);
#680=(
BOUNDED_CURVE()
B_SPLINE_CURVE(2,(#8600,#8601,#8602,#8603,#8604),.UNSPECIFIED.,.F.,.F.)
B_SPLINE_CURVE_WITH_KNOTS((3,2,3),(0.,0.5,1.),.PIECEWISE_BEZIER_KNOTS.)
CURVE()
GEOMETRIC_REPRESENTATION_ITEM()
RATIONAL_B_SPLINE_CURVE((1.,0.974927912181824,1.,0.974927912181824,1.))
REPRESENTATION_ITEM('')
);
#681=(
BOUNDED_CURVE()
B_SPLINE_CURVE(2,(#8630,#8631,#8632,#8633,#8634),.UNSPECIFIED.,.F.,.F.)
B_SPLINE_CURVE_WITH_KNOTS((3,2,3),(0.,0.5,1.),.UNSPECIFIED.)
CURVE()
GEOMETRIC_REPRESENTATION_ITEM()
RATIONAL_B_SPLINE_CURVE((1.,0.974927912181824,1.,0.974927912181824,1.))
REPRESENTATION_ITEM('')
);
#682=(
BOUNDED_CURVE()
B_SPLINE_CURVE(2,(#8640,#8641,#8642,#8643,#8644),.UNSPECIFIED.,.F.,.F.)
B_SPLINE_CURVE_WITH_KNOTS((3,2,3),(0.,0.5,1.),.PIECEWISE_BEZIER_KNOTS.)
CURVE()
GEOMETRIC_REPRESENTATION_ITEM()
RATIONAL_B_SPLINE_CURVE((1.,0.974927912181824,1.,0.974927912181824,1.))
REPRESENTATION_ITEM('')
);
#683=(
BOUNDED_CURVE()
B_SPLINE_CURVE(2,(#8680,#8681,#8682,#8683,#8684),.UNSPECIFIED.,.F.,.F.)
B_SPLINE_CURVE_WITH_KNOTS((3,2,3),(0.,0.5,1.),.PIECEWISE_BEZIER_KNOTS.)
CURVE()
GEOMETRIC_REPRESENTATION_ITEM()
RATIONAL_B_SPLINE_CURVE((1.,0.974927912181824,1.,0.974927912181824,1.))
REPRESENTATION_ITEM('')
);
#684=(
BOUNDED_CURVE()
B_SPLINE_CURVE(2,(#8691,#8692,#8693,#8694,#8695),.UNSPECIFIED.,.F.,.F.)
B_SPLINE_CURVE_WITH_KNOTS((3,2,3),(0.,0.5,1.),.UNSPECIFIED.)
CURVE()
GEOMETRIC_REPRESENTATION_ITEM()
RATIONAL_B_SPLINE_CURVE((1.,0.974927912181824,1.,0.974927912181824,1.))
REPRESENTATION_ITEM('')
);
#685=(
BOUNDED_CURVE()
B_SPLINE_CURVE(2,(#8725,#8726,#8727,#8728,#8729),.UNSPECIFIED.,.F.,.F.)
B_SPLINE_CURVE_WITH_KNOTS((3,2,3),(0.,0.5,1.),.UNSPECIFIED.)
CURVE()
GEOMETRIC_REPRESENTATION_ITEM()
RATIONAL_B_SPLINE_CURVE((1.,0.974927912181824,1.,0.974927912181824,1.))
REPRESENTATION_ITEM('')
);
#686=(
BOUNDED_CURVE()
B_SPLINE_CURVE(2,(#8735,#8736,#8737,#8738,#8739),.UNSPECIFIED.,.F.,.F.)
B_SPLINE_CURVE_WITH_KNOTS((3,2,3),(0.,0.5,1.),.PIECEWISE_BEZIER_KNOTS.)
CURVE()
GEOMETRIC_REPRESENTATION_ITEM()
RATIONAL_B_SPLINE_CURVE((1.,0.974927912181824,1.,0.974927912181824,1.))
REPRESENTATION_ITEM('')
);
#687=(
BOUNDED_CURVE()
B_SPLINE_CURVE(2,(#8765,#8766,#8767,#8768,#8769),.UNSPECIFIED.,.F.,.F.)
B_SPLINE_CURVE_WITH_KNOTS((3,2,3),(0.,0.5,1.),.UNSPECIFIED.)
CURVE()
GEOMETRIC_REPRESENTATION_ITEM()
RATIONAL_B_SPLINE_CURVE((1.,0.974927912181824,1.,0.974927912181824,1.))
REPRESENTATION_ITEM('')
);
#688=(
BOUNDED_CURVE()
B_SPLINE_CURVE(2,(#8775,#8776,#8777,#8778,#8779),.UNSPECIFIED.,.F.,.F.)
B_SPLINE_CURVE_WITH_KNOTS((3,2,3),(0.,0.5,1.),.PIECEWISE_BEZIER_KNOTS.)
CURVE()
GEOMETRIC_REPRESENTATION_ITEM()
RATIONAL_B_SPLINE_CURVE((1.,0.974927912181824,1.,0.974927912181824,1.))
REPRESENTATION_ITEM('')
);
#689=(
BOUNDED_CURVE()
B_SPLINE_CURVE(2,(#8815,#8816,#8817,#8818,#8819),.UNSPECIFIED.,.F.,.F.)
B_SPLINE_CURVE_WITH_KNOTS((3,2,3),(0.,0.5,1.),.PIECEWISE_BEZIER_KNOTS.)
CURVE()
GEOMETRIC_REPRESENTATION_ITEM()
RATIONAL_B_SPLINE_CURVE((1.,0.974927912181824,1.,0.974927912181824,1.))
REPRESENTATION_ITEM('')
);
#690=(
BOUNDED_CURVE()
B_SPLINE_CURVE(2,(#8826,#8827,#8828,#8829,#8830),.UNSPECIFIED.,.F.,.F.)
B_SPLINE_CURVE_WITH_KNOTS((3,2,3),(0.,0.5,1.),.UNSPECIFIED.)
CURVE()
GEOMETRIC_REPRESENTATION_ITEM()
RATIONAL_B_SPLINE_CURVE((1.,0.974927912181824,1.,0.974927912181824,1.))
REPRESENTATION_ITEM('')
);
#691=(
BOUNDED_CURVE()
B_SPLINE_CURVE(2,(#8860,#8861,#8862,#8863,#8864),.UNSPECIFIED.,.F.,.F.)
B_SPLINE_CURVE_WITH_KNOTS((3,2,3),(0.,0.5,1.),.UNSPECIFIED.)
CURVE()
GEOMETRIC_REPRESENTATION_ITEM()
RATIONAL_B_SPLINE_CURVE((1.,0.974927912181824,1.,0.974927912181824,1.))
REPRESENTATION_ITEM('')
);
#692=(
BOUNDED_CURVE()
B_SPLINE_CURVE(2,(#8870,#8871,#8872,#8873,#8874),.UNSPECIFIED.,.F.,.F.)
B_SPLINE_CURVE_WITH_KNOTS((3,2,3),(0.,0.5,1.),.PIECEWISE_BEZIER_KNOTS.)
CURVE()
GEOMETRIC_REPRESENTATION_ITEM()
RATIONAL_B_SPLINE_CURVE((1.,0.974927912181824,1.,0.974927912181824,1.))
REPRESENTATION_ITEM('')
);
#693=(
BOUNDED_CURVE()
B_SPLINE_CURVE(2,(#8900,#8901,#8902,#8903,#8904),.UNSPECIFIED.,.F.,.F.)
B_SPLINE_CURVE_WITH_KNOTS((3,2,3),(0.,0.5,1.),.UNSPECIFIED.)
CURVE()
GEOMETRIC_REPRESENTATION_ITEM()
RATIONAL_B_SPLINE_CURVE((1.,0.974927912181824,1.,0.974927912181824,1.))
REPRESENTATION_ITEM('')
);
#694=(
BOUNDED_CURVE()
B_SPLINE_CURVE(2,(#8910,#8911,#8912,#8913,#8914),.UNSPECIFIED.,.F.,.F.)
B_SPLINE_CURVE_WITH_KNOTS((3,2,3),(0.,0.5,1.),.PIECEWISE_BEZIER_KNOTS.)
CURVE()
GEOMETRIC_REPRESENTATION_ITEM()
RATIONAL_B_SPLINE_CURVE((1.,0.974927912181824,1.,0.974927912181824,1.))
REPRESENTATION_ITEM('')
);
#695=(
BOUNDED_CURVE()
B_SPLINE_CURVE(2,(#8950,#8951,#8952,#8953,#8954),.UNSPECIFIED.,.F.,.F.)
B_SPLINE_CURVE_WITH_KNOTS((3,2,3),(0.,0.5,1.),.PIECEWISE_BEZIER_KNOTS.)
CURVE()
GEOMETRIC_REPRESENTATION_ITEM()
RATIONAL_B_SPLINE_CURVE((1.,0.974927912181824,1.,0.974927912181824,1.))
REPRESENTATION_ITEM('')
);
#696=(
BOUNDED_CURVE()
B_SPLINE_CURVE(2,(#8961,#8962,#8963,#8964,#8965),.UNSPECIFIED.,.F.,.F.)
B_SPLINE_CURVE_WITH_KNOTS((3,2,3),(0.,0.5,1.),.UNSPECIFIED.)
CURVE()
GEOMETRIC_REPRESENTATION_ITEM()
RATIONAL_B_SPLINE_CURVE((1.,0.974927912181824,1.,0.974927912181824,1.))
REPRESENTATION_ITEM('')
);
#697=(
BOUNDED_CURVE()
B_SPLINE_CURVE(2,(#8995,#8996,#8997,#8998,#8999),.UNSPECIFIED.,.F.,.F.)
B_SPLINE_CURVE_WITH_KNOTS((3,2,3),(0.,0.5,1.),.UNSPECIFIED.)
CURVE()
GEOMETRIC_REPRESENTATION_ITEM()
RATIONAL_B_SPLINE_CURVE((1.,0.974927912181824,1.,0.974927912181824,1.))
REPRESENTATION_ITEM('')
);
#698=(
BOUNDED_CURVE()
B_SPLINE_CURVE(2,(#9005,#9006,#9007,#9008,#9009),.UNSPECIFIED.,.F.,.F.)
B_SPLINE_CURVE_WITH_KNOTS((3,2,3),(0.,0.5,1.),.PIECEWISE_BEZIER_KNOTS.)
CURVE()
GEOMETRIC_REPRESENTATION_ITEM()
RATIONAL_B_SPLINE_CURVE((1.,0.974927912181824,1.,0.974927912181824,1.))
REPRESENTATION_ITEM('')
);
#699=(
BOUNDED_CURVE()
B_SPLINE_CURVE(2,(#9035,#9036,#9037,#9038,#9039),.UNSPECIFIED.,.F.,.F.)
B_SPLINE_CURVE_WITH_KNOTS((3,2,3),(0.,0.5,1.),.UNSPECIFIED.)
CURVE()
GEOMETRIC_REPRESENTATION_ITEM()
RATIONAL_B_SPLINE_CURVE((1.,0.974927912181824,1.,0.974927912181824,1.))
REPRESENTATION_ITEM('')
);
#700=(
BOUNDED_CURVE()
B_SPLINE_CURVE(2,(#9045,#9046,#9047,#9048,#9049),.UNSPECIFIED.,.F.,.F.)
B_SPLINE_CURVE_WITH_KNOTS((3,2,3),(0.,0.5,1.),.PIECEWISE_BEZIER_KNOTS.)
CURVE()
GEOMETRIC_REPRESENTATION_ITEM()
RATIONAL_B_SPLINE_CURVE((1.,0.974927912181824,1.,0.974927912181824,1.))
REPRESENTATION_ITEM('')
);
#701=(
BOUNDED_CURVE()
B_SPLINE_CURVE(2,(#9085,#9086,#9087,#9088,#9089),.UNSPECIFIED.,.F.,.F.)
B_SPLINE_CURVE_WITH_KNOTS((3,2,3),(0.,0.5,1.),.PIECEWISE_BEZIER_KNOTS.)
CURVE()
GEOMETRIC_REPRESENTATION_ITEM()
RATIONAL_B_SPLINE_CURVE((1.,0.974927912181824,1.,0.974927912181824,1.))
REPRESENTATION_ITEM('')
);
#702=(
BOUNDED_CURVE()
B_SPLINE_CURVE(2,(#9096,#9097,#9098,#9099,#9100),.UNSPECIFIED.,.F.,.F.)
B_SPLINE_CURVE_WITH_KNOTS((3,2,3),(0.,0.5,1.),.UNSPECIFIED.)
CURVE()
GEOMETRIC_REPRESENTATION_ITEM()
RATIONAL_B_SPLINE_CURVE((1.,0.974927912181824,1.,0.974927912181824,1.))
REPRESENTATION_ITEM('')
);
#703=(
BOUNDED_CURVE()
B_SPLINE_CURVE(2,(#9130,#9131,#9132,#9133,#9134),.UNSPECIFIED.,.F.,.F.)
B_SPLINE_CURVE_WITH_KNOTS((3,2,3),(0.,0.5,1.),.UNSPECIFIED.)
CURVE()
GEOMETRIC_REPRESENTATION_ITEM()
RATIONAL_B_SPLINE_CURVE((1.,0.974927912181824,1.,0.974927912181824,1.))
REPRESENTATION_ITEM('')
);
#704=(
BOUNDED_CURVE()
B_SPLINE_CURVE(2,(#9140,#9141,#9142,#9143,#9144),.UNSPECIFIED.,.F.,.F.)
B_SPLINE_CURVE_WITH_KNOTS((3,2,3),(0.,0.5,1.),.PIECEWISE_BEZIER_KNOTS.)
CURVE()
GEOMETRIC_REPRESENTATION_ITEM()
RATIONAL_B_SPLINE_CURVE((1.,0.974927912181824,1.,0.974927912181824,1.))
REPRESENTATION_ITEM('')
);
#705=(
BOUNDED_CURVE()
B_SPLINE_CURVE(2,(#9170,#9171,#9172,#9173,#9174),.UNSPECIFIED.,.F.,.F.)
B_SPLINE_CURVE_WITH_KNOTS((3,2,3),(0.,0.5,1.),.UNSPECIFIED.)
CURVE()
GEOMETRIC_REPRESENTATION_ITEM()
RATIONAL_B_SPLINE_CURVE((1.,0.974927912181824,1.,0.974927912181824,1.))
REPRESENTATION_ITEM('')
);
#706=(
BOUNDED_CURVE()
B_SPLINE_CURVE(2,(#9180,#9181,#9182,#9183,#9184),.UNSPECIFIED.,.F.,.F.)
B_SPLINE_CURVE_WITH_KNOTS((3,2,3),(0.,0.5,1.),.PIECEWISE_BEZIER_KNOTS.)
CURVE()
GEOMETRIC_REPRESENTATION_ITEM()
RATIONAL_B_SPLINE_CURVE((1.,0.974927912181824,1.,0.974927912181824,1.))
REPRESENTATION_ITEM('')
);
#707=(
BOUNDED_CURVE()
B_SPLINE_CURVE(2,(#9220,#9221,#9222,#9223,#9224),.UNSPECIFIED.,.F.,.F.)
B_SPLINE_CURVE_WITH_KNOTS((3,2,3),(0.,0.5,1.),.PIECEWISE_BEZIER_KNOTS.)
CURVE()
GEOMETRIC_REPRESENTATION_ITEM()
RATIONAL_B_SPLINE_CURVE((1.,0.974927912181824,1.,0.974927912181824,1.))
REPRESENTATION_ITEM('')
);
#708=(
BOUNDED_CURVE()
B_SPLINE_CURVE(2,(#9231,#9232,#9233,#9234,#9235),.UNSPECIFIED.,.F.,.F.)
B_SPLINE_CURVE_WITH_KNOTS((3,2,3),(0.,0.5,1.),.UNSPECIFIED.)
CURVE()
GEOMETRIC_REPRESENTATION_ITEM()
RATIONAL_B_SPLINE_CURVE((1.,0.974927912181824,1.,0.974927912181824,1.))
REPRESENTATION_ITEM('')
);
#709=(
BOUNDED_CURVE()
B_SPLINE_CURVE(2,(#9265,#9266,#9267,#9268,#9269),.UNSPECIFIED.,.F.,.F.)
B_SPLINE_CURVE_WITH_KNOTS((3,2,3),(0.,0.5,1.),.UNSPECIFIED.)
CURVE()
GEOMETRIC_REPRESENTATION_ITEM()
RATIONAL_B_SPLINE_CURVE((1.,0.974927912181824,1.,0.974927912181824,1.))
REPRESENTATION_ITEM('')
);
#710=(
BOUNDED_CURVE()
B_SPLINE_CURVE(2,(#9275,#9276,#9277,#9278,#9279),.UNSPECIFIED.,.F.,.F.)
B_SPLINE_CURVE_WITH_KNOTS((3,2,3),(0.,0.5,1.),.PIECEWISE_BEZIER_KNOTS.)
CURVE()
GEOMETRIC_REPRESENTATION_ITEM()
RATIONAL_B_SPLINE_CURVE((1.,0.974927912181824,1.,0.974927912181824,1.))
REPRESENTATION_ITEM('')
);
#711=(
BOUNDED_CURVE()
B_SPLINE_CURVE(2,(#9305,#9306,#9307,#9308,#9309),.UNSPECIFIED.,.F.,.F.)
B_SPLINE_CURVE_WITH_KNOTS((3,2,3),(0.,0.5,1.),.UNSPECIFIED.)
CURVE()
GEOMETRIC_REPRESENTATION_ITEM()
RATIONAL_B_SPLINE_CURVE((1.,0.974927912181824,1.,0.974927912181824,1.))
REPRESENTATION_ITEM('')
);
#712=(
BOUNDED_CURVE()
B_SPLINE_CURVE(2,(#9315,#9316,#9317,#9318,#9319),.UNSPECIFIED.,.F.,.F.)
B_SPLINE_CURVE_WITH_KNOTS((3,2,3),(0.,0.5,1.),.PIECEWISE_BEZIER_KNOTS.)
CURVE()
GEOMETRIC_REPRESENTATION_ITEM()
RATIONAL_B_SPLINE_CURVE((1.,0.974927912181824,1.,0.974927912181824,1.))
REPRESENTATION_ITEM('')
);
#713=(
BOUNDED_CURVE()
B_SPLINE_CURVE(2,(#9355,#9356,#9357,#9358,#9359),.UNSPECIFIED.,.F.,.F.)
B_SPLINE_CURVE_WITH_KNOTS((3,2,3),(0.,0.5,1.),.PIECEWISE_BEZIER_KNOTS.)
CURVE()
GEOMETRIC_REPRESENTATION_ITEM()
RATIONAL_B_SPLINE_CURVE((1.,0.974927912181824,1.,0.974927912181824,1.))
REPRESENTATION_ITEM('')
);
#714=(
BOUNDED_CURVE()
B_SPLINE_CURVE(2,(#9366,#9367,#9368,#9369,#9370),.UNSPECIFIED.,.F.,.F.)
B_SPLINE_CURVE_WITH_KNOTS((3,2,3),(0.,0.5,1.),.UNSPECIFIED.)
CURVE()
GEOMETRIC_REPRESENTATION_ITEM()
RATIONAL_B_SPLINE_CURVE((1.,0.974927912181824,1.,0.974927912181824,1.))
REPRESENTATION_ITEM('')
);
#715=(
BOUNDED_CURVE()
B_SPLINE_CURVE(2,(#9400,#9401,#9402,#9403,#9404),.UNSPECIFIED.,.F.,.F.)
B_SPLINE_CURVE_WITH_KNOTS((3,2,3),(0.,0.5,1.),.UNSPECIFIED.)
CURVE()
GEOMETRIC_REPRESENTATION_ITEM()
RATIONAL_B_SPLINE_CURVE((1.,0.974927912181824,1.,0.974927912181824,1.))
REPRESENTATION_ITEM('')
);
#716=(
BOUNDED_CURVE()
B_SPLINE_CURVE(2,(#9410,#9411,#9412,#9413,#9414),.UNSPECIFIED.,.F.,.F.)
B_SPLINE_CURVE_WITH_KNOTS((3,2,3),(0.,0.5,1.),.PIECEWISE_BEZIER_KNOTS.)
CURVE()
GEOMETRIC_REPRESENTATION_ITEM()
RATIONAL_B_SPLINE_CURVE((1.,0.974927912181824,1.,0.974927912181824,1.))
REPRESENTATION_ITEM('')
);
#717=(
BOUNDED_CURVE()
B_SPLINE_CURVE(2,(#9440,#9441,#9442,#9443,#9444),.UNSPECIFIED.,.F.,.F.)
B_SPLINE_CURVE_WITH_KNOTS((3,2,3),(0.,0.5,1.),.UNSPECIFIED.)
CURVE()
GEOMETRIC_REPRESENTATION_ITEM()
RATIONAL_B_SPLINE_CURVE((1.,0.974927912181824,1.,0.974927912181824,1.))
REPRESENTATION_ITEM('')
);
#718=(
BOUNDED_CURVE()
B_SPLINE_CURVE(2,(#9450,#9451,#9452,#9453,#9454),.UNSPECIFIED.,.F.,.F.)
B_SPLINE_CURVE_WITH_KNOTS((3,2,3),(0.,0.5,1.),.PIECEWISE_BEZIER_KNOTS.)
CURVE()
GEOMETRIC_REPRESENTATION_ITEM()
RATIONAL_B_SPLINE_CURVE((1.,0.974927912181824,1.,0.974927912181824,1.))
REPRESENTATION_ITEM('')
);
#719=(
BOUNDED_CURVE()
B_SPLINE_CURVE(2,(#9490,#9491,#9492,#9493,#9494),.UNSPECIFIED.,.F.,.F.)
B_SPLINE_CURVE_WITH_KNOTS((3,2,3),(0.,0.5,1.),.PIECEWISE_BEZIER_KNOTS.)
CURVE()
GEOMETRIC_REPRESENTATION_ITEM()
RATIONAL_B_SPLINE_CURVE((1.,0.974927912181824,1.,0.974927912181824,1.))
REPRESENTATION_ITEM('')
);
#720=(
BOUNDED_CURVE()
B_SPLINE_CURVE(2,(#9501,#9502,#9503,#9504,#9505),.UNSPECIFIED.,.F.,.F.)
B_SPLINE_CURVE_WITH_KNOTS((3,2,3),(0.,0.5,1.),.UNSPECIFIED.)
CURVE()
GEOMETRIC_REPRESENTATION_ITEM()
RATIONAL_B_SPLINE_CURVE((1.,0.974927912181824,1.,0.974927912181824,1.))
REPRESENTATION_ITEM('')
);
#721=(
BOUNDED_CURVE()
B_SPLINE_CURVE(2,(#9535,#9536,#9537,#9538,#9539),.UNSPECIFIED.,.F.,.F.)
B_SPLINE_CURVE_WITH_KNOTS((3,2,3),(0.,0.5,1.),.UNSPECIFIED.)
CURVE()
GEOMETRIC_REPRESENTATION_ITEM()
RATIONAL_B_SPLINE_CURVE((1.,0.974927912181824,1.,0.974927912181824,1.))
REPRESENTATION_ITEM('')
);
#722=(
BOUNDED_CURVE()
B_SPLINE_CURVE(2,(#9545,#9546,#9547,#9548,#9549),.UNSPECIFIED.,.F.,.F.)
B_SPLINE_CURVE_WITH_KNOTS((3,2,3),(0.,0.5,1.),.PIECEWISE_BEZIER_KNOTS.)
CURVE()
GEOMETRIC_REPRESENTATION_ITEM()
RATIONAL_B_SPLINE_CURVE((1.,0.974927912181824,1.,0.974927912181824,1.))
REPRESENTATION_ITEM('')
);
#723=(
BOUNDED_CURVE()
B_SPLINE_CURVE(2,(#9575,#9576,#9577,#9578,#9579),.UNSPECIFIED.,.F.,.F.)
B_SPLINE_CURVE_WITH_KNOTS((3,2,3),(0.,0.5,1.),.UNSPECIFIED.)
CURVE()
GEOMETRIC_REPRESENTATION_ITEM()
RATIONAL_B_SPLINE_CURVE((1.,0.974927912181824,1.,0.974927912181824,1.))
REPRESENTATION_ITEM('')
);
#724=(
BOUNDED_CURVE()
B_SPLINE_CURVE(2,(#9585,#9586,#9587,#9588,#9589),.UNSPECIFIED.,.F.,.F.)
B_SPLINE_CURVE_WITH_KNOTS((3,2,3),(0.,0.5,1.),.PIECEWISE_BEZIER_KNOTS.)
CURVE()
GEOMETRIC_REPRESENTATION_ITEM()
RATIONAL_B_SPLINE_CURVE((1.,0.974927912181824,1.,0.974927912181824,1.))
REPRESENTATION_ITEM('')
);
#725=(
BOUNDED_CURVE()
B_SPLINE_CURVE(2,(#9625,#9626,#9627,#9628,#9629),.UNSPECIFIED.,.F.,.F.)
B_SPLINE_CURVE_WITH_KNOTS((3,2,3),(0.,0.5,1.),.PIECEWISE_BEZIER_KNOTS.)
CURVE()
GEOMETRIC_REPRESENTATION_ITEM()
RATIONAL_B_SPLINE_CURVE((1.,0.974927912181824,1.,0.974927912181824,1.))
REPRESENTATION_ITEM('')
);
#726=(
BOUNDED_CURVE()
B_SPLINE_CURVE(2,(#9636,#9637,#9638,#9639,#9640),.UNSPECIFIED.,.F.,.F.)
B_SPLINE_CURVE_WITH_KNOTS((3,2,3),(0.,0.5,1.),.UNSPECIFIED.)
CURVE()
GEOMETRIC_REPRESENTATION_ITEM()
RATIONAL_B_SPLINE_CURVE((1.,0.974927912181824,1.,0.974927912181824,1.))
REPRESENTATION_ITEM('')
);
#727=(
BOUNDED_CURVE()
B_SPLINE_CURVE(2,(#9670,#9671,#9672,#9673,#9674),.UNSPECIFIED.,.F.,.F.)
B_SPLINE_CURVE_WITH_KNOTS((3,2,3),(0.,0.5,1.),.UNSPECIFIED.)
CURVE()
GEOMETRIC_REPRESENTATION_ITEM()
RATIONAL_B_SPLINE_CURVE((1.,0.974927912181824,1.,0.974927912181824,1.))
REPRESENTATION_ITEM('')
);
#728=(
BOUNDED_CURVE()
B_SPLINE_CURVE(2,(#9680,#9681,#9682,#9683,#9684),.UNSPECIFIED.,.F.,.F.)
B_SPLINE_CURVE_WITH_KNOTS((3,2,3),(0.,0.5,1.),.PIECEWISE_BEZIER_KNOTS.)
CURVE()
GEOMETRIC_REPRESENTATION_ITEM()
RATIONAL_B_SPLINE_CURVE((1.,0.974927912181824,1.,0.974927912181824,1.))
REPRESENTATION_ITEM('')
);
#729=(
BOUNDED_CURVE()
B_SPLINE_CURVE(2,(#9710,#9711,#9712,#9713,#9714),.UNSPECIFIED.,.F.,.F.)
B_SPLINE_CURVE_WITH_KNOTS((3,2,3),(0.,0.5,1.),.UNSPECIFIED.)
CURVE()
GEOMETRIC_REPRESENTATION_ITEM()
RATIONAL_B_SPLINE_CURVE((1.,0.974927912181824,1.,0.974927912181824,1.))
REPRESENTATION_ITEM('')
);
#730=(
BOUNDED_CURVE()
B_SPLINE_CURVE(2,(#9720,#9721,#9722,#9723,#9724),.UNSPECIFIED.,.F.,.F.)
B_SPLINE_CURVE_WITH_KNOTS((3,2,3),(0.,0.5,1.),.PIECEWISE_BEZIER_KNOTS.)
CURVE()
GEOMETRIC_REPRESENTATION_ITEM()
RATIONAL_B_SPLINE_CURVE((1.,0.974927912181824,1.,0.974927912181824,1.))
REPRESENTATION_ITEM('')
);
#731=(
BOUNDED_CURVE()
B_SPLINE_CURVE(2,(#9754,#9755,#9756,#9757,#9758),.UNSPECIFIED.,.F.,.F.)
B_SPLINE_CURVE_WITH_KNOTS((3,2,3),(0.,0.5,1.),.PIECEWISE_BEZIER_KNOTS.)
CURVE()
GEOMETRIC_REPRESENTATION_ITEM()
RATIONAL_B_SPLINE_CURVE((1.,0.974927912181824,1.,0.974927912181824,1.))
REPRESENTATION_ITEM('')
);
#732=(
BOUNDED_CURVE()
B_SPLINE_CURVE(2,(#9765,#9766,#9767,#9768,#9769),.UNSPECIFIED.,.F.,.F.)
B_SPLINE_CURVE_WITH_KNOTS((3,2,3),(0.,0.5,1.),.UNSPECIFIED.)
CURVE()
GEOMETRIC_REPRESENTATION_ITEM()
RATIONAL_B_SPLINE_CURVE((1.,0.974927912181824,1.,0.974927912181824,1.))
REPRESENTATION_ITEM('')
);
#733=(
BOUNDED_CURVE()
B_SPLINE_CURVE(2,(#9799,#9800,#9801,#9802,#9803),.UNSPECIFIED.,.F.,.F.)
B_SPLINE_CURVE_WITH_KNOTS((3,2,3),(0.,0.5,1.),.UNSPECIFIED.)
CURVE()
GEOMETRIC_REPRESENTATION_ITEM()
RATIONAL_B_SPLINE_CURVE((1.,0.974927912181824,1.,0.974927912181824,1.))
REPRESENTATION_ITEM('')
);
#734=(
BOUNDED_CURVE()
B_SPLINE_CURVE(2,(#9809,#9810,#9811,#9812,#9813),.UNSPECIFIED.,.F.,.F.)
B_SPLINE_CURVE_WITH_KNOTS((3,2,3),(0.,0.5,1.),.PIECEWISE_BEZIER_KNOTS.)
CURVE()
GEOMETRIC_REPRESENTATION_ITEM()
RATIONAL_B_SPLINE_CURVE((1.,0.974927912181824,1.,0.974927912181824,1.))
REPRESENTATION_ITEM('')
);
#735=(
BOUNDED_CURVE()
B_SPLINE_CURVE(2,(#9839,#9840,#9841,#9842,#9843),.UNSPECIFIED.,.F.,.F.)
B_SPLINE_CURVE_WITH_KNOTS((3,2,3),(0.,0.5,1.),.UNSPECIFIED.)
CURVE()
GEOMETRIC_REPRESENTATION_ITEM()
RATIONAL_B_SPLINE_CURVE((1.,0.974927912181824,1.,0.974927912181824,1.))
REPRESENTATION_ITEM('')
);
#736=(
BOUNDED_CURVE()
B_SPLINE_CURVE(2,(#9849,#9850,#9851,#9852,#9853),.UNSPECIFIED.,.F.,.F.)
B_SPLINE_CURVE_WITH_KNOTS((3,2,3),(0.,0.5,1.),.PIECEWISE_BEZIER_KNOTS.)
CURVE()
GEOMETRIC_REPRESENTATION_ITEM()
RATIONAL_B_SPLINE_CURVE((1.,0.974927912181824,1.,0.974927912181824,1.))
REPRESENTATION_ITEM('')
);
#737=(
BOUNDED_CURVE()
B_SPLINE_CURVE(2,(#9883,#9884,#9885,#9886,#9887),.UNSPECIFIED.,.F.,.F.)
B_SPLINE_CURVE_WITH_KNOTS((3,2,3),(0.,0.5,1.),.PIECEWISE_BEZIER_KNOTS.)
CURVE()
GEOMETRIC_REPRESENTATION_ITEM()
RATIONAL_B_SPLINE_CURVE((1.,0.974927912181824,1.,0.974927912181824,1.))
REPRESENTATION_ITEM('')
);
#738=(
BOUNDED_CURVE()
B_SPLINE_CURVE(2,(#9893,#9894,#9895,#9896,#9897),.UNSPECIFIED.,.F.,.F.)
B_SPLINE_CURVE_WITH_KNOTS((3,2,3),(0.,0.5,1.),.UNSPECIFIED.)
CURVE()
GEOMETRIC_REPRESENTATION_ITEM()
RATIONAL_B_SPLINE_CURVE((1.,0.974927912181824,1.,0.974927912181824,1.))
REPRESENTATION_ITEM('')
);
#739=(
BOUNDED_CURVE()
B_SPLINE_CURVE(2,(#9924,#9925,#9926,#9927,#9928),.UNSPECIFIED.,.F.,.F.)
B_SPLINE_CURVE_WITH_KNOTS((3,2,3),(0.,0.5,1.),.UNSPECIFIED.)
CURVE()
GEOMETRIC_REPRESENTATION_ITEM()
RATIONAL_B_SPLINE_CURVE((1.,0.974927912181824,1.,0.974927912181824,1.))
REPRESENTATION_ITEM('')
);
#740=(
BOUNDED_CURVE()
B_SPLINE_CURVE(2,(#9934,#9935,#9936,#9937,#9938),.UNSPECIFIED.,.F.,.F.)
B_SPLINE_CURVE_WITH_KNOTS((3,2,3),(0.,0.5,1.),.PIECEWISE_BEZIER_KNOTS.)
CURVE()
GEOMETRIC_REPRESENTATION_ITEM()
RATIONAL_B_SPLINE_CURVE((1.,0.974927912181824,1.,0.974927912181824,1.))
REPRESENTATION_ITEM('')
);
#741=(
BOUNDED_CURVE()
B_SPLINE_CURVE(2,(#9969,#9970,#9971,#9972,#9973),.UNSPECIFIED.,.F.,.F.)
B_SPLINE_CURVE_WITH_KNOTS((3,2,3),(0.,0.5,1.),.UNSPECIFIED.)
CURVE()
GEOMETRIC_REPRESENTATION_ITEM()
RATIONAL_B_SPLINE_CURVE((1.,0.974927912181824,1.,0.974927912181824,1.))
REPRESENTATION_ITEM('')
);
#742=(
BOUNDED_CURVE()
B_SPLINE_CURVE(2,(#9979,#9980,#9981,#9982,#9983),.UNSPECIFIED.,.F.,.F.)
B_SPLINE_CURVE_WITH_KNOTS((3,2,3),(0.,0.5,1.),.PIECEWISE_BEZIER_KNOTS.)
CURVE()
GEOMETRIC_REPRESENTATION_ITEM()
RATIONAL_B_SPLINE_CURVE((1.,0.974927912181824,1.,0.974927912181824,1.))
REPRESENTATION_ITEM('')
);
#743=(
BOUNDED_CURVE()
B_SPLINE_CURVE(2,(#10009,#10010,#10011,#10012,#10013),.UNSPECIFIED.,.F.,
 .F.)
B_SPLINE_CURVE_WITH_KNOTS((3,2,3),(0.,0.5,1.),.PIECEWISE_BEZIER_KNOTS.)
CURVE()
GEOMETRIC_REPRESENTATION_ITEM()
RATIONAL_B_SPLINE_CURVE((1.,0.974927912181824,1.,0.974927912181824,1.))
REPRESENTATION_ITEM('')
);
#744=(
BOUNDED_CURVE()
B_SPLINE_CURVE(2,(#10019,#10020,#10021,#10022,#10023),.UNSPECIFIED.,.F.,
 .F.)
B_SPLINE_CURVE_WITH_KNOTS((3,2,3),(0.,0.5,1.),.UNSPECIFIED.)
CURVE()
GEOMETRIC_REPRESENTATION_ITEM()
RATIONAL_B_SPLINE_CURVE((1.,0.974927912181824,1.,0.974927912181824,1.))
REPRESENTATION_ITEM('')
);
#745=(
BOUNDED_CURVE()
B_SPLINE_CURVE(2,(#10049,#10050,#10051,#10052,#10053),.UNSPECIFIED.,.F.,
 .F.)
B_SPLINE_CURVE_WITH_KNOTS((3,2,3),(0.,0.5,1.),.PIECEWISE_BEZIER_KNOTS.)
CURVE()
GEOMETRIC_REPRESENTATION_ITEM()
RATIONAL_B_SPLINE_CURVE((1.,0.974927912181824,1.,0.974927912181824,1.))
REPRESENTATION_ITEM('')
);
#746=(
BOUNDED_CURVE()
B_SPLINE_CURVE(2,(#10059,#10060,#10061,#10062,#10063),.UNSPECIFIED.,.F.,
 .F.)
B_SPLINE_CURVE_WITH_KNOTS((3,2,3),(0.,0.5,1.),.UNSPECIFIED.)
CURVE()
GEOMETRIC_REPRESENTATION_ITEM()
RATIONAL_B_SPLINE_CURVE((1.,0.974927912181824,1.,0.974927912181824,1.))
REPRESENTATION_ITEM('')
);
#747=(
BOUNDED_CURVE()
B_SPLINE_CURVE(2,(#10079,#10080,#10081,#10082,#10083),.UNSPECIFIED.,.F.,
 .F.)
B_SPLINE_CURVE_WITH_KNOTS((3,2,3),(0.,0.5,1.),.PIECEWISE_BEZIER_KNOTS.)
CURVE()
GEOMETRIC_REPRESENTATION_ITEM()
RATIONAL_B_SPLINE_CURVE((1.,0.974927912181824,1.,0.974927912181824,1.))
REPRESENTATION_ITEM('')
);
#748=(
BOUNDED_CURVE()
B_SPLINE_CURVE(2,(#10085,#10086,#10087,#10088,#10089),.UNSPECIFIED.,.F.,
 .F.)
B_SPLINE_CURVE_WITH_KNOTS((3,2,3),(0.,0.5,1.),.PIECEWISE_BEZIER_KNOTS.)
CURVE()
GEOMETRIC_REPRESENTATION_ITEM()
RATIONAL_B_SPLINE_CURVE((1.,0.974927912181824,1.,0.974927912181824,1.))
REPRESENTATION_ITEM('')
);
#749=(
BOUNDED_CURVE()
B_SPLINE_CURVE(2,(#10091,#10092,#10093,#10094,#10095),.UNSPECIFIED.,.F.,
 .F.)
B_SPLINE_CURVE_WITH_KNOTS((3,2,3),(0.,0.5,1.),.PIECEWISE_BEZIER_KNOTS.)
CURVE()
GEOMETRIC_REPRESENTATION_ITEM()
RATIONAL_B_SPLINE_CURVE((1.,0.974927912181824,1.,0.974927912181824,1.))
REPRESENTATION_ITEM('')
);
#750=(
BOUNDED_CURVE()
B_SPLINE_CURVE(2,(#10097,#10098,#10099,#10100,#10101),.UNSPECIFIED.,.F.,
 .F.)
B_SPLINE_CURVE_WITH_KNOTS((3,2,3),(0.,0.5,1.),.PIECEWISE_BEZIER_KNOTS.)
CURVE()
GEOMETRIC_REPRESENTATION_ITEM()
RATIONAL_B_SPLINE_CURVE((1.,0.974927912181824,1.,0.974927912181824,1.))
REPRESENTATION_ITEM('')
);
#751=(
BOUNDED_CURVE()
B_SPLINE_CURVE(2,(#10108,#10109,#10110,#10111,#10112),.UNSPECIFIED.,.F.,
 .F.)
B_SPLINE_CURVE_WITH_KNOTS((3,2,3),(0.,0.5,1.),.UNSPECIFIED.)
CURVE()
GEOMETRIC_REPRESENTATION_ITEM()
RATIONAL_B_SPLINE_CURVE((1.,0.974927912181824,1.,0.974927912181824,1.))
REPRESENTATION_ITEM('')
);
#752=(
BOUNDED_CURVE()
B_SPLINE_CURVE(2,(#10128,#10129,#10130,#10131,#10132),.UNSPECIFIED.,.F.,
 .F.)
B_SPLINE_CURVE_WITH_KNOTS((3,2,3),(0.,0.5,1.),.PIECEWISE_BEZIER_KNOTS.)
CURVE()
GEOMETRIC_REPRESENTATION_ITEM()
RATIONAL_B_SPLINE_CURVE((1.,0.974927912181824,1.,0.974927912181824,1.))
REPRESENTATION_ITEM('')
);
#753=(
BOUNDED_CURVE()
B_SPLINE_CURVE(2,(#10134,#10135,#10136,#10137,#10138),.UNSPECIFIED.,.F.,
 .F.)
B_SPLINE_CURVE_WITH_KNOTS((3,2,3),(0.,0.5,1.),.PIECEWISE_BEZIER_KNOTS.)
CURVE()
GEOMETRIC_REPRESENTATION_ITEM()
RATIONAL_B_SPLINE_CURVE((1.,0.974927912181824,1.,0.974927912181824,1.))
REPRESENTATION_ITEM('')
);
#754=(
BOUNDED_CURVE()
B_SPLINE_CURVE(2,(#10140,#10141,#10142,#10143,#10144),.UNSPECIFIED.,.F.,
 .F.)
B_SPLINE_CURVE_WITH_KNOTS((3,2,3),(0.,0.5,1.),.PIECEWISE_BEZIER_KNOTS.)
CURVE()
GEOMETRIC_REPRESENTATION_ITEM()
RATIONAL_B_SPLINE_CURVE((1.,0.974927912181824,1.,0.974927912181824,1.))
REPRESENTATION_ITEM('')
);
#755=(
BOUNDED_CURVE()
B_SPLINE_CURVE(2,(#10146,#10147,#10148,#10149,#10150),.UNSPECIFIED.,.F.,
 .F.)
B_SPLINE_CURVE_WITH_KNOTS((3,2,3),(0.,0.5,1.),.PIECEWISE_BEZIER_KNOTS.)
CURVE()
GEOMETRIC_REPRESENTATION_ITEM()
RATIONAL_B_SPLINE_CURVE((1.,0.974927912181824,1.,0.974927912181824,1.))
REPRESENTATION_ITEM('')
);
#756=(
BOUNDED_CURVE()
B_SPLINE_CURVE(2,(#10157,#10158,#10159,#10160,#10161),.UNSPECIFIED.,.F.,
 .F.)
B_SPLINE_CURVE_WITH_KNOTS((3,2,3),(0.,0.5,1.),.UNSPECIFIED.)
CURVE()
GEOMETRIC_REPRESENTATION_ITEM()
RATIONAL_B_SPLINE_CURVE((1.,0.974927912181824,1.,0.974927912181824,1.))
REPRESENTATION_ITEM('')
);
#757=(
BOUNDED_CURVE()
B_SPLINE_CURVE(2,(#10177,#10178,#10179,#10180,#10181),.UNSPECIFIED.,.F.,
 .F.)
B_SPLINE_CURVE_WITH_KNOTS((3,2,3),(0.,0.5,1.),.PIECEWISE_BEZIER_KNOTS.)
CURVE()
GEOMETRIC_REPRESENTATION_ITEM()
RATIONAL_B_SPLINE_CURVE((1.,0.974927912181824,1.,0.974927912181824,1.))
REPRESENTATION_ITEM('')
);
#758=(
BOUNDED_CURVE()
B_SPLINE_CURVE(2,(#10183,#10184,#10185,#10186,#10187),.UNSPECIFIED.,.F.,
 .F.)
B_SPLINE_CURVE_WITH_KNOTS((3,2,3),(0.,0.5,1.),.PIECEWISE_BEZIER_KNOTS.)
CURVE()
GEOMETRIC_REPRESENTATION_ITEM()
RATIONAL_B_SPLINE_CURVE((1.,0.974927912181824,1.,0.974927912181824,1.))
REPRESENTATION_ITEM('')
);
#759=(
BOUNDED_CURVE()
B_SPLINE_CURVE(2,(#10189,#10190,#10191,#10192,#10193),.UNSPECIFIED.,.F.,
 .F.)
B_SPLINE_CURVE_WITH_KNOTS((3,2,3),(0.,0.5,1.),.PIECEWISE_BEZIER_KNOTS.)
CURVE()
GEOMETRIC_REPRESENTATION_ITEM()
RATIONAL_B_SPLINE_CURVE((1.,0.974927912181824,1.,0.974927912181824,1.))
REPRESENTATION_ITEM('')
);
#760=(
BOUNDED_CURVE()
B_SPLINE_CURVE(2,(#10195,#10196,#10197,#10198,#10199),.UNSPECIFIED.,.F.,
 .F.)
B_SPLINE_CURVE_WITH_KNOTS((3,2,3),(0.,0.5,1.),.PIECEWISE_BEZIER_KNOTS.)
CURVE()
GEOMETRIC_REPRESENTATION_ITEM()
RATIONAL_B_SPLINE_CURVE((1.,0.974927912181824,1.,0.974927912181824,1.))
REPRESENTATION_ITEM('')
);
#761=(
BOUNDED_CURVE()
B_SPLINE_CURVE(2,(#10201,#10202,#10203,#10204,#10205),.UNSPECIFIED.,.F.,
 .F.)
B_SPLINE_CURVE_WITH_KNOTS((3,2,3),(0.,0.5,1.),.PIECEWISE_BEZIER_KNOTS.)
CURVE()
GEOMETRIC_REPRESENTATION_ITEM()
RATIONAL_B_SPLINE_CURVE((1.,0.974927912181824,1.,0.974927912181824,1.))
REPRESENTATION_ITEM('')
);
#762=(
BOUNDED_CURVE()
B_SPLINE_CURVE(2,(#10207,#10208,#10209,#10210,#10211),.UNSPECIFIED.,.F.,
 .F.)
B_SPLINE_CURVE_WITH_KNOTS((3,2,3),(0.,0.5,1.),.PIECEWISE_BEZIER_KNOTS.)
CURVE()
GEOMETRIC_REPRESENTATION_ITEM()
RATIONAL_B_SPLINE_CURVE((1.,0.974927912181824,1.,0.974927912181824,1.))
REPRESENTATION_ITEM('')
);
#763=(
BOUNDED_CURVE()
B_SPLINE_CURVE(2,(#10218,#10219,#10220,#10221,#10222),.UNSPECIFIED.,.F.,
 .F.)
B_SPLINE_CURVE_WITH_KNOTS((3,2,3),(0.,0.5,1.),.UNSPECIFIED.)
CURVE()
GEOMETRIC_REPRESENTATION_ITEM()
RATIONAL_B_SPLINE_CURVE((1.,0.974927912181824,1.,0.974927912181824,1.))
REPRESENTATION_ITEM('')
);
#764=(
BOUNDED_CURVE()
B_SPLINE_CURVE(2,(#10238,#10239,#10240,#10241,#10242),.UNSPECIFIED.,.F.,
 .F.)
B_SPLINE_CURVE_WITH_KNOTS((3,2,3),(0.,0.5,1.),.PIECEWISE_BEZIER_KNOTS.)
CURVE()
GEOMETRIC_REPRESENTATION_ITEM()
RATIONAL_B_SPLINE_CURVE((1.,0.974927912181824,1.,0.974927912181824,1.))
REPRESENTATION_ITEM('')
);
#765=(
BOUNDED_CURVE()
B_SPLINE_CURVE(2,(#10244,#10245,#10246,#10247,#10248),.UNSPECIFIED.,.F.,
 .F.)
B_SPLINE_CURVE_WITH_KNOTS((3,2,3),(0.,0.5,1.),.PIECEWISE_BEZIER_KNOTS.)
CURVE()
GEOMETRIC_REPRESENTATION_ITEM()
RATIONAL_B_SPLINE_CURVE((1.,0.974927912181824,1.,0.974927912181824,1.))
REPRESENTATION_ITEM('')
);
#766=(
BOUNDED_CURVE()
B_SPLINE_CURVE(2,(#10250,#10251,#10252,#10253,#10254),.UNSPECIFIED.,.F.,
 .F.)
B_SPLINE_CURVE_WITH_KNOTS((3,2,3),(0.,0.5,1.),.PIECEWISE_BEZIER_KNOTS.)
CURVE()
GEOMETRIC_REPRESENTATION_ITEM()
RATIONAL_B_SPLINE_CURVE((1.,0.974927912181824,1.,0.974927912181824,1.))
REPRESENTATION_ITEM('')
);
#767=(
BOUNDED_CURVE()
B_SPLINE_CURVE(2,(#10256,#10257,#10258,#10259,#10260),.UNSPECIFIED.,.F.,
 .F.)
B_SPLINE_CURVE_WITH_KNOTS((3,2,3),(0.,0.5,1.),.PIECEWISE_BEZIER_KNOTS.)
CURVE()
GEOMETRIC_REPRESENTATION_ITEM()
RATIONAL_B_SPLINE_CURVE((1.,0.974927912181824,1.,0.974927912181824,1.))
REPRESENTATION_ITEM('')
);
#768=(
BOUNDED_CURVE()
B_SPLINE_CURVE(2,(#10267,#10268,#10269,#10270,#10271),.UNSPECIFIED.,.F.,
 .F.)
B_SPLINE_CURVE_WITH_KNOTS((3,2,3),(0.,0.5,1.),.UNSPECIFIED.)
CURVE()
GEOMETRIC_REPRESENTATION_ITEM()
RATIONAL_B_SPLINE_CURVE((1.,0.974927912181824,1.,0.974927912181824,1.))
REPRESENTATION_ITEM('')
);
#769=(
BOUNDED_CURVE()
B_SPLINE_CURVE(2,(#10287,#10288,#10289,#10290,#10291),.UNSPECIFIED.,.F.,
 .F.)
B_SPLINE_CURVE_WITH_KNOTS((3,2,3),(0.,0.5,1.),.PIECEWISE_BEZIER_KNOTS.)
CURVE()
GEOMETRIC_REPRESENTATION_ITEM()
RATIONAL_B_SPLINE_CURVE((1.,0.974927912181824,1.,0.974927912181824,1.))
REPRESENTATION_ITEM('')
);
#770=(
BOUNDED_CURVE()
B_SPLINE_CURVE(2,(#10293,#10294,#10295,#10296,#10297),.UNSPECIFIED.,.F.,
 .F.)
B_SPLINE_CURVE_WITH_KNOTS((3,2,3),(0.,0.5,1.),.PIECEWISE_BEZIER_KNOTS.)
CURVE()
GEOMETRIC_REPRESENTATION_ITEM()
RATIONAL_B_SPLINE_CURVE((1.,0.974927912181824,1.,0.974927912181824,1.))
REPRESENTATION_ITEM('')
);
#771=(
BOUNDED_CURVE()
B_SPLINE_CURVE(2,(#10299,#10300,#10301,#10302,#10303),.UNSPECIFIED.,.F.,
 .F.)
B_SPLINE_CURVE_WITH_KNOTS((3,2,3),(0.,0.5,1.),.PIECEWISE_BEZIER_KNOTS.)
CURVE()
GEOMETRIC_REPRESENTATION_ITEM()
RATIONAL_B_SPLINE_CURVE((1.,0.974927912181824,1.,0.974927912181824,1.))
REPRESENTATION_ITEM('')
);
#772=(
BOUNDED_CURVE()
B_SPLINE_CURVE(2,(#10305,#10306,#10307,#10308,#10309),.UNSPECIFIED.,.F.,
 .F.)
B_SPLINE_CURVE_WITH_KNOTS((3,2,3),(0.,0.5,1.),.PIECEWISE_BEZIER_KNOTS.)
CURVE()
GEOMETRIC_REPRESENTATION_ITEM()
RATIONAL_B_SPLINE_CURVE((1.,0.974927912181824,1.,0.974927912181824,1.))
REPRESENTATION_ITEM('')
);
#773=(
BOUNDED_CURVE()
B_SPLINE_CURVE(2,(#10316,#10317,#10318,#10319,#10320),.UNSPECIFIED.,.F.,
 .F.)
B_SPLINE_CURVE_WITH_KNOTS((3,2,3),(0.,0.5,1.),.UNSPECIFIED.)
CURVE()
GEOMETRIC_REPRESENTATION_ITEM()
RATIONAL_B_SPLINE_CURVE((1.,0.974927912181824,1.,0.974927912181824,1.))
REPRESENTATION_ITEM('')
);
#774=(
BOUNDED_CURVE()
B_SPLINE_CURVE(2,(#10336,#10337,#10338,#10339,#10340),.UNSPECIFIED.,.F.,
 .F.)
B_SPLINE_CURVE_WITH_KNOTS((3,2,3),(0.,0.5,1.),.PIECEWISE_BEZIER_KNOTS.)
CURVE()
GEOMETRIC_REPRESENTATION_ITEM()
RATIONAL_B_SPLINE_CURVE((1.,0.974927912181824,1.,0.974927912181824,1.))
REPRESENTATION_ITEM('')
);
#775=(
BOUNDED_CURVE()
B_SPLINE_CURVE(2,(#10342,#10343,#10344,#10345,#10346),.UNSPECIFIED.,.F.,
 .F.)
B_SPLINE_CURVE_WITH_KNOTS((3,2,3),(0.,0.5,1.),.PIECEWISE_BEZIER_KNOTS.)
CURVE()
GEOMETRIC_REPRESENTATION_ITEM()
RATIONAL_B_SPLINE_CURVE((1.,0.974927912181824,1.,0.974927912181824,1.))
REPRESENTATION_ITEM('')
);
#776=(
BOUNDED_CURVE()
B_SPLINE_CURVE(2,(#10348,#10349,#10350,#10351,#10352),.UNSPECIFIED.,.F.,
 .F.)
B_SPLINE_CURVE_WITH_KNOTS((3,2,3),(0.,0.5,1.),.PIECEWISE_BEZIER_KNOTS.)
CURVE()
GEOMETRIC_REPRESENTATION_ITEM()
RATIONAL_B_SPLINE_CURVE((1.,0.974927912181824,1.,0.974927912181824,1.))
REPRESENTATION_ITEM('')
);
#777=(
BOUNDED_CURVE()
B_SPLINE_CURVE(2,(#10354,#10355,#10356,#10357,#10358),.UNSPECIFIED.,.F.,
 .F.)
B_SPLINE_CURVE_WITH_KNOTS((3,2,3),(0.,0.5,1.),.PIECEWISE_BEZIER_KNOTS.)
CURVE()
GEOMETRIC_REPRESENTATION_ITEM()
RATIONAL_B_SPLINE_CURVE((1.,0.974927912181824,1.,0.974927912181824,1.))
REPRESENTATION_ITEM('')
);
#778=(
BOUNDED_CURVE()
B_SPLINE_CURVE(2,(#10365,#10366,#10367,#10368,#10369),.UNSPECIFIED.,.F.,
 .F.)
B_SPLINE_CURVE_WITH_KNOTS((3,2,3),(0.,0.5,1.),.UNSPECIFIED.)
CURVE()
GEOMETRIC_REPRESENTATION_ITEM()
RATIONAL_B_SPLINE_CURVE((1.,0.974927912181824,1.,0.974927912181824,1.))
REPRESENTATION_ITEM('')
);
#779=(
BOUNDED_CURVE()
B_SPLINE_CURVE(2,(#10385,#10386,#10387,#10388,#10389),.UNSPECIFIED.,.F.,
 .F.)
B_SPLINE_CURVE_WITH_KNOTS((3,2,3),(0.,0.5,1.),.PIECEWISE_BEZIER_KNOTS.)
CURVE()
GEOMETRIC_REPRESENTATION_ITEM()
RATIONAL_B_SPLINE_CURVE((1.,0.974927912181824,1.,0.974927912181824,1.))
REPRESENTATION_ITEM('')
);
#780=(
BOUNDED_CURVE()
B_SPLINE_CURVE(2,(#10391,#10392,#10393,#10394,#10395),.UNSPECIFIED.,.F.,
 .F.)
B_SPLINE_CURVE_WITH_KNOTS((3,2,3),(0.,0.5,1.),.PIECEWISE_BEZIER_KNOTS.)
CURVE()
GEOMETRIC_REPRESENTATION_ITEM()
RATIONAL_B_SPLINE_CURVE((1.,0.974927912181824,1.,0.974927912181824,1.))
REPRESENTATION_ITEM('')
);
#781=(
BOUNDED_CURVE()
B_SPLINE_CURVE(2,(#10397,#10398,#10399,#10400,#10401),.UNSPECIFIED.,.F.,
 .F.)
B_SPLINE_CURVE_WITH_KNOTS((3,2,3),(0.,0.5,1.),.PIECEWISE_BEZIER_KNOTS.)
CURVE()
GEOMETRIC_REPRESENTATION_ITEM()
RATIONAL_B_SPLINE_CURVE((1.,0.974927912181824,1.,0.974927912181824,1.))
REPRESENTATION_ITEM('')
);
#782=(
BOUNDED_CURVE()
B_SPLINE_CURVE(2,(#10403,#10404,#10405,#10406,#10407),.UNSPECIFIED.,.F.,
 .F.)
B_SPLINE_CURVE_WITH_KNOTS((3,2,3),(0.,0.5,1.),.PIECEWISE_BEZIER_KNOTS.)
CURVE()
GEOMETRIC_REPRESENTATION_ITEM()
RATIONAL_B_SPLINE_CURVE((1.,0.974927912181824,1.,0.974927912181824,1.))
REPRESENTATION_ITEM('')
);
#783=(
BOUNDED_CURVE()
B_SPLINE_CURVE(2,(#10414,#10415,#10416,#10417,#10418),.UNSPECIFIED.,.F.,
 .F.)
B_SPLINE_CURVE_WITH_KNOTS((3,2,3),(0.,0.5,1.),.UNSPECIFIED.)
CURVE()
GEOMETRIC_REPRESENTATION_ITEM()
RATIONAL_B_SPLINE_CURVE((1.,0.974927912181824,1.,0.974927912181824,1.))
REPRESENTATION_ITEM('')
);
#784=(
BOUNDED_CURVE()
B_SPLINE_CURVE(2,(#10434,#10435,#10436,#10437,#10438),.UNSPECIFIED.,.F.,
 .F.)
B_SPLINE_CURVE_WITH_KNOTS((3,2,3),(0.,0.5,1.),.PIECEWISE_BEZIER_KNOTS.)
CURVE()
GEOMETRIC_REPRESENTATION_ITEM()
RATIONAL_B_SPLINE_CURVE((1.,0.974927912181824,1.,0.974927912181824,1.))
REPRESENTATION_ITEM('')
);
#785=(
BOUNDED_CURVE()
B_SPLINE_CURVE(2,(#10440,#10441,#10442,#10443,#10444),.UNSPECIFIED.,.F.,
 .F.)
B_SPLINE_CURVE_WITH_KNOTS((3,2,3),(0.,0.5,1.),.PIECEWISE_BEZIER_KNOTS.)
CURVE()
GEOMETRIC_REPRESENTATION_ITEM()
RATIONAL_B_SPLINE_CURVE((1.,0.974927912181824,1.,0.974927912181824,1.))
REPRESENTATION_ITEM('')
);
#786=(
BOUNDED_CURVE()
B_SPLINE_CURVE(2,(#10446,#10447,#10448,#10449,#10450),.UNSPECIFIED.,.F.,
 .F.)
B_SPLINE_CURVE_WITH_KNOTS((3,2,3),(0.,0.5,1.),.PIECEWISE_BEZIER_KNOTS.)
CURVE()
GEOMETRIC_REPRESENTATION_ITEM()
RATIONAL_B_SPLINE_CURVE((1.,0.974927912181824,1.,0.974927912181824,1.))
REPRESENTATION_ITEM('')
);
#787=(
BOUNDED_CURVE()
B_SPLINE_CURVE(2,(#10452,#10453,#10454,#10455,#10456),.UNSPECIFIED.,.F.,
 .F.)
B_SPLINE_CURVE_WITH_KNOTS((3,2,3),(0.,0.5,1.),.PIECEWISE_BEZIER_KNOTS.)
CURVE()
GEOMETRIC_REPRESENTATION_ITEM()
RATIONAL_B_SPLINE_CURVE((1.,0.974927912181824,1.,0.974927912181824,1.))
REPRESENTATION_ITEM('')
);
#788=(
BOUNDED_CURVE()
B_SPLINE_CURVE(2,(#10463,#10464,#10465,#10466,#10467),.UNSPECIFIED.,.F.,
 .F.)
B_SPLINE_CURVE_WITH_KNOTS((3,2,3),(0.,0.5,1.),.UNSPECIFIED.)
CURVE()
GEOMETRIC_REPRESENTATION_ITEM()
RATIONAL_B_SPLINE_CURVE((1.,0.974927912181824,1.,0.974927912181824,1.))
REPRESENTATION_ITEM('')
);
#789=(
BOUNDED_CURVE()
B_SPLINE_CURVE(2,(#10483,#10484,#10485,#10486,#10487),.UNSPECIFIED.,.F.,
 .F.)
B_SPLINE_CURVE_WITH_KNOTS((3,2,3),(0.,0.5,1.),.PIECEWISE_BEZIER_KNOTS.)
CURVE()
GEOMETRIC_REPRESENTATION_ITEM()
RATIONAL_B_SPLINE_CURVE((1.,0.974927912181824,1.,0.974927912181824,1.))
REPRESENTATION_ITEM('')
);
#790=(
BOUNDED_CURVE()
B_SPLINE_CURVE(2,(#10489,#10490,#10491,#10492,#10493),.UNSPECIFIED.,.F.,
 .F.)
B_SPLINE_CURVE_WITH_KNOTS((3,2,3),(0.,0.5,1.),.PIECEWISE_BEZIER_KNOTS.)
CURVE()
GEOMETRIC_REPRESENTATION_ITEM()
RATIONAL_B_SPLINE_CURVE((1.,0.974927912181824,1.,0.974927912181824,1.))
REPRESENTATION_ITEM('')
);
#791=(
BOUNDED_CURVE()
B_SPLINE_CURVE(2,(#10495,#10496,#10497,#10498,#10499),.UNSPECIFIED.,.F.,
 .F.)
B_SPLINE_CURVE_WITH_KNOTS((3,2,3),(0.,0.5,1.),.PIECEWISE_BEZIER_KNOTS.)
CURVE()
GEOMETRIC_REPRESENTATION_ITEM()
RATIONAL_B_SPLINE_CURVE((1.,0.974927912181824,1.,0.974927912181824,1.))
REPRESENTATION_ITEM('')
);
#792=(
BOUNDED_CURVE()
B_SPLINE_CURVE(2,(#10501,#10502,#10503,#10504,#10505),.UNSPECIFIED.,.F.,
 .F.)
B_SPLINE_CURVE_WITH_KNOTS((3,2,3),(0.,0.5,1.),.PIECEWISE_BEZIER_KNOTS.)
CURVE()
GEOMETRIC_REPRESENTATION_ITEM()
RATIONAL_B_SPLINE_CURVE((1.,0.974927912181824,1.,0.974927912181824,1.))
REPRESENTATION_ITEM('')
);
#793=(
BOUNDED_CURVE()
B_SPLINE_CURVE(2,(#10512,#10513,#10514,#10515,#10516),.UNSPECIFIED.,.F.,
 .F.)
B_SPLINE_CURVE_WITH_KNOTS((3,2,3),(0.,0.5,1.),.UNSPECIFIED.)
CURVE()
GEOMETRIC_REPRESENTATION_ITEM()
RATIONAL_B_SPLINE_CURVE((1.,0.974927912181824,1.,0.974927912181824,1.))
REPRESENTATION_ITEM('')
);
#794=(
BOUNDED_CURVE()
B_SPLINE_CURVE(2,(#10532,#10533,#10534,#10535,#10536),.UNSPECIFIED.,.F.,
 .F.)
B_SPLINE_CURVE_WITH_KNOTS((3,2,3),(0.,0.5,1.),.PIECEWISE_BEZIER_KNOTS.)
CURVE()
GEOMETRIC_REPRESENTATION_ITEM()
RATIONAL_B_SPLINE_CURVE((1.,0.974927912181824,1.,0.974927912181824,1.))
REPRESENTATION_ITEM('')
);
#795=(
BOUNDED_CURVE()
B_SPLINE_CURVE(2,(#10538,#10539,#10540,#10541,#10542),.UNSPECIFIED.,.F.,
 .F.)
B_SPLINE_CURVE_WITH_KNOTS((3,2,3),(0.,0.5,1.),.PIECEWISE_BEZIER_KNOTS.)
CURVE()
GEOMETRIC_REPRESENTATION_ITEM()
RATIONAL_B_SPLINE_CURVE((1.,0.974927912181824,1.,0.974927912181824,1.))
REPRESENTATION_ITEM('')
);
#796=(
BOUNDED_CURVE()
B_SPLINE_CURVE(2,(#10544,#10545,#10546,#10547,#10548),.UNSPECIFIED.,.F.,
 .F.)
B_SPLINE_CURVE_WITH_KNOTS((3,2,3),(0.,0.5,1.),.PIECEWISE_BEZIER_KNOTS.)
CURVE()
GEOMETRIC_REPRESENTATION_ITEM()
RATIONAL_B_SPLINE_CURVE((1.,0.974927912181824,1.,0.974927912181824,1.))
REPRESENTATION_ITEM('')
);
#797=(
BOUNDED_CURVE()
B_SPLINE_CURVE(2,(#10550,#10551,#10552,#10553,#10554),.UNSPECIFIED.,.F.,
 .F.)
B_SPLINE_CURVE_WITH_KNOTS((3,2,3),(0.,0.5,1.),.PIECEWISE_BEZIER_KNOTS.)
CURVE()
GEOMETRIC_REPRESENTATION_ITEM()
RATIONAL_B_SPLINE_CURVE((1.,0.974927912181824,1.,0.974927912181824,1.))
REPRESENTATION_ITEM('')
);
#798=(
BOUNDED_CURVE()
B_SPLINE_CURVE(2,(#10561,#10562,#10563,#10564,#10565),.UNSPECIFIED.,.F.,
 .F.)
B_SPLINE_CURVE_WITH_KNOTS((3,2,3),(0.,0.5,1.),.UNSPECIFIED.)
CURVE()
GEOMETRIC_REPRESENTATION_ITEM()
RATIONAL_B_SPLINE_CURVE((1.,0.974927912181824,1.,0.974927912181824,1.))
REPRESENTATION_ITEM('')
);
#799=(
BOUNDED_CURVE()
B_SPLINE_CURVE(2,(#10581,#10582,#10583,#10584,#10585),.UNSPECIFIED.,.F.,
 .F.)
B_SPLINE_CURVE_WITH_KNOTS((3,2,3),(0.,0.5,1.),.PIECEWISE_BEZIER_KNOTS.)
CURVE()
GEOMETRIC_REPRESENTATION_ITEM()
RATIONAL_B_SPLINE_CURVE((1.,0.974927912181824,1.,0.974927912181824,1.))
REPRESENTATION_ITEM('')
);
#800=(
BOUNDED_CURVE()
B_SPLINE_CURVE(2,(#10587,#10588,#10589,#10590,#10591),.UNSPECIFIED.,.F.,
 .F.)
B_SPLINE_CURVE_WITH_KNOTS((3,2,3),(0.,0.5,1.),.PIECEWISE_BEZIER_KNOTS.)
CURVE()
GEOMETRIC_REPRESENTATION_ITEM()
RATIONAL_B_SPLINE_CURVE((1.,0.974927912181824,1.,0.974927912181824,1.))
REPRESENTATION_ITEM('')
);
#801=(
BOUNDED_CURVE()
B_SPLINE_CURVE(2,(#10593,#10594,#10595,#10596,#10597),.UNSPECIFIED.,.F.,
 .F.)
B_SPLINE_CURVE_WITH_KNOTS((3,2,3),(0.,0.5,1.),.PIECEWISE_BEZIER_KNOTS.)
CURVE()
GEOMETRIC_REPRESENTATION_ITEM()
RATIONAL_B_SPLINE_CURVE((1.,0.974927912181824,1.,0.974927912181824,1.))
REPRESENTATION_ITEM('')
);
#802=(
BOUNDED_CURVE()
B_SPLINE_CURVE(2,(#10599,#10600,#10601,#10602,#10603),.UNSPECIFIED.,.F.,
 .F.)
B_SPLINE_CURVE_WITH_KNOTS((3,2,3),(0.,0.5,1.),.PIECEWISE_BEZIER_KNOTS.)
CURVE()
GEOMETRIC_REPRESENTATION_ITEM()
RATIONAL_B_SPLINE_CURVE((1.,0.974927912181824,1.,0.974927912181824,1.))
REPRESENTATION_ITEM('')
);
#803=(
BOUNDED_CURVE()
B_SPLINE_CURVE(2,(#10610,#10611,#10612,#10613,#10614),.UNSPECIFIED.,.F.,
 .F.)
B_SPLINE_CURVE_WITH_KNOTS((3,2,3),(0.,0.5,1.),.UNSPECIFIED.)
CURVE()
GEOMETRIC_REPRESENTATION_ITEM()
RATIONAL_B_SPLINE_CURVE((1.,0.974927912181824,1.,0.974927912181824,1.))
REPRESENTATION_ITEM('')
);
#804=(
BOUNDED_CURVE()
B_SPLINE_CURVE(2,(#10630,#10631,#10632,#10633,#10634),.UNSPECIFIED.,.F.,
 .F.)
B_SPLINE_CURVE_WITH_KNOTS((3,2,3),(0.,0.5,1.),.PIECEWISE_BEZIER_KNOTS.)
CURVE()
GEOMETRIC_REPRESENTATION_ITEM()
RATIONAL_B_SPLINE_CURVE((1.,0.974927912181824,1.,0.974927912181824,1.))
REPRESENTATION_ITEM('')
);
#805=(
BOUNDED_CURVE()
B_SPLINE_CURVE(2,(#10636,#10637,#10638,#10639,#10640),.UNSPECIFIED.,.F.,
 .F.)
B_SPLINE_CURVE_WITH_KNOTS((3,2,3),(0.,0.5,1.),.PIECEWISE_BEZIER_KNOTS.)
CURVE()
GEOMETRIC_REPRESENTATION_ITEM()
RATIONAL_B_SPLINE_CURVE((1.,0.974927912181824,1.,0.974927912181824,1.))
REPRESENTATION_ITEM('')
);
#806=(
BOUNDED_CURVE()
B_SPLINE_CURVE(2,(#10642,#10643,#10644,#10645,#10646),.UNSPECIFIED.,.F.,
 .F.)
B_SPLINE_CURVE_WITH_KNOTS((3,2,3),(0.,0.5,1.),.PIECEWISE_BEZIER_KNOTS.)
CURVE()
GEOMETRIC_REPRESENTATION_ITEM()
RATIONAL_B_SPLINE_CURVE((1.,0.974927912181824,1.,0.974927912181824,1.))
REPRESENTATION_ITEM('')
);
#807=(
BOUNDED_CURVE()
B_SPLINE_CURVE(2,(#10648,#10649,#10650,#10651,#10652),.UNSPECIFIED.,.F.,
 .F.)
B_SPLINE_CURVE_WITH_KNOTS((3,2,3),(0.,0.5,1.),.PIECEWISE_BEZIER_KNOTS.)
CURVE()
GEOMETRIC_REPRESENTATION_ITEM()
RATIONAL_B_SPLINE_CURVE((1.,0.974927912181824,1.,0.974927912181824,1.))
REPRESENTATION_ITEM('')
);
#808=(
BOUNDED_CURVE()
B_SPLINE_CURVE(2,(#10659,#10660,#10661,#10662,#10663),.UNSPECIFIED.,.F.,
 .F.)
B_SPLINE_CURVE_WITH_KNOTS((3,2,3),(0.,0.5,1.),.UNSPECIFIED.)
CURVE()
GEOMETRIC_REPRESENTATION_ITEM()
RATIONAL_B_SPLINE_CURVE((1.,0.974927912181824,1.,0.974927912181824,1.))
REPRESENTATION_ITEM('')
);
#809=(
BOUNDED_CURVE()
B_SPLINE_CURVE(2,(#10679,#10680,#10681,#10682,#10683),.UNSPECIFIED.,.F.,
 .F.)
B_SPLINE_CURVE_WITH_KNOTS((3,2,3),(0.,0.5,1.),.PIECEWISE_BEZIER_KNOTS.)
CURVE()
GEOMETRIC_REPRESENTATION_ITEM()
RATIONAL_B_SPLINE_CURVE((1.,0.974927912181824,1.,0.974927912181824,1.))
REPRESENTATION_ITEM('')
);
#810=(
BOUNDED_CURVE()
B_SPLINE_CURVE(2,(#10685,#10686,#10687,#10688,#10689),.UNSPECIFIED.,.F.,
 .F.)
B_SPLINE_CURVE_WITH_KNOTS((3,2,3),(0.,0.5,1.),.PIECEWISE_BEZIER_KNOTS.)
CURVE()
GEOMETRIC_REPRESENTATION_ITEM()
RATIONAL_B_SPLINE_CURVE((1.,0.974927912181824,1.,0.974927912181824,1.))
REPRESENTATION_ITEM('')
);
#811=(
BOUNDED_CURVE()
B_SPLINE_CURVE(2,(#10691,#10692,#10693,#10694,#10695),.UNSPECIFIED.,.F.,
 .F.)
B_SPLINE_CURVE_WITH_KNOTS((3,2,3),(0.,0.5,1.),.PIECEWISE_BEZIER_KNOTS.)
CURVE()
GEOMETRIC_REPRESENTATION_ITEM()
RATIONAL_B_SPLINE_CURVE((1.,0.974927912181824,1.,0.974927912181824,1.))
REPRESENTATION_ITEM('')
);
#812=(
BOUNDED_CURVE()
B_SPLINE_CURVE(2,(#10697,#10698,#10699,#10700,#10701),.UNSPECIFIED.,.F.,
 .F.)
B_SPLINE_CURVE_WITH_KNOTS((3,2,3),(0.,0.5,1.),.PIECEWISE_BEZIER_KNOTS.)
CURVE()
GEOMETRIC_REPRESENTATION_ITEM()
RATIONAL_B_SPLINE_CURVE((1.,0.974927912181824,1.,0.974927912181824,1.))
REPRESENTATION_ITEM('')
);
#813=(
BOUNDED_CURVE()
B_SPLINE_CURVE(2,(#10708,#10709,#10710,#10711,#10712),.UNSPECIFIED.,.F.,
 .F.)
B_SPLINE_CURVE_WITH_KNOTS((3,2,3),(0.,0.5,1.),.UNSPECIFIED.)
CURVE()
GEOMETRIC_REPRESENTATION_ITEM()
RATIONAL_B_SPLINE_CURVE((1.,0.974927912181824,1.,0.974927912181824,1.))
REPRESENTATION_ITEM('')
);
#814=(
BOUNDED_CURVE()
B_SPLINE_CURVE(2,(#10728,#10729,#10730,#10731,#10732),.UNSPECIFIED.,.F.,
 .F.)
B_SPLINE_CURVE_WITH_KNOTS((3,2,3),(0.,0.5,1.),.PIECEWISE_BEZIER_KNOTS.)
CURVE()
GEOMETRIC_REPRESENTATION_ITEM()
RATIONAL_B_SPLINE_CURVE((1.,0.974927912181824,1.,0.974927912181824,1.))
REPRESENTATION_ITEM('')
);
#815=(
BOUNDED_CURVE()
B_SPLINE_CURVE(2,(#10734,#10735,#10736,#10737,#10738),.UNSPECIFIED.,.F.,
 .F.)
B_SPLINE_CURVE_WITH_KNOTS((3,2,3),(0.,0.5,1.),.PIECEWISE_BEZIER_KNOTS.)
CURVE()
GEOMETRIC_REPRESENTATION_ITEM()
RATIONAL_B_SPLINE_CURVE((1.,0.974927912181824,1.,0.974927912181824,1.))
REPRESENTATION_ITEM('')
);
#816=(
BOUNDED_CURVE()
B_SPLINE_CURVE(2,(#10740,#10741,#10742,#10743,#10744),.UNSPECIFIED.,.F.,
 .F.)
B_SPLINE_CURVE_WITH_KNOTS((3,2,3),(0.,0.5,1.),.PIECEWISE_BEZIER_KNOTS.)
CURVE()
GEOMETRIC_REPRESENTATION_ITEM()
RATIONAL_B_SPLINE_CURVE((1.,0.974927912181824,1.,0.974927912181824,1.))
REPRESENTATION_ITEM('')
);
#817=(
BOUNDED_CURVE()
B_SPLINE_CURVE(2,(#10746,#10747,#10748,#10749,#10750),.UNSPECIFIED.,.F.,
 .F.)
B_SPLINE_CURVE_WITH_KNOTS((3,2,3),(0.,0.5,1.),.PIECEWISE_BEZIER_KNOTS.)
CURVE()
GEOMETRIC_REPRESENTATION_ITEM()
RATIONAL_B_SPLINE_CURVE((1.,0.974927912181824,1.,0.974927912181824,1.))
REPRESENTATION_ITEM('')
);
#818=(
BOUNDED_CURVE()
B_SPLINE_CURVE(2,(#10757,#10758,#10759,#10760,#10761),.UNSPECIFIED.,.F.,
 .F.)
B_SPLINE_CURVE_WITH_KNOTS((3,2,3),(0.,0.5,1.),.UNSPECIFIED.)
CURVE()
GEOMETRIC_REPRESENTATION_ITEM()
RATIONAL_B_SPLINE_CURVE((1.,0.974927912181824,1.,0.974927912181824,1.))
REPRESENTATION_ITEM('')
);
#819=(
BOUNDED_CURVE()
B_SPLINE_CURVE(2,(#10777,#10778,#10779,#10780,#10781),.UNSPECIFIED.,.F.,
 .F.)
B_SPLINE_CURVE_WITH_KNOTS((3,2,3),(0.,0.5,1.),.PIECEWISE_BEZIER_KNOTS.)
CURVE()
GEOMETRIC_REPRESENTATION_ITEM()
RATIONAL_B_SPLINE_CURVE((1.,0.974927912181824,1.,0.974927912181824,1.))
REPRESENTATION_ITEM('')
);
#820=(
BOUNDED_CURVE()
B_SPLINE_CURVE(2,(#10783,#10784,#10785,#10786,#10787),.UNSPECIFIED.,.F.,
 .F.)
B_SPLINE_CURVE_WITH_KNOTS((3,2,3),(0.,0.5,1.),.PIECEWISE_BEZIER_KNOTS.)
CURVE()
GEOMETRIC_REPRESENTATION_ITEM()
RATIONAL_B_SPLINE_CURVE((1.,0.974927912181824,1.,0.974927912181824,1.))
REPRESENTATION_ITEM('')
);
#821=(
BOUNDED_CURVE()
B_SPLINE_CURVE(2,(#10794,#10795,#10796,#10797,#10798),.UNSPECIFIED.,.F.,
 .F.)
B_SPLINE_CURVE_WITH_KNOTS((3,2,3),(0.,0.5,1.),.UNSPECIFIED.)
CURVE()
GEOMETRIC_REPRESENTATION_ITEM()
RATIONAL_B_SPLINE_CURVE((1.,0.974927912181824,1.,0.974927912181824,1.))
REPRESENTATION_ITEM('')
);
#822=(
BOUNDED_CURVE()
B_SPLINE_CURVE(2,(#10815,#10816,#10817,#10818,#10819),.UNSPECIFIED.,.F.,
 .F.)
B_SPLINE_CURVE_WITH_KNOTS((3,2,3),(0.,0.5,1.),.UNSPECIFIED.)
CURVE()
GEOMETRIC_REPRESENTATION_ITEM()
RATIONAL_B_SPLINE_CURVE((1.,0.974927912181824,1.,0.974927912181824,1.))
REPRESENTATION_ITEM('')
);
#823=(
BOUNDED_CURVE()
B_SPLINE_CURVE(2,(#10832,#10833,#10834,#10835,#10836),.UNSPECIFIED.,.F.,
 .F.)
B_SPLINE_CURVE_WITH_KNOTS((3,2,3),(0.,0.5,1.),.UNSPECIFIED.)
CURVE()
GEOMETRIC_REPRESENTATION_ITEM()
RATIONAL_B_SPLINE_CURVE((1.,0.974927912181824,1.,0.974927912181824,1.))
REPRESENTATION_ITEM('')
);
#824=(
BOUNDED_CURVE()
B_SPLINE_CURVE(2,(#10849,#10850,#10851,#10852,#10853),.UNSPECIFIED.,.F.,
 .F.)
B_SPLINE_CURVE_WITH_KNOTS((3,2,3),(0.,0.5,1.),.UNSPECIFIED.)
CURVE()
GEOMETRIC_REPRESENTATION_ITEM()
RATIONAL_B_SPLINE_CURVE((1.,0.974927912181824,1.,0.974927912181824,1.))
REPRESENTATION_ITEM('')
);
#825=(
BOUNDED_CURVE()
B_SPLINE_CURVE(2,(#10866,#10867,#10868,#10869,#10870),.UNSPECIFIED.,.F.,
 .F.)
B_SPLINE_CURVE_WITH_KNOTS((3,2,3),(0.,0.5,1.),.UNSPECIFIED.)
CURVE()
GEOMETRIC_REPRESENTATION_ITEM()
RATIONAL_B_SPLINE_CURVE((1.,0.974927912181824,1.,0.974927912181824,1.))
REPRESENTATION_ITEM('')
);
#826=(
BOUNDED_CURVE()
B_SPLINE_CURVE(2,(#10883,#10884,#10885,#10886,#10887),.UNSPECIFIED.,.F.,
 .F.)
B_SPLINE_CURVE_WITH_KNOTS((3,2,3),(0.,0.5,1.),.UNSPECIFIED.)
CURVE()
GEOMETRIC_REPRESENTATION_ITEM()
RATIONAL_B_SPLINE_CURVE((1.,0.974927912181824,1.,0.974927912181824,1.))
REPRESENTATION_ITEM('')
);
#827=(
BOUNDED_CURVE()
B_SPLINE_CURVE(2,(#10900,#10901,#10902,#10903,#10904),.UNSPECIFIED.,.F.,
 .F.)
B_SPLINE_CURVE_WITH_KNOTS((3,2,3),(0.,0.5,1.),.UNSPECIFIED.)
CURVE()
GEOMETRIC_REPRESENTATION_ITEM()
RATIONAL_B_SPLINE_CURVE((1.,0.974927912181824,1.,0.974927912181824,1.))
REPRESENTATION_ITEM('')
);
#828=(
BOUNDED_CURVE()
B_SPLINE_CURVE(2,(#10917,#10918,#10919,#10920,#10921),.UNSPECIFIED.,.F.,
 .F.)
B_SPLINE_CURVE_WITH_KNOTS((3,2,3),(0.,0.5,1.),.UNSPECIFIED.)
CURVE()
GEOMETRIC_REPRESENTATION_ITEM()
RATIONAL_B_SPLINE_CURVE((1.,0.974927912181824,1.,0.974927912181824,1.))
REPRESENTATION_ITEM('')
);
#829=(
BOUNDED_CURVE()
B_SPLINE_CURVE(2,(#10934,#10935,#10936,#10937,#10938),.UNSPECIFIED.,.F.,
 .F.)
B_SPLINE_CURVE_WITH_KNOTS((3,2,3),(0.,0.5,1.),.UNSPECIFIED.)
CURVE()
GEOMETRIC_REPRESENTATION_ITEM()
RATIONAL_B_SPLINE_CURVE((1.,0.974927912181824,1.,0.974927912181824,1.))
REPRESENTATION_ITEM('')
);
#830=(
BOUNDED_CURVE()
B_SPLINE_CURVE(2,(#10951,#10952,#10953,#10954,#10955),.UNSPECIFIED.,.F.,
 .F.)
B_SPLINE_CURVE_WITH_KNOTS((3,2,3),(0.,0.5,1.),.UNSPECIFIED.)
CURVE()
GEOMETRIC_REPRESENTATION_ITEM()
RATIONAL_B_SPLINE_CURVE((1.,0.974927912181824,1.,0.974927912181824,1.))
REPRESENTATION_ITEM('')
);
#831=(
BOUNDED_CURVE()
B_SPLINE_CURVE(2,(#10968,#10969,#10970,#10971,#10972),.UNSPECIFIED.,.F.,
 .F.)
B_SPLINE_CURVE_WITH_KNOTS((3,2,3),(0.,0.5,1.),.UNSPECIFIED.)
CURVE()
GEOMETRIC_REPRESENTATION_ITEM()
RATIONAL_B_SPLINE_CURVE((1.,0.974927912181824,1.,0.974927912181824,1.))
REPRESENTATION_ITEM('')
);
#832=(
BOUNDED_CURVE()
B_SPLINE_CURVE(2,(#10985,#10986,#10987,#10988,#10989),.UNSPECIFIED.,.F.,
 .F.)
B_SPLINE_CURVE_WITH_KNOTS((3,2,3),(0.,0.5,1.),.UNSPECIFIED.)
CURVE()
GEOMETRIC_REPRESENTATION_ITEM()
RATIONAL_B_SPLINE_CURVE((1.,0.974927912181824,1.,0.974927912181824,1.))
REPRESENTATION_ITEM('')
);
#833=(
BOUNDED_CURVE()
B_SPLINE_CURVE(2,(#11002,#11003,#11004,#11005,#11006),.UNSPECIFIED.,.F.,
 .F.)
B_SPLINE_CURVE_WITH_KNOTS((3,2,3),(0.,0.5,1.),.UNSPECIFIED.)
CURVE()
GEOMETRIC_REPRESENTATION_ITEM()
RATIONAL_B_SPLINE_CURVE((1.,0.974927912181824,1.,0.974927912181824,1.))
REPRESENTATION_ITEM('')
);
#834=(
BOUNDED_CURVE()
B_SPLINE_CURVE(2,(#11019,#11020,#11021,#11022,#11023),.UNSPECIFIED.,.F.,
 .F.)
B_SPLINE_CURVE_WITH_KNOTS((3,2,3),(0.,0.5,1.),.UNSPECIFIED.)
CURVE()
GEOMETRIC_REPRESENTATION_ITEM()
RATIONAL_B_SPLINE_CURVE((1.,0.974927912181824,1.,0.974927912181824,1.))
REPRESENTATION_ITEM('')
);
#835=(
BOUNDED_CURVE()
B_SPLINE_CURVE(2,(#11040,#11041,#11042,#11043,#11044),.UNSPECIFIED.,.F.,
 .F.)
B_SPLINE_CURVE_WITH_KNOTS((3,2,3),(0.,0.5,1.),.UNSPECIFIED.)
CURVE()
GEOMETRIC_REPRESENTATION_ITEM()
RATIONAL_B_SPLINE_CURVE((1.,0.974927912181824,1.,0.974927912181824,1.))
REPRESENTATION_ITEM('')
);
#836=(
BOUNDED_CURVE()
B_SPLINE_CURVE(2,(#11057,#11058,#11059,#11060,#11061),.UNSPECIFIED.,.F.,
 .F.)
B_SPLINE_CURVE_WITH_KNOTS((3,2,3),(0.,0.5,1.),.UNSPECIFIED.)
CURVE()
GEOMETRIC_REPRESENTATION_ITEM()
RATIONAL_B_SPLINE_CURVE((1.,0.974927912181824,1.,0.974927912181824,1.))
REPRESENTATION_ITEM('')
);
#837=CIRCLE('',#5591,0.0005);
#838=CIRCLE('',#5592,0.0005);
#839=CIRCLE('',#5593,0.0005);
#840=CIRCLE('',#5595,0.0005);
#841=CIRCLE('',#5596,0.0005);
#842=CIRCLE('',#5597,0.0005);
#843=CIRCLE('',#5599,0.0005);
#844=CIRCLE('',#5600,0.0005);
#845=CIRCLE('',#5601,0.0005);
#846=CIRCLE('',#5603,0.0005);
#847=CIRCLE('',#5604,0.0005);
#848=CIRCLE('',#5605,0.0005);
#849=CIRCLE('',#5607,0.0005);
#850=CIRCLE('',#5608,0.0005);
#851=CIRCLE('',#5609,0.0005);
#852=CIRCLE('',#5611,0.0005);
#853=CIRCLE('',#5612,0.0005);
#854=CIRCLE('',#5613,0.0005);
#855=CIRCLE('',#5615,0.0005);
#856=CIRCLE('',#5616,0.0005);
#857=CIRCLE('',#5617,0.0005);
#858=CIRCLE('',#5619,0.0005);
#859=CIRCLE('',#5620,0.0005);
#860=CIRCLE('',#5621,0.0005);
#861=CIRCLE('',#5623,0.00295);
#862=CIRCLE('',#5624,0.00295);
#863=CIRCLE('',#5626,0.00295);
#864=CIRCLE('',#5627,0.00295);
#865=CIRCLE('',#5629,0.00295);
#866=CIRCLE('',#5630,0.00295);
#867=CIRCLE('',#5632,0.00295);
#868=CIRCLE('',#5633,0.00295);
#869=CIRCLE('',#5635,0.00295);
#870=CIRCLE('',#5636,0.00295);
#871=CIRCLE('',#5638,0.00295);
#872=CIRCLE('',#5639,0.00295);
#873=CIRCLE('',#5641,0.00295);
#874=CIRCLE('',#5642,0.00295);
#875=CIRCLE('',#5644,0.00295);
#876=CIRCLE('',#5645,0.00295);
#877=CIRCLE('',#5647,0.0115);
#878=CIRCLE('',#5649,0.0115);
#879=CIRCLE('',#5651,0.0115);
#880=CIRCLE('',#5653,0.0115);
#881=CIRCLE('',#5655,0.0115);
#882=CIRCLE('',#5657,0.0115);
#883=CIRCLE('',#5659,0.0115);
#884=CIRCLE('',#5661,0.0115);
#885=CIRCLE('',#5663,0.0115);
#886=CIRCLE('',#5665,0.0115);
#887=CIRCLE('',#5667,0.0115);
#888=CIRCLE('',#5669,0.0115);
#889=CIRCLE('',#5671,0.0115);
#890=CIRCLE('',#5673,0.0115);
#891=CIRCLE('',#5675,0.0115);
#892=CIRCLE('',#5677,0.0115);
#893=CIRCLE('',#5679,0.0115);
#894=CIRCLE('',#5681,0.0115);
#895=CIRCLE('',#5683,0.0115);
#896=CIRCLE('',#5685,0.0115);
#897=CIRCLE('',#5687,0.0115);
#898=CIRCLE('',#5689,0.0115);
#899=CIRCLE('',#5691,0.0115);
#900=CIRCLE('',#5693,0.0115);
#901=CIRCLE('',#5695,0.0115);
#902=CIRCLE('',#5697,0.0115);
#903=CIRCLE('',#5699,0.0115);
#904=CIRCLE('',#5701,0.0115);
#905=CIRCLE('',#5703,0.0115);
#906=CIRCLE('',#5705,0.0115);
#907=CIRCLE('',#5737,0.0105);
#908=CIRCLE('',#5739,0.0105);
#909=CIRCLE('',#5741,0.0073);
#910=CIRCLE('',#5743,0.0075);
#911=CIRCLE('',#5746,0.00315);
#912=CIRCLE('',#5747,0.0007);
#913=CIRCLE('',#5748,0.0007);
#914=CIRCLE('',#5749,0.00315);
#915=CIRCLE('',#5750,0.0007);
#916=CIRCLE('',#5751,0.0007);
#917=CIRCLE('',#5752,0.00315);
#918=CIRCLE('',#5753,0.0007);
#919=CIRCLE('',#5754,0.0007);
#920=CIRCLE('',#5755,0.00315);
#921=CIRCLE('',#5756,0.0007);
#922=CIRCLE('',#5757,0.0007);
#923=CIRCLE('',#5758,0.00315);
#924=CIRCLE('',#5759,0.0007);
#925=CIRCLE('',#5760,0.0007);
#926=CIRCLE('',#5761,0.00315);
#927=CIRCLE('',#5762,0.0007);
#928=CIRCLE('',#5763,0.0007);
#929=CIRCLE('',#5764,0.00315);
#930=CIRCLE('',#5765,0.0007);
#931=CIRCLE('',#5766,0.0007);
#932=CIRCLE('',#5767,0.00315);
#933=CIRCLE('',#5768,0.0007);
#934=CIRCLE('',#5769,0.0007);
#935=CIRCLE('',#5770,0.0068);
#936=CIRCLE('',#5772,0.007);
#937=CIRCLE('',#5773,0.007);
#938=CIRCLE('',#5775,0.00622111925342351);
#939=CIRCLE('',#5776,0.00622111925342351);
#940=CIRCLE('',#5777,0.00622111925342351);
#941=CIRCLE('',#5778,0.00622111925342351);
#942=CIRCLE('',#5779,0.00622111925342351);
#943=CIRCLE('',#5780,0.00622111925342351);
#944=CIRCLE('',#5781,0.00622111925342351);
#945=CIRCLE('',#5782,0.00622111925342351);
#946=CIRCLE('',#5785,0.0005);
#947=CIRCLE('',#5786,0.0005);
#948=CIRCLE('',#5791,0.0005);
#949=CIRCLE('',#5792,0.0005);
#950=CIRCLE('',#5797,0.0005);
#951=CIRCLE('',#5798,0.0005);
#952=CIRCLE('',#5803,0.0005);
#953=CIRCLE('',#5804,0.0005);
#954=CIRCLE('',#5809,0.0005);
#955=CIRCLE('',#5810,0.0005);
#956=CIRCLE('',#5815,0.0005);
#957=CIRCLE('',#5816,0.0005);
#958=CIRCLE('',#5821,0.0005);
#959=CIRCLE('',#5822,0.0005);
#960=CIRCLE('',#5827,0.0005);
#961=CIRCLE('',#5828,0.0005);
#962=CIRCLE('',#5882,0.00622111925342351);
#963=CIRCLE('',#5885,0.00622111925342351);
#964=CIRCLE('',#5888,0.00622111925342351);
#965=CIRCLE('',#5891,0.00622111925342351);
#966=CIRCLE('',#5894,0.00622111925342351);
#967=CIRCLE('',#5897,0.00622111925342351);
#968=CIRCLE('',#5900,0.00622111925342351);
#969=CIRCLE('',#5903,0.00622111925342351);
#970=ORIENTED_EDGE('',*,*,#2684,.F.);
#971=ORIENTED_EDGE('',*,*,#2685,.T.);
#972=ORIENTED_EDGE('',*,*,#2686,.T.);
#973=ORIENTED_EDGE('',*,*,#2687,.T.);
#974=ORIENTED_EDGE('',*,*,#2688,.T.);
#975=ORIENTED_EDGE('',*,*,#2689,.F.);
#976=ORIENTED_EDGE('',*,*,#2690,.T.);
#977=ORIENTED_EDGE('',*,*,#2691,.F.);
#978=ORIENTED_EDGE('',*,*,#2692,.T.);
#979=ORIENTED_EDGE('',*,*,#2693,.T.);
#980=ORIENTED_EDGE('',*,*,#2694,.T.);
#981=ORIENTED_EDGE('',*,*,#2695,.T.);
#982=ORIENTED_EDGE('',*,*,#2696,.F.);
#983=ORIENTED_EDGE('',*,*,#2697,.T.);
#984=ORIENTED_EDGE('',*,*,#2698,.F.);
#985=ORIENTED_EDGE('',*,*,#2699,.T.);
#986=ORIENTED_EDGE('',*,*,#2700,.T.);
#987=ORIENTED_EDGE('',*,*,#2701,.T.);
#988=ORIENTED_EDGE('',*,*,#2702,.T.);
#989=ORIENTED_EDGE('',*,*,#2703,.F.);
#990=ORIENTED_EDGE('',*,*,#2704,.T.);
#991=ORIENTED_EDGE('',*,*,#2705,.F.);
#992=ORIENTED_EDGE('',*,*,#2706,.T.);
#993=ORIENTED_EDGE('',*,*,#2707,.T.);
#994=ORIENTED_EDGE('',*,*,#2708,.T.);
#995=ORIENTED_EDGE('',*,*,#2709,.T.);
#996=ORIENTED_EDGE('',*,*,#2710,.F.);
#997=ORIENTED_EDGE('',*,*,#2711,.T.);
#998=ORIENTED_EDGE('',*,*,#2712,.F.);
#999=ORIENTED_EDGE('',*,*,#2713,.T.);
#1000=ORIENTED_EDGE('',*,*,#2714,.T.);
#1001=ORIENTED_EDGE('',*,*,#2715,.T.);
#1002=ORIENTED_EDGE('',*,*,#2716,.T.);
#1003=ORIENTED_EDGE('',*,*,#2717,.F.);
#1004=ORIENTED_EDGE('',*,*,#2718,.T.);
#1005=ORIENTED_EDGE('',*,*,#2719,.F.);
#1006=ORIENTED_EDGE('',*,*,#2720,.T.);
#1007=ORIENTED_EDGE('',*,*,#2721,.T.);
#1008=ORIENTED_EDGE('',*,*,#2722,.T.);
#1009=ORIENTED_EDGE('',*,*,#2723,.T.);
#1010=ORIENTED_EDGE('',*,*,#2724,.F.);
#1011=ORIENTED_EDGE('',*,*,#2725,.T.);
#1012=ORIENTED_EDGE('',*,*,#2726,.F.);
#1013=ORIENTED_EDGE('',*,*,#2727,.T.);
#1014=ORIENTED_EDGE('',*,*,#2728,.T.);
#1015=ORIENTED_EDGE('',*,*,#2729,.T.);
#1016=ORIENTED_EDGE('',*,*,#2730,.T.);
#1017=ORIENTED_EDGE('',*,*,#2731,.F.);
#1018=ORIENTED_EDGE('',*,*,#2732,.T.);
#1019=ORIENTED_EDGE('',*,*,#2733,.F.);
#1020=ORIENTED_EDGE('',*,*,#2734,.T.);
#1021=ORIENTED_EDGE('',*,*,#2735,.T.);
#1022=ORIENTED_EDGE('',*,*,#2736,.T.);
#1023=ORIENTED_EDGE('',*,*,#2737,.T.);
#1024=ORIENTED_EDGE('',*,*,#2738,.F.);
#1025=ORIENTED_EDGE('',*,*,#2739,.T.);
#1026=ORIENTED_EDGE('',*,*,#2740,.F.);
#1027=ORIENTED_EDGE('',*,*,#2741,.T.);
#1028=ORIENTED_EDGE('',*,*,#2742,.T.);
#1029=ORIENTED_EDGE('',*,*,#2743,.T.);
#1030=ORIENTED_EDGE('',*,*,#2744,.F.);
#1031=ORIENTED_EDGE('',*,*,#2745,.T.);
#1032=ORIENTED_EDGE('',*,*,#2746,.T.);
#1033=ORIENTED_EDGE('',*,*,#2747,.T.);
#1034=ORIENTED_EDGE('',*,*,#2748,.F.);
#1035=ORIENTED_EDGE('',*,*,#2749,.T.);
#1036=ORIENTED_EDGE('',*,*,#2750,.T.);
#1037=ORIENTED_EDGE('',*,*,#2751,.T.);
#1038=ORIENTED_EDGE('',*,*,#2752,.F.);
#1039=ORIENTED_EDGE('',*,*,#2753,.T.);
#1040=ORIENTED_EDGE('',*,*,#2754,.T.);
#1041=ORIENTED_EDGE('',*,*,#2755,.T.);
#1042=ORIENTED_EDGE('',*,*,#2756,.F.);
#1043=ORIENTED_EDGE('',*,*,#2757,.T.);
#1044=ORIENTED_EDGE('',*,*,#2758,.T.);
#1045=ORIENTED_EDGE('',*,*,#2759,.T.);
#1046=ORIENTED_EDGE('',*,*,#2760,.F.);
#1047=ORIENTED_EDGE('',*,*,#2761,.T.);
#1048=ORIENTED_EDGE('',*,*,#2762,.T.);
#1049=ORIENTED_EDGE('',*,*,#2763,.T.);
#1050=ORIENTED_EDGE('',*,*,#2764,.F.);
#1051=ORIENTED_EDGE('',*,*,#2765,.T.);
#1052=ORIENTED_EDGE('',*,*,#2766,.T.);
#1053=ORIENTED_EDGE('',*,*,#2767,.T.);
#1054=ORIENTED_EDGE('',*,*,#2768,.F.);
#1055=ORIENTED_EDGE('',*,*,#2769,.T.);
#1056=ORIENTED_EDGE('',*,*,#2770,.T.);
#1057=ORIENTED_EDGE('',*,*,#2771,.T.);
#1058=ORIENTED_EDGE('',*,*,#2772,.F.);
#1059=ORIENTED_EDGE('',*,*,#2773,.T.);
#1060=ORIENTED_EDGE('',*,*,#2774,.T.);
#1061=ORIENTED_EDGE('',*,*,#2775,.F.);
#1062=ORIENTED_EDGE('',*,*,#2774,.F.);
#1063=ORIENTED_EDGE('',*,*,#2776,.T.);
#1064=ORIENTED_EDGE('',*,*,#2777,.T.);
#1065=ORIENTED_EDGE('',*,*,#2778,.F.);
#1066=ORIENTED_EDGE('',*,*,#2777,.F.);
#1067=ORIENTED_EDGE('',*,*,#2779,.T.);
#1068=ORIENTED_EDGE('',*,*,#2780,.F.);
#1069=ORIENTED_EDGE('',*,*,#2781,.T.);
#1070=ORIENTED_EDGE('',*,*,#2782,.F.);
#1071=ORIENTED_EDGE('',*,*,#2783,.T.);
#1072=ORIENTED_EDGE('',*,*,#2784,.T.);
#1073=ORIENTED_EDGE('',*,*,#2785,.F.);
#1074=ORIENTED_EDGE('',*,*,#2786,.F.);
#1075=ORIENTED_EDGE('',*,*,#2787,.F.);
#1076=ORIENTED_EDGE('',*,*,#2788,.T.);
#1077=ORIENTED_EDGE('',*,*,#2789,.F.);
#1078=ORIENTED_EDGE('',*,*,#2790,.F.);
#1079=ORIENTED_EDGE('',*,*,#2789,.T.);
#1080=ORIENTED_EDGE('',*,*,#2791,.T.);
#1081=ORIENTED_EDGE('',*,*,#2783,.F.);
#1082=ORIENTED_EDGE('',*,*,#2792,.F.);
#1083=ORIENTED_EDGE('',*,*,#2793,.T.);
#1084=ORIENTED_EDGE('',*,*,#2794,.T.);
#1085=ORIENTED_EDGE('',*,*,#2795,.F.);
#1086=ORIENTED_EDGE('',*,*,#2796,.F.);
#1087=ORIENTED_EDGE('',*,*,#2797,.T.);
#1088=ORIENTED_EDGE('',*,*,#2798,.F.);
#1089=ORIENTED_EDGE('',*,*,#2799,.T.);
#1090=ORIENTED_EDGE('',*,*,#2800,.F.);
#1091=ORIENTED_EDGE('',*,*,#2794,.F.);
#1092=ORIENTED_EDGE('',*,*,#2801,.T.);
#1093=ORIENTED_EDGE('',*,*,#2796,.T.);
#1094=ORIENTED_EDGE('',*,*,#2802,.F.);
#1095=ORIENTED_EDGE('',*,*,#2803,.T.);
#1096=ORIENTED_EDGE('',*,*,#2804,.T.);
#1097=ORIENTED_EDGE('',*,*,#2805,.F.);
#1098=ORIENTED_EDGE('',*,*,#2806,.T.);
#1099=ORIENTED_EDGE('',*,*,#2807,.T.);
#1100=ORIENTED_EDGE('',*,*,#2803,.F.);
#1101=ORIENTED_EDGE('',*,*,#2808,.F.);
#1102=ORIENTED_EDGE('',*,*,#2809,.F.);
#1103=ORIENTED_EDGE('',*,*,#2810,.F.);
#1104=ORIENTED_EDGE('',*,*,#2811,.T.);
#1105=ORIENTED_EDGE('',*,*,#2806,.F.);
#1106=ORIENTED_EDGE('',*,*,#2812,.F.);
#1107=ORIENTED_EDGE('',*,*,#2813,.T.);
#1108=ORIENTED_EDGE('',*,*,#2814,.T.);
#1109=ORIENTED_EDGE('',*,*,#2815,.F.);
#1110=ORIENTED_EDGE('',*,*,#2816,.T.);
#1111=ORIENTED_EDGE('',*,*,#2817,.T.);
#1112=ORIENTED_EDGE('',*,*,#2818,.F.);
#1113=ORIENTED_EDGE('',*,*,#2819,.T.);
#1114=ORIENTED_EDGE('',*,*,#2820,.T.);
#1115=ORIENTED_EDGE('',*,*,#2816,.F.);
#1116=ORIENTED_EDGE('',*,*,#2821,.F.);
#1117=ORIENTED_EDGE('',*,*,#2822,.F.);
#1118=ORIENTED_EDGE('',*,*,#2823,.F.);
#1119=ORIENTED_EDGE('',*,*,#2824,.T.);
#1120=ORIENTED_EDGE('',*,*,#2819,.F.);
#1121=ORIENTED_EDGE('',*,*,#2825,.F.);
#1122=ORIENTED_EDGE('',*,*,#2826,.T.);
#1123=ORIENTED_EDGE('',*,*,#2827,.T.);
#1124=ORIENTED_EDGE('',*,*,#2828,.F.);
#1125=ORIENTED_EDGE('',*,*,#2829,.T.);
#1126=ORIENTED_EDGE('',*,*,#2830,.T.);
#1127=ORIENTED_EDGE('',*,*,#2831,.F.);
#1128=ORIENTED_EDGE('',*,*,#2832,.T.);
#1129=ORIENTED_EDGE('',*,*,#2833,.T.);
#1130=ORIENTED_EDGE('',*,*,#2829,.F.);
#1131=ORIENTED_EDGE('',*,*,#2834,.F.);
#1132=ORIENTED_EDGE('',*,*,#2835,.F.);
#1133=ORIENTED_EDGE('',*,*,#2836,.F.);
#1134=ORIENTED_EDGE('',*,*,#2837,.T.);
#1135=ORIENTED_EDGE('',*,*,#2832,.F.);
#1136=ORIENTED_EDGE('',*,*,#2838,.F.);
#1137=ORIENTED_EDGE('',*,*,#2839,.T.);
#1138=ORIENTED_EDGE('',*,*,#2840,.T.);
#1139=ORIENTED_EDGE('',*,*,#2841,.F.);
#1140=ORIENTED_EDGE('',*,*,#2842,.T.);
#1141=ORIENTED_EDGE('',*,*,#2843,.T.);
#1142=ORIENTED_EDGE('',*,*,#2844,.F.);
#1143=ORIENTED_EDGE('',*,*,#2845,.T.);
#1144=ORIENTED_EDGE('',*,*,#2846,.T.);
#1145=ORIENTED_EDGE('',*,*,#2842,.F.);
#1146=ORIENTED_EDGE('',*,*,#2847,.F.);
#1147=ORIENTED_EDGE('',*,*,#2848,.F.);
#1148=ORIENTED_EDGE('',*,*,#2849,.F.);
#1149=ORIENTED_EDGE('',*,*,#2850,.T.);
#1150=ORIENTED_EDGE('',*,*,#2845,.F.);
#1151=ORIENTED_EDGE('',*,*,#2851,.F.);
#1152=ORIENTED_EDGE('',*,*,#2852,.T.);
#1153=ORIENTED_EDGE('',*,*,#2853,.T.);
#1154=ORIENTED_EDGE('',*,*,#2854,.F.);
#1155=ORIENTED_EDGE('',*,*,#2855,.T.);
#1156=ORIENTED_EDGE('',*,*,#2856,.T.);
#1157=ORIENTED_EDGE('',*,*,#2857,.F.);
#1158=ORIENTED_EDGE('',*,*,#2858,.T.);
#1159=ORIENTED_EDGE('',*,*,#2859,.T.);
#1160=ORIENTED_EDGE('',*,*,#2855,.F.);
#1161=ORIENTED_EDGE('',*,*,#2860,.F.);
#1162=ORIENTED_EDGE('',*,*,#2861,.F.);
#1163=ORIENTED_EDGE('',*,*,#2862,.F.);
#1164=ORIENTED_EDGE('',*,*,#2863,.T.);
#1165=ORIENTED_EDGE('',*,*,#2858,.F.);
#1166=ORIENTED_EDGE('',*,*,#2864,.F.);
#1167=ORIENTED_EDGE('',*,*,#2865,.T.);
#1168=ORIENTED_EDGE('',*,*,#2866,.T.);
#1169=ORIENTED_EDGE('',*,*,#2867,.F.);
#1170=ORIENTED_EDGE('',*,*,#2868,.T.);
#1171=ORIENTED_EDGE('',*,*,#2869,.T.);
#1172=ORIENTED_EDGE('',*,*,#2870,.F.);
#1173=ORIENTED_EDGE('',*,*,#2871,.T.);
#1174=ORIENTED_EDGE('',*,*,#2872,.T.);
#1175=ORIENTED_EDGE('',*,*,#2868,.F.);
#1176=ORIENTED_EDGE('',*,*,#2873,.F.);
#1177=ORIENTED_EDGE('',*,*,#2874,.F.);
#1178=ORIENTED_EDGE('',*,*,#2875,.F.);
#1179=ORIENTED_EDGE('',*,*,#2876,.T.);
#1180=ORIENTED_EDGE('',*,*,#2871,.F.);
#1181=ORIENTED_EDGE('',*,*,#2877,.F.);
#1182=ORIENTED_EDGE('',*,*,#2878,.T.);
#1183=ORIENTED_EDGE('',*,*,#2879,.T.);
#1184=ORIENTED_EDGE('',*,*,#2880,.F.);
#1185=ORIENTED_EDGE('',*,*,#2881,.T.);
#1186=ORIENTED_EDGE('',*,*,#2882,.T.);
#1187=ORIENTED_EDGE('',*,*,#2883,.F.);
#1188=ORIENTED_EDGE('',*,*,#2884,.T.);
#1189=ORIENTED_EDGE('',*,*,#2885,.T.);
#1190=ORIENTED_EDGE('',*,*,#2881,.F.);
#1191=ORIENTED_EDGE('',*,*,#2886,.F.);
#1192=ORIENTED_EDGE('',*,*,#2887,.F.);
#1193=ORIENTED_EDGE('',*,*,#2888,.F.);
#1194=ORIENTED_EDGE('',*,*,#2889,.T.);
#1195=ORIENTED_EDGE('',*,*,#2884,.F.);
#1196=ORIENTED_EDGE('',*,*,#2890,.F.);
#1197=ORIENTED_EDGE('',*,*,#2891,.T.);
#1198=ORIENTED_EDGE('',*,*,#2892,.T.);
#1199=ORIENTED_EDGE('',*,*,#2893,.F.);
#1200=ORIENTED_EDGE('',*,*,#2894,.T.);
#1201=ORIENTED_EDGE('',*,*,#2895,.T.);
#1202=ORIENTED_EDGE('',*,*,#2896,.F.);
#1203=ORIENTED_EDGE('',*,*,#2897,.T.);
#1204=ORIENTED_EDGE('',*,*,#2898,.T.);
#1205=ORIENTED_EDGE('',*,*,#2894,.F.);
#1206=ORIENTED_EDGE('',*,*,#2899,.F.);
#1207=ORIENTED_EDGE('',*,*,#2900,.F.);
#1208=ORIENTED_EDGE('',*,*,#2901,.F.);
#1209=ORIENTED_EDGE('',*,*,#2902,.T.);
#1210=ORIENTED_EDGE('',*,*,#2897,.F.);
#1211=ORIENTED_EDGE('',*,*,#2903,.F.);
#1212=ORIENTED_EDGE('',*,*,#2904,.T.);
#1213=ORIENTED_EDGE('',*,*,#2905,.T.);
#1214=ORIENTED_EDGE('',*,*,#2906,.F.);
#1215=ORIENTED_EDGE('',*,*,#2907,.T.);
#1216=ORIENTED_EDGE('',*,*,#2908,.T.);
#1217=ORIENTED_EDGE('',*,*,#2909,.F.);
#1218=ORIENTED_EDGE('',*,*,#2910,.T.);
#1219=ORIENTED_EDGE('',*,*,#2911,.T.);
#1220=ORIENTED_EDGE('',*,*,#2907,.F.);
#1221=ORIENTED_EDGE('',*,*,#2912,.F.);
#1222=ORIENTED_EDGE('',*,*,#2913,.F.);
#1223=ORIENTED_EDGE('',*,*,#2914,.F.);
#1224=ORIENTED_EDGE('',*,*,#2915,.T.);
#1225=ORIENTED_EDGE('',*,*,#2910,.F.);
#1226=ORIENTED_EDGE('',*,*,#2916,.F.);
#1227=ORIENTED_EDGE('',*,*,#2917,.T.);
#1228=ORIENTED_EDGE('',*,*,#2918,.T.);
#1229=ORIENTED_EDGE('',*,*,#2919,.F.);
#1230=ORIENTED_EDGE('',*,*,#2920,.T.);
#1231=ORIENTED_EDGE('',*,*,#2921,.T.);
#1232=ORIENTED_EDGE('',*,*,#2922,.F.);
#1233=ORIENTED_EDGE('',*,*,#2923,.T.);
#1234=ORIENTED_EDGE('',*,*,#2924,.T.);
#1235=ORIENTED_EDGE('',*,*,#2920,.F.);
#1236=ORIENTED_EDGE('',*,*,#2925,.F.);
#1237=ORIENTED_EDGE('',*,*,#2926,.F.);
#1238=ORIENTED_EDGE('',*,*,#2927,.F.);
#1239=ORIENTED_EDGE('',*,*,#2928,.T.);
#1240=ORIENTED_EDGE('',*,*,#2923,.F.);
#1241=ORIENTED_EDGE('',*,*,#2929,.F.);
#1242=ORIENTED_EDGE('',*,*,#2930,.T.);
#1243=ORIENTED_EDGE('',*,*,#2931,.T.);
#1244=ORIENTED_EDGE('',*,*,#2932,.F.);
#1245=ORIENTED_EDGE('',*,*,#2933,.T.);
#1246=ORIENTED_EDGE('',*,*,#2934,.T.);
#1247=ORIENTED_EDGE('',*,*,#2935,.F.);
#1248=ORIENTED_EDGE('',*,*,#2936,.T.);
#1249=ORIENTED_EDGE('',*,*,#2937,.T.);
#1250=ORIENTED_EDGE('',*,*,#2933,.F.);
#1251=ORIENTED_EDGE('',*,*,#2938,.F.);
#1252=ORIENTED_EDGE('',*,*,#2939,.F.);
#1253=ORIENTED_EDGE('',*,*,#2940,.F.);
#1254=ORIENTED_EDGE('',*,*,#2941,.T.);
#1255=ORIENTED_EDGE('',*,*,#2936,.F.);
#1256=ORIENTED_EDGE('',*,*,#2942,.F.);
#1257=ORIENTED_EDGE('',*,*,#2943,.T.);
#1258=ORIENTED_EDGE('',*,*,#2944,.T.);
#1259=ORIENTED_EDGE('',*,*,#2945,.F.);
#1260=ORIENTED_EDGE('',*,*,#2946,.T.);
#1261=ORIENTED_EDGE('',*,*,#2947,.T.);
#1262=ORIENTED_EDGE('',*,*,#2948,.F.);
#1263=ORIENTED_EDGE('',*,*,#2949,.T.);
#1264=ORIENTED_EDGE('',*,*,#2950,.T.);
#1265=ORIENTED_EDGE('',*,*,#2946,.F.);
#1266=ORIENTED_EDGE('',*,*,#2951,.F.);
#1267=ORIENTED_EDGE('',*,*,#2952,.F.);
#1268=ORIENTED_EDGE('',*,*,#2953,.F.);
#1269=ORIENTED_EDGE('',*,*,#2954,.T.);
#1270=ORIENTED_EDGE('',*,*,#2949,.F.);
#1271=ORIENTED_EDGE('',*,*,#2955,.F.);
#1272=ORIENTED_EDGE('',*,*,#2956,.T.);
#1273=ORIENTED_EDGE('',*,*,#2957,.T.);
#1274=ORIENTED_EDGE('',*,*,#2958,.F.);
#1275=ORIENTED_EDGE('',*,*,#2959,.T.);
#1276=ORIENTED_EDGE('',*,*,#2960,.T.);
#1277=ORIENTED_EDGE('',*,*,#2961,.F.);
#1278=ORIENTED_EDGE('',*,*,#2962,.T.);
#1279=ORIENTED_EDGE('',*,*,#2963,.T.);
#1280=ORIENTED_EDGE('',*,*,#2959,.F.);
#1281=ORIENTED_EDGE('',*,*,#2964,.F.);
#1282=ORIENTED_EDGE('',*,*,#2965,.F.);
#1283=ORIENTED_EDGE('',*,*,#2966,.F.);
#1284=ORIENTED_EDGE('',*,*,#2967,.T.);
#1285=ORIENTED_EDGE('',*,*,#2962,.F.);
#1286=ORIENTED_EDGE('',*,*,#2968,.F.);
#1287=ORIENTED_EDGE('',*,*,#2969,.T.);
#1288=ORIENTED_EDGE('',*,*,#2970,.T.);
#1289=ORIENTED_EDGE('',*,*,#2971,.F.);
#1290=ORIENTED_EDGE('',*,*,#2972,.T.);
#1291=ORIENTED_EDGE('',*,*,#2973,.T.);
#1292=ORIENTED_EDGE('',*,*,#2974,.F.);
#1293=ORIENTED_EDGE('',*,*,#2973,.F.);
#1294=ORIENTED_EDGE('',*,*,#2975,.T.);
#1295=ORIENTED_EDGE('',*,*,#2976,.F.);
#1296=ORIENTED_EDGE('',*,*,#2977,.F.);
#1297=ORIENTED_EDGE('',*,*,#2976,.T.);
#1298=ORIENTED_EDGE('',*,*,#2978,.T.);
#1299=ORIENTED_EDGE('',*,*,#2979,.F.);
#1300=ORIENTED_EDGE('',*,*,#2965,.T.);
#1301=ORIENTED_EDGE('',*,*,#2980,.F.);
#1302=ORIENTED_EDGE('',*,*,#2981,.T.);
#1303=ORIENTED_EDGE('',*,*,#2982,.F.);
#1304=ORIENTED_EDGE('',*,*,#2983,.T.);
#1305=ORIENTED_EDGE('',*,*,#2984,.T.);
#1306=ORIENTED_EDGE('',*,*,#2985,.F.);
#1307=ORIENTED_EDGE('',*,*,#2984,.F.);
#1308=ORIENTED_EDGE('',*,*,#2986,.T.);
#1309=ORIENTED_EDGE('',*,*,#2969,.F.);
#1310=ORIENTED_EDGE('',*,*,#2987,.F.);
#1311=ORIENTED_EDGE('',*,*,#2960,.F.);
#1312=ORIENTED_EDGE('',*,*,#2963,.F.);
#1313=ORIENTED_EDGE('',*,*,#2988,.F.);
#1314=ORIENTED_EDGE('',*,*,#2989,.F.);
#1315=ORIENTED_EDGE('',*,*,#2988,.T.);
#1316=ORIENTED_EDGE('',*,*,#2990,.F.);
#1317=ORIENTED_EDGE('',*,*,#2991,.F.);
#1318=ORIENTED_EDGE('',*,*,#2952,.T.);
#1319=ORIENTED_EDGE('',*,*,#2992,.F.);
#1320=ORIENTED_EDGE('',*,*,#2993,.T.);
#1321=ORIENTED_EDGE('',*,*,#2994,.F.);
#1322=ORIENTED_EDGE('',*,*,#2995,.T.);
#1323=ORIENTED_EDGE('',*,*,#2996,.T.);
#1324=ORIENTED_EDGE('',*,*,#2997,.F.);
#1325=ORIENTED_EDGE('',*,*,#2996,.F.);
#1326=ORIENTED_EDGE('',*,*,#2998,.T.);
#1327=ORIENTED_EDGE('',*,*,#2956,.F.);
#1328=ORIENTED_EDGE('',*,*,#2999,.F.);
#1329=ORIENTED_EDGE('',*,*,#3000,.T.);
#1330=ORIENTED_EDGE('',*,*,#3001,.F.);
#1331=ORIENTED_EDGE('',*,*,#3002,.F.);
#1332=ORIENTED_EDGE('',*,*,#2939,.T.);
#1333=ORIENTED_EDGE('',*,*,#3003,.F.);
#1334=ORIENTED_EDGE('',*,*,#2947,.F.);
#1335=ORIENTED_EDGE('',*,*,#2950,.F.);
#1336=ORIENTED_EDGE('',*,*,#3000,.F.);
#1337=ORIENTED_EDGE('',*,*,#3004,.F.);
#1338=ORIENTED_EDGE('',*,*,#3005,.F.);
#1339=ORIENTED_EDGE('',*,*,#3006,.F.);
#1340=ORIENTED_EDGE('',*,*,#3007,.F.);
#1341=ORIENTED_EDGE('',*,*,#3008,.T.);
#1342=ORIENTED_EDGE('',*,*,#3009,.F.);
#1343=ORIENTED_EDGE('',*,*,#2970,.F.);
#1344=ORIENTED_EDGE('',*,*,#2986,.F.);
#1345=ORIENTED_EDGE('',*,*,#3005,.T.);
#1346=ORIENTED_EDGE('',*,*,#3010,.F.);
#1347=ORIENTED_EDGE('',*,*,#3011,.T.);
#1348=ORIENTED_EDGE('',*,*,#3012,.F.);
#1349=ORIENTED_EDGE('',*,*,#3013,.T.);
#1350=ORIENTED_EDGE('',*,*,#3014,.T.);
#1351=ORIENTED_EDGE('',*,*,#3015,.F.);
#1352=ORIENTED_EDGE('',*,*,#3014,.F.);
#1353=ORIENTED_EDGE('',*,*,#3016,.T.);
#1354=ORIENTED_EDGE('',*,*,#2943,.F.);
#1355=ORIENTED_EDGE('',*,*,#3017,.F.);
#1356=ORIENTED_EDGE('',*,*,#3018,.T.);
#1357=ORIENTED_EDGE('',*,*,#3019,.F.);
#1358=ORIENTED_EDGE('',*,*,#3020,.F.);
#1359=ORIENTED_EDGE('',*,*,#2926,.T.);
#1360=ORIENTED_EDGE('',*,*,#3021,.F.);
#1361=ORIENTED_EDGE('',*,*,#2934,.F.);
#1362=ORIENTED_EDGE('',*,*,#2937,.F.);
#1363=ORIENTED_EDGE('',*,*,#3018,.F.);
#1364=ORIENTED_EDGE('',*,*,#3022,.F.);
#1365=ORIENTED_EDGE('',*,*,#3023,.F.);
#1366=ORIENTED_EDGE('',*,*,#3024,.F.);
#1367=ORIENTED_EDGE('',*,*,#3025,.F.);
#1368=ORIENTED_EDGE('',*,*,#2981,.F.);
#1369=ORIENTED_EDGE('',*,*,#3026,.F.);
#1370=ORIENTED_EDGE('',*,*,#2957,.F.);
#1371=ORIENTED_EDGE('',*,*,#2998,.F.);
#1372=ORIENTED_EDGE('',*,*,#3023,.T.);
#1373=ORIENTED_EDGE('',*,*,#3027,.F.);
#1374=ORIENTED_EDGE('',*,*,#3028,.T.);
#1375=ORIENTED_EDGE('',*,*,#3029,.F.);
#1376=ORIENTED_EDGE('',*,*,#3030,.T.);
#1377=ORIENTED_EDGE('',*,*,#3031,.T.);
#1378=ORIENTED_EDGE('',*,*,#3032,.F.);
#1379=ORIENTED_EDGE('',*,*,#3031,.F.);
#1380=ORIENTED_EDGE('',*,*,#3033,.T.);
#1381=ORIENTED_EDGE('',*,*,#2930,.F.);
#1382=ORIENTED_EDGE('',*,*,#3034,.F.);
#1383=ORIENTED_EDGE('',*,*,#3035,.T.);
#1384=ORIENTED_EDGE('',*,*,#3036,.F.);
#1385=ORIENTED_EDGE('',*,*,#3037,.F.);
#1386=ORIENTED_EDGE('',*,*,#2913,.T.);
#1387=ORIENTED_EDGE('',*,*,#3038,.F.);
#1388=ORIENTED_EDGE('',*,*,#2921,.F.);
#1389=ORIENTED_EDGE('',*,*,#2924,.F.);
#1390=ORIENTED_EDGE('',*,*,#3035,.F.);
#1391=ORIENTED_EDGE('',*,*,#3039,.F.);
#1392=ORIENTED_EDGE('',*,*,#3040,.F.);
#1393=ORIENTED_EDGE('',*,*,#3041,.F.);
#1394=ORIENTED_EDGE('',*,*,#3042,.F.);
#1395=ORIENTED_EDGE('',*,*,#2993,.F.);
#1396=ORIENTED_EDGE('',*,*,#3043,.F.);
#1397=ORIENTED_EDGE('',*,*,#2944,.F.);
#1398=ORIENTED_EDGE('',*,*,#3016,.F.);
#1399=ORIENTED_EDGE('',*,*,#3040,.T.);
#1400=ORIENTED_EDGE('',*,*,#3044,.F.);
#1401=ORIENTED_EDGE('',*,*,#3045,.T.);
#1402=ORIENTED_EDGE('',*,*,#3046,.F.);
#1403=ORIENTED_EDGE('',*,*,#3047,.T.);
#1404=ORIENTED_EDGE('',*,*,#3048,.T.);
#1405=ORIENTED_EDGE('',*,*,#3049,.F.);
#1406=ORIENTED_EDGE('',*,*,#3048,.F.);
#1407=ORIENTED_EDGE('',*,*,#3050,.T.);
#1408=ORIENTED_EDGE('',*,*,#2917,.F.);
#1409=ORIENTED_EDGE('',*,*,#3051,.F.);
#1410=ORIENTED_EDGE('',*,*,#3052,.T.);
#1411=ORIENTED_EDGE('',*,*,#3053,.F.);
#1412=ORIENTED_EDGE('',*,*,#3054,.F.);
#1413=ORIENTED_EDGE('',*,*,#2900,.T.);
#1414=ORIENTED_EDGE('',*,*,#3055,.F.);
#1415=ORIENTED_EDGE('',*,*,#2908,.F.);
#1416=ORIENTED_EDGE('',*,*,#2911,.F.);
#1417=ORIENTED_EDGE('',*,*,#3052,.F.);
#1418=ORIENTED_EDGE('',*,*,#3056,.F.);
#1419=ORIENTED_EDGE('',*,*,#3057,.F.);
#1420=ORIENTED_EDGE('',*,*,#3058,.F.);
#1421=ORIENTED_EDGE('',*,*,#3059,.F.);
#1422=ORIENTED_EDGE('',*,*,#3011,.F.);
#1423=ORIENTED_EDGE('',*,*,#3060,.F.);
#1424=ORIENTED_EDGE('',*,*,#2931,.F.);
#1425=ORIENTED_EDGE('',*,*,#3033,.F.);
#1426=ORIENTED_EDGE('',*,*,#3057,.T.);
#1427=ORIENTED_EDGE('',*,*,#3061,.F.);
#1428=ORIENTED_EDGE('',*,*,#3062,.T.);
#1429=ORIENTED_EDGE('',*,*,#3063,.F.);
#1430=ORIENTED_EDGE('',*,*,#3064,.T.);
#1431=ORIENTED_EDGE('',*,*,#3065,.T.);
#1432=ORIENTED_EDGE('',*,*,#3066,.F.);
#1433=ORIENTED_EDGE('',*,*,#3065,.F.);
#1434=ORIENTED_EDGE('',*,*,#3067,.T.);
#1435=ORIENTED_EDGE('',*,*,#2904,.F.);
#1436=ORIENTED_EDGE('',*,*,#3068,.F.);
#1437=ORIENTED_EDGE('',*,*,#3069,.T.);
#1438=ORIENTED_EDGE('',*,*,#3070,.F.);
#1439=ORIENTED_EDGE('',*,*,#3071,.F.);
#1440=ORIENTED_EDGE('',*,*,#2887,.T.);
#1441=ORIENTED_EDGE('',*,*,#3072,.F.);
#1442=ORIENTED_EDGE('',*,*,#2895,.F.);
#1443=ORIENTED_EDGE('',*,*,#2898,.F.);
#1444=ORIENTED_EDGE('',*,*,#3069,.F.);
#1445=ORIENTED_EDGE('',*,*,#3073,.F.);
#1446=ORIENTED_EDGE('',*,*,#3074,.F.);
#1447=ORIENTED_EDGE('',*,*,#3075,.F.);
#1448=ORIENTED_EDGE('',*,*,#3076,.F.);
#1449=ORIENTED_EDGE('',*,*,#3028,.F.);
#1450=ORIENTED_EDGE('',*,*,#3077,.F.);
#1451=ORIENTED_EDGE('',*,*,#2918,.F.);
#1452=ORIENTED_EDGE('',*,*,#3050,.F.);
#1453=ORIENTED_EDGE('',*,*,#3074,.T.);
#1454=ORIENTED_EDGE('',*,*,#3078,.F.);
#1455=ORIENTED_EDGE('',*,*,#3079,.T.);
#1456=ORIENTED_EDGE('',*,*,#3080,.F.);
#1457=ORIENTED_EDGE('',*,*,#3081,.T.);
#1458=ORIENTED_EDGE('',*,*,#3082,.T.);
#1459=ORIENTED_EDGE('',*,*,#3083,.F.);
#1460=ORIENTED_EDGE('',*,*,#3082,.F.);
#1461=ORIENTED_EDGE('',*,*,#3084,.T.);
#1462=ORIENTED_EDGE('',*,*,#2891,.F.);
#1463=ORIENTED_EDGE('',*,*,#3085,.F.);
#1464=ORIENTED_EDGE('',*,*,#3086,.T.);
#1465=ORIENTED_EDGE('',*,*,#3087,.F.);
#1466=ORIENTED_EDGE('',*,*,#3088,.F.);
#1467=ORIENTED_EDGE('',*,*,#2874,.T.);
#1468=ORIENTED_EDGE('',*,*,#3089,.F.);
#1469=ORIENTED_EDGE('',*,*,#2882,.F.);
#1470=ORIENTED_EDGE('',*,*,#2885,.F.);
#1471=ORIENTED_EDGE('',*,*,#3086,.F.);
#1472=ORIENTED_EDGE('',*,*,#3090,.F.);
#1473=ORIENTED_EDGE('',*,*,#3091,.F.);
#1474=ORIENTED_EDGE('',*,*,#3092,.F.);
#1475=ORIENTED_EDGE('',*,*,#3093,.F.);
#1476=ORIENTED_EDGE('',*,*,#3045,.F.);
#1477=ORIENTED_EDGE('',*,*,#3094,.F.);
#1478=ORIENTED_EDGE('',*,*,#2905,.F.);
#1479=ORIENTED_EDGE('',*,*,#3067,.F.);
#1480=ORIENTED_EDGE('',*,*,#3091,.T.);
#1481=ORIENTED_EDGE('',*,*,#3095,.F.);
#1482=ORIENTED_EDGE('',*,*,#3096,.T.);
#1483=ORIENTED_EDGE('',*,*,#3097,.F.);
#1484=ORIENTED_EDGE('',*,*,#3098,.T.);
#1485=ORIENTED_EDGE('',*,*,#3099,.T.);
#1486=ORIENTED_EDGE('',*,*,#3100,.F.);
#1487=ORIENTED_EDGE('',*,*,#3099,.F.);
#1488=ORIENTED_EDGE('',*,*,#3101,.T.);
#1489=ORIENTED_EDGE('',*,*,#2878,.F.);
#1490=ORIENTED_EDGE('',*,*,#3102,.F.);
#1491=ORIENTED_EDGE('',*,*,#3103,.T.);
#1492=ORIENTED_EDGE('',*,*,#3104,.F.);
#1493=ORIENTED_EDGE('',*,*,#3105,.F.);
#1494=ORIENTED_EDGE('',*,*,#2861,.T.);
#1495=ORIENTED_EDGE('',*,*,#3106,.F.);
#1496=ORIENTED_EDGE('',*,*,#2869,.F.);
#1497=ORIENTED_EDGE('',*,*,#2872,.F.);
#1498=ORIENTED_EDGE('',*,*,#3103,.F.);
#1499=ORIENTED_EDGE('',*,*,#3107,.F.);
#1500=ORIENTED_EDGE('',*,*,#3108,.F.);
#1501=ORIENTED_EDGE('',*,*,#3109,.F.);
#1502=ORIENTED_EDGE('',*,*,#3110,.F.);
#1503=ORIENTED_EDGE('',*,*,#3062,.F.);
#1504=ORIENTED_EDGE('',*,*,#3111,.F.);
#1505=ORIENTED_EDGE('',*,*,#2892,.F.);
#1506=ORIENTED_EDGE('',*,*,#3084,.F.);
#1507=ORIENTED_EDGE('',*,*,#3108,.T.);
#1508=ORIENTED_EDGE('',*,*,#3112,.F.);
#1509=ORIENTED_EDGE('',*,*,#3113,.T.);
#1510=ORIENTED_EDGE('',*,*,#3114,.F.);
#1511=ORIENTED_EDGE('',*,*,#3115,.T.);
#1512=ORIENTED_EDGE('',*,*,#3116,.T.);
#1513=ORIENTED_EDGE('',*,*,#3117,.F.);
#1514=ORIENTED_EDGE('',*,*,#3116,.F.);
#1515=ORIENTED_EDGE('',*,*,#3118,.T.);
#1516=ORIENTED_EDGE('',*,*,#2865,.F.);
#1517=ORIENTED_EDGE('',*,*,#3119,.F.);
#1518=ORIENTED_EDGE('',*,*,#3120,.T.);
#1519=ORIENTED_EDGE('',*,*,#3121,.F.);
#1520=ORIENTED_EDGE('',*,*,#3122,.F.);
#1521=ORIENTED_EDGE('',*,*,#2848,.T.);
#1522=ORIENTED_EDGE('',*,*,#3123,.F.);
#1523=ORIENTED_EDGE('',*,*,#2856,.F.);
#1524=ORIENTED_EDGE('',*,*,#2859,.F.);
#1525=ORIENTED_EDGE('',*,*,#3120,.F.);
#1526=ORIENTED_EDGE('',*,*,#3124,.F.);
#1527=ORIENTED_EDGE('',*,*,#3125,.F.);
#1528=ORIENTED_EDGE('',*,*,#3126,.F.);
#1529=ORIENTED_EDGE('',*,*,#3127,.F.);
#1530=ORIENTED_EDGE('',*,*,#3079,.F.);
#1531=ORIENTED_EDGE('',*,*,#3128,.F.);
#1532=ORIENTED_EDGE('',*,*,#2879,.F.);
#1533=ORIENTED_EDGE('',*,*,#3101,.F.);
#1534=ORIENTED_EDGE('',*,*,#3125,.T.);
#1535=ORIENTED_EDGE('',*,*,#3129,.F.);
#1536=ORIENTED_EDGE('',*,*,#3130,.T.);
#1537=ORIENTED_EDGE('',*,*,#3131,.F.);
#1538=ORIENTED_EDGE('',*,*,#3132,.T.);
#1539=ORIENTED_EDGE('',*,*,#3133,.T.);
#1540=ORIENTED_EDGE('',*,*,#3134,.F.);
#1541=ORIENTED_EDGE('',*,*,#3133,.F.);
#1542=ORIENTED_EDGE('',*,*,#3135,.T.);
#1543=ORIENTED_EDGE('',*,*,#2852,.F.);
#1544=ORIENTED_EDGE('',*,*,#3136,.F.);
#1545=ORIENTED_EDGE('',*,*,#3137,.T.);
#1546=ORIENTED_EDGE('',*,*,#3138,.F.);
#1547=ORIENTED_EDGE('',*,*,#3139,.F.);
#1548=ORIENTED_EDGE('',*,*,#2835,.T.);
#1549=ORIENTED_EDGE('',*,*,#3140,.F.);
#1550=ORIENTED_EDGE('',*,*,#2843,.F.);
#1551=ORIENTED_EDGE('',*,*,#2846,.F.);
#1552=ORIENTED_EDGE('',*,*,#3137,.F.);
#1553=ORIENTED_EDGE('',*,*,#3141,.F.);
#1554=ORIENTED_EDGE('',*,*,#3142,.F.);
#1555=ORIENTED_EDGE('',*,*,#3143,.F.);
#1556=ORIENTED_EDGE('',*,*,#3144,.F.);
#1557=ORIENTED_EDGE('',*,*,#3096,.F.);
#1558=ORIENTED_EDGE('',*,*,#3145,.F.);
#1559=ORIENTED_EDGE('',*,*,#2866,.F.);
#1560=ORIENTED_EDGE('',*,*,#3118,.F.);
#1561=ORIENTED_EDGE('',*,*,#3142,.T.);
#1562=ORIENTED_EDGE('',*,*,#3146,.F.);
#1563=ORIENTED_EDGE('',*,*,#3147,.T.);
#1564=ORIENTED_EDGE('',*,*,#3148,.F.);
#1565=ORIENTED_EDGE('',*,*,#3149,.T.);
#1566=ORIENTED_EDGE('',*,*,#3150,.T.);
#1567=ORIENTED_EDGE('',*,*,#3151,.F.);
#1568=ORIENTED_EDGE('',*,*,#3150,.F.);
#1569=ORIENTED_EDGE('',*,*,#3152,.T.);
#1570=ORIENTED_EDGE('',*,*,#2839,.F.);
#1571=ORIENTED_EDGE('',*,*,#3153,.F.);
#1572=ORIENTED_EDGE('',*,*,#3154,.T.);
#1573=ORIENTED_EDGE('',*,*,#3155,.F.);
#1574=ORIENTED_EDGE('',*,*,#3156,.F.);
#1575=ORIENTED_EDGE('',*,*,#2822,.T.);
#1576=ORIENTED_EDGE('',*,*,#3157,.F.);
#1577=ORIENTED_EDGE('',*,*,#2830,.F.);
#1578=ORIENTED_EDGE('',*,*,#2833,.F.);
#1579=ORIENTED_EDGE('',*,*,#3154,.F.);
#1580=ORIENTED_EDGE('',*,*,#3158,.F.);
#1581=ORIENTED_EDGE('',*,*,#3159,.F.);
#1582=ORIENTED_EDGE('',*,*,#3160,.F.);
#1583=ORIENTED_EDGE('',*,*,#3161,.F.);
#1584=ORIENTED_EDGE('',*,*,#3113,.F.);
#1585=ORIENTED_EDGE('',*,*,#3162,.F.);
#1586=ORIENTED_EDGE('',*,*,#2853,.F.);
#1587=ORIENTED_EDGE('',*,*,#3135,.F.);
#1588=ORIENTED_EDGE('',*,*,#3159,.T.);
#1589=ORIENTED_EDGE('',*,*,#3163,.F.);
#1590=ORIENTED_EDGE('',*,*,#3164,.T.);
#1591=ORIENTED_EDGE('',*,*,#3165,.F.);
#1592=ORIENTED_EDGE('',*,*,#3166,.T.);
#1593=ORIENTED_EDGE('',*,*,#3167,.T.);
#1594=ORIENTED_EDGE('',*,*,#3168,.F.);
#1595=ORIENTED_EDGE('',*,*,#3167,.F.);
#1596=ORIENTED_EDGE('',*,*,#3169,.T.);
#1597=ORIENTED_EDGE('',*,*,#2826,.F.);
#1598=ORIENTED_EDGE('',*,*,#3170,.F.);
#1599=ORIENTED_EDGE('',*,*,#3171,.T.);
#1600=ORIENTED_EDGE('',*,*,#3172,.F.);
#1601=ORIENTED_EDGE('',*,*,#3173,.F.);
#1602=ORIENTED_EDGE('',*,*,#2809,.T.);
#1603=ORIENTED_EDGE('',*,*,#3174,.F.);
#1604=ORIENTED_EDGE('',*,*,#2817,.F.);
#1605=ORIENTED_EDGE('',*,*,#2820,.F.);
#1606=ORIENTED_EDGE('',*,*,#3171,.F.);
#1607=ORIENTED_EDGE('',*,*,#3175,.F.);
#1608=ORIENTED_EDGE('',*,*,#3176,.F.);
#1609=ORIENTED_EDGE('',*,*,#3177,.F.);
#1610=ORIENTED_EDGE('',*,*,#3178,.F.);
#1611=ORIENTED_EDGE('',*,*,#3130,.F.);
#1612=ORIENTED_EDGE('',*,*,#3179,.F.);
#1613=ORIENTED_EDGE('',*,*,#2840,.F.);
#1614=ORIENTED_EDGE('',*,*,#3152,.F.);
#1615=ORIENTED_EDGE('',*,*,#3176,.T.);
#1616=ORIENTED_EDGE('',*,*,#3180,.F.);
#1617=ORIENTED_EDGE('',*,*,#2799,.F.);
#1618=ORIENTED_EDGE('',*,*,#3181,.F.);
#1619=ORIENTED_EDGE('',*,*,#3182,.T.);
#1620=ORIENTED_EDGE('',*,*,#3183,.T.);
#1621=ORIENTED_EDGE('',*,*,#3184,.F.);
#1622=ORIENTED_EDGE('',*,*,#3183,.F.);
#1623=ORIENTED_EDGE('',*,*,#3185,.T.);
#1624=ORIENTED_EDGE('',*,*,#2813,.F.);
#1625=ORIENTED_EDGE('',*,*,#3186,.F.);
#1626=ORIENTED_EDGE('',*,*,#3187,.T.);
#1627=ORIENTED_EDGE('',*,*,#3188,.F.);
#1628=ORIENTED_EDGE('',*,*,#3189,.F.);
#1629=ORIENTED_EDGE('',*,*,#2786,.T.);
#1630=ORIENTED_EDGE('',*,*,#3190,.F.);
#1631=ORIENTED_EDGE('',*,*,#2804,.F.);
#1632=ORIENTED_EDGE('',*,*,#2807,.F.);
#1633=ORIENTED_EDGE('',*,*,#3187,.F.);
#1634=ORIENTED_EDGE('',*,*,#3191,.F.);
#1635=ORIENTED_EDGE('',*,*,#3192,.F.);
#1636=ORIENTED_EDGE('',*,*,#3193,.F.);
#1637=ORIENTED_EDGE('',*,*,#3194,.F.);
#1638=ORIENTED_EDGE('',*,*,#3147,.F.);
#1639=ORIENTED_EDGE('',*,*,#3195,.F.);
#1640=ORIENTED_EDGE('',*,*,#2827,.F.);
#1641=ORIENTED_EDGE('',*,*,#3169,.F.);
#1642=ORIENTED_EDGE('',*,*,#3192,.T.);
#1643=ORIENTED_EDGE('',*,*,#3196,.F.);
#1644=ORIENTED_EDGE('',*,*,#2781,.F.);
#1645=ORIENTED_EDGE('',*,*,#3197,.F.);
#1646=ORIENTED_EDGE('',*,*,#3198,.F.);
#1647=ORIENTED_EDGE('',*,*,#3199,.T.);
#1648=ORIENTED_EDGE('',*,*,#3200,.F.);
#1649=ORIENTED_EDGE('',*,*,#3199,.F.);
#1650=ORIENTED_EDGE('',*,*,#2801,.F.);
#1651=ORIENTED_EDGE('',*,*,#2793,.F.);
#1652=ORIENTED_EDGE('',*,*,#3201,.F.);
#1653=ORIENTED_EDGE('',*,*,#3202,.T.);
#1654=ORIENTED_EDGE('',*,*,#3203,.F.);
#1655=ORIENTED_EDGE('',*,*,#3204,.F.);
#1656=ORIENTED_EDGE('',*,*,#3205,.T.);
#1657=ORIENTED_EDGE('',*,*,#3206,.F.);
#1658=ORIENTED_EDGE('',*,*,#2784,.F.);
#1659=ORIENTED_EDGE('',*,*,#2791,.F.);
#1660=ORIENTED_EDGE('',*,*,#3202,.F.);
#1661=ORIENTED_EDGE('',*,*,#3207,.F.);
#1662=ORIENTED_EDGE('',*,*,#3208,.F.);
#1663=ORIENTED_EDGE('',*,*,#3209,.F.);
#1664=ORIENTED_EDGE('',*,*,#3210,.F.);
#1665=ORIENTED_EDGE('',*,*,#3164,.F.);
#1666=ORIENTED_EDGE('',*,*,#3211,.F.);
#1667=ORIENTED_EDGE('',*,*,#2814,.F.);
#1668=ORIENTED_EDGE('',*,*,#3185,.F.);
#1669=ORIENTED_EDGE('',*,*,#3208,.T.);
#1670=ORIENTED_EDGE('',*,*,#3212,.F.);
#1671=ORIENTED_EDGE('',*,*,#3205,.F.);
#1672=ORIENTED_EDGE('',*,*,#3213,.F.);
#1673=ORIENTED_EDGE('',*,*,#3214,.F.);
#1674=ORIENTED_EDGE('',*,*,#3215,.F.);
#1675=ORIENTED_EDGE('',*,*,#3216,.F.);
#1676=ORIENTED_EDGE('',*,*,#3215,.T.);
#1677=ORIENTED_EDGE('',*,*,#2975,.F.);
#1678=ORIENTED_EDGE('',*,*,#2972,.F.);
#1679=ORIENTED_EDGE('',*,*,#3217,.F.);
#1680=ORIENTED_EDGE('',*,*,#3008,.F.);
#1681=ORIENTED_EDGE('',*,*,#3218,.F.);
#1682=ORIENTED_EDGE('',*,*,#3219,.F.);
#1683=ORIENTED_EDGE('',*,*,#3220,.T.);
#1684=ORIENTED_EDGE('',*,*,#3221,.F.);
#1685=ORIENTED_EDGE('',*,*,#3220,.F.);
#1686=ORIENTED_EDGE('',*,*,#2776,.F.);
#1687=ORIENTED_EDGE('',*,*,#2773,.F.);
#1688=ORIENTED_EDGE('',*,*,#2780,.T.);
#1689=ORIENTED_EDGE('',*,*,#3222,.T.);
#1690=ORIENTED_EDGE('',*,*,#3223,.T.);
#1691=ORIENTED_EDGE('',*,*,#3197,.T.);
#1692=ORIENTED_EDGE('',*,*,#3224,.T.);
#1693=ORIENTED_EDGE('',*,*,#3213,.T.);
#1694=ORIENTED_EDGE('',*,*,#3204,.T.);
#1695=ORIENTED_EDGE('',*,*,#3225,.T.);
#1696=ORIENTED_EDGE('',*,*,#3226,.F.);
#1697=ORIENTED_EDGE('',*,*,#3214,.T.);
#1698=ORIENTED_EDGE('',*,*,#3224,.F.);
#1699=ORIENTED_EDGE('',*,*,#3227,.T.);
#1700=ORIENTED_EDGE('',*,*,#3223,.F.);
#1701=ORIENTED_EDGE('',*,*,#3228,.T.);
#1702=ORIENTED_EDGE('',*,*,#3226,.T.);
#1703=ORIENTED_EDGE('',*,*,#3198,.T.);
#1704=ORIENTED_EDGE('',*,*,#3229,.T.);
#1705=ORIENTED_EDGE('',*,*,#3230,.T.);
#1706=ORIENTED_EDGE('',*,*,#2787,.T.);
#1707=ORIENTED_EDGE('',*,*,#3189,.T.);
#1708=ORIENTED_EDGE('',*,*,#3165,.T.);
#1709=ORIENTED_EDGE('',*,*,#3210,.T.);
#1710=ORIENTED_EDGE('',*,*,#3231,.T.);
#1711=ORIENTED_EDGE('',*,*,#3232,.T.);
#1712=ORIENTED_EDGE('',*,*,#3233,.T.);
#1713=ORIENTED_EDGE('',*,*,#3234,.T.);
#1714=ORIENTED_EDGE('',*,*,#3229,.F.);
#1715=ORIENTED_EDGE('',*,*,#3188,.T.);
#1716=ORIENTED_EDGE('',*,*,#3231,.F.);
#1717=ORIENTED_EDGE('',*,*,#3209,.T.);
#1718=ORIENTED_EDGE('',*,*,#3233,.F.);
#1719=ORIENTED_EDGE('',*,*,#3235,.T.);
#1720=ORIENTED_EDGE('',*,*,#3236,.T.);
#1721=ORIENTED_EDGE('',*,*,#3237,.T.);
#1722=ORIENTED_EDGE('',*,*,#3181,.T.);
#1723=ORIENTED_EDGE('',*,*,#2798,.T.);
#1724=ORIENTED_EDGE('',*,*,#3238,.T.);
#1725=ORIENTED_EDGE('',*,*,#3239,.T.);
#1726=ORIENTED_EDGE('',*,*,#2810,.T.);
#1727=ORIENTED_EDGE('',*,*,#3173,.T.);
#1728=ORIENTED_EDGE('',*,*,#3148,.T.);
#1729=ORIENTED_EDGE('',*,*,#3194,.T.);
#1730=ORIENTED_EDGE('',*,*,#3240,.T.);
#1731=ORIENTED_EDGE('',*,*,#3241,.T.);
#1732=ORIENTED_EDGE('',*,*,#3242,.T.);
#1733=ORIENTED_EDGE('',*,*,#3243,.T.);
#1734=ORIENTED_EDGE('',*,*,#3238,.F.);
#1735=ORIENTED_EDGE('',*,*,#3172,.T.);
#1736=ORIENTED_EDGE('',*,*,#3240,.F.);
#1737=ORIENTED_EDGE('',*,*,#3193,.T.);
#1738=ORIENTED_EDGE('',*,*,#3242,.F.);
#1739=ORIENTED_EDGE('',*,*,#3244,.T.);
#1740=ORIENTED_EDGE('',*,*,#3245,.T.);
#1741=ORIENTED_EDGE('',*,*,#3246,.T.);
#1742=ORIENTED_EDGE('',*,*,#2823,.T.);
#1743=ORIENTED_EDGE('',*,*,#3156,.T.);
#1744=ORIENTED_EDGE('',*,*,#3131,.T.);
#1745=ORIENTED_EDGE('',*,*,#3178,.T.);
#1746=ORIENTED_EDGE('',*,*,#3247,.T.);
#1747=ORIENTED_EDGE('',*,*,#3248,.T.);
#1748=ORIENTED_EDGE('',*,*,#3249,.T.);
#1749=ORIENTED_EDGE('',*,*,#3250,.T.);
#1750=ORIENTED_EDGE('',*,*,#3245,.F.);
#1751=ORIENTED_EDGE('',*,*,#3155,.T.);
#1752=ORIENTED_EDGE('',*,*,#3247,.F.);
#1753=ORIENTED_EDGE('',*,*,#3177,.T.);
#1754=ORIENTED_EDGE('',*,*,#3249,.F.);
#1755=ORIENTED_EDGE('',*,*,#3251,.T.);
#1756=ORIENTED_EDGE('',*,*,#3252,.T.);
#1757=ORIENTED_EDGE('',*,*,#3253,.T.);
#1758=ORIENTED_EDGE('',*,*,#2836,.T.);
#1759=ORIENTED_EDGE('',*,*,#3139,.T.);
#1760=ORIENTED_EDGE('',*,*,#3114,.T.);
#1761=ORIENTED_EDGE('',*,*,#3161,.T.);
#1762=ORIENTED_EDGE('',*,*,#3254,.T.);
#1763=ORIENTED_EDGE('',*,*,#3255,.T.);
#1764=ORIENTED_EDGE('',*,*,#3256,.T.);
#1765=ORIENTED_EDGE('',*,*,#3257,.T.);
#1766=ORIENTED_EDGE('',*,*,#3252,.F.);
#1767=ORIENTED_EDGE('',*,*,#3138,.T.);
#1768=ORIENTED_EDGE('',*,*,#3254,.F.);
#1769=ORIENTED_EDGE('',*,*,#3160,.T.);
#1770=ORIENTED_EDGE('',*,*,#3256,.F.);
#1771=ORIENTED_EDGE('',*,*,#3258,.T.);
#1772=ORIENTED_EDGE('',*,*,#3259,.T.);
#1773=ORIENTED_EDGE('',*,*,#3260,.T.);
#1774=ORIENTED_EDGE('',*,*,#2849,.T.);
#1775=ORIENTED_EDGE('',*,*,#3122,.T.);
#1776=ORIENTED_EDGE('',*,*,#3097,.T.);
#1777=ORIENTED_EDGE('',*,*,#3144,.T.);
#1778=ORIENTED_EDGE('',*,*,#3261,.T.);
#1779=ORIENTED_EDGE('',*,*,#3262,.T.);
#1780=ORIENTED_EDGE('',*,*,#3263,.T.);
#1781=ORIENTED_EDGE('',*,*,#3264,.T.);
#1782=ORIENTED_EDGE('',*,*,#3259,.F.);
#1783=ORIENTED_EDGE('',*,*,#3121,.T.);
#1784=ORIENTED_EDGE('',*,*,#3261,.F.);
#1785=ORIENTED_EDGE('',*,*,#3143,.T.);
#1786=ORIENTED_EDGE('',*,*,#3263,.F.);
#1787=ORIENTED_EDGE('',*,*,#3265,.T.);
#1788=ORIENTED_EDGE('',*,*,#3266,.T.);
#1789=ORIENTED_EDGE('',*,*,#3267,.T.);
#1790=ORIENTED_EDGE('',*,*,#2862,.T.);
#1791=ORIENTED_EDGE('',*,*,#3105,.T.);
#1792=ORIENTED_EDGE('',*,*,#3080,.T.);
#1793=ORIENTED_EDGE('',*,*,#3127,.T.);
#1794=ORIENTED_EDGE('',*,*,#3268,.T.);
#1795=ORIENTED_EDGE('',*,*,#3269,.T.);
#1796=ORIENTED_EDGE('',*,*,#3270,.T.);
#1797=ORIENTED_EDGE('',*,*,#3271,.T.);
#1798=ORIENTED_EDGE('',*,*,#3266,.F.);
#1799=ORIENTED_EDGE('',*,*,#3104,.T.);
#1800=ORIENTED_EDGE('',*,*,#3268,.F.);
#1801=ORIENTED_EDGE('',*,*,#3126,.T.);
#1802=ORIENTED_EDGE('',*,*,#3270,.F.);
#1803=ORIENTED_EDGE('',*,*,#3272,.T.);
#1804=ORIENTED_EDGE('',*,*,#3273,.T.);
#1805=ORIENTED_EDGE('',*,*,#3274,.T.);
#1806=ORIENTED_EDGE('',*,*,#2875,.T.);
#1807=ORIENTED_EDGE('',*,*,#3088,.T.);
#1808=ORIENTED_EDGE('',*,*,#3063,.T.);
#1809=ORIENTED_EDGE('',*,*,#3110,.T.);
#1810=ORIENTED_EDGE('',*,*,#3275,.T.);
#1811=ORIENTED_EDGE('',*,*,#3276,.T.);
#1812=ORIENTED_EDGE('',*,*,#3277,.T.);
#1813=ORIENTED_EDGE('',*,*,#3278,.T.);
#1814=ORIENTED_EDGE('',*,*,#3273,.F.);
#1815=ORIENTED_EDGE('',*,*,#3087,.T.);
#1816=ORIENTED_EDGE('',*,*,#3275,.F.);
#1817=ORIENTED_EDGE('',*,*,#3109,.T.);
#1818=ORIENTED_EDGE('',*,*,#3277,.F.);
#1819=ORIENTED_EDGE('',*,*,#3279,.T.);
#1820=ORIENTED_EDGE('',*,*,#3280,.T.);
#1821=ORIENTED_EDGE('',*,*,#3281,.T.);
#1822=ORIENTED_EDGE('',*,*,#2888,.T.);
#1823=ORIENTED_EDGE('',*,*,#3071,.T.);
#1824=ORIENTED_EDGE('',*,*,#3046,.T.);
#1825=ORIENTED_EDGE('',*,*,#3093,.T.);
#1826=ORIENTED_EDGE('',*,*,#3282,.T.);
#1827=ORIENTED_EDGE('',*,*,#3283,.T.);
#1828=ORIENTED_EDGE('',*,*,#3284,.T.);
#1829=ORIENTED_EDGE('',*,*,#3285,.T.);
#1830=ORIENTED_EDGE('',*,*,#3280,.F.);
#1831=ORIENTED_EDGE('',*,*,#3070,.T.);
#1832=ORIENTED_EDGE('',*,*,#3282,.F.);
#1833=ORIENTED_EDGE('',*,*,#3092,.T.);
#1834=ORIENTED_EDGE('',*,*,#3284,.F.);
#1835=ORIENTED_EDGE('',*,*,#3286,.T.);
#1836=ORIENTED_EDGE('',*,*,#3287,.T.);
#1837=ORIENTED_EDGE('',*,*,#3288,.T.);
#1838=ORIENTED_EDGE('',*,*,#2901,.T.);
#1839=ORIENTED_EDGE('',*,*,#3054,.T.);
#1840=ORIENTED_EDGE('',*,*,#3029,.T.);
#1841=ORIENTED_EDGE('',*,*,#3076,.T.);
#1842=ORIENTED_EDGE('',*,*,#3289,.T.);
#1843=ORIENTED_EDGE('',*,*,#3290,.T.);
#1844=ORIENTED_EDGE('',*,*,#3291,.T.);
#1845=ORIENTED_EDGE('',*,*,#3292,.T.);
#1846=ORIENTED_EDGE('',*,*,#3287,.F.);
#1847=ORIENTED_EDGE('',*,*,#3053,.T.);
#1848=ORIENTED_EDGE('',*,*,#3289,.F.);
#1849=ORIENTED_EDGE('',*,*,#3075,.T.);
#1850=ORIENTED_EDGE('',*,*,#3291,.F.);
#1851=ORIENTED_EDGE('',*,*,#3293,.T.);
#1852=ORIENTED_EDGE('',*,*,#3294,.T.);
#1853=ORIENTED_EDGE('',*,*,#3295,.T.);
#1854=ORIENTED_EDGE('',*,*,#2914,.T.);
#1855=ORIENTED_EDGE('',*,*,#3037,.T.);
#1856=ORIENTED_EDGE('',*,*,#3012,.T.);
#1857=ORIENTED_EDGE('',*,*,#3059,.T.);
#1858=ORIENTED_EDGE('',*,*,#3296,.T.);
#1859=ORIENTED_EDGE('',*,*,#3297,.T.);
#1860=ORIENTED_EDGE('',*,*,#3298,.T.);
#1861=ORIENTED_EDGE('',*,*,#3299,.T.);
#1862=ORIENTED_EDGE('',*,*,#3294,.F.);
#1863=ORIENTED_EDGE('',*,*,#3036,.T.);
#1864=ORIENTED_EDGE('',*,*,#3296,.F.);
#1865=ORIENTED_EDGE('',*,*,#3058,.T.);
#1866=ORIENTED_EDGE('',*,*,#3298,.F.);
#1867=ORIENTED_EDGE('',*,*,#3300,.T.);
#1868=ORIENTED_EDGE('',*,*,#3301,.T.);
#1869=ORIENTED_EDGE('',*,*,#3302,.T.);
#1870=ORIENTED_EDGE('',*,*,#2927,.T.);
#1871=ORIENTED_EDGE('',*,*,#3020,.T.);
#1872=ORIENTED_EDGE('',*,*,#2994,.T.);
#1873=ORIENTED_EDGE('',*,*,#3042,.T.);
#1874=ORIENTED_EDGE('',*,*,#3303,.T.);
#1875=ORIENTED_EDGE('',*,*,#3304,.T.);
#1876=ORIENTED_EDGE('',*,*,#3305,.T.);
#1877=ORIENTED_EDGE('',*,*,#3306,.T.);
#1878=ORIENTED_EDGE('',*,*,#3301,.F.);
#1879=ORIENTED_EDGE('',*,*,#3019,.T.);
#1880=ORIENTED_EDGE('',*,*,#3303,.F.);
#1881=ORIENTED_EDGE('',*,*,#3041,.T.);
#1882=ORIENTED_EDGE('',*,*,#3305,.F.);
#1883=ORIENTED_EDGE('',*,*,#3307,.T.);
#1884=ORIENTED_EDGE('',*,*,#3308,.T.);
#1885=ORIENTED_EDGE('',*,*,#3309,.T.);
#1886=ORIENTED_EDGE('',*,*,#2940,.T.);
#1887=ORIENTED_EDGE('',*,*,#3002,.T.);
#1888=ORIENTED_EDGE('',*,*,#2982,.T.);
#1889=ORIENTED_EDGE('',*,*,#3025,.T.);
#1890=ORIENTED_EDGE('',*,*,#3310,.T.);
#1891=ORIENTED_EDGE('',*,*,#3311,.T.);
#1892=ORIENTED_EDGE('',*,*,#3312,.T.);
#1893=ORIENTED_EDGE('',*,*,#3313,.T.);
#1894=ORIENTED_EDGE('',*,*,#3308,.F.);
#1895=ORIENTED_EDGE('',*,*,#3001,.T.);
#1896=ORIENTED_EDGE('',*,*,#3310,.F.);
#1897=ORIENTED_EDGE('',*,*,#3024,.T.);
#1898=ORIENTED_EDGE('',*,*,#3312,.F.);
#1899=ORIENTED_EDGE('',*,*,#3314,.T.);
#1900=ORIENTED_EDGE('',*,*,#3315,.T.);
#1901=ORIENTED_EDGE('',*,*,#3316,.T.);
#1902=ORIENTED_EDGE('',*,*,#2953,.T.);
#1903=ORIENTED_EDGE('',*,*,#2991,.T.);
#1904=ORIENTED_EDGE('',*,*,#3317,.T.);
#1905=ORIENTED_EDGE('',*,*,#3218,.T.);
#1906=ORIENTED_EDGE('',*,*,#3007,.T.);
#1907=ORIENTED_EDGE('',*,*,#3318,.T.);
#1908=ORIENTED_EDGE('',*,*,#3319,.T.);
#1909=ORIENTED_EDGE('',*,*,#3320,.T.);
#1910=ORIENTED_EDGE('',*,*,#3315,.F.);
#1911=ORIENTED_EDGE('',*,*,#2990,.T.);
#1912=ORIENTED_EDGE('',*,*,#3318,.F.);
#1913=ORIENTED_EDGE('',*,*,#3006,.T.);
#1914=ORIENTED_EDGE('',*,*,#3319,.F.);
#1915=ORIENTED_EDGE('',*,*,#3321,.T.);
#1916=ORIENTED_EDGE('',*,*,#2979,.T.);
#1917=ORIENTED_EDGE('',*,*,#3322,.T.);
#1918=ORIENTED_EDGE('',*,*,#3323,.T.);
#1919=ORIENTED_EDGE('',*,*,#2966,.T.);
#1920=ORIENTED_EDGE('',*,*,#3324,.T.);
#1921=ORIENTED_EDGE('',*,*,#3219,.T.);
#1922=ORIENTED_EDGE('',*,*,#3317,.F.);
#1923=ORIENTED_EDGE('',*,*,#3321,.F.);
#1924=ORIENTED_EDGE('',*,*,#3323,.F.);
#1925=ORIENTED_EDGE('',*,*,#3325,.T.);
#1926=ORIENTED_EDGE('',*,*,#3324,.F.);
#1927=ORIENTED_EDGE('',*,*,#2967,.F.);
#1928=ORIENTED_EDGE('',*,*,#3311,.F.);
#1929=ORIENTED_EDGE('',*,*,#3314,.F.);
#1930=ORIENTED_EDGE('',*,*,#3326,.T.);
#1931=ORIENTED_EDGE('',*,*,#2983,.F.);
#1932=ORIENTED_EDGE('',*,*,#3326,.F.);
#1933=ORIENTED_EDGE('',*,*,#2954,.F.);
#1934=ORIENTED_EDGE('',*,*,#3316,.F.);
#1935=ORIENTED_EDGE('',*,*,#3320,.F.);
#1936=ORIENTED_EDGE('',*,*,#3304,.F.);
#1937=ORIENTED_EDGE('',*,*,#3307,.F.);
#1938=ORIENTED_EDGE('',*,*,#3327,.T.);
#1939=ORIENTED_EDGE('',*,*,#2995,.F.);
#1940=ORIENTED_EDGE('',*,*,#3327,.F.);
#1941=ORIENTED_EDGE('',*,*,#2941,.F.);
#1942=ORIENTED_EDGE('',*,*,#3309,.F.);
#1943=ORIENTED_EDGE('',*,*,#3313,.F.);
#1944=ORIENTED_EDGE('',*,*,#3297,.F.);
#1945=ORIENTED_EDGE('',*,*,#3300,.F.);
#1946=ORIENTED_EDGE('',*,*,#3328,.T.);
#1947=ORIENTED_EDGE('',*,*,#3013,.F.);
#1948=ORIENTED_EDGE('',*,*,#3328,.F.);
#1949=ORIENTED_EDGE('',*,*,#2928,.F.);
#1950=ORIENTED_EDGE('',*,*,#3302,.F.);
#1951=ORIENTED_EDGE('',*,*,#3306,.F.);
#1952=ORIENTED_EDGE('',*,*,#3290,.F.);
#1953=ORIENTED_EDGE('',*,*,#3293,.F.);
#1954=ORIENTED_EDGE('',*,*,#3329,.T.);
#1955=ORIENTED_EDGE('',*,*,#3030,.F.);
#1956=ORIENTED_EDGE('',*,*,#3329,.F.);
#1957=ORIENTED_EDGE('',*,*,#2915,.F.);
#1958=ORIENTED_EDGE('',*,*,#3295,.F.);
#1959=ORIENTED_EDGE('',*,*,#3299,.F.);
#1960=ORIENTED_EDGE('',*,*,#3283,.F.);
#1961=ORIENTED_EDGE('',*,*,#3286,.F.);
#1962=ORIENTED_EDGE('',*,*,#3330,.T.);
#1963=ORIENTED_EDGE('',*,*,#3047,.F.);
#1964=ORIENTED_EDGE('',*,*,#3330,.F.);
#1965=ORIENTED_EDGE('',*,*,#2902,.F.);
#1966=ORIENTED_EDGE('',*,*,#3288,.F.);
#1967=ORIENTED_EDGE('',*,*,#3292,.F.);
#1968=ORIENTED_EDGE('',*,*,#3276,.F.);
#1969=ORIENTED_EDGE('',*,*,#3279,.F.);
#1970=ORIENTED_EDGE('',*,*,#3331,.T.);
#1971=ORIENTED_EDGE('',*,*,#3064,.F.);
#1972=ORIENTED_EDGE('',*,*,#3331,.F.);
#1973=ORIENTED_EDGE('',*,*,#2889,.F.);
#1974=ORIENTED_EDGE('',*,*,#3281,.F.);
#1975=ORIENTED_EDGE('',*,*,#3285,.F.);
#1976=ORIENTED_EDGE('',*,*,#3269,.F.);
#1977=ORIENTED_EDGE('',*,*,#3272,.F.);
#1978=ORIENTED_EDGE('',*,*,#3332,.T.);
#1979=ORIENTED_EDGE('',*,*,#3081,.F.);
#1980=ORIENTED_EDGE('',*,*,#3332,.F.);
#1981=ORIENTED_EDGE('',*,*,#2876,.F.);
#1982=ORIENTED_EDGE('',*,*,#3274,.F.);
#1983=ORIENTED_EDGE('',*,*,#3278,.F.);
#1984=ORIENTED_EDGE('',*,*,#3262,.F.);
#1985=ORIENTED_EDGE('',*,*,#3265,.F.);
#1986=ORIENTED_EDGE('',*,*,#3333,.T.);
#1987=ORIENTED_EDGE('',*,*,#3098,.F.);
#1988=ORIENTED_EDGE('',*,*,#3333,.F.);
#1989=ORIENTED_EDGE('',*,*,#2863,.F.);
#1990=ORIENTED_EDGE('',*,*,#3267,.F.);
#1991=ORIENTED_EDGE('',*,*,#3271,.F.);
#1992=ORIENTED_EDGE('',*,*,#3255,.F.);
#1993=ORIENTED_EDGE('',*,*,#3258,.F.);
#1994=ORIENTED_EDGE('',*,*,#3334,.T.);
#1995=ORIENTED_EDGE('',*,*,#3115,.F.);
#1996=ORIENTED_EDGE('',*,*,#3334,.F.);
#1997=ORIENTED_EDGE('',*,*,#2850,.F.);
#1998=ORIENTED_EDGE('',*,*,#3260,.F.);
#1999=ORIENTED_EDGE('',*,*,#3264,.F.);
#2000=ORIENTED_EDGE('',*,*,#3248,.F.);
#2001=ORIENTED_EDGE('',*,*,#3251,.F.);
#2002=ORIENTED_EDGE('',*,*,#3335,.T.);
#2003=ORIENTED_EDGE('',*,*,#3132,.F.);
#2004=ORIENTED_EDGE('',*,*,#3335,.F.);
#2005=ORIENTED_EDGE('',*,*,#2837,.F.);
#2006=ORIENTED_EDGE('',*,*,#3253,.F.);
#2007=ORIENTED_EDGE('',*,*,#3257,.F.);
#2008=ORIENTED_EDGE('',*,*,#3241,.F.);
#2009=ORIENTED_EDGE('',*,*,#3244,.F.);
#2010=ORIENTED_EDGE('',*,*,#3336,.T.);
#2011=ORIENTED_EDGE('',*,*,#3149,.F.);
#2012=ORIENTED_EDGE('',*,*,#3336,.F.);
#2013=ORIENTED_EDGE('',*,*,#2824,.F.);
#2014=ORIENTED_EDGE('',*,*,#3246,.F.);
#2015=ORIENTED_EDGE('',*,*,#3250,.F.);
#2016=ORIENTED_EDGE('',*,*,#3232,.F.);
#2017=ORIENTED_EDGE('',*,*,#3235,.F.);
#2018=ORIENTED_EDGE('',*,*,#3337,.T.);
#2019=ORIENTED_EDGE('',*,*,#3166,.F.);
#2020=ORIENTED_EDGE('',*,*,#3337,.F.);
#2021=ORIENTED_EDGE('',*,*,#2811,.F.);
#2022=ORIENTED_EDGE('',*,*,#3239,.F.);
#2023=ORIENTED_EDGE('',*,*,#3243,.F.);
#2024=ORIENTED_EDGE('',*,*,#3338,.F.);
#2025=ORIENTED_EDGE('',*,*,#3339,.T.);
#2026=ORIENTED_EDGE('',*,*,#3236,.F.);
#2027=ORIENTED_EDGE('',*,*,#2797,.F.);
#2028=ORIENTED_EDGE('',*,*,#3225,.F.);
#2029=ORIENTED_EDGE('',*,*,#3203,.T.);
#2030=ORIENTED_EDGE('',*,*,#3338,.T.);
#2031=ORIENTED_EDGE('',*,*,#3227,.F.);
#2032=ORIENTED_EDGE('',*,*,#3237,.F.);
#2033=ORIENTED_EDGE('',*,*,#3339,.F.);
#2034=ORIENTED_EDGE('',*,*,#3340,.T.);
#2035=ORIENTED_EDGE('',*,*,#3182,.F.);
#2036=ORIENTED_EDGE('',*,*,#3340,.F.);
#2037=ORIENTED_EDGE('',*,*,#2788,.F.);
#2038=ORIENTED_EDGE('',*,*,#3230,.F.);
#2039=ORIENTED_EDGE('',*,*,#3234,.F.);
#2040=ORIENTED_EDGE('',*,*,#3341,.T.);
#2041=ORIENTED_EDGE('',*,*,#3325,.F.);
#2042=ORIENTED_EDGE('',*,*,#3322,.F.);
#2043=ORIENTED_EDGE('',*,*,#2978,.F.);
#2044=ORIENTED_EDGE('',*,*,#3341,.F.);
#2045=ORIENTED_EDGE('',*,*,#3228,.F.);
#2046=ORIENTED_EDGE('',*,*,#3222,.F.);
#2047=ORIENTED_EDGE('',*,*,#2779,.F.);
#2048=ORIENTED_EDGE('',*,*,#3342,.T.);
#2049=ORIENTED_EDGE('',*,*,#2890,.T.);
#2050=ORIENTED_EDGE('',*,*,#3111,.T.);
#2051=ORIENTED_EDGE('',*,*,#3107,.T.);
#2052=ORIENTED_EDGE('',*,*,#3061,.T.);
#2053=ORIENTED_EDGE('',*,*,#3066,.T.);
#2054=ORIENTED_EDGE('',*,*,#2903,.T.);
#2055=ORIENTED_EDGE('',*,*,#3094,.T.);
#2056=ORIENTED_EDGE('',*,*,#3090,.T.);
#2057=ORIENTED_EDGE('',*,*,#3044,.T.);
#2058=ORIENTED_EDGE('',*,*,#3049,.T.);
#2059=ORIENTED_EDGE('',*,*,#2916,.T.);
#2060=ORIENTED_EDGE('',*,*,#3077,.T.);
#2061=ORIENTED_EDGE('',*,*,#3073,.T.);
#2062=ORIENTED_EDGE('',*,*,#3027,.T.);
#2063=ORIENTED_EDGE('',*,*,#3032,.T.);
#2064=ORIENTED_EDGE('',*,*,#2929,.T.);
#2065=ORIENTED_EDGE('',*,*,#3060,.T.);
#2066=ORIENTED_EDGE('',*,*,#3056,.T.);
#2067=ORIENTED_EDGE('',*,*,#3010,.T.);
#2068=ORIENTED_EDGE('',*,*,#3015,.T.);
#2069=ORIENTED_EDGE('',*,*,#2942,.T.);
#2070=ORIENTED_EDGE('',*,*,#3043,.T.);
#2071=ORIENTED_EDGE('',*,*,#3039,.T.);
#2072=ORIENTED_EDGE('',*,*,#2992,.T.);
#2073=ORIENTED_EDGE('',*,*,#2997,.T.);
#2074=ORIENTED_EDGE('',*,*,#2955,.T.);
#2075=ORIENTED_EDGE('',*,*,#3026,.T.);
#2076=ORIENTED_EDGE('',*,*,#3022,.T.);
#2077=ORIENTED_EDGE('',*,*,#2980,.T.);
#2078=ORIENTED_EDGE('',*,*,#2985,.T.);
#2079=ORIENTED_EDGE('',*,*,#2968,.T.);
#2080=ORIENTED_EDGE('',*,*,#3009,.T.);
#2081=ORIENTED_EDGE('',*,*,#3004,.T.);
#2082=ORIENTED_EDGE('',*,*,#3217,.T.);
#2083=ORIENTED_EDGE('',*,*,#3221,.T.);
#2084=ORIENTED_EDGE('',*,*,#2772,.T.);
#2085=ORIENTED_EDGE('',*,*,#2775,.T.);
#2086=ORIENTED_EDGE('',*,*,#2778,.T.);
#2087=ORIENTED_EDGE('',*,*,#3196,.T.);
#2088=ORIENTED_EDGE('',*,*,#3200,.T.);
#2089=ORIENTED_EDGE('',*,*,#2792,.T.);
#2090=ORIENTED_EDGE('',*,*,#2800,.T.);
#2091=ORIENTED_EDGE('',*,*,#2795,.T.);
#2092=ORIENTED_EDGE('',*,*,#3180,.T.);
#2093=ORIENTED_EDGE('',*,*,#3184,.T.);
#2094=ORIENTED_EDGE('',*,*,#2812,.T.);
#2095=ORIENTED_EDGE('',*,*,#3211,.T.);
#2096=ORIENTED_EDGE('',*,*,#3207,.T.);
#2097=ORIENTED_EDGE('',*,*,#3163,.T.);
#2098=ORIENTED_EDGE('',*,*,#3168,.T.);
#2099=ORIENTED_EDGE('',*,*,#2825,.T.);
#2100=ORIENTED_EDGE('',*,*,#3195,.T.);
#2101=ORIENTED_EDGE('',*,*,#3191,.T.);
#2102=ORIENTED_EDGE('',*,*,#3146,.T.);
#2103=ORIENTED_EDGE('',*,*,#3151,.T.);
#2104=ORIENTED_EDGE('',*,*,#2838,.T.);
#2105=ORIENTED_EDGE('',*,*,#3179,.T.);
#2106=ORIENTED_EDGE('',*,*,#3175,.T.);
#2107=ORIENTED_EDGE('',*,*,#3129,.T.);
#2108=ORIENTED_EDGE('',*,*,#3134,.T.);
#2109=ORIENTED_EDGE('',*,*,#2851,.T.);
#2110=ORIENTED_EDGE('',*,*,#3162,.T.);
#2111=ORIENTED_EDGE('',*,*,#3158,.T.);
#2112=ORIENTED_EDGE('',*,*,#3112,.T.);
#2113=ORIENTED_EDGE('',*,*,#3117,.T.);
#2114=ORIENTED_EDGE('',*,*,#2864,.T.);
#2115=ORIENTED_EDGE('',*,*,#3145,.T.);
#2116=ORIENTED_EDGE('',*,*,#3141,.T.);
#2117=ORIENTED_EDGE('',*,*,#3095,.T.);
#2118=ORIENTED_EDGE('',*,*,#3100,.T.);
#2119=ORIENTED_EDGE('',*,*,#2877,.T.);
#2120=ORIENTED_EDGE('',*,*,#3128,.T.);
#2121=ORIENTED_EDGE('',*,*,#3124,.T.);
#2122=ORIENTED_EDGE('',*,*,#3078,.T.);
#2123=ORIENTED_EDGE('',*,*,#3083,.T.);
#2124=ORIENTED_EDGE('',*,*,#3343,.F.);
#2125=ORIENTED_EDGE('',*,*,#2831,.T.);
#2126=ORIENTED_EDGE('',*,*,#2828,.T.);
#2127=ORIENTED_EDGE('',*,*,#3157,.T.);
#2128=ORIENTED_EDGE('',*,*,#3153,.T.);
#2129=ORIENTED_EDGE('',*,*,#2821,.T.);
#2130=ORIENTED_EDGE('',*,*,#2818,.T.);
#2131=ORIENTED_EDGE('',*,*,#2815,.T.);
#2132=ORIENTED_EDGE('',*,*,#3174,.T.);
#2133=ORIENTED_EDGE('',*,*,#3170,.T.);
#2134=ORIENTED_EDGE('',*,*,#2808,.T.);
#2135=ORIENTED_EDGE('',*,*,#2805,.T.);
#2136=ORIENTED_EDGE('',*,*,#2802,.T.);
#2137=ORIENTED_EDGE('',*,*,#3190,.T.);
#2138=ORIENTED_EDGE('',*,*,#3186,.T.);
#2139=ORIENTED_EDGE('',*,*,#2785,.T.);
#2140=ORIENTED_EDGE('',*,*,#2790,.T.);
#2141=ORIENTED_EDGE('',*,*,#2782,.T.);
#2142=ORIENTED_EDGE('',*,*,#3206,.T.);
#2143=ORIENTED_EDGE('',*,*,#3201,.T.);
#2144=ORIENTED_EDGE('',*,*,#3212,.T.);
#2145=ORIENTED_EDGE('',*,*,#3216,.T.);
#2146=ORIENTED_EDGE('',*,*,#2971,.T.);
#2147=ORIENTED_EDGE('',*,*,#2974,.T.);
#2148=ORIENTED_EDGE('',*,*,#2977,.T.);
#2149=ORIENTED_EDGE('',*,*,#2964,.T.);
#2150=ORIENTED_EDGE('',*,*,#2961,.T.);
#2151=ORIENTED_EDGE('',*,*,#2958,.T.);
#2152=ORIENTED_EDGE('',*,*,#2987,.T.);
#2153=ORIENTED_EDGE('',*,*,#2989,.T.);
#2154=ORIENTED_EDGE('',*,*,#2951,.T.);
#2155=ORIENTED_EDGE('',*,*,#2948,.T.);
#2156=ORIENTED_EDGE('',*,*,#2945,.T.);
#2157=ORIENTED_EDGE('',*,*,#3003,.T.);
#2158=ORIENTED_EDGE('',*,*,#2999,.T.);
#2159=ORIENTED_EDGE('',*,*,#2938,.T.);
#2160=ORIENTED_EDGE('',*,*,#2935,.T.);
#2161=ORIENTED_EDGE('',*,*,#2932,.T.);
#2162=ORIENTED_EDGE('',*,*,#3021,.T.);
#2163=ORIENTED_EDGE('',*,*,#3017,.T.);
#2164=ORIENTED_EDGE('',*,*,#2925,.T.);
#2165=ORIENTED_EDGE('',*,*,#2922,.T.);
#2166=ORIENTED_EDGE('',*,*,#2919,.T.);
#2167=ORIENTED_EDGE('',*,*,#3038,.T.);
#2168=ORIENTED_EDGE('',*,*,#3034,.T.);
#2169=ORIENTED_EDGE('',*,*,#2912,.T.);
#2170=ORIENTED_EDGE('',*,*,#2909,.T.);
#2171=ORIENTED_EDGE('',*,*,#2906,.T.);
#2172=ORIENTED_EDGE('',*,*,#3055,.T.);
#2173=ORIENTED_EDGE('',*,*,#3051,.T.);
#2174=ORIENTED_EDGE('',*,*,#2899,.T.);
#2175=ORIENTED_EDGE('',*,*,#2896,.T.);
#2176=ORIENTED_EDGE('',*,*,#2893,.T.);
#2177=ORIENTED_EDGE('',*,*,#3072,.T.);
#2178=ORIENTED_EDGE('',*,*,#3068,.T.);
#2179=ORIENTED_EDGE('',*,*,#2886,.T.);
#2180=ORIENTED_EDGE('',*,*,#2883,.T.);
#2181=ORIENTED_EDGE('',*,*,#2880,.T.);
#2182=ORIENTED_EDGE('',*,*,#3089,.T.);
#2183=ORIENTED_EDGE('',*,*,#3085,.T.);
#2184=ORIENTED_EDGE('',*,*,#2873,.T.);
#2185=ORIENTED_EDGE('',*,*,#2870,.T.);
#2186=ORIENTED_EDGE('',*,*,#2867,.T.);
#2187=ORIENTED_EDGE('',*,*,#3106,.T.);
#2188=ORIENTED_EDGE('',*,*,#3102,.T.);
#2189=ORIENTED_EDGE('',*,*,#2860,.T.);
#2190=ORIENTED_EDGE('',*,*,#2857,.T.);
#2191=ORIENTED_EDGE('',*,*,#2854,.T.);
#2192=ORIENTED_EDGE('',*,*,#3123,.T.);
#2193=ORIENTED_EDGE('',*,*,#3119,.T.);
#2194=ORIENTED_EDGE('',*,*,#2847,.T.);
#2195=ORIENTED_EDGE('',*,*,#2844,.T.);
#2196=ORIENTED_EDGE('',*,*,#2841,.T.);
#2197=ORIENTED_EDGE('',*,*,#3140,.T.);
#2198=ORIENTED_EDGE('',*,*,#3136,.T.);
#2199=ORIENTED_EDGE('',*,*,#2834,.T.);
#2200=ORIENTED_EDGE('',*,*,#3344,.T.);
#2201=ORIENTED_EDGE('',*,*,#3342,.F.);
#2202=ORIENTED_EDGE('',*,*,#3345,.T.);
#2203=ORIENTED_EDGE('',*,*,#3343,.T.);
#2204=ORIENTED_EDGE('',*,*,#3345,.F.);
#2205=ORIENTED_EDGE('',*,*,#3346,.T.);
#2206=ORIENTED_EDGE('',*,*,#3347,.T.);
#2207=ORIENTED_EDGE('',*,*,#3348,.T.);
#2208=ORIENTED_EDGE('',*,*,#3349,.T.);
#2209=ORIENTED_EDGE('',*,*,#3350,.T.);
#2210=ORIENTED_EDGE('',*,*,#3351,.T.);
#2211=ORIENTED_EDGE('',*,*,#3352,.T.);
#2212=ORIENTED_EDGE('',*,*,#3353,.T.);
#2213=ORIENTED_EDGE('',*,*,#3354,.T.);
#2214=ORIENTED_EDGE('',*,*,#3355,.T.);
#2215=ORIENTED_EDGE('',*,*,#3356,.T.);
#2216=ORIENTED_EDGE('',*,*,#3357,.T.);
#2217=ORIENTED_EDGE('',*,*,#3358,.T.);
#2218=ORIENTED_EDGE('',*,*,#3359,.T.);
#2219=ORIENTED_EDGE('',*,*,#3360,.T.);
#2220=ORIENTED_EDGE('',*,*,#3361,.T.);
#2221=ORIENTED_EDGE('',*,*,#3362,.T.);
#2222=ORIENTED_EDGE('',*,*,#3363,.T.);
#2223=ORIENTED_EDGE('',*,*,#3364,.T.);
#2224=ORIENTED_EDGE('',*,*,#3365,.T.);
#2225=ORIENTED_EDGE('',*,*,#3366,.T.);
#2226=ORIENTED_EDGE('',*,*,#3367,.T.);
#2227=ORIENTED_EDGE('',*,*,#3368,.T.);
#2228=ORIENTED_EDGE('',*,*,#3369,.T.);
#2229=ORIENTED_EDGE('',*,*,#3370,.T.);
#2230=ORIENTED_EDGE('',*,*,#3371,.T.);
#2231=ORIENTED_EDGE('',*,*,#3372,.T.);
#2232=ORIENTED_EDGE('',*,*,#3373,.T.);
#2233=ORIENTED_EDGE('',*,*,#3374,.T.);
#2234=ORIENTED_EDGE('',*,*,#3375,.T.);
#2235=ORIENTED_EDGE('',*,*,#3376,.T.);
#2236=ORIENTED_EDGE('',*,*,#3377,.T.);
#2237=ORIENTED_EDGE('',*,*,#3378,.T.);
#2238=ORIENTED_EDGE('',*,*,#3379,.T.);
#2239=ORIENTED_EDGE('',*,*,#3380,.T.);
#2240=ORIENTED_EDGE('',*,*,#3381,.T.);
#2241=ORIENTED_EDGE('',*,*,#3382,.T.);
#2242=ORIENTED_EDGE('',*,*,#3383,.T.);
#2243=ORIENTED_EDGE('',*,*,#3384,.T.);
#2244=ORIENTED_EDGE('',*,*,#3385,.T.);
#2245=ORIENTED_EDGE('',*,*,#3386,.T.);
#2246=ORIENTED_EDGE('',*,*,#3387,.T.);
#2247=ORIENTED_EDGE('',*,*,#3388,.T.);
#2248=ORIENTED_EDGE('',*,*,#3389,.T.);
#2249=ORIENTED_EDGE('',*,*,#3390,.T.);
#2250=ORIENTED_EDGE('',*,*,#3391,.T.);
#2251=ORIENTED_EDGE('',*,*,#3392,.T.);
#2252=ORIENTED_EDGE('',*,*,#3393,.T.);
#2253=ORIENTED_EDGE('',*,*,#3394,.T.);
#2254=ORIENTED_EDGE('',*,*,#3395,.T.);
#2255=ORIENTED_EDGE('',*,*,#3396,.T.);
#2256=ORIENTED_EDGE('',*,*,#2692,.F.);
#2257=ORIENTED_EDGE('',*,*,#3397,.T.);
#2258=ORIENTED_EDGE('',*,*,#2713,.F.);
#2259=ORIENTED_EDGE('',*,*,#3398,.T.);
#2260=ORIENTED_EDGE('',*,*,#2706,.F.);
#2261=ORIENTED_EDGE('',*,*,#3399,.T.);
#2262=ORIENTED_EDGE('',*,*,#2727,.F.);
#2263=ORIENTED_EDGE('',*,*,#3400,.T.);
#2264=ORIENTED_EDGE('',*,*,#2720,.F.);
#2265=ORIENTED_EDGE('',*,*,#3401,.T.);
#2266=ORIENTED_EDGE('',*,*,#2734,.F.);
#2267=ORIENTED_EDGE('',*,*,#3402,.T.);
#2268=ORIENTED_EDGE('',*,*,#2685,.F.);
#2269=ORIENTED_EDGE('',*,*,#3403,.T.);
#2270=ORIENTED_EDGE('',*,*,#2699,.F.);
#2271=ORIENTED_EDGE('',*,*,#3404,.T.);
#2272=ORIENTED_EDGE('',*,*,#2687,.F.);
#2273=ORIENTED_EDGE('',*,*,#3405,.T.);
#2274=ORIENTED_EDGE('',*,*,#3406,.T.);
#2275=ORIENTED_EDGE('',*,*,#3407,.T.);
#2276=ORIENTED_EDGE('',*,*,#3406,.F.);
#2277=ORIENTED_EDGE('',*,*,#3408,.T.);
#2278=ORIENTED_EDGE('',*,*,#3409,.T.);
#2279=ORIENTED_EDGE('',*,*,#3410,.T.);
#2280=ORIENTED_EDGE('',*,*,#3409,.F.);
#2281=ORIENTED_EDGE('',*,*,#3411,.T.);
#2282=ORIENTED_EDGE('',*,*,#2768,.T.);
#2283=ORIENTED_EDGE('',*,*,#3412,.T.);
#2284=ORIENTED_EDGE('',*,*,#2762,.F.);
#2285=ORIENTED_EDGE('',*,*,#3413,.T.);
#2286=ORIENTED_EDGE('',*,*,#2689,.T.);
#2287=ORIENTED_EDGE('',*,*,#3414,.T.);
#2288=ORIENTED_EDGE('',*,*,#2694,.F.);
#2289=ORIENTED_EDGE('',*,*,#3415,.T.);
#2290=ORIENTED_EDGE('',*,*,#3416,.T.);
#2291=ORIENTED_EDGE('',*,*,#3417,.T.);
#2292=ORIENTED_EDGE('',*,*,#3416,.F.);
#2293=ORIENTED_EDGE('',*,*,#3418,.T.);
#2294=ORIENTED_EDGE('',*,*,#3419,.T.);
#2295=ORIENTED_EDGE('',*,*,#3420,.T.);
#2296=ORIENTED_EDGE('',*,*,#3419,.F.);
#2297=ORIENTED_EDGE('',*,*,#3421,.T.);
#2298=ORIENTED_EDGE('',*,*,#2764,.T.);
#2299=ORIENTED_EDGE('',*,*,#3422,.T.);
#2300=ORIENTED_EDGE('',*,*,#2754,.F.);
#2301=ORIENTED_EDGE('',*,*,#3423,.T.);
#2302=ORIENTED_EDGE('',*,*,#2696,.T.);
#2303=ORIENTED_EDGE('',*,*,#3424,.T.);
#2304=ORIENTED_EDGE('',*,*,#2701,.F.);
#2305=ORIENTED_EDGE('',*,*,#3425,.T.);
#2306=ORIENTED_EDGE('',*,*,#3426,.T.);
#2307=ORIENTED_EDGE('',*,*,#3427,.T.);
#2308=ORIENTED_EDGE('',*,*,#3426,.F.);
#2309=ORIENTED_EDGE('',*,*,#3428,.T.);
#2310=ORIENTED_EDGE('',*,*,#3429,.T.);
#2311=ORIENTED_EDGE('',*,*,#3430,.T.);
#2312=ORIENTED_EDGE('',*,*,#3429,.F.);
#2313=ORIENTED_EDGE('',*,*,#3431,.T.);
#2314=ORIENTED_EDGE('',*,*,#2760,.T.);
#2315=ORIENTED_EDGE('',*,*,#3432,.T.);
#2316=ORIENTED_EDGE('',*,*,#2766,.F.);
#2317=ORIENTED_EDGE('',*,*,#3433,.T.);
#2318=ORIENTED_EDGE('',*,*,#2703,.T.);
#2319=ORIENTED_EDGE('',*,*,#3434,.T.);
#2320=ORIENTED_EDGE('',*,*,#2708,.F.);
#2321=ORIENTED_EDGE('',*,*,#3435,.T.);
#2322=ORIENTED_EDGE('',*,*,#3436,.T.);
#2323=ORIENTED_EDGE('',*,*,#3437,.T.);
#2324=ORIENTED_EDGE('',*,*,#3436,.F.);
#2325=ORIENTED_EDGE('',*,*,#3438,.T.);
#2326=ORIENTED_EDGE('',*,*,#3439,.T.);
#2327=ORIENTED_EDGE('',*,*,#3440,.T.);
#2328=ORIENTED_EDGE('',*,*,#3439,.F.);
#2329=ORIENTED_EDGE('',*,*,#3441,.T.);
#2330=ORIENTED_EDGE('',*,*,#2756,.T.);
#2331=ORIENTED_EDGE('',*,*,#3442,.T.);
#2332=ORIENTED_EDGE('',*,*,#2746,.F.);
#2333=ORIENTED_EDGE('',*,*,#3443,.T.);
#2334=ORIENTED_EDGE('',*,*,#2710,.T.);
#2335=ORIENTED_EDGE('',*,*,#3444,.T.);
#2336=ORIENTED_EDGE('',*,*,#2715,.F.);
#2337=ORIENTED_EDGE('',*,*,#3445,.T.);
#2338=ORIENTED_EDGE('',*,*,#3446,.T.);
#2339=ORIENTED_EDGE('',*,*,#3447,.T.);
#2340=ORIENTED_EDGE('',*,*,#3446,.F.);
#2341=ORIENTED_EDGE('',*,*,#3448,.T.);
#2342=ORIENTED_EDGE('',*,*,#3449,.T.);
#2343=ORIENTED_EDGE('',*,*,#3450,.T.);
#2344=ORIENTED_EDGE('',*,*,#3449,.F.);
#2345=ORIENTED_EDGE('',*,*,#3451,.T.);
#2346=ORIENTED_EDGE('',*,*,#2752,.T.);
#2347=ORIENTED_EDGE('',*,*,#3452,.T.);
#2348=ORIENTED_EDGE('',*,*,#2758,.F.);
#2349=ORIENTED_EDGE('',*,*,#3453,.T.);
#2350=ORIENTED_EDGE('',*,*,#2717,.T.);
#2351=ORIENTED_EDGE('',*,*,#3454,.T.);
#2352=ORIENTED_EDGE('',*,*,#2722,.F.);
#2353=ORIENTED_EDGE('',*,*,#3455,.T.);
#2354=ORIENTED_EDGE('',*,*,#3456,.T.);
#2355=ORIENTED_EDGE('',*,*,#3457,.T.);
#2356=ORIENTED_EDGE('',*,*,#3456,.F.);
#2357=ORIENTED_EDGE('',*,*,#3458,.T.);
#2358=ORIENTED_EDGE('',*,*,#3459,.T.);
#2359=ORIENTED_EDGE('',*,*,#3460,.T.);
#2360=ORIENTED_EDGE('',*,*,#3459,.F.);
#2361=ORIENTED_EDGE('',*,*,#3461,.T.);
#2362=ORIENTED_EDGE('',*,*,#2748,.T.);
#2363=ORIENTED_EDGE('',*,*,#3462,.T.);
#2364=ORIENTED_EDGE('',*,*,#2742,.F.);
#2365=ORIENTED_EDGE('',*,*,#3463,.T.);
#2366=ORIENTED_EDGE('',*,*,#2724,.T.);
#2367=ORIENTED_EDGE('',*,*,#3464,.T.);
#2368=ORIENTED_EDGE('',*,*,#2729,.F.);
#2369=ORIENTED_EDGE('',*,*,#3465,.T.);
#2370=ORIENTED_EDGE('',*,*,#3466,.T.);
#2371=ORIENTED_EDGE('',*,*,#3467,.T.);
#2372=ORIENTED_EDGE('',*,*,#3466,.F.);
#2373=ORIENTED_EDGE('',*,*,#3468,.T.);
#2374=ORIENTED_EDGE('',*,*,#3469,.T.);
#2375=ORIENTED_EDGE('',*,*,#3470,.T.);
#2376=ORIENTED_EDGE('',*,*,#3469,.F.);
#2377=ORIENTED_EDGE('',*,*,#3471,.T.);
#2378=ORIENTED_EDGE('',*,*,#2744,.T.);
#2379=ORIENTED_EDGE('',*,*,#3472,.T.);
#2380=ORIENTED_EDGE('',*,*,#2750,.F.);
#2381=ORIENTED_EDGE('',*,*,#3473,.T.);
#2382=ORIENTED_EDGE('',*,*,#2731,.T.);
#2383=ORIENTED_EDGE('',*,*,#3474,.T.);
#2384=ORIENTED_EDGE('',*,*,#2736,.F.);
#2385=ORIENTED_EDGE('',*,*,#3475,.T.);
#2386=ORIENTED_EDGE('',*,*,#3476,.T.);
#2387=ORIENTED_EDGE('',*,*,#3477,.T.);
#2388=ORIENTED_EDGE('',*,*,#3476,.F.);
#2389=ORIENTED_EDGE('',*,*,#3478,.T.);
#2390=ORIENTED_EDGE('',*,*,#3479,.T.);
#2391=ORIENTED_EDGE('',*,*,#3480,.T.);
#2392=ORIENTED_EDGE('',*,*,#3479,.F.);
#2393=ORIENTED_EDGE('',*,*,#3481,.T.);
#2394=ORIENTED_EDGE('',*,*,#2740,.T.);
#2395=ORIENTED_EDGE('',*,*,#3482,.T.);
#2396=ORIENTED_EDGE('',*,*,#2770,.F.);
#2397=ORIENTED_EDGE('',*,*,#3483,.T.);
#2398=ORIENTED_EDGE('',*,*,#2738,.T.);
#2399=ORIENTED_EDGE('',*,*,#3484,.T.);
#2400=ORIENTED_EDGE('',*,*,#3344,.F.);
#2401=ORIENTED_EDGE('',*,*,#3396,.F.);
#2402=ORIENTED_EDGE('',*,*,#3485,.F.);
#2403=ORIENTED_EDGE('',*,*,#2755,.F.);
#2404=ORIENTED_EDGE('',*,*,#3486,.F.);
#2405=ORIENTED_EDGE('',*,*,#3371,.F.);
#2406=ORIENTED_EDGE('',*,*,#3486,.T.);
#2407=ORIENTED_EDGE('',*,*,#3424,.F.);
#2408=ORIENTED_EDGE('',*,*,#3487,.F.);
#2409=ORIENTED_EDGE('',*,*,#3372,.F.);
#2410=ORIENTED_EDGE('',*,*,#3485,.T.);
#2411=ORIENTED_EDGE('',*,*,#3370,.F.);
#2412=ORIENTED_EDGE('',*,*,#3488,.F.);
#2413=ORIENTED_EDGE('',*,*,#3452,.F.);
#2414=ORIENTED_EDGE('',*,*,#3487,.T.);
#2415=ORIENTED_EDGE('',*,*,#2695,.F.);
#2416=ORIENTED_EDGE('',*,*,#3489,.F.);
#2417=ORIENTED_EDGE('',*,*,#3373,.F.);
#2418=ORIENTED_EDGE('',*,*,#3488,.T.);
#2419=ORIENTED_EDGE('',*,*,#3369,.F.);
#2420=ORIENTED_EDGE('',*,*,#3490,.F.);
#2421=ORIENTED_EDGE('',*,*,#3450,.F.);
#2422=ORIENTED_EDGE('',*,*,#3489,.T.);
#2423=ORIENTED_EDGE('',*,*,#3417,.F.);
#2424=ORIENTED_EDGE('',*,*,#3491,.F.);
#2425=ORIENTED_EDGE('',*,*,#3374,.F.);
#2426=ORIENTED_EDGE('',*,*,#3490,.T.);
#2427=ORIENTED_EDGE('',*,*,#3368,.F.);
#2428=ORIENTED_EDGE('',*,*,#3492,.F.);
#2429=ORIENTED_EDGE('',*,*,#3447,.F.);
#2430=ORIENTED_EDGE('',*,*,#3491,.T.);
#2431=ORIENTED_EDGE('',*,*,#3420,.F.);
#2432=ORIENTED_EDGE('',*,*,#3493,.F.);
#2433=ORIENTED_EDGE('',*,*,#3375,.F.);
#2434=ORIENTED_EDGE('',*,*,#3492,.T.);
#2435=ORIENTED_EDGE('',*,*,#3367,.F.);
#2436=ORIENTED_EDGE('',*,*,#3494,.F.);
#2437=ORIENTED_EDGE('',*,*,#2716,.F.);
#2438=ORIENTED_EDGE('',*,*,#3493,.T.);
#2439=ORIENTED_EDGE('',*,*,#3422,.F.);
#2440=ORIENTED_EDGE('',*,*,#3495,.F.);
#2441=ORIENTED_EDGE('',*,*,#3376,.F.);
#2442=ORIENTED_EDGE('',*,*,#3494,.T.);
#2443=ORIENTED_EDGE('',*,*,#3366,.F.);
#2444=ORIENTED_EDGE('',*,*,#3496,.F.);
#2445=ORIENTED_EDGE('',*,*,#3454,.F.);
#2446=ORIENTED_EDGE('',*,*,#3495,.T.);
#2447=ORIENTED_EDGE('',*,*,#2767,.F.);
#2448=ORIENTED_EDGE('',*,*,#3497,.F.);
#2449=ORIENTED_EDGE('',*,*,#3377,.F.);
#2450=ORIENTED_EDGE('',*,*,#3496,.T.);
#2451=ORIENTED_EDGE('',*,*,#3365,.F.);
#2452=ORIENTED_EDGE('',*,*,#3498,.F.);
#2453=ORIENTED_EDGE('',*,*,#2759,.F.);
#2454=ORIENTED_EDGE('',*,*,#3497,.T.);
#2455=ORIENTED_EDGE('',*,*,#3434,.F.);
#2456=ORIENTED_EDGE('',*,*,#3499,.F.);
#2457=ORIENTED_EDGE('',*,*,#3378,.F.);
#2458=ORIENTED_EDGE('',*,*,#3498,.T.);
#2459=ORIENTED_EDGE('',*,*,#3364,.F.);
#2460=ORIENTED_EDGE('',*,*,#3500,.F.);
#2461=ORIENTED_EDGE('',*,*,#3442,.F.);
#2462=ORIENTED_EDGE('',*,*,#3499,.T.);
#2463=ORIENTED_EDGE('',*,*,#2702,.F.);
#2464=ORIENTED_EDGE('',*,*,#3501,.F.);
#2465=ORIENTED_EDGE('',*,*,#3379,.F.);
#2466=ORIENTED_EDGE('',*,*,#3500,.T.);
#2467=ORIENTED_EDGE('',*,*,#3363,.F.);
#2468=ORIENTED_EDGE('',*,*,#3502,.F.);
#2469=ORIENTED_EDGE('',*,*,#3440,.F.);
#2470=ORIENTED_EDGE('',*,*,#3501,.T.);
#2471=ORIENTED_EDGE('',*,*,#3427,.F.);
#2472=ORIENTED_EDGE('',*,*,#3503,.F.);
#2473=ORIENTED_EDGE('',*,*,#3380,.F.);
#2474=ORIENTED_EDGE('',*,*,#3502,.T.);
#2475=ORIENTED_EDGE('',*,*,#3362,.F.);
#2476=ORIENTED_EDGE('',*,*,#3504,.F.);
#2477=ORIENTED_EDGE('',*,*,#3437,.F.);
#2478=ORIENTED_EDGE('',*,*,#3503,.T.);
#2479=ORIENTED_EDGE('',*,*,#3430,.F.);
#2480=ORIENTED_EDGE('',*,*,#3505,.F.);
#2481=ORIENTED_EDGE('',*,*,#3381,.F.);
#2482=ORIENTED_EDGE('',*,*,#3504,.T.);
#2483=ORIENTED_EDGE('',*,*,#3361,.F.);
#2484=ORIENTED_EDGE('',*,*,#3506,.F.);
#2485=ORIENTED_EDGE('',*,*,#2709,.F.);
#2486=ORIENTED_EDGE('',*,*,#3505,.T.);
#2487=ORIENTED_EDGE('',*,*,#3432,.F.);
#2488=ORIENTED_EDGE('',*,*,#3507,.F.);
#2489=ORIENTED_EDGE('',*,*,#3382,.F.);
#2490=ORIENTED_EDGE('',*,*,#3506,.T.);
#2491=ORIENTED_EDGE('',*,*,#3360,.F.);
#2492=ORIENTED_EDGE('',*,*,#3508,.F.);
#2493=ORIENTED_EDGE('',*,*,#3444,.F.);
#2494=ORIENTED_EDGE('',*,*,#3507,.T.);
#2495=ORIENTED_EDGE('',*,*,#2763,.F.);
#2496=ORIENTED_EDGE('',*,*,#3509,.F.);
#2497=ORIENTED_EDGE('',*,*,#3383,.F.);
#2498=ORIENTED_EDGE('',*,*,#3508,.T.);
#2499=ORIENTED_EDGE('',*,*,#3359,.F.);
#2500=ORIENTED_EDGE('',*,*,#3510,.F.);
#2501=ORIENTED_EDGE('',*,*,#2747,.F.);
#2502=ORIENTED_EDGE('',*,*,#3509,.T.);
#2503=ORIENTED_EDGE('',*,*,#3414,.F.);
#2504=ORIENTED_EDGE('',*,*,#3511,.F.);
#2505=ORIENTED_EDGE('',*,*,#3384,.F.);
#2506=ORIENTED_EDGE('',*,*,#3510,.T.);
#2507=ORIENTED_EDGE('',*,*,#3358,.F.);
#2508=ORIENTED_EDGE('',*,*,#3512,.F.);
#2509=ORIENTED_EDGE('',*,*,#3472,.F.);
#2510=ORIENTED_EDGE('',*,*,#3511,.T.);
#2511=ORIENTED_EDGE('',*,*,#2688,.F.);
#2512=ORIENTED_EDGE('',*,*,#3513,.F.);
#2513=ORIENTED_EDGE('',*,*,#3385,.F.);
#2514=ORIENTED_EDGE('',*,*,#3512,.T.);
#2515=ORIENTED_EDGE('',*,*,#3357,.F.);
#2516=ORIENTED_EDGE('',*,*,#3514,.F.);
#2517=ORIENTED_EDGE('',*,*,#3470,.F.);
#2518=ORIENTED_EDGE('',*,*,#3513,.T.);
#2519=ORIENTED_EDGE('',*,*,#3407,.F.);
#2520=ORIENTED_EDGE('',*,*,#3515,.F.);
#2521=ORIENTED_EDGE('',*,*,#3386,.F.);
#2522=ORIENTED_EDGE('',*,*,#3514,.T.);
#2523=ORIENTED_EDGE('',*,*,#3356,.F.);
#2524=ORIENTED_EDGE('',*,*,#3516,.F.);
#2525=ORIENTED_EDGE('',*,*,#3467,.F.);
#2526=ORIENTED_EDGE('',*,*,#3515,.T.);
#2527=ORIENTED_EDGE('',*,*,#3410,.F.);
#2528=ORIENTED_EDGE('',*,*,#3517,.F.);
#2529=ORIENTED_EDGE('',*,*,#3387,.F.);
#2530=ORIENTED_EDGE('',*,*,#3516,.T.);
#2531=ORIENTED_EDGE('',*,*,#3355,.F.);
#2532=ORIENTED_EDGE('',*,*,#3518,.F.);
#2533=ORIENTED_EDGE('',*,*,#2730,.F.);
#2534=ORIENTED_EDGE('',*,*,#3517,.T.);
#2535=ORIENTED_EDGE('',*,*,#3412,.F.);
#2536=ORIENTED_EDGE('',*,*,#3519,.F.);
#2537=ORIENTED_EDGE('',*,*,#3388,.F.);
#2538=ORIENTED_EDGE('',*,*,#3518,.T.);
#2539=ORIENTED_EDGE('',*,*,#3354,.F.);
#2540=ORIENTED_EDGE('',*,*,#3520,.F.);
#2541=ORIENTED_EDGE('',*,*,#3474,.F.);
#2542=ORIENTED_EDGE('',*,*,#3519,.T.);
#2543=ORIENTED_EDGE('',*,*,#2771,.F.);
#2544=ORIENTED_EDGE('',*,*,#3521,.F.);
#2545=ORIENTED_EDGE('',*,*,#3389,.F.);
#2546=ORIENTED_EDGE('',*,*,#3520,.T.);
#2547=ORIENTED_EDGE('',*,*,#3353,.F.);
#2548=ORIENTED_EDGE('',*,*,#3522,.F.);
#2549=ORIENTED_EDGE('',*,*,#2751,.F.);
#2550=ORIENTED_EDGE('',*,*,#3521,.T.);
#2551=ORIENTED_EDGE('',*,*,#3484,.F.);
#2552=ORIENTED_EDGE('',*,*,#3523,.F.);
#2553=ORIENTED_EDGE('',*,*,#3390,.F.);
#2554=ORIENTED_EDGE('',*,*,#3522,.T.);
#2555=ORIENTED_EDGE('',*,*,#3352,.F.);
#2556=ORIENTED_EDGE('',*,*,#3524,.F.);
#2557=ORIENTED_EDGE('',*,*,#3462,.F.);
#2558=ORIENTED_EDGE('',*,*,#3523,.T.);
#2559=ORIENTED_EDGE('',*,*,#2737,.F.);
#2560=ORIENTED_EDGE('',*,*,#3525,.F.);
#2561=ORIENTED_EDGE('',*,*,#3391,.F.);
#2562=ORIENTED_EDGE('',*,*,#3524,.T.);
#2563=ORIENTED_EDGE('',*,*,#3351,.F.);
#2564=ORIENTED_EDGE('',*,*,#3526,.F.);
#2565=ORIENTED_EDGE('',*,*,#3460,.F.);
#2566=ORIENTED_EDGE('',*,*,#3525,.T.);
#2567=ORIENTED_EDGE('',*,*,#3477,.F.);
#2568=ORIENTED_EDGE('',*,*,#3527,.F.);
#2569=ORIENTED_EDGE('',*,*,#3392,.F.);
#2570=ORIENTED_EDGE('',*,*,#3526,.T.);
#2571=ORIENTED_EDGE('',*,*,#3350,.F.);
#2572=ORIENTED_EDGE('',*,*,#3528,.F.);
#2573=ORIENTED_EDGE('',*,*,#3457,.F.);
#2574=ORIENTED_EDGE('',*,*,#3527,.T.);
#2575=ORIENTED_EDGE('',*,*,#3480,.F.);
#2576=ORIENTED_EDGE('',*,*,#3529,.F.);
#2577=ORIENTED_EDGE('',*,*,#3393,.F.);
#2578=ORIENTED_EDGE('',*,*,#3528,.T.);
#2579=ORIENTED_EDGE('',*,*,#3349,.F.);
#2580=ORIENTED_EDGE('',*,*,#3530,.F.);
#2581=ORIENTED_EDGE('',*,*,#2723,.F.);
#2582=ORIENTED_EDGE('',*,*,#3529,.T.);
#2583=ORIENTED_EDGE('',*,*,#3482,.F.);
#2584=ORIENTED_EDGE('',*,*,#3531,.F.);
#2585=ORIENTED_EDGE('',*,*,#3346,.F.);
#2586=ORIENTED_EDGE('',*,*,#3530,.T.);
#2587=ORIENTED_EDGE('',*,*,#3348,.F.);
#2588=ORIENTED_EDGE('',*,*,#3532,.F.);
#2589=ORIENTED_EDGE('',*,*,#3464,.F.);
#2590=ORIENTED_EDGE('',*,*,#3531,.T.);
#2591=ORIENTED_EDGE('',*,*,#2743,.F.);
#2592=ORIENTED_EDGE('',*,*,#3532,.T.);
#2593=ORIENTED_EDGE('',*,*,#3347,.F.);
#2594=ORIENTED_EDGE('',*,*,#3395,.F.);
#2595=ORIENTED_EDGE('',*,*,#3394,.F.);
#2596=ORIENTED_EDGE('',*,*,#3463,.F.);
#2597=ORIENTED_EDGE('',*,*,#2741,.F.);
#2598=ORIENTED_EDGE('',*,*,#3481,.F.);
#2599=ORIENTED_EDGE('',*,*,#3478,.F.);
#2600=ORIENTED_EDGE('',*,*,#3475,.F.);
#2601=ORIENTED_EDGE('',*,*,#3533,.F.);
#2602=ORIENTED_EDGE('',*,*,#2725,.F.);
#2603=ORIENTED_EDGE('',*,*,#2719,.T.);
#2604=ORIENTED_EDGE('',*,*,#3533,.T.);
#2605=ORIENTED_EDGE('',*,*,#2735,.F.);
#2606=ORIENTED_EDGE('',*,*,#3401,.F.);
#2607=ORIENTED_EDGE('',*,*,#3534,.F.);
#2608=ORIENTED_EDGE('',*,*,#2739,.F.);
#2609=ORIENTED_EDGE('',*,*,#3483,.F.);
#2610=ORIENTED_EDGE('',*,*,#2769,.F.);
#2611=ORIENTED_EDGE('',*,*,#3411,.F.);
#2612=ORIENTED_EDGE('',*,*,#3408,.F.);
#2613=ORIENTED_EDGE('',*,*,#3405,.F.);
#2614=ORIENTED_EDGE('',*,*,#2686,.F.);
#2615=ORIENTED_EDGE('',*,*,#3402,.F.);
#2616=ORIENTED_EDGE('',*,*,#2733,.T.);
#2617=ORIENTED_EDGE('',*,*,#3534,.T.);
#2618=ORIENTED_EDGE('',*,*,#3443,.F.);
#2619=ORIENTED_EDGE('',*,*,#2745,.F.);
#2620=ORIENTED_EDGE('',*,*,#3471,.F.);
#2621=ORIENTED_EDGE('',*,*,#3468,.F.);
#2622=ORIENTED_EDGE('',*,*,#3465,.F.);
#2623=ORIENTED_EDGE('',*,*,#3535,.F.);
#2624=ORIENTED_EDGE('',*,*,#2711,.F.);
#2625=ORIENTED_EDGE('',*,*,#2705,.T.);
#2626=ORIENTED_EDGE('',*,*,#3535,.T.);
#2627=ORIENTED_EDGE('',*,*,#2728,.F.);
#2628=ORIENTED_EDGE('',*,*,#3399,.F.);
#2629=ORIENTED_EDGE('',*,*,#3536,.F.);
#2630=ORIENTED_EDGE('',*,*,#2732,.F.);
#2631=ORIENTED_EDGE('',*,*,#3473,.F.);
#2632=ORIENTED_EDGE('',*,*,#2749,.F.);
#2633=ORIENTED_EDGE('',*,*,#3461,.F.);
#2634=ORIENTED_EDGE('',*,*,#3458,.F.);
#2635=ORIENTED_EDGE('',*,*,#3455,.F.);
#2636=ORIENTED_EDGE('',*,*,#2721,.F.);
#2637=ORIENTED_EDGE('',*,*,#3400,.F.);
#2638=ORIENTED_EDGE('',*,*,#2726,.T.);
#2639=ORIENTED_EDGE('',*,*,#3536,.T.);
#2640=ORIENTED_EDGE('',*,*,#3423,.F.);
#2641=ORIENTED_EDGE('',*,*,#2753,.F.);
#2642=ORIENTED_EDGE('',*,*,#3451,.F.);
#2643=ORIENTED_EDGE('',*,*,#3448,.F.);
#2644=ORIENTED_EDGE('',*,*,#3445,.F.);
#2645=ORIENTED_EDGE('',*,*,#3537,.F.);
#2646=ORIENTED_EDGE('',*,*,#2697,.F.);
#2647=ORIENTED_EDGE('',*,*,#2691,.T.);
#2648=ORIENTED_EDGE('',*,*,#3537,.T.);
#2649=ORIENTED_EDGE('',*,*,#2714,.F.);
#2650=ORIENTED_EDGE('',*,*,#3397,.F.);
#2651=ORIENTED_EDGE('',*,*,#3538,.F.);
#2652=ORIENTED_EDGE('',*,*,#2718,.F.);
#2653=ORIENTED_EDGE('',*,*,#3453,.F.);
#2654=ORIENTED_EDGE('',*,*,#2757,.F.);
#2655=ORIENTED_EDGE('',*,*,#3441,.F.);
#2656=ORIENTED_EDGE('',*,*,#3438,.F.);
#2657=ORIENTED_EDGE('',*,*,#3435,.F.);
#2658=ORIENTED_EDGE('',*,*,#2707,.F.);
#2659=ORIENTED_EDGE('',*,*,#3398,.F.);
#2660=ORIENTED_EDGE('',*,*,#2712,.T.);
#2661=ORIENTED_EDGE('',*,*,#3538,.T.);
#2662=ORIENTED_EDGE('',*,*,#3413,.F.);
#2663=ORIENTED_EDGE('',*,*,#2761,.F.);
#2664=ORIENTED_EDGE('',*,*,#3431,.F.);
#2665=ORIENTED_EDGE('',*,*,#3428,.F.);
#2666=ORIENTED_EDGE('',*,*,#3425,.F.);
#2667=ORIENTED_EDGE('',*,*,#3539,.F.);
#2668=ORIENTED_EDGE('',*,*,#2690,.F.);
#2669=ORIENTED_EDGE('',*,*,#2684,.T.);
#2670=ORIENTED_EDGE('',*,*,#3539,.T.);
#2671=ORIENTED_EDGE('',*,*,#2700,.F.);
#2672=ORIENTED_EDGE('',*,*,#3403,.F.);
#2673=ORIENTED_EDGE('',*,*,#2693,.F.);
#2674=ORIENTED_EDGE('',*,*,#3404,.F.);
#2675=ORIENTED_EDGE('',*,*,#2698,.T.);
#2676=ORIENTED_EDGE('',*,*,#3540,.T.);
#2677=ORIENTED_EDGE('',*,*,#3540,.F.);
#2678=ORIENTED_EDGE('',*,*,#2704,.F.);
#2679=ORIENTED_EDGE('',*,*,#3433,.F.);
#2680=ORIENTED_EDGE('',*,*,#2765,.F.);
#2681=ORIENTED_EDGE('',*,*,#3421,.F.);
#2682=ORIENTED_EDGE('',*,*,#3418,.F.);
#2683=ORIENTED_EDGE('',*,*,#3415,.F.);
#2684=EDGE_CURVE('',#3541,#3542,#4046,.F.);
#2685=EDGE_CURVE('',#3541,#3543,#837,.F.);
#2686=EDGE_CURVE('',#3543,#3544,#4047,.T.);
#2687=EDGE_CURVE('',#3544,#3545,#4048,.T.);
#2688=EDGE_CURVE('',#3545,#3546,#838,.T.);
#2689=EDGE_CURVE('',#3547,#3546,#4049,.T.);
#2690=EDGE_CURVE('',#3547,#3542,#839,.F.);
#2691=EDGE_CURVE('',#3548,#3549,#4050,.F.);
#2692=EDGE_CURVE('',#3548,#3550,#840,.F.);
#2693=EDGE_CURVE('',#3550,#3551,#4051,.T.);
#2694=EDGE_CURVE('',#3551,#3552,#4052,.T.);
#2695=EDGE_CURVE('',#3552,#3553,#841,.T.);
#2696=EDGE_CURVE('',#3554,#3553,#4053,.T.);
#2697=EDGE_CURVE('',#3554,#3549,#842,.F.);
#2698=EDGE_CURVE('',#3555,#3556,#4054,.F.);
#2699=EDGE_CURVE('',#3555,#3557,#843,.F.);
#2700=EDGE_CURVE('',#3557,#3558,#4055,.T.);
#2701=EDGE_CURVE('',#3558,#3559,#4056,.T.);
#2702=EDGE_CURVE('',#3559,#3560,#844,.T.);
#2703=EDGE_CURVE('',#3561,#3560,#4057,.T.);
#2704=EDGE_CURVE('',#3561,#3556,#845,.F.);
#2705=EDGE_CURVE('',#3562,#3563,#4058,.F.);
#2706=EDGE_CURVE('',#3562,#3564,#846,.F.);
#2707=EDGE_CURVE('',#3564,#3565,#4059,.T.);
#2708=EDGE_CURVE('',#3565,#3566,#4060,.T.);
#2709=EDGE_CURVE('',#3566,#3567,#847,.T.);
#2710=EDGE_CURVE('',#3568,#3567,#4061,.T.);
#2711=EDGE_CURVE('',#3568,#3563,#848,.F.);
#2712=EDGE_CURVE('',#3569,#3570,#4062,.F.);
#2713=EDGE_CURVE('',#3569,#3571,#849,.F.);
#2714=EDGE_CURVE('',#3571,#3572,#4063,.T.);
#2715=EDGE_CURVE('',#3572,#3573,#4064,.T.);
#2716=EDGE_CURVE('',#3573,#3574,#850,.T.);
#2717=EDGE_CURVE('',#3575,#3574,#4065,.T.);
#2718=EDGE_CURVE('',#3575,#3570,#851,.F.);
#2719=EDGE_CURVE('',#3576,#3577,#4066,.F.);
#2720=EDGE_CURVE('',#3576,#3578,#852,.F.);
#2721=EDGE_CURVE('',#3578,#3579,#4067,.T.);
#2722=EDGE_CURVE('',#3579,#3580,#4068,.T.);
#2723=EDGE_CURVE('',#3580,#3581,#853,.T.);
#2724=EDGE_CURVE('',#3582,#3581,#4069,.T.);
#2725=EDGE_CURVE('',#3582,#3577,#854,.F.);
#2726=EDGE_CURVE('',#3583,#3584,#4070,.F.);
#2727=EDGE_CURVE('',#3583,#3585,#855,.F.);
#2728=EDGE_CURVE('',#3585,#3586,#4071,.T.);
#2729=EDGE_CURVE('',#3586,#3587,#4072,.T.);
#2730=EDGE_CURVE('',#3587,#3588,#856,.T.);
#2731=EDGE_CURVE('',#3589,#3588,#4073,.T.);
#2732=EDGE_CURVE('',#3589,#3584,#857,.F.);
#2733=EDGE_CURVE('',#3590,#3591,#4074,.F.);
#2734=EDGE_CURVE('',#3590,#3592,#858,.F.);
#2735=EDGE_CURVE('',#3592,#3593,#4075,.T.);
#2736=EDGE_CURVE('',#3593,#3594,#4076,.T.);
#2737=EDGE_CURVE('',#3594,#3595,#859,.T.);
#2738=EDGE_CURVE('',#3596,#3595,#4077,.T.);
#2739=EDGE_CURVE('',#3596,#3591,#860,.F.);
#2740=EDGE_CURVE('',#3597,#3598,#4078,.T.);
#2741=EDGE_CURVE('',#3597,#3599,#861,.F.);
#2742=EDGE_CURVE('',#3599,#3600,#4079,.T.);
#2743=EDGE_CURVE('',#3600,#3598,#862,.T.);
#2744=EDGE_CURVE('',#3601,#3602,#4080,.T.);
#2745=EDGE_CURVE('',#3601,#3603,#863,.F.);
#2746=EDGE_CURVE('',#3603,#3604,#4081,.T.);
#2747=EDGE_CURVE('',#3604,#3602,#864,.T.);
#2748=EDGE_CURVE('',#3605,#3606,#4082,.T.);
#2749=EDGE_CURVE('',#3605,#3607,#865,.F.);
#2750=EDGE_CURVE('',#3607,#3608,#4083,.T.);
#2751=EDGE_CURVE('',#3608,#3606,#866,.T.);
#2752=EDGE_CURVE('',#3609,#3610,#4084,.T.);
#2753=EDGE_CURVE('',#3609,#3611,#867,.F.);
#2754=EDGE_CURVE('',#3611,#3612,#4085,.T.);
#2755=EDGE_CURVE('',#3612,#3610,#868,.T.);
#2756=EDGE_CURVE('',#3613,#3614,#4086,.T.);
#2757=EDGE_CURVE('',#3613,#3615,#869,.F.);
#2758=EDGE_CURVE('',#3615,#3616,#4087,.T.);
#2759=EDGE_CURVE('',#3616,#3614,#870,.T.);
#2760=EDGE_CURVE('',#3617,#3618,#4088,.T.);
#2761=EDGE_CURVE('',#3617,#3619,#871,.F.);
#2762=EDGE_CURVE('',#3619,#3620,#4089,.T.);
#2763=EDGE_CURVE('',#3620,#3618,#872,.T.);
#2764=EDGE_CURVE('',#3621,#3622,#4090,.T.);
#2765=EDGE_CURVE('',#3621,#3623,#873,.F.);
#2766=EDGE_CURVE('',#3623,#3624,#4091,.T.);
#2767=EDGE_CURVE('',#3624,#3622,#874,.T.);
#2768=EDGE_CURVE('',#3625,#3626,#4092,.T.);
#2769=EDGE_CURVE('',#3625,#3627,#875,.F.);
#2770=EDGE_CURVE('',#3627,#3628,#4093,.T.);
#2771=EDGE_CURVE('',#3628,#3626,#876,.T.);
#2772=EDGE_CURVE('',#3629,#3630,#877,.F.);
#2773=EDGE_CURVE('',#3629,#3631,#567,.F.);
#2774=EDGE_CURVE('',#3631,#3630,#568,.T.);
#2775=EDGE_CURVE('',#3630,#3632,#101,.T.);
#2776=EDGE_CURVE('',#3631,#3633,#102,.T.);
#2777=EDGE_CURVE('',#3633,#3632,#569,.T.);
#2778=EDGE_CURVE('',#3632,#3634,#103,.T.);
#2779=EDGE_CURVE('',#3633,#3635,#104,.T.);
#2780=EDGE_CURVE('',#3636,#3635,#570,.F.);
#2781=EDGE_CURVE('',#3636,#3634,#105,.T.);
#2782=EDGE_CURVE('',#3637,#3638,#878,.F.);
#2783=EDGE_CURVE('',#3637,#3639,#571,.T.);
#2784=EDGE_CURVE('',#3639,#3638,#572,.F.);
#2785=EDGE_CURVE('',#3640,#3641,#106,.T.);
#2786=EDGE_CURVE('',#3642,#3640,#107,.T.);
#2787=EDGE_CURVE('',#3643,#3642,#573,.F.);
#2788=EDGE_CURVE('',#3643,#3644,#108,.T.);
#2789=EDGE_CURVE('',#3641,#3644,#574,.T.);
#2790=EDGE_CURVE('',#3641,#3637,#109,.T.);
#2791=EDGE_CURVE('',#3644,#3639,#110,.T.);
#2792=EDGE_CURVE('',#3645,#3646,#879,.F.);
#2793=EDGE_CURVE('',#3645,#3647,#575,.F.);
#2794=EDGE_CURVE('',#3647,#3646,#576,.T.);
#2795=EDGE_CURVE('',#3648,#3649,#111,.T.);
#2796=EDGE_CURVE('',#3650,#3648,#577,.T.);
#2797=EDGE_CURVE('',#3650,#3651,#112,.T.);
#2798=EDGE_CURVE('',#3652,#3651,#578,.F.);
#2799=EDGE_CURVE('',#3652,#3649,#113,.T.);
#2800=EDGE_CURVE('',#3646,#3648,#114,.T.);
#2801=EDGE_CURVE('',#3647,#3650,#115,.T.);
#2802=EDGE_CURVE('',#3653,#3654,#880,.F.);
#2803=EDGE_CURVE('',#3653,#3655,#579,.T.);
#2804=EDGE_CURVE('',#3655,#3654,#580,.F.);
#2805=EDGE_CURVE('',#3656,#3653,#116,.T.);
#2806=EDGE_CURVE('',#3656,#3657,#581,.T.);
#2807=EDGE_CURVE('',#3657,#3655,#117,.T.);
#2808=EDGE_CURVE('',#3658,#3656,#118,.T.);
#2809=EDGE_CURVE('',#3659,#3658,#119,.T.);
#2810=EDGE_CURVE('',#3660,#3659,#582,.F.);
#2811=EDGE_CURVE('',#3660,#3657,#120,.T.);
#2812=EDGE_CURVE('',#3661,#3662,#881,.F.);
#2813=EDGE_CURVE('',#3661,#3663,#583,.F.);
#2814=EDGE_CURVE('',#3663,#3662,#584,.T.);
#2815=EDGE_CURVE('',#3664,#3665,#882,.F.);
#2816=EDGE_CURVE('',#3664,#3666,#585,.T.);
#2817=EDGE_CURVE('',#3666,#3665,#586,.F.);
#2818=EDGE_CURVE('',#3667,#3664,#121,.T.);
#2819=EDGE_CURVE('',#3667,#3668,#587,.T.);
#2820=EDGE_CURVE('',#3668,#3666,#122,.T.);
#2821=EDGE_CURVE('',#3669,#3667,#123,.T.);
#2822=EDGE_CURVE('',#3670,#3669,#124,.T.);
#2823=EDGE_CURVE('',#3671,#3670,#588,.F.);
#2824=EDGE_CURVE('',#3671,#3668,#125,.T.);
#2825=EDGE_CURVE('',#3672,#3673,#883,.F.);
#2826=EDGE_CURVE('',#3672,#3674,#589,.F.);
#2827=EDGE_CURVE('',#3674,#3673,#590,.T.);
#2828=EDGE_CURVE('',#3675,#3676,#884,.F.);
#2829=EDGE_CURVE('',#3675,#3677,#591,.T.);
#2830=EDGE_CURVE('',#3677,#3676,#592,.F.);
#2831=EDGE_CURVE('',#3678,#3675,#126,.T.);
#2832=EDGE_CURVE('',#3678,#3679,#593,.T.);
#2833=EDGE_CURVE('',#3679,#3677,#127,.T.);
#2834=EDGE_CURVE('',#3680,#3678,#128,.T.);
#2835=EDGE_CURVE('',#3681,#3680,#129,.T.);
#2836=EDGE_CURVE('',#3682,#3681,#594,.F.);
#2837=EDGE_CURVE('',#3682,#3679,#130,.T.);
#2838=EDGE_CURVE('',#3683,#3684,#885,.F.);
#2839=EDGE_CURVE('',#3683,#3685,#595,.F.);
#2840=EDGE_CURVE('',#3685,#3684,#596,.T.);
#2841=EDGE_CURVE('',#3686,#3687,#886,.F.);
#2842=EDGE_CURVE('',#3686,#3688,#597,.T.);
#2843=EDGE_CURVE('',#3688,#3687,#598,.F.);
#2844=EDGE_CURVE('',#3689,#3686,#131,.T.);
#2845=EDGE_CURVE('',#3689,#3690,#599,.T.);
#2846=EDGE_CURVE('',#3690,#3688,#132,.T.);
#2847=EDGE_CURVE('',#3691,#3689,#133,.T.);
#2848=EDGE_CURVE('',#3692,#3691,#134,.T.);
#2849=EDGE_CURVE('',#3693,#3692,#600,.F.);
#2850=EDGE_CURVE('',#3693,#3690,#135,.T.);
#2851=EDGE_CURVE('',#3694,#3695,#887,.F.);
#2852=EDGE_CURVE('',#3694,#3696,#601,.F.);
#2853=EDGE_CURVE('',#3696,#3695,#602,.T.);
#2854=EDGE_CURVE('',#3697,#3698,#888,.F.);
#2855=EDGE_CURVE('',#3697,#3699,#603,.T.);
#2856=EDGE_CURVE('',#3699,#3698,#604,.F.);
#2857=EDGE_CURVE('',#3700,#3697,#136,.T.);
#2858=EDGE_CURVE('',#3700,#3701,#605,.T.);
#2859=EDGE_CURVE('',#3701,#3699,#137,.T.);
#2860=EDGE_CURVE('',#3702,#3700,#138,.T.);
#2861=EDGE_CURVE('',#3703,#3702,#139,.T.);
#2862=EDGE_CURVE('',#3704,#3703,#606,.F.);
#2863=EDGE_CURVE('',#3704,#3701,#140,.T.);
#2864=EDGE_CURVE('',#3705,#3706,#889,.F.);
#2865=EDGE_CURVE('',#3705,#3707,#607,.F.);
#2866=EDGE_CURVE('',#3707,#3706,#608,.T.);
#2867=EDGE_CURVE('',#3708,#3709,#890,.F.);
#2868=EDGE_CURVE('',#3708,#3710,#609,.T.);
#2869=EDGE_CURVE('',#3710,#3709,#610,.F.);
#2870=EDGE_CURVE('',#3711,#3708,#141,.T.);
#2871=EDGE_CURVE('',#3711,#3712,#611,.T.);
#2872=EDGE_CURVE('',#3712,#3710,#142,.T.);
#2873=EDGE_CURVE('',#3713,#3711,#143,.T.);
#2874=EDGE_CURVE('',#3714,#3713,#144,.T.);
#2875=EDGE_CURVE('',#3715,#3714,#612,.F.);
#2876=EDGE_CURVE('',#3715,#3712,#145,.T.);
#2877=EDGE_CURVE('',#3716,#3717,#891,.F.);
#2878=EDGE_CURVE('',#3716,#3718,#613,.F.);
#2879=EDGE_CURVE('',#3718,#3717,#614,.T.);
#2880=EDGE_CURVE('',#3719,#3720,#892,.F.);
#2881=EDGE_CURVE('',#3719,#3721,#615,.T.);
#2882=EDGE_CURVE('',#3721,#3720,#616,.F.);
#2883=EDGE_CURVE('',#3722,#3719,#146,.T.);
#2884=EDGE_CURVE('',#3722,#3723,#617,.T.);
#2885=EDGE_CURVE('',#3723,#3721,#147,.T.);
#2886=EDGE_CURVE('',#3724,#3722,#148,.T.);
#2887=EDGE_CURVE('',#3725,#3724,#149,.T.);
#2888=EDGE_CURVE('',#3726,#3725,#618,.F.);
#2889=EDGE_CURVE('',#3726,#3723,#150,.T.);
#2890=EDGE_CURVE('',#3727,#3728,#893,.F.);
#2891=EDGE_CURVE('',#3727,#3729,#619,.F.);
#2892=EDGE_CURVE('',#3729,#3728,#620,.T.);
#2893=EDGE_CURVE('',#3730,#3731,#894,.F.);
#2894=EDGE_CURVE('',#3730,#3732,#621,.T.);
#2895=EDGE_CURVE('',#3732,#3731,#622,.F.);
#2896=EDGE_CURVE('',#3733,#3730,#151,.T.);
#2897=EDGE_CURVE('',#3733,#3734,#623,.T.);
#2898=EDGE_CURVE('',#3734,#3732,#152,.T.);
#2899=EDGE_CURVE('',#3735,#3733,#153,.T.);
#2900=EDGE_CURVE('',#3736,#3735,#154,.T.);
#2901=EDGE_CURVE('',#3737,#3736,#624,.F.);
#2902=EDGE_CURVE('',#3737,#3734,#155,.T.);
#2903=EDGE_CURVE('',#3738,#3739,#895,.F.);
#2904=EDGE_CURVE('',#3738,#3740,#625,.F.);
#2905=EDGE_CURVE('',#3740,#3739,#626,.T.);
#2906=EDGE_CURVE('',#3741,#3742,#896,.F.);
#2907=EDGE_CURVE('',#3741,#3743,#627,.T.);
#2908=EDGE_CURVE('',#3743,#3742,#628,.F.);
#2909=EDGE_CURVE('',#3744,#3741,#156,.T.);
#2910=EDGE_CURVE('',#3744,#3745,#629,.T.);
#2911=EDGE_CURVE('',#3745,#3743,#157,.T.);
#2912=EDGE_CURVE('',#3746,#3744,#158,.T.);
#2913=EDGE_CURVE('',#3747,#3746,#159,.T.);
#2914=EDGE_CURVE('',#3748,#3747,#630,.F.);
#2915=EDGE_CURVE('',#3748,#3745,#160,.T.);
#2916=EDGE_CURVE('',#3749,#3750,#897,.F.);
#2917=EDGE_CURVE('',#3749,#3751,#631,.F.);
#2918=EDGE_CURVE('',#3751,#3750,#632,.T.);
#2919=EDGE_CURVE('',#3752,#3753,#898,.F.);
#2920=EDGE_CURVE('',#3752,#3754,#633,.T.);
#2921=EDGE_CURVE('',#3754,#3753,#634,.F.);
#2922=EDGE_CURVE('',#3755,#3752,#161,.T.);
#2923=EDGE_CURVE('',#3755,#3756,#635,.T.);
#2924=EDGE_CURVE('',#3756,#3754,#162,.T.);
#2925=EDGE_CURVE('',#3757,#3755,#163,.T.);
#2926=EDGE_CURVE('',#3758,#3757,#164,.T.);
#2927=EDGE_CURVE('',#3759,#3758,#636,.F.);
#2928=EDGE_CURVE('',#3759,#3756,#165,.T.);
#2929=EDGE_CURVE('',#3760,#3761,#899,.F.);
#2930=EDGE_CURVE('',#3760,#3762,#637,.F.);
#2931=EDGE_CURVE('',#3762,#3761,#638,.T.);
#2932=EDGE_CURVE('',#3763,#3764,#900,.F.);
#2933=EDGE_CURVE('',#3763,#3765,#639,.T.);
#2934=EDGE_CURVE('',#3765,#3764,#640,.F.);
#2935=EDGE_CURVE('',#3766,#3763,#166,.T.);
#2936=EDGE_CURVE('',#3766,#3767,#641,.T.);
#2937=EDGE_CURVE('',#3767,#3765,#167,.T.);
#2938=EDGE_CURVE('',#3768,#3766,#168,.T.);
#2939=EDGE_CURVE('',#3769,#3768,#169,.T.);
#2940=EDGE_CURVE('',#3770,#3769,#642,.F.);
#2941=EDGE_CURVE('',#3770,#3767,#170,.T.);
#2942=EDGE_CURVE('',#3771,#3772,#901,.F.);
#2943=EDGE_CURVE('',#3771,#3773,#643,.F.);
#2944=EDGE_CURVE('',#3773,#3772,#644,.T.);
#2945=EDGE_CURVE('',#3774,#3775,#902,.F.);
#2946=EDGE_CURVE('',#3774,#3776,#645,.T.);
#2947=EDGE_CURVE('',#3776,#3775,#646,.F.);
#2948=EDGE_CURVE('',#3777,#3774,#171,.T.);
#2949=EDGE_CURVE('',#3777,#3778,#647,.T.);
#2950=EDGE_CURVE('',#3778,#3776,#172,.T.);
#2951=EDGE_CURVE('',#3779,#3777,#173,.T.);
#2952=EDGE_CURVE('',#3780,#3779,#174,.T.);
#2953=EDGE_CURVE('',#3781,#3780,#648,.F.);
#2954=EDGE_CURVE('',#3781,#3778,#175,.T.);
#2955=EDGE_CURVE('',#3782,#3783,#903,.F.);
#2956=EDGE_CURVE('',#3782,#3784,#649,.F.);
#2957=EDGE_CURVE('',#3784,#3783,#650,.T.);
#2958=EDGE_CURVE('',#3785,#3786,#904,.F.);
#2959=EDGE_CURVE('',#3785,#3787,#651,.T.);
#2960=EDGE_CURVE('',#3787,#3786,#652,.F.);
#2961=EDGE_CURVE('',#3788,#3785,#176,.T.);
#2962=EDGE_CURVE('',#3788,#3789,#653,.T.);
#2963=EDGE_CURVE('',#3789,#3787,#177,.T.);
#2964=EDGE_CURVE('',#3790,#3788,#178,.T.);
#2965=EDGE_CURVE('',#3791,#3790,#179,.T.);
#2966=EDGE_CURVE('',#3792,#3791,#654,.F.);
#2967=EDGE_CURVE('',#3792,#3789,#180,.T.);
#2968=EDGE_CURVE('',#3793,#3794,#905,.F.);
#2969=EDGE_CURVE('',#3793,#3795,#655,.F.);
#2970=EDGE_CURVE('',#3795,#3794,#656,.T.);
#2971=EDGE_CURVE('',#3796,#3797,#906,.F.);
#2972=EDGE_CURVE('',#3796,#3798,#657,.T.);
#2973=EDGE_CURVE('',#3798,#3797,#658,.F.);
#2974=EDGE_CURVE('',#3797,#3799,#181,.T.);
#2975=EDGE_CURVE('',#3798,#3800,#182,.T.);
#2976=EDGE_CURVE('',#3799,#3800,#659,.T.);
#2977=EDGE_CURVE('',#3799,#3790,#183,.T.);
#2978=EDGE_CURVE('',#3800,#3801,#184,.T.);
#2979=EDGE_CURVE('',#3791,#3801,#660,.T.);
#2980=EDGE_CURVE('',#3802,#3803,#185,.T.);
#2981=EDGE_CURVE('',#3802,#3804,#186,.T.);
#2982=EDGE_CURVE('',#3805,#3804,#661,.T.);
#2983=EDGE_CURVE('',#3805,#3806,#187,.T.);
#2984=EDGE_CURVE('',#3806,#3803,#662,.T.);
#2985=EDGE_CURVE('',#3803,#3793,#188,.T.);
#2986=EDGE_CURVE('',#3806,#3795,#189,.T.);
#2987=EDGE_CURVE('',#3786,#3807,#190,.T.);
#2988=EDGE_CURVE('',#3807,#3789,#663,.T.);
#2989=EDGE_CURVE('',#3807,#3779,#191,.T.);
#2990=EDGE_CURVE('',#3808,#3789,#192,.T.);
#2991=EDGE_CURVE('',#3780,#3808,#664,.T.);
#2992=EDGE_CURVE('',#3809,#3810,#193,.T.);
#2993=EDGE_CURVE('',#3809,#3811,#194,.T.);
#2994=EDGE_CURVE('',#3812,#3811,#665,.T.);
#2995=EDGE_CURVE('',#3812,#3813,#195,.T.);
#2996=EDGE_CURVE('',#3813,#3810,#666,.T.);
#2997=EDGE_CURVE('',#3810,#3782,#196,.T.);
#2998=EDGE_CURVE('',#3813,#3784,#197,.T.);
#2999=EDGE_CURVE('',#3814,#3768,#198,.T.);
#3000=EDGE_CURVE('',#3814,#3778,#667,.T.);
#3001=EDGE_CURVE('',#3815,#3778,#199,.T.);
#3002=EDGE_CURVE('',#3769,#3815,#668,.T.);
#3003=EDGE_CURVE('',#3775,#3814,#200,.T.);
#3004=EDGE_CURVE('',#3816,#3817,#201,.T.);
#3005=EDGE_CURVE('',#3806,#3816,#669,.T.);
#3006=EDGE_CURVE('',#3818,#3806,#202,.T.);
#3007=EDGE_CURVE('',#3819,#3818,#670,.F.);
#3008=EDGE_CURVE('',#3819,#3817,#203,.T.);
#3009=EDGE_CURVE('',#3794,#3816,#204,.T.);
#3010=EDGE_CURVE('',#3820,#3821,#205,.T.);
#3011=EDGE_CURVE('',#3820,#3822,#206,.T.);
#3012=EDGE_CURVE('',#3823,#3822,#671,.T.);
#3013=EDGE_CURVE('',#3823,#3824,#207,.T.);
#3014=EDGE_CURVE('',#3824,#3821,#672,.T.);
#3015=EDGE_CURVE('',#3821,#3771,#208,.T.);
#3016=EDGE_CURVE('',#3824,#3773,#209,.T.);
#3017=EDGE_CURVE('',#3825,#3757,#210,.T.);
#3018=EDGE_CURVE('',#3825,#3767,#673,.T.);
#3019=EDGE_CURVE('',#3826,#3767,#211,.T.);
#3020=EDGE_CURVE('',#3758,#3826,#674,.T.);
#3021=EDGE_CURVE('',#3764,#3825,#212,.T.);
#3022=EDGE_CURVE('',#3827,#3802,#213,.T.);
#3023=EDGE_CURVE('',#3813,#3827,#675,.T.);
#3024=EDGE_CURVE('',#3828,#3813,#214,.T.);
#3025=EDGE_CURVE('',#3804,#3828,#676,.F.);
#3026=EDGE_CURVE('',#3783,#3827,#215,.T.);
#3027=EDGE_CURVE('',#3829,#3830,#216,.T.);
#3028=EDGE_CURVE('',#3829,#3831,#217,.T.);
#3029=EDGE_CURVE('',#3832,#3831,#677,.T.);
#3030=EDGE_CURVE('',#3832,#3833,#218,.T.);
#3031=EDGE_CURVE('',#3833,#3830,#678,.T.);
#3032=EDGE_CURVE('',#3830,#3760,#219,.T.);
#3033=EDGE_CURVE('',#3833,#3762,#220,.T.);
#3034=EDGE_CURVE('',#3834,#3746,#221,.T.);
#3035=EDGE_CURVE('',#3834,#3756,#679,.T.);
#3036=EDGE_CURVE('',#3835,#3756,#222,.T.);
#3037=EDGE_CURVE('',#3747,#3835,#680,.T.);
#3038=EDGE_CURVE('',#3753,#3834,#223,.T.);
#3039=EDGE_CURVE('',#3836,#3809,#224,.T.);
#3040=EDGE_CURVE('',#3824,#3836,#681,.T.);
#3041=EDGE_CURVE('',#3837,#3824,#225,.T.);
#3042=EDGE_CURVE('',#3811,#3837,#682,.F.);
#3043=EDGE_CURVE('',#3772,#3836,#226,.T.);
#3044=EDGE_CURVE('',#3838,#3839,#227,.T.);
#3045=EDGE_CURVE('',#3838,#3840,#228,.T.);
#3046=EDGE_CURVE('',#3841,#3840,#683,.T.);
#3047=EDGE_CURVE('',#3841,#3842,#229,.T.);
#3048=EDGE_CURVE('',#3842,#3839,#684,.T.);
#3049=EDGE_CURVE('',#3839,#3749,#230,.T.);
#3050=EDGE_CURVE('',#3842,#3751,#231,.T.);
#3051=EDGE_CURVE('',#3843,#3735,#232,.T.);
#3052=EDGE_CURVE('',#3843,#3745,#685,.T.);
#3053=EDGE_CURVE('',#3844,#3745,#233,.T.);
#3054=EDGE_CURVE('',#3736,#3844,#686,.T.);
#3055=EDGE_CURVE('',#3742,#3843,#234,.T.);
#3056=EDGE_CURVE('',#3845,#3820,#235,.T.);
#3057=EDGE_CURVE('',#3833,#3845,#687,.T.);
#3058=EDGE_CURVE('',#3846,#3833,#236,.T.);
#3059=EDGE_CURVE('',#3822,#3846,#688,.F.);
#3060=EDGE_CURVE('',#3761,#3845,#237,.T.);
#3061=EDGE_CURVE('',#3847,#3848,#238,.T.);
#3062=EDGE_CURVE('',#3847,#3849,#239,.T.);
#3063=EDGE_CURVE('',#3850,#3849,#689,.T.);
#3064=EDGE_CURVE('',#3850,#3851,#240,.T.);
#3065=EDGE_CURVE('',#3851,#3848,#690,.T.);
#3066=EDGE_CURVE('',#3848,#3738,#241,.T.);
#3067=EDGE_CURVE('',#3851,#3740,#242,.T.);
#3068=EDGE_CURVE('',#3852,#3724,#243,.T.);
#3069=EDGE_CURVE('',#3852,#3734,#691,.T.);
#3070=EDGE_CURVE('',#3853,#3734,#244,.T.);
#3071=EDGE_CURVE('',#3725,#3853,#692,.T.);
#3072=EDGE_CURVE('',#3731,#3852,#245,.T.);
#3073=EDGE_CURVE('',#3854,#3829,#246,.T.);
#3074=EDGE_CURVE('',#3842,#3854,#693,.T.);
#3075=EDGE_CURVE('',#3855,#3842,#247,.T.);
#3076=EDGE_CURVE('',#3831,#3855,#694,.F.);
#3077=EDGE_CURVE('',#3750,#3854,#248,.T.);
#3078=EDGE_CURVE('',#3856,#3857,#249,.T.);
#3079=EDGE_CURVE('',#3856,#3858,#250,.T.);
#3080=EDGE_CURVE('',#3859,#3858,#695,.T.);
#3081=EDGE_CURVE('',#3859,#3860,#251,.T.);
#3082=EDGE_CURVE('',#3860,#3857,#696,.T.);
#3083=EDGE_CURVE('',#3857,#3727,#252,.T.);
#3084=EDGE_CURVE('',#3860,#3729,#253,.T.);
#3085=EDGE_CURVE('',#3861,#3713,#254,.T.);
#3086=EDGE_CURVE('',#3861,#3723,#697,.T.);
#3087=EDGE_CURVE('',#3862,#3723,#255,.T.);
#3088=EDGE_CURVE('',#3714,#3862,#698,.T.);
#3089=EDGE_CURVE('',#3720,#3861,#256,.T.);
#3090=EDGE_CURVE('',#3863,#3838,#257,.T.);
#3091=EDGE_CURVE('',#3851,#3863,#699,.T.);
#3092=EDGE_CURVE('',#3864,#3851,#258,.T.);
#3093=EDGE_CURVE('',#3840,#3864,#700,.F.);
#3094=EDGE_CURVE('',#3739,#3863,#259,.T.);
#3095=EDGE_CURVE('',#3865,#3866,#260,.T.);
#3096=EDGE_CURVE('',#3865,#3867,#261,.T.);
#3097=EDGE_CURVE('',#3868,#3867,#701,.T.);
#3098=EDGE_CURVE('',#3868,#3869,#262,.T.);
#3099=EDGE_CURVE('',#3869,#3866,#702,.T.);
#3100=EDGE_CURVE('',#3866,#3716,#263,.T.);
#3101=EDGE_CURVE('',#3869,#3718,#264,.T.);
#3102=EDGE_CURVE('',#3870,#3702,#265,.T.);
#3103=EDGE_CURVE('',#3870,#3712,#703,.T.);
#3104=EDGE_CURVE('',#3871,#3712,#266,.T.);
#3105=EDGE_CURVE('',#3703,#3871,#704,.T.);
#3106=EDGE_CURVE('',#3709,#3870,#267,.T.);
#3107=EDGE_CURVE('',#3872,#3847,#268,.T.);
#3108=EDGE_CURVE('',#3860,#3872,#705,.T.);
#3109=EDGE_CURVE('',#3873,#3860,#269,.T.);
#3110=EDGE_CURVE('',#3849,#3873,#706,.F.);
#3111=EDGE_CURVE('',#3728,#3872,#270,.T.);
#3112=EDGE_CURVE('',#3874,#3875,#271,.T.);
#3113=EDGE_CURVE('',#3874,#3876,#272,.T.);
#3114=EDGE_CURVE('',#3877,#3876,#707,.T.);
#3115=EDGE_CURVE('',#3877,#3878,#273,.T.);
#3116=EDGE_CURVE('',#3878,#3875,#708,.T.);
#3117=EDGE_CURVE('',#3875,#3705,#274,.T.);
#3118=EDGE_CURVE('',#3878,#3707,#275,.T.);
#3119=EDGE_CURVE('',#3879,#3691,#276,.T.);
#3120=EDGE_CURVE('',#3879,#3701,#709,.T.);
#3121=EDGE_CURVE('',#3880,#3701,#277,.T.);
#3122=EDGE_CURVE('',#3692,#3880,#710,.T.);
#3123=EDGE_CURVE('',#3698,#3879,#278,.T.);
#3124=EDGE_CURVE('',#3881,#3856,#279,.T.);
#3125=EDGE_CURVE('',#3869,#3881,#711,.T.);
#3126=EDGE_CURVE('',#3882,#3869,#280,.T.);
#3127=EDGE_CURVE('',#3858,#3882,#712,.F.);
#3128=EDGE_CURVE('',#3717,#3881,#281,.T.);
#3129=EDGE_CURVE('',#3883,#3884,#282,.T.);
#3130=EDGE_CURVE('',#3883,#3885,#283,.T.);
#3131=EDGE_CURVE('',#3886,#3885,#713,.T.);
#3132=EDGE_CURVE('',#3886,#3887,#284,.T.);
#3133=EDGE_CURVE('',#3887,#3884,#714,.T.);
#3134=EDGE_CURVE('',#3884,#3694,#285,.T.);
#3135=EDGE_CURVE('',#3887,#3696,#286,.T.);
#3136=EDGE_CURVE('',#3888,#3680,#287,.T.);
#3137=EDGE_CURVE('',#3888,#3690,#715,.T.);
#3138=EDGE_CURVE('',#3889,#3690,#288,.T.);
#3139=EDGE_CURVE('',#3681,#3889,#716,.T.);
#3140=EDGE_CURVE('',#3687,#3888,#289,.T.);
#3141=EDGE_CURVE('',#3890,#3865,#290,.T.);
#3142=EDGE_CURVE('',#3878,#3890,#717,.T.);
#3143=EDGE_CURVE('',#3891,#3878,#291,.T.);
#3144=EDGE_CURVE('',#3867,#3891,#718,.F.);
#3145=EDGE_CURVE('',#3706,#3890,#292,.T.);
#3146=EDGE_CURVE('',#3892,#3893,#293,.T.);
#3147=EDGE_CURVE('',#3892,#3894,#294,.T.);
#3148=EDGE_CURVE('',#3895,#3894,#719,.T.);
#3149=EDGE_CURVE('',#3895,#3896,#295,.T.);
#3150=EDGE_CURVE('',#3896,#3893,#720,.T.);
#3151=EDGE_CURVE('',#3893,#3683,#296,.T.);
#3152=EDGE_CURVE('',#3896,#3685,#297,.T.);
#3153=EDGE_CURVE('',#3897,#3669,#298,.T.);
#3154=EDGE_CURVE('',#3897,#3679,#721,.T.);
#3155=EDGE_CURVE('',#3898,#3679,#299,.T.);
#3156=EDGE_CURVE('',#3670,#3898,#722,.T.);
#3157=EDGE_CURVE('',#3676,#3897,#300,.T.);
#3158=EDGE_CURVE('',#3899,#3874,#301,.T.);
#3159=EDGE_CURVE('',#3887,#3899,#723,.T.);
#3160=EDGE_CURVE('',#3900,#3887,#302,.T.);
#3161=EDGE_CURVE('',#3876,#3900,#724,.F.);
#3162=EDGE_CURVE('',#3695,#3899,#303,.T.);
#3163=EDGE_CURVE('',#3901,#3902,#304,.T.);
#3164=EDGE_CURVE('',#3901,#3903,#305,.T.);
#3165=EDGE_CURVE('',#3904,#3903,#725,.T.);
#3166=EDGE_CURVE('',#3904,#3905,#306,.T.);
#3167=EDGE_CURVE('',#3905,#3902,#726,.T.);
#3168=EDGE_CURVE('',#3902,#3672,#307,.T.);
#3169=EDGE_CURVE('',#3905,#3674,#308,.T.);
#3170=EDGE_CURVE('',#3906,#3658,#309,.T.);
#3171=EDGE_CURVE('',#3906,#3668,#727,.T.);
#3172=EDGE_CURVE('',#3907,#3668,#310,.T.);
#3173=EDGE_CURVE('',#3659,#3907,#728,.T.);
#3174=EDGE_CURVE('',#3665,#3906,#311,.T.);
#3175=EDGE_CURVE('',#3908,#3883,#312,.T.);
#3176=EDGE_CURVE('',#3896,#3908,#729,.T.);
#3177=EDGE_CURVE('',#3909,#3896,#313,.T.);
#3178=EDGE_CURVE('',#3885,#3909,#730,.F.);
#3179=EDGE_CURVE('',#3684,#3908,#314,.T.);
#3180=EDGE_CURVE('',#3649,#3910,#315,.T.);
#3181=EDGE_CURVE('',#3911,#3652,#731,.T.);
#3182=EDGE_CURVE('',#3911,#3912,#316,.T.);
#3183=EDGE_CURVE('',#3912,#3910,#732,.T.);
#3184=EDGE_CURVE('',#3910,#3661,#317,.T.);
#3185=EDGE_CURVE('',#3912,#3663,#318,.T.);
#3186=EDGE_CURVE('',#3913,#3640,#319,.T.);
#3187=EDGE_CURVE('',#3913,#3657,#733,.T.);
#3188=EDGE_CURVE('',#3914,#3657,#320,.T.);
#3189=EDGE_CURVE('',#3642,#3914,#734,.T.);
#3190=EDGE_CURVE('',#3654,#3913,#321,.T.);
#3191=EDGE_CURVE('',#3915,#3892,#322,.T.);
#3192=EDGE_CURVE('',#3905,#3915,#735,.T.);
#3193=EDGE_CURVE('',#3916,#3905,#323,.T.);
#3194=EDGE_CURVE('',#3894,#3916,#736,.F.);
#3195=EDGE_CURVE('',#3673,#3915,#324,.T.);
#3196=EDGE_CURVE('',#3634,#3917,#325,.T.);
#3197=EDGE_CURVE('',#3918,#3636,#737,.T.);
#3198=EDGE_CURVE('',#3650,#3918,#326,.T.);
#3199=EDGE_CURVE('',#3650,#3917,#738,.T.);
#3200=EDGE_CURVE('',#3917,#3645,#327,.T.);
#3201=EDGE_CURVE('',#3919,#3920,#328,.T.);
#3202=EDGE_CURVE('',#3919,#3644,#739,.T.);
#3203=EDGE_CURVE('',#3921,#3644,#329,.T.);
#3204=EDGE_CURVE('',#3922,#3921,#740,.T.);
#3205=EDGE_CURVE('',#3922,#3920,#330,.T.);
#3206=EDGE_CURVE('',#3638,#3919,#331,.T.);
#3207=EDGE_CURVE('',#3923,#3901,#332,.T.);
#3208=EDGE_CURVE('',#3912,#3923,#741,.T.);
#3209=EDGE_CURVE('',#3924,#3912,#333,.T.);
#3210=EDGE_CURVE('',#3903,#3924,#742,.F.);
#3211=EDGE_CURVE('',#3662,#3923,#334,.T.);
#3212=EDGE_CURVE('',#3920,#3925,#335,.T.);
#3213=EDGE_CURVE('',#3926,#3922,#743,.F.);
#3214=EDGE_CURVE('',#3800,#3926,#336,.T.);
#3215=EDGE_CURVE('',#3925,#3800,#744,.T.);
#3216=EDGE_CURVE('',#3925,#3796,#337,.T.);
#3217=EDGE_CURVE('',#3817,#3927,#338,.T.);
#3218=EDGE_CURVE('',#3928,#3819,#745,.T.);
#3219=EDGE_CURVE('',#3633,#3928,#339,.T.);
#3220=EDGE_CURVE('',#3633,#3927,#746,.T.);
#3221=EDGE_CURVE('',#3927,#3629,#340,.T.);
#3222=EDGE_CURVE('',#3635,#3929,#747,.F.);
#3223=EDGE_CURVE('',#3929,#3918,#748,.T.);
#3224=EDGE_CURVE('',#3930,#3926,#749,.F.);
#3225=EDGE_CURVE('',#3921,#3930,#750,.T.);
#3226=EDGE_CURVE('',#3800,#3650,#751,.T.);
#3227=EDGE_CURVE('',#3930,#3650,#341,.T.);
#3228=EDGE_CURVE('',#3929,#3800,#342,.T.);
#3229=EDGE_CURVE('',#3914,#3931,#752,.T.);
#3230=EDGE_CURVE('',#3931,#3643,#753,.F.);
#3231=EDGE_CURVE('',#3924,#3932,#754,.F.);
#3232=EDGE_CURVE('',#3932,#3904,#755,.T.);
#3233=EDGE_CURVE('',#3657,#3912,#756,.T.);
#3234=EDGE_CURVE('',#3912,#3931,#343,.T.);
#3235=EDGE_CURVE('',#3657,#3932,#344,.T.);
#3236=EDGE_CURVE('',#3651,#3933,#757,.F.);
#3237=EDGE_CURVE('',#3933,#3911,#758,.T.);
#3238=EDGE_CURVE('',#3907,#3934,#759,.T.);
#3239=EDGE_CURVE('',#3934,#3660,#760,.F.);
#3240=EDGE_CURVE('',#3916,#3935,#761,.F.);
#3241=EDGE_CURVE('',#3935,#3895,#762,.T.);
#3242=EDGE_CURVE('',#3668,#3905,#763,.T.);
#3243=EDGE_CURVE('',#3905,#3934,#345,.T.);
#3244=EDGE_CURVE('',#3668,#3935,#346,.T.);
#3245=EDGE_CURVE('',#3898,#3936,#764,.T.);
#3246=EDGE_CURVE('',#3936,#3671,#765,.F.);
#3247=EDGE_CURVE('',#3909,#3937,#766,.F.);
#3248=EDGE_CURVE('',#3937,#3886,#767,.T.);
#3249=EDGE_CURVE('',#3679,#3896,#768,.T.);
#3250=EDGE_CURVE('',#3896,#3936,#347,.T.);
#3251=EDGE_CURVE('',#3679,#3937,#348,.T.);
#3252=EDGE_CURVE('',#3889,#3938,#769,.T.);
#3253=EDGE_CURVE('',#3938,#3682,#770,.F.);
#3254=EDGE_CURVE('',#3900,#3939,#771,.F.);
#3255=EDGE_CURVE('',#3939,#3877,#772,.T.);
#3256=EDGE_CURVE('',#3690,#3887,#773,.T.);
#3257=EDGE_CURVE('',#3887,#3938,#349,.T.);
#3258=EDGE_CURVE('',#3690,#3939,#350,.T.);
#3259=EDGE_CURVE('',#3880,#3940,#774,.T.);
#3260=EDGE_CURVE('',#3940,#3693,#775,.F.);
#3261=EDGE_CURVE('',#3891,#3941,#776,.F.);
#3262=EDGE_CURVE('',#3941,#3868,#777,.T.);
#3263=EDGE_CURVE('',#3701,#3878,#778,.T.);
#3264=EDGE_CURVE('',#3878,#3940,#351,.T.);
#3265=EDGE_CURVE('',#3701,#3941,#352,.T.);
#3266=EDGE_CURVE('',#3871,#3942,#779,.T.);
#3267=EDGE_CURVE('',#3942,#3704,#780,.F.);
#3268=EDGE_CURVE('',#3882,#3943,#781,.F.);
#3269=EDGE_CURVE('',#3943,#3859,#782,.T.);
#3270=EDGE_CURVE('',#3712,#3869,#783,.T.);
#3271=EDGE_CURVE('',#3869,#3942,#353,.T.);
#3272=EDGE_CURVE('',#3712,#3943,#354,.T.);
#3273=EDGE_CURVE('',#3862,#3944,#784,.T.);
#3274=EDGE_CURVE('',#3944,#3715,#785,.F.);
#3275=EDGE_CURVE('',#3873,#3945,#786,.F.);
#3276=EDGE_CURVE('',#3945,#3850,#787,.T.);
#3277=EDGE_CURVE('',#3723,#3860,#788,.T.);
#3278=EDGE_CURVE('',#3860,#3944,#355,.T.);
#3279=EDGE_CURVE('',#3723,#3945,#356,.T.);
#3280=EDGE_CURVE('',#3853,#3946,#789,.T.);
#3281=EDGE_CURVE('',#3946,#3726,#790,.F.);
#3282=EDGE_CURVE('',#3864,#3947,#791,.F.);
#3283=EDGE_CURVE('',#3947,#3841,#792,.T.);
#3284=EDGE_CURVE('',#3734,#3851,#793,.T.);
#3285=EDGE_CURVE('',#3851,#3946,#357,.T.);
#3286=EDGE_CURVE('',#3734,#3947,#358,.T.);
#3287=EDGE_CURVE('',#3844,#3948,#794,.T.);
#3288=EDGE_CURVE('',#3948,#3737,#795,.F.);
#3289=EDGE_CURVE('',#3855,#3949,#796,.F.);
#3290=EDGE_CURVE('',#3949,#3832,#797,.T.);
#3291=EDGE_CURVE('',#3745,#3842,#798,.T.);
#3292=EDGE_CURVE('',#3842,#3948,#359,.T.);
#3293=EDGE_CURVE('',#3745,#3949,#360,.T.);
#3294=EDGE_CURVE('',#3835,#3950,#799,.T.);
#3295=EDGE_CURVE('',#3950,#3748,#800,.F.);
#3296=EDGE_CURVE('',#3846,#3951,#801,.F.);
#3297=EDGE_CURVE('',#3951,#3823,#802,.T.);
#3298=EDGE_CURVE('',#3756,#3833,#803,.T.);
#3299=EDGE_CURVE('',#3833,#3950,#361,.T.);
#3300=EDGE_CURVE('',#3756,#3951,#362,.T.);
#3301=EDGE_CURVE('',#3826,#3952,#804,.T.);
#3302=EDGE_CURVE('',#3952,#3759,#805,.F.);
#3303=EDGE_CURVE('',#3837,#3953,#806,.F.);
#3304=EDGE_CURVE('',#3953,#3812,#807,.T.);
#3305=EDGE_CURVE('',#3767,#3824,#808,.T.);
#3306=EDGE_CURVE('',#3824,#3952,#363,.T.);
#3307=EDGE_CURVE('',#3767,#3953,#364,.T.);
#3308=EDGE_CURVE('',#3815,#3954,#809,.T.);
#3309=EDGE_CURVE('',#3954,#3770,#810,.F.);
#3310=EDGE_CURVE('',#3828,#3955,#811,.F.);
#3311=EDGE_CURVE('',#3955,#3805,#812,.T.);
#3312=EDGE_CURVE('',#3778,#3813,#813,.T.);
#3313=EDGE_CURVE('',#3813,#3954,#365,.T.);
#3314=EDGE_CURVE('',#3778,#3955,#366,.T.);
#3315=EDGE_CURVE('',#3808,#3956,#814,.T.);
#3316=EDGE_CURVE('',#3956,#3781,#815,.F.);
#3317=EDGE_CURVE('',#3957,#3928,#816,.T.);
#3318=EDGE_CURVE('',#3818,#3957,#817,.F.);
#3319=EDGE_CURVE('',#3789,#3806,#818,.T.);
#3320=EDGE_CURVE('',#3806,#3956,#367,.T.);
#3321=EDGE_CURVE('',#3789,#3957,#368,.T.);
#3322=EDGE_CURVE('',#3801,#3958,#819,.T.);
#3323=EDGE_CURVE('',#3958,#3792,#820,.F.);
#3324=EDGE_CURVE('',#3789,#3633,#821,.T.);
#3325=EDGE_CURVE('',#3958,#3633,#369,.T.);
#3326=EDGE_CURVE('',#3778,#3806,#822,.T.);
#3327=EDGE_CURVE('',#3767,#3813,#823,.T.);
#3328=EDGE_CURVE('',#3756,#3824,#824,.T.);
#3329=EDGE_CURVE('',#3745,#3833,#825,.T.);
#3330=EDGE_CURVE('',#3734,#3842,#826,.T.);
#3331=EDGE_CURVE('',#3723,#3851,#827,.T.);
#3332=EDGE_CURVE('',#3712,#3860,#828,.T.);
#3333=EDGE_CURVE('',#3701,#3869,#829,.T.);
#3334=EDGE_CURVE('',#3690,#3878,#830,.T.);
#3335=EDGE_CURVE('',#3679,#3887,#831,.T.);
#3336=EDGE_CURVE('',#3668,#3896,#832,.T.);
#3337=EDGE_CURVE('',#3657,#3905,#833,.T.);
#3338=EDGE_CURVE('',#3644,#3650,#834,.T.);
#3339=EDGE_CURVE('',#3644,#3933,#370,.T.);
#3340=EDGE_CURVE('',#3644,#3912,#835,.T.);
#3341=EDGE_CURVE('',#3800,#3633,#836,.T.);
#3342=EDGE_CURVE('',#3959,#3959,#907,.T.);
#3343=EDGE_CURVE('',#3960,#3960,#908,.T.);
#3344=EDGE_CURVE('',#3961,#3961,#909,.T.);
#3345=EDGE_CURVE('',#3962,#3962,#910,.T.);
#3346=EDGE_CURVE('',#3963,#3964,#4094,.T.);
#3347=EDGE_CURVE('',#3964,#3965,#911,.F.);
#3348=EDGE_CURVE('',#3965,#3966,#4095,.T.);
#3349=EDGE_CURVE('',#3966,#3967,#912,.F.);
#3350=EDGE_CURVE('',#3967,#3968,#4096,.T.);
#3351=EDGE_CURVE('',#3968,#3969,#913,.F.);
#3352=EDGE_CURVE('',#3969,#3970,#4097,.T.);
#3353=EDGE_CURVE('',#3970,#3971,#914,.F.);
#3354=EDGE_CURVE('',#3971,#3972,#4098,.T.);
#3355=EDGE_CURVE('',#3972,#3973,#915,.F.);
#3356=EDGE_CURVE('',#3973,#3974,#4099,.T.);
#3357=EDGE_CURVE('',#3974,#3975,#916,.F.);
#3358=EDGE_CURVE('',#3975,#3976,#4100,.T.);
#3359=EDGE_CURVE('',#3976,#3977,#917,.F.);
#3360=EDGE_CURVE('',#3977,#3978,#4101,.T.);
#3361=EDGE_CURVE('',#3978,#3979,#918,.F.);
#3362=EDGE_CURVE('',#3979,#3980,#4102,.T.);
#3363=EDGE_CURVE('',#3980,#3981,#919,.F.);
#3364=EDGE_CURVE('',#3981,#3982,#4103,.T.);
#3365=EDGE_CURVE('',#3982,#3983,#920,.F.);
#3366=EDGE_CURVE('',#3983,#3984,#4104,.T.);
#3367=EDGE_CURVE('',#3984,#3985,#921,.F.);
#3368=EDGE_CURVE('',#3985,#3986,#4105,.T.);
#3369=EDGE_CURVE('',#3986,#3987,#922,.F.);
#3370=EDGE_CURVE('',#3987,#3988,#4106,.T.);
#3371=EDGE_CURVE('',#3988,#3989,#923,.F.);
#3372=EDGE_CURVE('',#3989,#3990,#4107,.T.);
#3373=EDGE_CURVE('',#3990,#3991,#924,.F.);
#3374=EDGE_CURVE('',#3991,#3992,#4108,.T.);
#3375=EDGE_CURVE('',#3992,#3993,#925,.F.);
#3376=EDGE_CURVE('',#3993,#3994,#4109,.T.);
#3377=EDGE_CURVE('',#3994,#3995,#926,.F.);
#3378=EDGE_CURVE('',#3995,#3996,#4110,.T.);
#3379=EDGE_CURVE('',#3996,#3997,#927,.F.);
#3380=EDGE_CURVE('',#3997,#3998,#4111,.T.);
#3381=EDGE_CURVE('',#3998,#3999,#928,.F.);
#3382=EDGE_CURVE('',#3999,#4000,#4112,.T.);
#3383=EDGE_CURVE('',#4000,#4001,#929,.F.);
#3384=EDGE_CURVE('',#4001,#4002,#4113,.T.);
#3385=EDGE_CURVE('',#4002,#4003,#930,.F.);
#3386=EDGE_CURVE('',#4003,#4004,#4114,.T.);
#3387=EDGE_CURVE('',#4004,#4005,#931,.F.);
#3388=EDGE_CURVE('',#4005,#4006,#4115,.T.);
#3389=EDGE_CURVE('',#4006,#4007,#932,.F.);
#3390=EDGE_CURVE('',#4007,#4008,#4116,.T.);
#3391=EDGE_CURVE('',#4008,#4009,#933,.F.);
#3392=EDGE_CURVE('',#4009,#4010,#4117,.T.);
#3393=EDGE_CURVE('',#4010,#3963,#934,.F.);
#3394=EDGE_CURVE('',#4011,#4011,#935,.T.);
#3395=EDGE_CURVE('',#4012,#4012,#936,.F.);
#3396=EDGE_CURVE('',#4013,#4013,#937,.F.);
#3397=EDGE_CURVE('',#3548,#3571,#938,.T.);
#3398=EDGE_CURVE('',#3569,#3564,#939,.T.);
#3399=EDGE_CURVE('',#3562,#3585,#940,.T.);
#3400=EDGE_CURVE('',#3583,#3578,#941,.T.);
#3401=EDGE_CURVE('',#3576,#3592,#942,.T.);
#3402=EDGE_CURVE('',#3590,#3543,#943,.T.);
#3403=EDGE_CURVE('',#3541,#3557,#944,.T.);
#3404=EDGE_CURVE('',#3555,#3550,#945,.T.);
#3405=EDGE_CURVE('',#3544,#4014,#4118,.T.);
#3406=EDGE_CURVE('',#4014,#4015,#4119,.T.);
#3407=EDGE_CURVE('',#4015,#3545,#4120,.T.);
#3408=EDGE_CURVE('',#4014,#4016,#946,.F.);
#3409=EDGE_CURVE('',#4016,#4017,#4121,.T.);
#3410=EDGE_CURVE('',#4017,#4015,#947,.T.);
#3411=EDGE_CURVE('',#4016,#3625,#4122,.T.);
#3412=EDGE_CURVE('',#3626,#4017,#4123,.T.);
#3413=EDGE_CURVE('',#3619,#3547,#4124,.T.);
#3414=EDGE_CURVE('',#3546,#3620,#4125,.T.);
#3415=EDGE_CURVE('',#3551,#4018,#4126,.T.);
#3416=EDGE_CURVE('',#4018,#4019,#4127,.T.);
#3417=EDGE_CURVE('',#4019,#3552,#4128,.T.);
#3418=EDGE_CURVE('',#4018,#4020,#948,.F.);
#3419=EDGE_CURVE('',#4020,#4021,#4129,.T.);
#3420=EDGE_CURVE('',#4021,#4019,#949,.T.);
#3421=EDGE_CURVE('',#4020,#3621,#4130,.T.);
#3422=EDGE_CURVE('',#3622,#4021,#4131,.T.);
#3423=EDGE_CURVE('',#3611,#3554,#4132,.T.);
#3424=EDGE_CURVE('',#3553,#3612,#4133,.T.);
#3425=EDGE_CURVE('',#3558,#4022,#4134,.T.);
#3426=EDGE_CURVE('',#4022,#4023,#4135,.T.);
#3427=EDGE_CURVE('',#4023,#3559,#4136,.T.);
#3428=EDGE_CURVE('',#4022,#4024,#950,.F.);
#3429=EDGE_CURVE('',#4024,#4025,#4137,.T.);
#3430=EDGE_CURVE('',#4025,#4023,#951,.T.);
#3431=EDGE_CURVE('',#4024,#3617,#4138,.T.);
#3432=EDGE_CURVE('',#3618,#4025,#4139,.T.);
#3433=EDGE_CURVE('',#3623,#3561,#4140,.T.);
#3434=EDGE_CURVE('',#3560,#3624,#4141,.T.);
#3435=EDGE_CURVE('',#3565,#4026,#4142,.T.);
#3436=EDGE_CURVE('',#4026,#4027,#4143,.T.);
#3437=EDGE_CURVE('',#4027,#3566,#4144,.T.);
#3438=EDGE_CURVE('',#4026,#4028,#952,.F.);
#3439=EDGE_CURVE('',#4028,#4029,#4145,.T.);
#3440=EDGE_CURVE('',#4029,#4027,#953,.T.);
#3441=EDGE_CURVE('',#4028,#3613,#4146,.T.);
#3442=EDGE_CURVE('',#3614,#4029,#4147,.T.);
#3443=EDGE_CURVE('',#3603,#3568,#4148,.T.);
#3444=EDGE_CURVE('',#3567,#3604,#4149,.T.);
#3445=EDGE_CURVE('',#3572,#4030,#4150,.T.);
#3446=EDGE_CURVE('',#4030,#4031,#4151,.T.);
#3447=EDGE_CURVE('',#4031,#3573,#4152,.T.);
#3448=EDGE_CURVE('',#4030,#4032,#954,.F.);
#3449=EDGE_CURVE('',#4032,#4033,#4153,.T.);
#3450=EDGE_CURVE('',#4033,#4031,#955,.T.);
#3451=EDGE_CURVE('',#4032,#3609,#4154,.T.);
#3452=EDGE_CURVE('',#3610,#4033,#4155,.T.);
#3453=EDGE_CURVE('',#3615,#3575,#4156,.T.);
#3454=EDGE_CURVE('',#3574,#3616,#4157,.T.);
#3455=EDGE_CURVE('',#3579,#4034,#4158,.T.);
#3456=EDGE_CURVE('',#4034,#4035,#4159,.T.);
#3457=EDGE_CURVE('',#4035,#3580,#4160,.T.);
#3458=EDGE_CURVE('',#4034,#4036,#956,.F.);
#3459=EDGE_CURVE('',#4036,#4037,#4161,.T.);
#3460=EDGE_CURVE('',#4037,#4035,#957,.T.);
#3461=EDGE_CURVE('',#4036,#3605,#4162,.T.);
#3462=EDGE_CURVE('',#3606,#4037,#4163,.T.);
#3463=EDGE_CURVE('',#3599,#3582,#4164,.T.);
#3464=EDGE_CURVE('',#3581,#3600,#4165,.T.);
#3465=EDGE_CURVE('',#3586,#4038,#4166,.T.);
#3466=EDGE_CURVE('',#4038,#4039,#4167,.T.);
#3467=EDGE_CURVE('',#4039,#3587,#4168,.T.);
#3468=EDGE_CURVE('',#4038,#4040,#958,.F.);
#3469=EDGE_CURVE('',#4040,#4041,#4169,.T.);
#3470=EDGE_CURVE('',#4041,#4039,#959,.T.);
#3471=EDGE_CURVE('',#4040,#3601,#4170,.T.);
#3472=EDGE_CURVE('',#3602,#4041,#4171,.T.);
#3473=EDGE_CURVE('',#3607,#3589,#4172,.T.);
#3474=EDGE_CURVE('',#3588,#3608,#4173,.T.);
#3475=EDGE_CURVE('',#3593,#4042,#4174,.T.);
#3476=EDGE_CURVE('',#4042,#4043,#4175,.T.);
#3477=EDGE_CURVE('',#4043,#3594,#4176,.T.);
#3478=EDGE_CURVE('',#4042,#4044,#960,.F.);
#3479=EDGE_CURVE('',#4044,#4045,#4177,.T.);
#3480=EDGE_CURVE('',#4045,#4043,#961,.T.);
#3481=EDGE_CURVE('',#4044,#3597,#4178,.T.);
#3482=EDGE_CURVE('',#3598,#4045,#4179,.T.);
#3483=EDGE_CURVE('',#3627,#3596,#4180,.T.);
#3484=EDGE_CURVE('',#3595,#3628,#4181,.T.);
#3485=EDGE_CURVE('',#3610,#3988,#371,.F.);
#3486=EDGE_CURVE('',#3989,#3612,#372,.T.);
#3487=EDGE_CURVE('',#3990,#3553,#4182,.T.);
#3488=EDGE_CURVE('',#4033,#3987,#4183,.T.);
#3489=EDGE_CURVE('',#3991,#3552,#4184,.T.);
#3490=EDGE_CURVE('',#4031,#3986,#4185,.T.);
#3491=EDGE_CURVE('',#3992,#4019,#4186,.T.);
#3492=EDGE_CURVE('',#3573,#3985,#4187,.T.);
#3493=EDGE_CURVE('',#3993,#4021,#4188,.T.);
#3494=EDGE_CURVE('',#3574,#3984,#4189,.T.);
#3495=EDGE_CURVE('',#3994,#3622,#373,.T.);
#3496=EDGE_CURVE('',#3616,#3983,#374,.F.);
#3497=EDGE_CURVE('',#3995,#3624,#375,.T.);
#3498=EDGE_CURVE('',#3614,#3982,#376,.F.);
#3499=EDGE_CURVE('',#3996,#3560,#4190,.T.);
#3500=EDGE_CURVE('',#4029,#3981,#4191,.T.);
#3501=EDGE_CURVE('',#3997,#3559,#4192,.T.);
#3502=EDGE_CURVE('',#4027,#3980,#4193,.T.);
#3503=EDGE_CURVE('',#3998,#4023,#4194,.T.);
#3504=EDGE_CURVE('',#3566,#3979,#4195,.T.);
#3505=EDGE_CURVE('',#3999,#4025,#4196,.T.);
#3506=EDGE_CURVE('',#3567,#3978,#4197,.T.);
#3507=EDGE_CURVE('',#4000,#3618,#377,.T.);
#3508=EDGE_CURVE('',#3604,#3977,#378,.F.);
#3509=EDGE_CURVE('',#4001,#3620,#379,.T.);
#3510=EDGE_CURVE('',#3602,#3976,#380,.F.);
#3511=EDGE_CURVE('',#4002,#3546,#4198,.T.);
#3512=EDGE_CURVE('',#4041,#3975,#4199,.T.);
#3513=EDGE_CURVE('',#4003,#3545,#4200,.T.);
#3514=EDGE_CURVE('',#4039,#3974,#4201,.T.);
#3515=EDGE_CURVE('',#4004,#4015,#4202,.T.);
#3516=EDGE_CURVE('',#3587,#3973,#4203,.T.);
#3517=EDGE_CURVE('',#4005,#4017,#4204,.T.);
#3518=EDGE_CURVE('',#3588,#3972,#4205,.T.);
#3519=EDGE_CURVE('',#4006,#3626,#381,.T.);
#3520=EDGE_CURVE('',#3608,#3971,#382,.F.);
#3521=EDGE_CURVE('',#4007,#3628,#383,.T.);
#3522=EDGE_CURVE('',#3606,#3970,#384,.F.);
#3523=EDGE_CURVE('',#4008,#3595,#4206,.T.);
#3524=EDGE_CURVE('',#4037,#3969,#4207,.T.);
#3525=EDGE_CURVE('',#4009,#3594,#4208,.T.);
#3526=EDGE_CURVE('',#4035,#3968,#4209,.T.);
#3527=EDGE_CURVE('',#4010,#4043,#4210,.T.);
#3528=EDGE_CURVE('',#3580,#3967,#4211,.T.);
#3529=EDGE_CURVE('',#3963,#4045,#4212,.T.);
#3530=EDGE_CURVE('',#3581,#3966,#4213,.T.);
#3531=EDGE_CURVE('',#3964,#3598,#385,.F.);
#3532=EDGE_CURVE('',#3600,#3965,#386,.F.);
#3533=EDGE_CURVE('',#3577,#3593,#962,.T.);
#3534=EDGE_CURVE('',#3591,#3544,#963,.T.);
#3535=EDGE_CURVE('',#3563,#3586,#964,.T.);
#3536=EDGE_CURVE('',#3584,#3579,#965,.T.);
#3537=EDGE_CURVE('',#3549,#3572,#966,.T.);
#3538=EDGE_CURVE('',#3570,#3565,#967,.T.);
#3539=EDGE_CURVE('',#3542,#3558,#968,.T.);
#3540=EDGE_CURVE('',#3556,#3551,#969,.T.);
#3541=VERTEX_POINT('',#6708);
#3542=VERTEX_POINT('',#6709);
#3543=VERTEX_POINT('',#6711);
#3544=VERTEX_POINT('',#6713);
#3545=VERTEX_POINT('',#6715);
#3546=VERTEX_POINT('',#6717);
#3547=VERTEX_POINT('',#6719);
#3548=VERTEX_POINT('',#6723);
#3549=VERTEX_POINT('',#6724);
#3550=VERTEX_POINT('',#6726);
#3551=VERTEX_POINT('',#6728);
#3552=VERTEX_POINT('',#6730);
#3553=VERTEX_POINT('',#6732);
#3554=VERTEX_POINT('',#6734);
#3555=VERTEX_POINT('',#6738);
#3556=VERTEX_POINT('',#6739);
#3557=VERTEX_POINT('',#6741);
#3558=VERTEX_POINT('',#6743);
#3559=VERTEX_POINT('',#6745);
#3560=VERTEX_POINT('',#6747);
#3561=VERTEX_POINT('',#6749);
#3562=VERTEX_POINT('',#6753);
#3563=VERTEX_POINT('',#6754);
#3564=VERTEX_POINT('',#6756);
#3565=VERTEX_POINT('',#6758);
#3566=VERTEX_POINT('',#6760);
#3567=VERTEX_POINT('',#6762);
#3568=VERTEX_POINT('',#6764);
#3569=VERTEX_POINT('',#6768);
#3570=VERTEX_POINT('',#6769);
#3571=VERTEX_POINT('',#6771);
#3572=VERTEX_POINT('',#6773);
#3573=VERTEX_POINT('',#6775);
#3574=VERTEX_POINT('',#6777);
#3575=VERTEX_POINT('',#6779);
#3576=VERTEX_POINT('',#6783);
#3577=VERTEX_POINT('',#6784);
#3578=VERTEX_POINT('',#6786);
#3579=VERTEX_POINT('',#6788);
#3580=VERTEX_POINT('',#6790);
#3581=VERTEX_POINT('',#6792);
#3582=VERTEX_POINT('',#6794);
#3583=VERTEX_POINT('',#6798);
#3584=VERTEX_POINT('',#6799);
#3585=VERTEX_POINT('',#6801);
#3586=VERTEX_POINT('',#6803);
#3587=VERTEX_POINT('',#6805);
#3588=VERTEX_POINT('',#6807);
#3589=VERTEX_POINT('',#6809);
#3590=VERTEX_POINT('',#6813);
#3591=VERTEX_POINT('',#6814);
#3592=VERTEX_POINT('',#6816);
#3593=VERTEX_POINT('',#6818);
#3594=VERTEX_POINT('',#6820);
#3595=VERTEX_POINT('',#6822);
#3596=VERTEX_POINT('',#6824);
#3597=VERTEX_POINT('',#6828);
#3598=VERTEX_POINT('',#6829);
#3599=VERTEX_POINT('',#6831);
#3600=VERTEX_POINT('',#6833);
#3601=VERTEX_POINT('',#6837);
#3602=VERTEX_POINT('',#6838);
#3603=VERTEX_POINT('',#6840);
#3604=VERTEX_POINT('',#6842);
#3605=VERTEX_POINT('',#6846);
#3606=VERTEX_POINT('',#6847);
#3607=VERTEX_POINT('',#6849);
#3608=VERTEX_POINT('',#6851);
#3609=VERTEX_POINT('',#6855);
#3610=VERTEX_POINT('',#6856);
#3611=VERTEX_POINT('',#6858);
#3612=VERTEX_POINT('',#6860);
#3613=VERTEX_POINT('',#6864);
#3614=VERTEX_POINT('',#6865);
#3615=VERTEX_POINT('',#6867);
#3616=VERTEX_POINT('',#6869);
#3617=VERTEX_POINT('',#6873);
#3618=VERTEX_POINT('',#6874);
#3619=VERTEX_POINT('',#6876);
#3620=VERTEX_POINT('',#6878);
#3621=VERTEX_POINT('',#6882);
#3622=VERTEX_POINT('',#6883);
#3623=VERTEX_POINT('',#6885);
#3624=VERTEX_POINT('',#6887);
#3625=VERTEX_POINT('',#6891);
#3626=VERTEX_POINT('',#6892);
#3627=VERTEX_POINT('',#6894);
#3628=VERTEX_POINT('',#6896);
#3629=VERTEX_POINT('',#6900);
#3630=VERTEX_POINT('',#6901);
#3631=VERTEX_POINT('',#6907);
#3632=VERTEX_POINT('',#6927);
#3633=VERTEX_POINT('',#6932);
#3634=VERTEX_POINT('',#6952);
#3635=VERTEX_POINT('',#6957);
#3636=VERTEX_POINT('',#6963);
#3637=VERTEX_POINT('',#6970);
#3638=VERTEX_POINT('',#6971);
#3639=VERTEX_POINT('',#6977);
#3640=VERTEX_POINT('',#6993);
#3641=VERTEX_POINT('',#6994);
#3642=VERTEX_POINT('',#6999);
#3643=VERTEX_POINT('',#7005);
#3644=VERTEX_POINT('',#7010);
#3645=VERTEX_POINT('',#7032);
#3646=VERTEX_POINT('',#7033);
#3647=VERTEX_POINT('',#7039);
#3648=VERTEX_POINT('',#7059);
#3649=VERTEX_POINT('',#7060);
#3650=VERTEX_POINT('',#7066);
#3651=VERTEX_POINT('',#7071);
#3652=VERTEX_POINT('',#7077);
#3653=VERTEX_POINT('',#7102);
#3654=VERTEX_POINT('',#7103);
#3655=VERTEX_POINT('',#7109);
#3656=VERTEX_POINT('',#7125);
#3657=VERTEX_POINT('',#7131);
#3658=VERTEX_POINT('',#7146);
#3659=VERTEX_POINT('',#7151);
#3660=VERTEX_POINT('',#7157);
#3661=VERTEX_POINT('',#7164);
#3662=VERTEX_POINT('',#7165);
#3663=VERTEX_POINT('',#7171);
#3664=VERTEX_POINT('',#7179);
#3665=VERTEX_POINT('',#7180);
#3666=VERTEX_POINT('',#7186);
#3667=VERTEX_POINT('',#7202);
#3668=VERTEX_POINT('',#7208);
#3669=VERTEX_POINT('',#7223);
#3670=VERTEX_POINT('',#7228);
#3671=VERTEX_POINT('',#7234);
#3672=VERTEX_POINT('',#7241);
#3673=VERTEX_POINT('',#7242);
#3674=VERTEX_POINT('',#7248);
#3675=VERTEX_POINT('',#7256);
#3676=VERTEX_POINT('',#7257);
#3677=VERTEX_POINT('',#7263);
#3678=VERTEX_POINT('',#7279);
#3679=VERTEX_POINT('',#7285);
#3680=VERTEX_POINT('',#7300);
#3681=VERTEX_POINT('',#7305);
#3682=VERTEX_POINT('',#7311);
#3683=VERTEX_POINT('',#7318);
#3684=VERTEX_POINT('',#7319);
#3685=VERTEX_POINT('',#7325);
#3686=VERTEX_POINT('',#7333);
#3687=VERTEX_POINT('',#7334);
#3688=VERTEX_POINT('',#7340);
#3689=VERTEX_POINT('',#7356);
#3690=VERTEX_POINT('',#7362);
#3691=VERTEX_POINT('',#7377);
#3692=VERTEX_POINT('',#7382);
#3693=VERTEX_POINT('',#7388);
#3694=VERTEX_POINT('',#7395);
#3695=VERTEX_POINT('',#7396);
#3696=VERTEX_POINT('',#7402);
#3697=VERTEX_POINT('',#7410);
#3698=VERTEX_POINT('',#7411);
#3699=VERTEX_POINT('',#7417);
#3700=VERTEX_POINT('',#7433);
#3701=VERTEX_POINT('',#7439);
#3702=VERTEX_POINT('',#7454);
#3703=VERTEX_POINT('',#7459);
#3704=VERTEX_POINT('',#7465);
#3705=VERTEX_POINT('',#7472);
#3706=VERTEX_POINT('',#7473);
#3707=VERTEX_POINT('',#7479);
#3708=VERTEX_POINT('',#7487);
#3709=VERTEX_POINT('',#7488);
#3710=VERTEX_POINT('',#7494);
#3711=VERTEX_POINT('',#7510);
#3712=VERTEX_POINT('',#7516);
#3713=VERTEX_POINT('',#7531);
#3714=VERTEX_POINT('',#7536);
#3715=VERTEX_POINT('',#7542);
#3716=VERTEX_POINT('',#7549);
#3717=VERTEX_POINT('',#7550);
#3718=VERTEX_POINT('',#7556);
#3719=VERTEX_POINT('',#7564);
#3720=VERTEX_POINT('',#7565);
#3721=VERTEX_POINT('',#7571);
#3722=VERTEX_POINT('',#7587);
#3723=VERTEX_POINT('',#7593);
#3724=VERTEX_POINT('',#7608);
#3725=VERTEX_POINT('',#7613);
#3726=VERTEX_POINT('',#7619);
#3727=VERTEX_POINT('',#7626);
#3728=VERTEX_POINT('',#7627);
#3729=VERTEX_POINT('',#7633);
#3730=VERTEX_POINT('',#7641);
#3731=VERTEX_POINT('',#7642);
#3732=VERTEX_POINT('',#7648);
#3733=VERTEX_POINT('',#7664);
#3734=VERTEX_POINT('',#7670);
#3735=VERTEX_POINT('',#7685);
#3736=VERTEX_POINT('',#7690);
#3737=VERTEX_POINT('',#7696);
#3738=VERTEX_POINT('',#7703);
#3739=VERTEX_POINT('',#7704);
#3740=VERTEX_POINT('',#7710);
#3741=VERTEX_POINT('',#7718);
#3742=VERTEX_POINT('',#7719);
#3743=VERTEX_POINT('',#7725);
#3744=VERTEX_POINT('',#7741);
#3745=VERTEX_POINT('',#7747);
#3746=VERTEX_POINT('',#7762);
#3747=VERTEX_POINT('',#7767);
#3748=VERTEX_POINT('',#7773);
#3749=VERTEX_POINT('',#7780);
#3750=VERTEX_POINT('',#7781);
#3751=VERTEX_POINT('',#7787);
#3752=VERTEX_POINT('',#7795);
#3753=VERTEX_POINT('',#7796);
#3754=VERTEX_POINT('',#7802);
#3755=VERTEX_POINT('',#7818);
#3756=VERTEX_POINT('',#7824);
#3757=VERTEX_POINT('',#7839);
#3758=VERTEX_POINT('',#7844);
#3759=VERTEX_POINT('',#7850);
#3760=VERTEX_POINT('',#7857);
#3761=VERTEX_POINT('',#7858);
#3762=VERTEX_POINT('',#7864);
#3763=VERTEX_POINT('',#7872);
#3764=VERTEX_POINT('',#7873);
#3765=VERTEX_POINT('',#7879);
#3766=VERTEX_POINT('',#7895);
#3767=VERTEX_POINT('',#7901);
#3768=VERTEX_POINT('',#7916);
#3769=VERTEX_POINT('',#7921);
#3770=VERTEX_POINT('',#7927);
#3771=VERTEX_POINT('',#7934);
#3772=VERTEX_POINT('',#7935);
#3773=VERTEX_POINT('',#7941);
#3774=VERTEX_POINT('',#7949);
#3775=VERTEX_POINT('',#7950);
#3776=VERTEX_POINT('',#7956);
#3777=VERTEX_POINT('',#7972);
#3778=VERTEX_POINT('',#7978);
#3779=VERTEX_POINT('',#7993);
#3780=VERTEX_POINT('',#7998);
#3781=VERTEX_POINT('',#8004);
#3782=VERTEX_POINT('',#8011);
#3783=VERTEX_POINT('',#8012);
#3784=VERTEX_POINT('',#8018);
#3785=VERTEX_POINT('',#8026);
#3786=VERTEX_POINT('',#8027);
#3787=VERTEX_POINT('',#8033);
#3788=VERTEX_POINT('',#8049);
#3789=VERTEX_POINT('',#8055);
#3790=VERTEX_POINT('',#8070);
#3791=VERTEX_POINT('',#8075);
#3792=VERTEX_POINT('',#8081);
#3793=VERTEX_POINT('',#8088);
#3794=VERTEX_POINT('',#8089);
#3795=VERTEX_POINT('',#8095);
#3796=VERTEX_POINT('',#8103);
#3797=VERTEX_POINT('',#8104);
#3798=VERTEX_POINT('',#8110);
#3799=VERTEX_POINT('',#8126);
#3800=VERTEX_POINT('',#8131);
#3801=VERTEX_POINT('',#8151);
#3802=VERTEX_POINT('',#8171);
#3803=VERTEX_POINT('',#8172);
#3804=VERTEX_POINT('',#8177);
#3805=VERTEX_POINT('',#8183);
#3806=VERTEX_POINT('',#8188);
#3807=VERTEX_POINT('',#8222);
#3808=VERTEX_POINT('',#8242);
#3809=VERTEX_POINT('',#8262);
#3810=VERTEX_POINT('',#8263);
#3811=VERTEX_POINT('',#8268);
#3812=VERTEX_POINT('',#8274);
#3813=VERTEX_POINT('',#8279);
#3814=VERTEX_POINT('',#8313);
#3815=VERTEX_POINT('',#8323);
#3816=VERTEX_POINT('',#8353);
#3817=VERTEX_POINT('',#8354);
#3818=VERTEX_POINT('',#8364);
#3819=VERTEX_POINT('',#8370);
#3820=VERTEX_POINT('',#8403);
#3821=VERTEX_POINT('',#8404);
#3822=VERTEX_POINT('',#8409);
#3823=VERTEX_POINT('',#8415);
#3824=VERTEX_POINT('',#8420);
#3825=VERTEX_POINT('',#8454);
#3826=VERTEX_POINT('',#8464);
#3827=VERTEX_POINT('',#8494);
#3828=VERTEX_POINT('',#8504);
#3829=VERTEX_POINT('',#8538);
#3830=VERTEX_POINT('',#8539);
#3831=VERTEX_POINT('',#8544);
#3832=VERTEX_POINT('',#8550);
#3833=VERTEX_POINT('',#8555);
#3834=VERTEX_POINT('',#8589);
#3835=VERTEX_POINT('',#8599);
#3836=VERTEX_POINT('',#8629);
#3837=VERTEX_POINT('',#8639);
#3838=VERTEX_POINT('',#8673);
#3839=VERTEX_POINT('',#8674);
#3840=VERTEX_POINT('',#8679);
#3841=VERTEX_POINT('',#8685);
#3842=VERTEX_POINT('',#8690);
#3843=VERTEX_POINT('',#8724);
#3844=VERTEX_POINT('',#8734);
#3845=VERTEX_POINT('',#8764);
#3846=VERTEX_POINT('',#8774);
#3847=VERTEX_POINT('',#8808);
#3848=VERTEX_POINT('',#8809);
#3849=VERTEX_POINT('',#8814);
#3850=VERTEX_POINT('',#8820);
#3851=VERTEX_POINT('',#8825);
#3852=VERTEX_POINT('',#8859);
#3853=VERTEX_POINT('',#8869);
#3854=VERTEX_POINT('',#8899);
#3855=VERTEX_POINT('',#8909);
#3856=VERTEX_POINT('',#8943);
#3857=VERTEX_POINT('',#8944);
#3858=VERTEX_POINT('',#8949);
#3859=VERTEX_POINT('',#8955);
#3860=VERTEX_POINT('',#8960);
#3861=VERTEX_POINT('',#8994);
#3862=VERTEX_POINT('',#9004);
#3863=VERTEX_POINT('',#9034);
#3864=VERTEX_POINT('',#9044);
#3865=VERTEX_POINT('',#9078);
#3866=VERTEX_POINT('',#9079);
#3867=VERTEX_POINT('',#9084);
#3868=VERTEX_POINT('',#9090);
#3869=VERTEX_POINT('',#9095);
#3870=VERTEX_POINT('',#9129);
#3871=VERTEX_POINT('',#9139);
#3872=VERTEX_POINT('',#9169);
#3873=VERTEX_POINT('',#9179);
#3874=VERTEX_POINT('',#9213);
#3875=VERTEX_POINT('',#9214);
#3876=VERTEX_POINT('',#9219);
#3877=VERTEX_POINT('',#9225);
#3878=VERTEX_POINT('',#9230);
#3879=VERTEX_POINT('',#9264);
#3880=VERTEX_POINT('',#9274);
#3881=VERTEX_POINT('',#9304);
#3882=VERTEX_POINT('',#9314);
#3883=VERTEX_POINT('',#9348);
#3884=VERTEX_POINT('',#9349);
#3885=VERTEX_POINT('',#9354);
#3886=VERTEX_POINT('',#9360);
#3887=VERTEX_POINT('',#9365);
#3888=VERTEX_POINT('',#9399);
#3889=VERTEX_POINT('',#9409);
#3890=VERTEX_POINT('',#9439);
#3891=VERTEX_POINT('',#9449);
#3892=VERTEX_POINT('',#9483);
#3893=VERTEX_POINT('',#9484);
#3894=VERTEX_POINT('',#9489);
#3895=VERTEX_POINT('',#9495);
#3896=VERTEX_POINT('',#9500);
#3897=VERTEX_POINT('',#9534);
#3898=VERTEX_POINT('',#9544);
#3899=VERTEX_POINT('',#9574);
#3900=VERTEX_POINT('',#9584);
#3901=VERTEX_POINT('',#9618);
#3902=VERTEX_POINT('',#9619);
#3903=VERTEX_POINT('',#9624);
#3904=VERTEX_POINT('',#9630);
#3905=VERTEX_POINT('',#9635);
#3906=VERTEX_POINT('',#9669);
#3907=VERTEX_POINT('',#9679);
#3908=VERTEX_POINT('',#9709);
#3909=VERTEX_POINT('',#9719);
#3910=VERTEX_POINT('',#9753);
#3911=VERTEX_POINT('',#9759);
#3912=VERTEX_POINT('',#9764);
#3913=VERTEX_POINT('',#9798);
#3914=VERTEX_POINT('',#9808);
#3915=VERTEX_POINT('',#9838);
#3916=VERTEX_POINT('',#9848);
#3917=VERTEX_POINT('',#9882);
#3918=VERTEX_POINT('',#9888);
#3919=VERTEX_POINT('',#9922);
#3920=VERTEX_POINT('',#9923);
#3921=VERTEX_POINT('',#9933);
#3922=VERTEX_POINT('',#9939);
#3923=VERTEX_POINT('',#9968);
#3924=VERTEX_POINT('',#9978);
#3925=VERTEX_POINT('',#10008);
#3926=VERTEX_POINT('',#10014);
#3927=VERTEX_POINT('',#10048);
#3928=VERTEX_POINT('',#10054);
#3929=VERTEX_POINT('',#10084);
#3930=VERTEX_POINT('',#10096);
#3931=VERTEX_POINT('',#10133);
#3932=VERTEX_POINT('',#10145);
#3933=VERTEX_POINT('',#10182);
#3934=VERTEX_POINT('',#10194);
#3935=VERTEX_POINT('',#10206);
#3936=VERTEX_POINT('',#10243);
#3937=VERTEX_POINT('',#10255);
#3938=VERTEX_POINT('',#10292);
#3939=VERTEX_POINT('',#10304);
#3940=VERTEX_POINT('',#10341);
#3941=VERTEX_POINT('',#10353);
#3942=VERTEX_POINT('',#10390);
#3943=VERTEX_POINT('',#10402);
#3944=VERTEX_POINT('',#10439);
#3945=VERTEX_POINT('',#10451);
#3946=VERTEX_POINT('',#10488);
#3947=VERTEX_POINT('',#10500);
#3948=VERTEX_POINT('',#10537);
#3949=VERTEX_POINT('',#10549);
#3950=VERTEX_POINT('',#10586);
#3951=VERTEX_POINT('',#10598);
#3952=VERTEX_POINT('',#10635);
#3953=VERTEX_POINT('',#10647);
#3954=VERTEX_POINT('',#10684);
#3955=VERTEX_POINT('',#10696);
#3956=VERTEX_POINT('',#10733);
#3957=VERTEX_POINT('',#10745);
#3958=VERTEX_POINT('',#10782);
#3959=VERTEX_POINT('',#11070);
#3960=VERTEX_POINT('',#11073);
#3961=VERTEX_POINT('',#11076);
#3962=VERTEX_POINT('',#11079);
#3963=VERTEX_POINT('',#11083);
#3964=VERTEX_POINT('',#11084);
#3965=VERTEX_POINT('',#11086);
#3966=VERTEX_POINT('',#11088);
#3967=VERTEX_POINT('',#11090);
#3968=VERTEX_POINT('',#11092);
#3969=VERTEX_POINT('',#11094);
#3970=VERTEX_POINT('',#11096);
#3971=VERTEX_POINT('',#11098);
#3972=VERTEX_POINT('',#11100);
#3973=VERTEX_POINT('',#11102);
#3974=VERTEX_POINT('',#11104);
#3975=VERTEX_POINT('',#11106);
#3976=VERTEX_POINT('',#11108);
#3977=VERTEX_POINT('',#11110);
#3978=VERTEX_POINT('',#11112);
#3979=VERTEX_POINT('',#11114);
#3980=VERTEX_POINT('',#11116);
#3981=VERTEX_POINT('',#11118);
#3982=VERTEX_POINT('',#11120);
#3983=VERTEX_POINT('',#11122);
#3984=VERTEX_POINT('',#11124);
#3985=VERTEX_POINT('',#11126);
#3986=VERTEX_POINT('',#11128);
#3987=VERTEX_POINT('',#11130);
#3988=VERTEX_POINT('',#11132);
#3989=VERTEX_POINT('',#11134);
#3990=VERTEX_POINT('',#11136);
#3991=VERTEX_POINT('',#11138);
#3992=VERTEX_POINT('',#11140);
#3993=VERTEX_POINT('',#11142);
#3994=VERTEX_POINT('',#11144);
#3995=VERTEX_POINT('',#11146);
#3996=VERTEX_POINT('',#11148);
#3997=VERTEX_POINT('',#11150);
#3998=VERTEX_POINT('',#11152);
#3999=VERTEX_POINT('',#11154);
#4000=VERTEX_POINT('',#11156);
#4001=VERTEX_POINT('',#11158);
#4002=VERTEX_POINT('',#11160);
#4003=VERTEX_POINT('',#11162);
#4004=VERTEX_POINT('',#11164);
#4005=VERTEX_POINT('',#11166);
#4006=VERTEX_POINT('',#11168);
#4007=VERTEX_POINT('',#11170);
#4008=VERTEX_POINT('',#11172);
#4009=VERTEX_POINT('',#11174);
#4010=VERTEX_POINT('',#11176);
#4011=VERTEX_POINT('',#11179);
#4012=VERTEX_POINT('',#11182);
#4013=VERTEX_POINT('',#11184);
#4014=VERTEX_POINT('',#11196);
#4015=VERTEX_POINT('',#11198);
#4016=VERTEX_POINT('',#11202);
#4017=VERTEX_POINT('',#11204);
#4018=VERTEX_POINT('',#11214);
#4019=VERTEX_POINT('',#11216);
#4020=VERTEX_POINT('',#11220);
#4021=VERTEX_POINT('',#11222);
#4022=VERTEX_POINT('',#11232);
#4023=VERTEX_POINT('',#11234);
#4024=VERTEX_POINT('',#11238);
#4025=VERTEX_POINT('',#11240);
#4026=VERTEX_POINT('',#11250);
#4027=VERTEX_POINT('',#11252);
#4028=VERTEX_POINT('',#11256);
#4029=VERTEX_POINT('',#11258);
#4030=VERTEX_POINT('',#11268);
#4031=VERTEX_POINT('',#11270);
#4032=VERTEX_POINT('',#11274);
#4033=VERTEX_POINT('',#11276);
#4034=VERTEX_POINT('',#11286);
#4035=VERTEX_POINT('',#11288);
#4036=VERTEX_POINT('',#11292);
#4037=VERTEX_POINT('',#11294);
#4038=VERTEX_POINT('',#11304);
#4039=VERTEX_POINT('',#11306);
#4040=VERTEX_POINT('',#11310);
#4041=VERTEX_POINT('',#11312);
#4042=VERTEX_POINT('',#11322);
#4043=VERTEX_POINT('',#11324);
#4044=VERTEX_POINT('',#11328);
#4045=VERTEX_POINT('',#11330);
#4046=LINE('',#6707,#4214);
#4047=LINE('',#6712,#4215);
#4048=LINE('',#6714,#4216);
#4049=LINE('',#6718,#4217);
#4050=LINE('',#6722,#4218);
#4051=LINE('',#6727,#4219);
#4052=LINE('',#6729,#4220);
#4053=LINE('',#6733,#4221);
#4054=LINE('',#6737,#4222);
#4055=LINE('',#6742,#4223);
#4056=LINE('',#6744,#4224);
#4057=LINE('',#6748,#4225);
#4058=LINE('',#6752,#4226);
#4059=LINE('',#6757,#4227);
#4060=LINE('',#6759,#4228);
#4061=LINE('',#6763,#4229);
#4062=LINE('',#6767,#4230);
#4063=LINE('',#6772,#4231);
#4064=LINE('',#6774,#4232);
#4065=LINE('',#6778,#4233);
#4066=LINE('',#6782,#4234);
#4067=LINE('',#6787,#4235);
#4068=LINE('',#6789,#4236);
#4069=LINE('',#6793,#4237);
#4070=LINE('',#6797,#4238);
#4071=LINE('',#6802,#4239);
#4072=LINE('',#6804,#4240);
#4073=LINE('',#6808,#4241);
#4074=LINE('',#6812,#4242);
#4075=LINE('',#6817,#4243);
#4076=LINE('',#6819,#4244);
#4077=LINE('',#6823,#4245);
#4078=LINE('',#6827,#4246);
#4079=LINE('',#6832,#4247);
#4080=LINE('',#6836,#4248);
#4081=LINE('',#6841,#4249);
#4082=LINE('',#6845,#4250);
#4083=LINE('',#6850,#4251);
#4084=LINE('',#6854,#4252);
#4085=LINE('',#6859,#4253);
#4086=LINE('',#6863,#4254);
#4087=LINE('',#6868,#4255);
#4088=LINE('',#6872,#4256);
#4089=LINE('',#6877,#4257);
#4090=LINE('',#6881,#4258);
#4091=LINE('',#6886,#4259);
#4092=LINE('',#6890,#4260);
#4093=LINE('',#6895,#4261);
#4094=LINE('',#11082,#4262);
#4095=LINE('',#11087,#4263);
#4096=LINE('',#11091,#4264);
#4097=LINE('',#11095,#4265);
#4098=LINE('',#11099,#4266);
#4099=LINE('',#11103,#4267);
#4100=LINE('',#11107,#4268);
#4101=LINE('',#11111,#4269);
#4102=LINE('',#11115,#4270);
#4103=LINE('',#11119,#4271);
#4104=LINE('',#11123,#4272);
#4105=LINE('',#11127,#4273);
#4106=LINE('',#11131,#4274);
#4107=LINE('',#11135,#4275);
#4108=LINE('',#11139,#4276);
#4109=LINE('',#11143,#4277);
#4110=LINE('',#11147,#4278);
#4111=LINE('',#11151,#4279);
#4112=LINE('',#11155,#4280);
#4113=LINE('',#11159,#4281);
#4114=LINE('',#11163,#4282);
#4115=LINE('',#11167,#4283);
#4116=LINE('',#11171,#4284);
#4117=LINE('',#11175,#4285);
#4118=LINE('',#11195,#4286);
#4119=LINE('',#11197,#4287);
#4120=LINE('',#11199,#4288);
#4121=LINE('',#11203,#4289);
#4122=LINE('',#11207,#4290);
#4123=LINE('',#11208,#4291);
#4124=LINE('',#11210,#4292);
#4125=LINE('',#11211,#4293);
#4126=LINE('',#11213,#4294);
#4127=LINE('',#11215,#4295);
#4128=LINE('',#11217,#4296);
#4129=LINE('',#11221,#4297);
#4130=LINE('',#11225,#4298);
#4131=LINE('',#11226,#4299);
#4132=LINE('',#11228,#4300);
#4133=LINE('',#11229,#4301);
#4134=LINE('',#11231,#4302);
#4135=LINE('',#11233,#4303);
#4136=LINE('',#11235,#4304);
#4137=LINE('',#11239,#4305);
#4138=LINE('',#11243,#4306);
#4139=LINE('',#11244,#4307);
#4140=LINE('',#11246,#4308);
#4141=LINE('',#11247,#4309);
#4142=LINE('',#11249,#4310);
#4143=LINE('',#11251,#4311);
#4144=LINE('',#11253,#4312);
#4145=LINE('',#11257,#4313);
#4146=LINE('',#11261,#4314);
#4147=LINE('',#11262,#4315);
#4148=LINE('',#11264,#4316);
#4149=LINE('',#11265,#4317);
#4150=LINE('',#11267,#4318);
#4151=LINE('',#11269,#4319);
#4152=LINE('',#11271,#4320);
#4153=LINE('',#11275,#4321);
#4154=LINE('',#11279,#4322);
#4155=LINE('',#11280,#4323);
#4156=LINE('',#11282,#4324);
#4157=LINE('',#11283,#4325);
#4158=LINE('',#11285,#4326);
#4159=LINE('',#11287,#4327);
#4160=LINE('',#11289,#4328);
#4161=LINE('',#11293,#4329);
#4162=LINE('',#11297,#4330);
#4163=LINE('',#11298,#4331);
#4164=LINE('',#11300,#4332);
#4165=LINE('',#11301,#4333);
#4166=LINE('',#11303,#4334);
#4167=LINE('',#11305,#4335);
#4168=LINE('',#11307,#4336);
#4169=LINE('',#11311,#4337);
#4170=LINE('',#11315,#4338);
#4171=LINE('',#11316,#4339);
#4172=LINE('',#11318,#4340);
#4173=LINE('',#11319,#4341);
#4174=LINE('',#11321,#4342);
#4175=LINE('',#11323,#4343);
#4176=LINE('',#11325,#4344);
#4177=LINE('',#11329,#4345);
#4178=LINE('',#11333,#4346);
#4179=LINE('',#11334,#4347);
#4180=LINE('',#11336,#4348);
#4181=LINE('',#11337,#4349);
#4182=LINE('',#11349,#4350);
#4183=LINE('',#11351,#4351);
#4184=LINE('',#11353,#4352);
#4185=LINE('',#11355,#4353);
#4186=LINE('',#11357,#4354);
#4187=LINE('',#11359,#4355);
#4188=LINE('',#11361,#4356);
#4189=LINE('',#11363,#4357);
#4190=LINE('',#11385,#4358);
#4191=LINE('',#11387,#4359);
#4192=LINE('',#11389,#4360);
#4193=LINE('',#11391,#4361);
#4194=LINE('',#11393,#4362);
#4195=LINE('',#11395,#4363);
#4196=LINE('',#11397,#4364);
#4197=LINE('',#11399,#4365);
#4198=LINE('',#11421,#4366);
#4199=LINE('',#11423,#4367);
#4200=LINE('',#11425,#4368);
#4201=LINE('',#11427,#4369);
#4202=LINE('',#11429,#4370);
#4203=LINE('',#11431,#4371);
#4204=LINE('',#11433,#4372);
#4205=LINE('',#11435,#4373);
#4206=LINE('',#11457,#4374);
#4207=LINE('',#11459,#4375);
#4208=LINE('',#11461,#4376);
#4209=LINE('',#11463,#4377);
#4210=LINE('',#11465,#4378);
#4211=LINE('',#11467,#4379);
#4212=LINE('',#11469,#4380);
#4213=LINE('',#11471,#4381);
#4214=VECTOR('',#5909,1.);
#4215=VECTOR('',#5912,1.);
#4216=VECTOR('',#5913,1.);
#4217=VECTOR('',#5916,1.);
#4218=VECTOR('',#5921,1.);
#4219=VECTOR('',#5924,1.);
#4220=VECTOR('',#5925,1.);
#4221=VECTOR('',#5928,1.);
#4222=VECTOR('',#5933,1.);
#4223=VECTOR('',#5936,1.);
#4224=VECTOR('',#5937,1.);
#4225=VECTOR('',#5940,1.);
#4226=VECTOR('',#5945,1.);
#4227=VECTOR('',#5948,1.);
#4228=VECTOR('',#5949,1.);
#4229=VECTOR('',#5952,1.);
#4230=VECTOR('',#5957,1.);
#4231=VECTOR('',#5960,1.);
#4232=VECTOR('',#5961,1.);
#4233=VECTOR('',#5964,1.);
#4234=VECTOR('',#5969,1.);
#4235=VECTOR('',#5972,1.);
#4236=VECTOR('',#5973,1.);
#4237=VECTOR('',#5976,1.);
#4238=VECTOR('',#5981,1.);
#4239=VECTOR('',#5984,1.);
#4240=VECTOR('',#5985,1.);
#4241=VECTOR('',#5988,1.);
#4242=VECTOR('',#5993,1.);
#4243=VECTOR('',#5996,1.);
#4244=VECTOR('',#5997,1.);
#4245=VECTOR('',#6000,1.);
#4246=VECTOR('',#6005,1.);
#4247=VECTOR('',#6008,1.);
#4248=VECTOR('',#6013,1.);
#4249=VECTOR('',#6016,1.);
#4250=VECTOR('',#6021,1.);
#4251=VECTOR('',#6024,1.);
#4252=VECTOR('',#6029,1.);
#4253=VECTOR('',#6032,1.);
#4254=VECTOR('',#6037,1.);
#4255=VECTOR('',#6040,1.);
#4256=VECTOR('',#6045,1.);
#4257=VECTOR('',#6048,1.);
#4258=VECTOR('',#6053,1.);
#4259=VECTOR('',#6056,1.);
#4260=VECTOR('',#6061,1.);
#4261=VECTOR('',#6064,1.);
#4262=VECTOR('',#6267,1.);
#4263=VECTOR('',#6270,1.);
#4264=VECTOR('',#6273,1.);
#4265=VECTOR('',#6276,1.);
#4266=VECTOR('',#6279,1.);
#4267=VECTOR('',#6282,1.);
#4268=VECTOR('',#6285,1.);
#4269=VECTOR('',#6288,1.);
#4270=VECTOR('',#6291,1.);
#4271=VECTOR('',#6294,1.);
#4272=VECTOR('',#6297,1.);
#4273=VECTOR('',#6300,1.);
#4274=VECTOR('',#6303,1.);
#4275=VECTOR('',#6306,1.);
#4276=VECTOR('',#6309,1.);
#4277=VECTOR('',#6312,1.);
#4278=VECTOR('',#6315,1.);
#4279=VECTOR('',#6318,1.);
#4280=VECTOR('',#6321,1.);
#4281=VECTOR('',#6324,1.);
#4282=VECTOR('',#6327,1.);
#4283=VECTOR('',#6330,1.);
#4284=VECTOR('',#6333,1.);
#4285=VECTOR('',#6336,1.);
#4286=VECTOR('',#6367,1.);
#4287=VECTOR('',#6368,1.);
#4288=VECTOR('',#6369,1.);
#4289=VECTOR('',#6374,1.);
#4290=VECTOR('',#6379,1.);
#4291=VECTOR('',#6380,1.);
#4292=VECTOR('',#6383,1.);
#4293=VECTOR('',#6384,1.);
#4294=VECTOR('',#6387,1.);
#4295=VECTOR('',#6388,1.);
#4296=VECTOR('',#6389,1.);
#4297=VECTOR('',#6394,1.);
#4298=VECTOR('',#6399,1.);
#4299=VECTOR('',#6400,1.);
#4300=VECTOR('',#6403,1.);
#4301=VECTOR('',#6404,1.);
#4302=VECTOR('',#6407,1.);
#4303=VECTOR('',#6408,1.);
#4304=VECTOR('',#6409,1.);
#4305=VECTOR('',#6414,1.);
#4306=VECTOR('',#6419,1.);
#4307=VECTOR('',#6420,1.);
#4308=VECTOR('',#6423,1.);
#4309=VECTOR('',#6424,1.);
#4310=VECTOR('',#6427,1.);
#4311=VECTOR('',#6428,1.);
#4312=VECTOR('',#6429,1.);
#4313=VECTOR('',#6434,1.);
#4314=VECTOR('',#6439,1.);
#4315=VECTOR('',#6440,1.);
#4316=VECTOR('',#6443,1.);
#4317=VECTOR('',#6444,1.);
#4318=VECTOR('',#6447,1.);
#4319=VECTOR('',#6448,1.);
#4320=VECTOR('',#6449,1.);
#4321=VECTOR('',#6454,1.);
#4322=VECTOR('',#6459,1.);
#4323=VECTOR('',#6460,1.);
#4324=VECTOR('',#6463,1.);
#4325=VECTOR('',#6464,1.);
#4326=VECTOR('',#6467,1.);
#4327=VECTOR('',#6468,1.);
#4328=VECTOR('',#6469,1.);
#4329=VECTOR('',#6474,1.);
#4330=VECTOR('',#6479,1.);
#4331=VECTOR('',#6480,1.);
#4332=VECTOR('',#6483,1.);
#4333=VECTOR('',#6484,1.);
#4334=VECTOR('',#6487,1.);
#4335=VECTOR('',#6488,1.);
#4336=VECTOR('',#6489,1.);
#4337=VECTOR('',#6494,1.);
#4338=VECTOR('',#6499,1.);
#4339=VECTOR('',#6500,1.);
#4340=VECTOR('',#6503,1.);
#4341=VECTOR('',#6504,1.);
#4342=VECTOR('',#6507,1.);
#4343=VECTOR('',#6508,1.);
#4344=VECTOR('',#6509,1.);
#4345=VECTOR('',#6514,1.);
#4346=VECTOR('',#6519,1.);
#4347=VECTOR('',#6520,1.);
#4348=VECTOR('',#6523,1.);
#4349=VECTOR('',#6524,1.);
#4350=VECTOR('',#6531,1.);
#4351=VECTOR('',#6534,1.);
#4352=VECTOR('',#6537,1.);
#4353=VECTOR('',#6540,1.);
#4354=VECTOR('',#6543,1.);
#4355=VECTOR('',#6546,1.);
#4356=VECTOR('',#6549,1.);
#4357=VECTOR('',#6552,1.);
#4358=VECTOR('',#6563,1.);
#4359=VECTOR('',#6566,1.);
#4360=VECTOR('',#6569,1.);
#4361=VECTOR('',#6572,1.);
#4362=VECTOR('',#6575,1.);
#4363=VECTOR('',#6578,1.);
#4364=VECTOR('',#6581,1.);
#4365=VECTOR('',#6584,1.);
#4366=VECTOR('',#6595,1.);
#4367=VECTOR('',#6598,1.);
#4368=VECTOR('',#6601,1.);
#4369=VECTOR('',#6604,1.);
#4370=VECTOR('',#6607,1.);
#4371=VECTOR('',#6610,1.);
#4372=VECTOR('',#6613,1.);
#4373=VECTOR('',#6616,1.);
#4374=VECTOR('',#6627,1.);
#4375=VECTOR('',#6630,1.);
#4376=VECTOR('',#6633,1.);
#4377=VECTOR('',#6636,1.);
#4378=VECTOR('',#6639,1.);
#4379=VECTOR('',#6642,1.);
#4380=VECTOR('',#6645,1.);
#4381=VECTOR('',#6648,1.);
#4382=EDGE_LOOP('',(#970,#971,#972,#973,#974,#975,#976));
#4383=EDGE_LOOP('',(#977,#978,#979,#980,#981,#982,#983));
#4384=EDGE_LOOP('',(#984,#985,#986,#987,#988,#989,#990));
#4385=EDGE_LOOP('',(#991,#992,#993,#994,#995,#996,#997));
#4386=EDGE_LOOP('',(#998,#999,#1000,#1001,#1002,#1003,#1004));
#4387=EDGE_LOOP('',(#1005,#1006,#1007,#1008,#1009,#1010,#1011));
#4388=EDGE_LOOP('',(#1012,#1013,#1014,#1015,#1016,#1017,#1018));
#4389=EDGE_LOOP('',(#1019,#1020,#1021,#1022,#1023,#1024,#1025));
#4390=EDGE_LOOP('',(#1026,#1027,#1028,#1029));
#4391=EDGE_LOOP('',(#1030,#1031,#1032,#1033));
#4392=EDGE_LOOP('',(#1034,#1035,#1036,#1037));
#4393=EDGE_LOOP('',(#1038,#1039,#1040,#1041));
#4394=EDGE_LOOP('',(#1042,#1043,#1044,#1045));
#4395=EDGE_LOOP('',(#1046,#1047,#1048,#1049));
#4396=EDGE_LOOP('',(#1050,#1051,#1052,#1053));
#4397=EDGE_LOOP('',(#1054,#1055,#1056,#1057));
#4398=EDGE_LOOP('',(#1058,#1059,#1060));
#4399=EDGE_LOOP('',(#1061,#1062,#1063,#1064));
#4400=EDGE_LOOP('',(#1065,#1066,#1067,#1068,#1069));
#4401=EDGE_LOOP('',(#1070,#1071,#1072));
#4402=EDGE_LOOP('',(#1073,#1074,#1075,#1076,#1077));
#4403=EDGE_LOOP('',(#1078,#1079,#1080,#1081));
#4404=EDGE_LOOP('',(#1082,#1083,#1084));
#4405=EDGE_LOOP('',(#1085,#1086,#1087,#1088,#1089));
#4406=EDGE_LOOP('',(#1090,#1091,#1092,#1093));
#4407=EDGE_LOOP('',(#1094,#1095,#1096));
#4408=EDGE_LOOP('',(#1097,#1098,#1099,#1100));
#4409=EDGE_LOOP('',(#1101,#1102,#1103,#1104,#1105));
#4410=EDGE_LOOP('',(#1106,#1107,#1108));
#4411=EDGE_LOOP('',(#1109,#1110,#1111));
#4412=EDGE_LOOP('',(#1112,#1113,#1114,#1115));
#4413=EDGE_LOOP('',(#1116,#1117,#1118,#1119,#1120));
#4414=EDGE_LOOP('',(#1121,#1122,#1123));
#4415=EDGE_LOOP('',(#1124,#1125,#1126));
#4416=EDGE_LOOP('',(#1127,#1128,#1129,#1130));
#4417=EDGE_LOOP('',(#1131,#1132,#1133,#1134,#1135));
#4418=EDGE_LOOP('',(#1136,#1137,#1138));
#4419=EDGE_LOOP('',(#1139,#1140,#1141));
#4420=EDGE_LOOP('',(#1142,#1143,#1144,#1145));
#4421=EDGE_LOOP('',(#1146,#1147,#1148,#1149,#1150));
#4422=EDGE_LOOP('',(#1151,#1152,#1153));
#4423=EDGE_LOOP('',(#1154,#1155,#1156));
#4424=EDGE_LOOP('',(#1157,#1158,#1159,#1160));
#4425=EDGE_LOOP('',(#1161,#1162,#1163,#1164,#1165));
#4426=EDGE_LOOP('',(#1166,#1167,#1168));
#4427=EDGE_LOOP('',(#1169,#1170,#1171));
#4428=EDGE_LOOP('',(#1172,#1173,#1174,#1175));
#4429=EDGE_LOOP('',(#1176,#1177,#1178,#1179,#1180));
#4430=EDGE_LOOP('',(#1181,#1182,#1183));
#4431=EDGE_LOOP('',(#1184,#1185,#1186));
#4432=EDGE_LOOP('',(#1187,#1188,#1189,#1190));
#4433=EDGE_LOOP('',(#1191,#1192,#1193,#1194,#1195));
#4434=EDGE_LOOP('',(#1196,#1197,#1198));
#4435=EDGE_LOOP('',(#1199,#1200,#1201));
#4436=EDGE_LOOP('',(#1202,#1203,#1204,#1205));
#4437=EDGE_LOOP('',(#1206,#1207,#1208,#1209,#1210));
#4438=EDGE_LOOP('',(#1211,#1212,#1213));
#4439=EDGE_LOOP('',(#1214,#1215,#1216));
#4440=EDGE_LOOP('',(#1217,#1218,#1219,#1220));
#4441=EDGE_LOOP('',(#1221,#1222,#1223,#1224,#1225));
#4442=EDGE_LOOP('',(#1226,#1227,#1228));
#4443=EDGE_LOOP('',(#1229,#1230,#1231));
#4444=EDGE_LOOP('',(#1232,#1233,#1234,#1235));
#4445=EDGE_LOOP('',(#1236,#1237,#1238,#1239,#1240));
#4446=EDGE_LOOP('',(#1241,#1242,#1243));
#4447=EDGE_LOOP('',(#1244,#1245,#1246));
#4448=EDGE_LOOP('',(#1247,#1248,#1249,#1250));
#4449=EDGE_LOOP('',(#1251,#1252,#1253,#1254,#1255));
#4450=EDGE_LOOP('',(#1256,#1257,#1258));
#4451=EDGE_LOOP('',(#1259,#1260,#1261));
#4452=EDGE_LOOP('',(#1262,#1263,#1264,#1265));
#4453=EDGE_LOOP('',(#1266,#1267,#1268,#1269,#1270));
#4454=EDGE_LOOP('',(#1271,#1272,#1273));
#4455=EDGE_LOOP('',(#1274,#1275,#1276));
#4456=EDGE_LOOP('',(#1277,#1278,#1279,#1280));
#4457=EDGE_LOOP('',(#1281,#1282,#1283,#1284,#1285));
#4458=EDGE_LOOP('',(#1286,#1287,#1288));
#4459=EDGE_LOOP('',(#1289,#1290,#1291));
#4460=EDGE_LOOP('',(#1292,#1293,#1294,#1295));
#4461=EDGE_LOOP('',(#1296,#1297,#1298,#1299,#1300));
#4462=EDGE_LOOP('',(#1301,#1302,#1303,#1304,#1305));
#4463=EDGE_LOOP('',(#1306,#1307,#1308,#1309));
#4464=EDGE_LOOP('',(#1310,#1311,#1312,#1313));
#4465=EDGE_LOOP('',(#1314,#1315,#1316,#1317,#1318));
#4466=EDGE_LOOP('',(#1319,#1320,#1321,#1322,#1323));
#4467=EDGE_LOOP('',(#1324,#1325,#1326,#1327));
#4468=EDGE_LOOP('',(#1328,#1329,#1330,#1331,#1332));
#4469=EDGE_LOOP('',(#1333,#1334,#1335,#1336));
#4470=EDGE_LOOP('',(#1337,#1338,#1339,#1340,#1341));
#4471=EDGE_LOOP('',(#1342,#1343,#1344,#1345));
#4472=EDGE_LOOP('',(#1346,#1347,#1348,#1349,#1350));
#4473=EDGE_LOOP('',(#1351,#1352,#1353,#1354));
#4474=EDGE_LOOP('',(#1355,#1356,#1357,#1358,#1359));
#4475=EDGE_LOOP('',(#1360,#1361,#1362,#1363));
#4476=EDGE_LOOP('',(#1364,#1365,#1366,#1367,#1368));
#4477=EDGE_LOOP('',(#1369,#1370,#1371,#1372));
#4478=EDGE_LOOP('',(#1373,#1374,#1375,#1376,#1377));
#4479=EDGE_LOOP('',(#1378,#1379,#1380,#1381));
#4480=EDGE_LOOP('',(#1382,#1383,#1384,#1385,#1386));
#4481=EDGE_LOOP('',(#1387,#1388,#1389,#1390));
#4482=EDGE_LOOP('',(#1391,#1392,#1393,#1394,#1395));
#4483=EDGE_LOOP('',(#1396,#1397,#1398,#1399));
#4484=EDGE_LOOP('',(#1400,#1401,#1402,#1403,#1404));
#4485=EDGE_LOOP('',(#1405,#1406,#1407,#1408));
#4486=EDGE_LOOP('',(#1409,#1410,#1411,#1412,#1413));
#4487=EDGE_LOOP('',(#1414,#1415,#1416,#1417));
#4488=EDGE_LOOP('',(#1418,#1419,#1420,#1421,#1422));
#4489=EDGE_LOOP('',(#1423,#1424,#1425,#1426));
#4490=EDGE_LOOP('',(#1427,#1428,#1429,#1430,#1431));
#4491=EDGE_LOOP('',(#1432,#1433,#1434,#1435));
#4492=EDGE_LOOP('',(#1436,#1437,#1438,#1439,#1440));
#4493=EDGE_LOOP('',(#1441,#1442,#1443,#1444));
#4494=EDGE_LOOP('',(#1445,#1446,#1447,#1448,#1449));
#4495=EDGE_LOOP('',(#1450,#1451,#1452,#1453));
#4496=EDGE_LOOP('',(#1454,#1455,#1456,#1457,#1458));
#4497=EDGE_LOOP('',(#1459,#1460,#1461,#1462));
#4498=EDGE_LOOP('',(#1463,#1464,#1465,#1466,#1467));
#4499=EDGE_LOOP('',(#1468,#1469,#1470,#1471));
#4500=EDGE_LOOP('',(#1472,#1473,#1474,#1475,#1476));
#4501=EDGE_LOOP('',(#1477,#1478,#1479,#1480));
#4502=EDGE_LOOP('',(#1481,#1482,#1483,#1484,#1485));
#4503=EDGE_LOOP('',(#1486,#1487,#1488,#1489));
#4504=EDGE_LOOP('',(#1490,#1491,#1492,#1493,#1494));
#4505=EDGE_LOOP('',(#1495,#1496,#1497,#1498));
#4506=EDGE_LOOP('',(#1499,#1500,#1501,#1502,#1503));
#4507=EDGE_LOOP('',(#1504,#1505,#1506,#1507));
#4508=EDGE_LOOP('',(#1508,#1509,#1510,#1511,#1512));
#4509=EDGE_LOOP('',(#1513,#1514,#1515,#1516));
#4510=EDGE_LOOP('',(#1517,#1518,#1519,#1520,#1521));
#4511=EDGE_LOOP('',(#1522,#1523,#1524,#1525));
#4512=EDGE_LOOP('',(#1526,#1527,#1528,#1529,#1530));
#4513=EDGE_LOOP('',(#1531,#1532,#1533,#1534));
#4514=EDGE_LOOP('',(#1535,#1536,#1537,#1538,#1539));
#4515=EDGE_LOOP('',(#1540,#1541,#1542,#1543));
#4516=EDGE_LOOP('',(#1544,#1545,#1546,#1547,#1548));
#4517=EDGE_LOOP('',(#1549,#1550,#1551,#1552));
#4518=EDGE_LOOP('',(#1553,#1554,#1555,#1556,#1557));
#4519=EDGE_LOOP('',(#1558,#1559,#1560,#1561));
#4520=EDGE_LOOP('',(#1562,#1563,#1564,#1565,#1566));
#4521=EDGE_LOOP('',(#1567,#1568,#1569,#1570));
#4522=EDGE_LOOP('',(#1571,#1572,#1573,#1574,#1575));
#4523=EDGE_LOOP('',(#1576,#1577,#1578,#1579));
#4524=EDGE_LOOP('',(#1580,#1581,#1582,#1583,#1584));
#4525=EDGE_LOOP('',(#1585,#1586,#1587,#1588));
#4526=EDGE_LOOP('',(#1589,#1590,#1591,#1592,#1593));
#4527=EDGE_LOOP('',(#1594,#1595,#1596,#1597));
#4528=EDGE_LOOP('',(#1598,#1599,#1600,#1601,#1602));
#4529=EDGE_LOOP('',(#1603,#1604,#1605,#1606));
#4530=EDGE_LOOP('',(#1607,#1608,#1609,#1610,#1611));
#4531=EDGE_LOOP('',(#1612,#1613,#1614,#1615));
#4532=EDGE_LOOP('',(#1616,#1617,#1618,#1619,#1620));
#4533=EDGE_LOOP('',(#1621,#1622,#1623,#1624));
#4534=EDGE_LOOP('',(#1625,#1626,#1627,#1628,#1629));
#4535=EDGE_LOOP('',(#1630,#1631,#1632,#1633));
#4536=EDGE_LOOP('',(#1634,#1635,#1636,#1637,#1638));
#4537=EDGE_LOOP('',(#1639,#1640,#1641,#1642));
#4538=EDGE_LOOP('',(#1643,#1644,#1645,#1646,#1647));
#4539=EDGE_LOOP('',(#1648,#1649,#1650,#1651));
#4540=EDGE_LOOP('',(#1652,#1653,#1654,#1655,#1656));
#4541=EDGE_LOOP('',(#1657,#1658,#1659,#1660));
#4542=EDGE_LOOP('',(#1661,#1662,#1663,#1664,#1665));
#4543=EDGE_LOOP('',(#1666,#1667,#1668,#1669));
#4544=EDGE_LOOP('',(#1670,#1671,#1672,#1673,#1674));
#4545=EDGE_LOOP('',(#1675,#1676,#1677,#1678));
#4546=EDGE_LOOP('',(#1679,#1680,#1681,#1682,#1683));
#4547=EDGE_LOOP('',(#1684,#1685,#1686,#1687));
#4548=EDGE_LOOP('',(#1688,#1689,#1690,#1691));
#4549=EDGE_LOOP('',(#1692,#1693,#1694,#1695));
#4550=EDGE_LOOP('',(#1696,#1697,#1698,#1699));
#4551=EDGE_LOOP('',(#1700,#1701,#1702,#1703));
#4552=EDGE_LOOP('',(#1704,#1705,#1706,#1707));
#4553=EDGE_LOOP('',(#1708,#1709,#1710,#1711));
#4554=EDGE_LOOP('',(#1712,#1713,#1714,#1715));
#4555=EDGE_LOOP('',(#1716,#1717,#1718,#1719));
#4556=EDGE_LOOP('',(#1720,#1721,#1722,#1723));
#4557=EDGE_LOOP('',(#1724,#1725,#1726,#1727));
#4558=EDGE_LOOP('',(#1728,#1729,#1730,#1731));
#4559=EDGE_LOOP('',(#1732,#1733,#1734,#1735));
#4560=EDGE_LOOP('',(#1736,#1737,#1738,#1739));
#4561=EDGE_LOOP('',(#1740,#1741,#1742,#1743));
#4562=EDGE_LOOP('',(#1744,#1745,#1746,#1747));
#4563=EDGE_LOOP('',(#1748,#1749,#1750,#1751));
#4564=EDGE_LOOP('',(#1752,#1753,#1754,#1755));
#4565=EDGE_LOOP('',(#1756,#1757,#1758,#1759));
#4566=EDGE_LOOP('',(#1760,#1761,#1762,#1763));
#4567=EDGE_LOOP('',(#1764,#1765,#1766,#1767));
#4568=EDGE_LOOP('',(#1768,#1769,#1770,#1771));
#4569=EDGE_LOOP('',(#1772,#1773,#1774,#1775));
#4570=EDGE_LOOP('',(#1776,#1777,#1778,#1779));
#4571=EDGE_LOOP('',(#1780,#1781,#1782,#1783));
#4572=EDGE_LOOP('',(#1784,#1785,#1786,#1787));
#4573=EDGE_LOOP('',(#1788,#1789,#1790,#1791));
#4574=EDGE_LOOP('',(#1792,#1793,#1794,#1795));
#4575=EDGE_LOOP('',(#1796,#1797,#1798,#1799));
#4576=EDGE_LOOP('',(#1800,#1801,#1802,#1803));
#4577=EDGE_LOOP('',(#1804,#1805,#1806,#1807));
#4578=EDGE_LOOP('',(#1808,#1809,#1810,#1811));
#4579=EDGE_LOOP('',(#1812,#1813,#1814,#1815));
#4580=EDGE_LOOP('',(#1816,#1817,#1818,#1819));
#4581=EDGE_LOOP('',(#1820,#1821,#1822,#1823));
#4582=EDGE_LOOP('',(#1824,#1825,#1826,#1827));
#4583=EDGE_LOOP('',(#1828,#1829,#1830,#1831));
#4584=EDGE_LOOP('',(#1832,#1833,#1834,#1835));
#4585=EDGE_LOOP('',(#1836,#1837,#1838,#1839));
#4586=EDGE_LOOP('',(#1840,#1841,#1842,#1843));
#4587=EDGE_LOOP('',(#1844,#1845,#1846,#1847));
#4588=EDGE_LOOP('',(#1848,#1849,#1850,#1851));
#4589=EDGE_LOOP('',(#1852,#1853,#1854,#1855));
#4590=EDGE_LOOP('',(#1856,#1857,#1858,#1859));
#4591=EDGE_LOOP('',(#1860,#1861,#1862,#1863));
#4592=EDGE_LOOP('',(#1864,#1865,#1866,#1867));
#4593=EDGE_LOOP('',(#1868,#1869,#1870,#1871));
#4594=EDGE_LOOP('',(#1872,#1873,#1874,#1875));
#4595=EDGE_LOOP('',(#1876,#1877,#1878,#1879));
#4596=EDGE_LOOP('',(#1880,#1881,#1882,#1883));
#4597=EDGE_LOOP('',(#1884,#1885,#1886,#1887));
#4598=EDGE_LOOP('',(#1888,#1889,#1890,#1891));
#4599=EDGE_LOOP('',(#1892,#1893,#1894,#1895));
#4600=EDGE_LOOP('',(#1896,#1897,#1898,#1899));
#4601=EDGE_LOOP('',(#1900,#1901,#1902,#1903));
#4602=EDGE_LOOP('',(#1904,#1905,#1906,#1907));
#4603=EDGE_LOOP('',(#1908,#1909,#1910,#1911));
#4604=EDGE_LOOP('',(#1912,#1913,#1914,#1915));
#4605=EDGE_LOOP('',(#1916,#1917,#1918,#1919));
#4606=EDGE_LOOP('',(#1920,#1921,#1922,#1923));
#4607=EDGE_LOOP('',(#1924,#1925,#1926,#1927));
#4608=EDGE_LOOP('',(#1928,#1929,#1930,#1931));
#4609=EDGE_LOOP('',(#1932,#1933,#1934,#1935));
#4610=EDGE_LOOP('',(#1936,#1937,#1938,#1939));
#4611=EDGE_LOOP('',(#1940,#1941,#1942,#1943));
#4612=EDGE_LOOP('',(#1944,#1945,#1946,#1947));
#4613=EDGE_LOOP('',(#1948,#1949,#1950,#1951));
#4614=EDGE_LOOP('',(#1952,#1953,#1954,#1955));
#4615=EDGE_LOOP('',(#1956,#1957,#1958,#1959));
#4616=EDGE_LOOP('',(#1960,#1961,#1962,#1963));
#4617=EDGE_LOOP('',(#1964,#1965,#1966,#1967));
#4618=EDGE_LOOP('',(#1968,#1969,#1970,#1971));
#4619=EDGE_LOOP('',(#1972,#1973,#1974,#1975));
#4620=EDGE_LOOP('',(#1976,#1977,#1978,#1979));
#4621=EDGE_LOOP('',(#1980,#1981,#1982,#1983));
#4622=EDGE_LOOP('',(#1984,#1985,#1986,#1987));
#4623=EDGE_LOOP('',(#1988,#1989,#1990,#1991));
#4624=EDGE_LOOP('',(#1992,#1993,#1994,#1995));
#4625=EDGE_LOOP('',(#1996,#1997,#1998,#1999));
#4626=EDGE_LOOP('',(#2000,#2001,#2002,#2003));
#4627=EDGE_LOOP('',(#2004,#2005,#2006,#2007));
#4628=EDGE_LOOP('',(#2008,#2009,#2010,#2011));
#4629=EDGE_LOOP('',(#2012,#2013,#2014,#2015));
#4630=EDGE_LOOP('',(#2016,#2017,#2018,#2019));
#4631=EDGE_LOOP('',(#2020,#2021,#2022,#2023));
#4632=EDGE_LOOP('',(#2024,#2025,#2026,#2027));
#4633=EDGE_LOOP('',(#2028,#2029,#2030,#2031));
#4634=EDGE_LOOP('',(#2032,#2033,#2034,#2035));
#4635=EDGE_LOOP('',(#2036,#2037,#2038,#2039));
#4636=EDGE_LOOP('',(#2040,#2041,#2042,#2043));
#4637=EDGE_LOOP('',(#2044,#2045,#2046,#2047));
#4638=EDGE_LOOP('',(#2048));
#4639=EDGE_LOOP('',(#2049,#2050,#2051,#2052,#2053,#2054,#2055,#2056,#2057,
#2058,#2059,#2060,#2061,#2062,#2063,#2064,#2065,#2066,#2067,#2068,#2069,
#2070,#2071,#2072,#2073,#2074,#2075,#2076,#2077,#2078,#2079,#2080,#2081,
#2082,#2083,#2084,#2085,#2086,#2087,#2088,#2089,#2090,#2091,#2092,#2093,
#2094,#2095,#2096,#2097,#2098,#2099,#2100,#2101,#2102,#2103,#2104,#2105,
#2106,#2107,#2108,#2109,#2110,#2111,#2112,#2113,#2114,#2115,#2116,#2117,
#2118,#2119,#2120,#2121,#2122,#2123));
#4640=EDGE_LOOP('',(#2124));
#4641=EDGE_LOOP('',(#2125,#2126,#2127,#2128,#2129,#2130,#2131,#2132,#2133,
#2134,#2135,#2136,#2137,#2138,#2139,#2140,#2141,#2142,#2143,#2144,#2145,
#2146,#2147,#2148,#2149,#2150,#2151,#2152,#2153,#2154,#2155,#2156,#2157,
#2158,#2159,#2160,#2161,#2162,#2163,#2164,#2165,#2166,#2167,#2168,#2169,
#2170,#2171,#2172,#2173,#2174,#2175,#2176,#2177,#2178,#2179,#2180,#2181,
#2182,#2183,#2184,#2185,#2186,#2187,#2188,#2189,#2190,#2191,#2192,#2193,
#2194,#2195,#2196,#2197,#2198,#2199));
#4642=EDGE_LOOP('',(#2200));
#4643=EDGE_LOOP('',(#2201));
#4644=EDGE_LOOP('',(#2202));
#4645=EDGE_LOOP('',(#2203));
#4646=EDGE_LOOP('',(#2204));
#4647=EDGE_LOOP('',(#2205,#2206,#2207,#2208,#2209,#2210,#2211,#2212,#2213,
#2214,#2215,#2216,#2217,#2218,#2219,#2220,#2221,#2222,#2223,#2224,#2225,
#2226,#2227,#2228,#2229,#2230,#2231,#2232,#2233,#2234,#2235,#2236,#2237,
#2238,#2239,#2240,#2241,#2242,#2243,#2244,#2245,#2246,#2247,#2248,#2249,
#2250,#2251,#2252));
#4648=EDGE_LOOP('',(#2253));
#4649=EDGE_LOOP('',(#2254));
#4650=EDGE_LOOP('',(#2255));
#4651=EDGE_LOOP('',(#2256,#2257,#2258,#2259,#2260,#2261,#2262,#2263,#2264,
#2265,#2266,#2267,#2268,#2269,#2270,#2271));
#4652=EDGE_LOOP('',(#2272,#2273,#2274,#2275));
#4653=EDGE_LOOP('',(#2276,#2277,#2278,#2279));
#4654=EDGE_LOOP('',(#2280,#2281,#2282,#2283));
#4655=EDGE_LOOP('',(#2284,#2285,#2286,#2287));
#4656=EDGE_LOOP('',(#2288,#2289,#2290,#2291));
#4657=EDGE_LOOP('',(#2292,#2293,#2294,#2295));
#4658=EDGE_LOOP('',(#2296,#2297,#2298,#2299));
#4659=EDGE_LOOP('',(#2300,#2301,#2302,#2303));
#4660=EDGE_LOOP('',(#2304,#2305,#2306,#2307));
#4661=EDGE_LOOP('',(#2308,#2309,#2310,#2311));
#4662=EDGE_LOOP('',(#2312,#2313,#2314,#2315));
#4663=EDGE_LOOP('',(#2316,#2317,#2318,#2319));
#4664=EDGE_LOOP('',(#2320,#2321,#2322,#2323));
#4665=EDGE_LOOP('',(#2324,#2325,#2326,#2327));
#4666=EDGE_LOOP('',(#2328,#2329,#2330,#2331));
#4667=EDGE_LOOP('',(#2332,#2333,#2334,#2335));
#4668=EDGE_LOOP('',(#2336,#2337,#2338,#2339));
#4669=EDGE_LOOP('',(#2340,#2341,#2342,#2343));
#4670=EDGE_LOOP('',(#2344,#2345,#2346,#2347));
#4671=EDGE_LOOP('',(#2348,#2349,#2350,#2351));
#4672=EDGE_LOOP('',(#2352,#2353,#2354,#2355));
#4673=EDGE_LOOP('',(#2356,#2357,#2358,#2359));
#4674=EDGE_LOOP('',(#2360,#2361,#2362,#2363));
#4675=EDGE_LOOP('',(#2364,#2365,#2366,#2367));
#4676=EDGE_LOOP('',(#2368,#2369,#2370,#2371));
#4677=EDGE_LOOP('',(#2372,#2373,#2374,#2375));
#4678=EDGE_LOOP('',(#2376,#2377,#2378,#2379));
#4679=EDGE_LOOP('',(#2380,#2381,#2382,#2383));
#4680=EDGE_LOOP('',(#2384,#2385,#2386,#2387));
#4681=EDGE_LOOP('',(#2388,#2389,#2390,#2391));
#4682=EDGE_LOOP('',(#2392,#2393,#2394,#2395));
#4683=EDGE_LOOP('',(#2396,#2397,#2398,#2399));
#4684=EDGE_LOOP('',(#2400));
#4685=EDGE_LOOP('',(#2401));
#4686=EDGE_LOOP('',(#2402,#2403,#2404,#2405));
#4687=EDGE_LOOP('',(#2406,#2407,#2408,#2409));
#4688=EDGE_LOOP('',(#2410,#2411,#2412,#2413));
#4689=EDGE_LOOP('',(#2414,#2415,#2416,#2417));
#4690=EDGE_LOOP('',(#2418,#2419,#2420,#2421));
#4691=EDGE_LOOP('',(#2422,#2423,#2424,#2425));
#4692=EDGE_LOOP('',(#2426,#2427,#2428,#2429));
#4693=EDGE_LOOP('',(#2430,#2431,#2432,#2433));
#4694=EDGE_LOOP('',(#2434,#2435,#2436,#2437));
#4695=EDGE_LOOP('',(#2438,#2439,#2440,#2441));
#4696=EDGE_LOOP('',(#2442,#2443,#2444,#2445));
#4697=EDGE_LOOP('',(#2446,#2447,#2448,#2449));
#4698=EDGE_LOOP('',(#2450,#2451,#2452,#2453));
#4699=EDGE_LOOP('',(#2454,#2455,#2456,#2457));
#4700=EDGE_LOOP('',(#2458,#2459,#2460,#2461));
#4701=EDGE_LOOP('',(#2462,#2463,#2464,#2465));
#4702=EDGE_LOOP('',(#2466,#2467,#2468,#2469));
#4703=EDGE_LOOP('',(#2470,#2471,#2472,#2473));
#4704=EDGE_LOOP('',(#2474,#2475,#2476,#2477));
#4705=EDGE_LOOP('',(#2478,#2479,#2480,#2481));
#4706=EDGE_LOOP('',(#2482,#2483,#2484,#2485));
#4707=EDGE_LOOP('',(#2486,#2487,#2488,#2489));
#4708=EDGE_LOOP('',(#2490,#2491,#2492,#2493));
#4709=EDGE_LOOP('',(#2494,#2495,#2496,#2497));
#4710=EDGE_LOOP('',(#2498,#2499,#2500,#2501));
#4711=EDGE_LOOP('',(#2502,#2503,#2504,#2505));
#4712=EDGE_LOOP('',(#2506,#2507,#2508,#2509));
#4713=EDGE_LOOP('',(#2510,#2511,#2512,#2513));
#4714=EDGE_LOOP('',(#2514,#2515,#2516,#2517));
#4715=EDGE_LOOP('',(#2518,#2519,#2520,#2521));
#4716=EDGE_LOOP('',(#2522,#2523,#2524,#2525));
#4717=EDGE_LOOP('',(#2526,#2527,#2528,#2529));
#4718=EDGE_LOOP('',(#2530,#2531,#2532,#2533));
#4719=EDGE_LOOP('',(#2534,#2535,#2536,#2537));
#4720=EDGE_LOOP('',(#2538,#2539,#2540,#2541));
#4721=EDGE_LOOP('',(#2542,#2543,#2544,#2545));
#4722=EDGE_LOOP('',(#2546,#2547,#2548,#2549));
#4723=EDGE_LOOP('',(#2550,#2551,#2552,#2553));
#4724=EDGE_LOOP('',(#2554,#2555,#2556,#2557));
#4725=EDGE_LOOP('',(#2558,#2559,#2560,#2561));
#4726=EDGE_LOOP('',(#2562,#2563,#2564,#2565));
#4727=EDGE_LOOP('',(#2566,#2567,#2568,#2569));
#4728=EDGE_LOOP('',(#2570,#2571,#2572,#2573));
#4729=EDGE_LOOP('',(#2574,#2575,#2576,#2577));
#4730=EDGE_LOOP('',(#2578,#2579,#2580,#2581));
#4731=EDGE_LOOP('',(#2582,#2583,#2584,#2585));
#4732=EDGE_LOOP('',(#2586,#2587,#2588,#2589));
#4733=EDGE_LOOP('',(#2590,#2591,#2592,#2593));
#4734=EDGE_LOOP('',(#2594));
#4735=EDGE_LOOP('',(#2595));
#4736=EDGE_LOOP('',(#2596,#2597,#2598,#2599,#2600,#2601,#2602));
#4737=EDGE_LOOP('',(#2603,#2604,#2605,#2606));
#4738=EDGE_LOOP('',(#2607,#2608,#2609,#2610,#2611,#2612,#2613));
#4739=EDGE_LOOP('',(#2614,#2615,#2616,#2617));
#4740=EDGE_LOOP('',(#2618,#2619,#2620,#2621,#2622,#2623,#2624));
#4741=EDGE_LOOP('',(#2625,#2626,#2627,#2628));
#4742=EDGE_LOOP('',(#2629,#2630,#2631,#2632,#2633,#2634,#2635));
#4743=EDGE_LOOP('',(#2636,#2637,#2638,#2639));
#4744=EDGE_LOOP('',(#2640,#2641,#2642,#2643,#2644,#2645,#2646));
#4745=EDGE_LOOP('',(#2647,#2648,#2649,#2650));
#4746=EDGE_LOOP('',(#2651,#2652,#2653,#2654,#2655,#2656,#2657));
#4747=EDGE_LOOP('',(#2658,#2659,#2660,#2661));
#4748=EDGE_LOOP('',(#2662,#2663,#2664,#2665,#2666,#2667,#2668));
#4749=EDGE_LOOP('',(#2669,#2670,#2671,#2672));
#4750=EDGE_LOOP('',(#2673,#2674,#2675,#2676));
#4751=EDGE_LOOP('',(#2677,#2678,#2679,#2680,#2681,#2682,#2683));
#4752=FACE_BOUND('',#4382,.T.);
#4753=FACE_BOUND('',#4383,.T.);
#4754=FACE_BOUND('',#4384,.T.);
#4755=FACE_BOUND('',#4385,.T.);
#4756=FACE_BOUND('',#4386,.T.);
#4757=FACE_BOUND('',#4387,.T.);
#4758=FACE_BOUND('',#4388,.T.);
#4759=FACE_BOUND('',#4389,.T.);
#4760=FACE_BOUND('',#4390,.T.);
#4761=FACE_BOUND('',#4391,.T.);
#4762=FACE_BOUND('',#4392,.T.);
#4763=FACE_BOUND('',#4393,.T.);
#4764=FACE_BOUND('',#4394,.T.);
#4765=FACE_BOUND('',#4395,.T.);
#4766=FACE_BOUND('',#4396,.T.);
#4767=FACE_BOUND('',#4397,.T.);
#4768=FACE_BOUND('',#4398,.T.);
#4769=FACE_BOUND('',#4399,.T.);
#4770=FACE_BOUND('',#4400,.T.);
#4771=FACE_BOUND('',#4401,.T.);
#4772=FACE_BOUND('',#4402,.T.);
#4773=FACE_BOUND('',#4403,.T.);
#4774=FACE_BOUND('',#4404,.T.);
#4775=FACE_BOUND('',#4405,.T.);
#4776=FACE_BOUND('',#4406,.T.);
#4777=FACE_BOUND('',#4407,.T.);
#4778=FACE_BOUND('',#4408,.T.);
#4779=FACE_BOUND('',#4409,.T.);
#4780=FACE_BOUND('',#4410,.T.);
#4781=FACE_BOUND('',#4411,.T.);
#4782=FACE_BOUND('',#4412,.T.);
#4783=FACE_BOUND('',#4413,.T.);
#4784=FACE_BOUND('',#4414,.T.);
#4785=FACE_BOUND('',#4415,.T.);
#4786=FACE_BOUND('',#4416,.T.);
#4787=FACE_BOUND('',#4417,.T.);
#4788=FACE_BOUND('',#4418,.T.);
#4789=FACE_BOUND('',#4419,.T.);
#4790=FACE_BOUND('',#4420,.T.);
#4791=FACE_BOUND('',#4421,.T.);
#4792=FACE_BOUND('',#4422,.T.);
#4793=FACE_BOUND('',#4423,.T.);
#4794=FACE_BOUND('',#4424,.T.);
#4795=FACE_BOUND('',#4425,.T.);
#4796=FACE_BOUND('',#4426,.T.);
#4797=FACE_BOUND('',#4427,.T.);
#4798=FACE_BOUND('',#4428,.T.);
#4799=FACE_BOUND('',#4429,.T.);
#4800=FACE_BOUND('',#4430,.T.);
#4801=FACE_BOUND('',#4431,.T.);
#4802=FACE_BOUND('',#4432,.T.);
#4803=FACE_BOUND('',#4433,.T.);
#4804=FACE_BOUND('',#4434,.T.);
#4805=FACE_BOUND('',#4435,.T.);
#4806=FACE_BOUND('',#4436,.T.);
#4807=FACE_BOUND('',#4437,.T.);
#4808=FACE_BOUND('',#4438,.T.);
#4809=FACE_BOUND('',#4439,.T.);
#4810=FACE_BOUND('',#4440,.T.);
#4811=FACE_BOUND('',#4441,.T.);
#4812=FACE_BOUND('',#4442,.T.);
#4813=FACE_BOUND('',#4443,.T.);
#4814=FACE_BOUND('',#4444,.T.);
#4815=FACE_BOUND('',#4445,.T.);
#4816=FACE_BOUND('',#4446,.T.);
#4817=FACE_BOUND('',#4447,.T.);
#4818=FACE_BOUND('',#4448,.T.);
#4819=FACE_BOUND('',#4449,.T.);
#4820=FACE_BOUND('',#4450,.T.);
#4821=FACE_BOUND('',#4451,.T.);
#4822=FACE_BOUND('',#4452,.T.);
#4823=FACE_BOUND('',#4453,.T.);
#4824=FACE_BOUND('',#4454,.T.);
#4825=FACE_BOUND('',#4455,.T.);
#4826=FACE_BOUND('',#4456,.T.);
#4827=FACE_BOUND('',#4457,.T.);
#4828=FACE_BOUND('',#4458,.T.);
#4829=FACE_BOUND('',#4459,.T.);
#4830=FACE_BOUND('',#4460,.T.);
#4831=FACE_BOUND('',#4461,.T.);
#4832=FACE_BOUND('',#4462,.T.);
#4833=FACE_BOUND('',#4463,.T.);
#4834=FACE_BOUND('',#4464,.T.);
#4835=FACE_BOUND('',#4465,.T.);
#4836=FACE_BOUND('',#4466,.T.);
#4837=FACE_BOUND('',#4467,.T.);
#4838=FACE_BOUND('',#4468,.T.);
#4839=FACE_BOUND('',#4469,.T.);
#4840=FACE_BOUND('',#4470,.T.);
#4841=FACE_BOUND('',#4471,.T.);
#4842=FACE_BOUND('',#4472,.T.);
#4843=FACE_BOUND('',#4473,.T.);
#4844=FACE_BOUND('',#4474,.T.);
#4845=FACE_BOUND('',#4475,.T.);
#4846=FACE_BOUND('',#4476,.T.);
#4847=FACE_BOUND('',#4477,.T.);
#4848=FACE_BOUND('',#4478,.T.);
#4849=FACE_BOUND('',#4479,.T.);
#4850=FACE_BOUND('',#4480,.T.);
#4851=FACE_BOUND('',#4481,.T.);
#4852=FACE_BOUND('',#4482,.T.);
#4853=FACE_BOUND('',#4483,.T.);
#4854=FACE_BOUND('',#4484,.T.);
#4855=FACE_BOUND('',#4485,.T.);
#4856=FACE_BOUND('',#4486,.T.);
#4857=FACE_BOUND('',#4487,.T.);
#4858=FACE_BOUND('',#4488,.T.);
#4859=FACE_BOUND('',#4489,.T.);
#4860=FACE_BOUND('',#4490,.T.);
#4861=FACE_BOUND('',#4491,.T.);
#4862=FACE_BOUND('',#4492,.T.);
#4863=FACE_BOUND('',#4493,.T.);
#4864=FACE_BOUND('',#4494,.T.);
#4865=FACE_BOUND('',#4495,.T.);
#4866=FACE_BOUND('',#4496,.T.);
#4867=FACE_BOUND('',#4497,.T.);
#4868=FACE_BOUND('',#4498,.T.);
#4869=FACE_BOUND('',#4499,.T.);
#4870=FACE_BOUND('',#4500,.T.);
#4871=FACE_BOUND('',#4501,.T.);
#4872=FACE_BOUND('',#4502,.T.);
#4873=FACE_BOUND('',#4503,.T.);
#4874=FACE_BOUND('',#4504,.T.);
#4875=FACE_BOUND('',#4505,.T.);
#4876=FACE_BOUND('',#4506,.T.);
#4877=FACE_BOUND('',#4507,.T.);
#4878=FACE_BOUND('',#4508,.T.);
#4879=FACE_BOUND('',#4509,.T.);
#4880=FACE_BOUND('',#4510,.T.);
#4881=FACE_BOUND('',#4511,.T.);
#4882=FACE_BOUND('',#4512,.T.);
#4883=FACE_BOUND('',#4513,.T.);
#4884=FACE_BOUND('',#4514,.T.);
#4885=FACE_BOUND('',#4515,.T.);
#4886=FACE_BOUND('',#4516,.T.);
#4887=FACE_BOUND('',#4517,.T.);
#4888=FACE_BOUND('',#4518,.T.);
#4889=FACE_BOUND('',#4519,.T.);
#4890=FACE_BOUND('',#4520,.T.);
#4891=FACE_BOUND('',#4521,.T.);
#4892=FACE_BOUND('',#4522,.T.);
#4893=FACE_BOUND('',#4523,.T.);
#4894=FACE_BOUND('',#4524,.T.);
#4895=FACE_BOUND('',#4525,.T.);
#4896=FACE_BOUND('',#4526,.T.);
#4897=FACE_BOUND('',#4527,.T.);
#4898=FACE_BOUND('',#4528,.T.);
#4899=FACE_BOUND('',#4529,.T.);
#4900=FACE_BOUND('',#4530,.T.);
#4901=FACE_BOUND('',#4531,.T.);
#4902=FACE_BOUND('',#4532,.T.);
#4903=FACE_BOUND('',#4533,.T.);
#4904=FACE_BOUND('',#4534,.T.);
#4905=FACE_BOUND('',#4535,.T.);
#4906=FACE_BOUND('',#4536,.T.);
#4907=FACE_BOUND('',#4537,.T.);
#4908=FACE_BOUND('',#4538,.T.);
#4909=FACE_BOUND('',#4539,.T.);
#4910=FACE_BOUND('',#4540,.T.);
#4911=FACE_BOUND('',#4541,.T.);
#4912=FACE_BOUND('',#4542,.T.);
#4913=FACE_BOUND('',#4543,.T.);
#4914=FACE_BOUND('',#4544,.T.);
#4915=FACE_BOUND('',#4545,.T.);
#4916=FACE_BOUND('',#4546,.T.);
#4917=FACE_BOUND('',#4547,.T.);
#4918=FACE_BOUND('',#4548,.T.);
#4919=FACE_BOUND('',#4549,.T.);
#4920=FACE_BOUND('',#4550,.T.);
#4921=FACE_BOUND('',#4551,.T.);
#4922=FACE_BOUND('',#4552,.T.);
#4923=FACE_BOUND('',#4553,.T.);
#4924=FACE_BOUND('',#4554,.T.);
#4925=FACE_BOUND('',#4555,.T.);
#4926=FACE_BOUND('',#4556,.T.);
#4927=FACE_BOUND('',#4557,.T.);
#4928=FACE_BOUND('',#4558,.T.);
#4929=FACE_BOUND('',#4559,.T.);
#4930=FACE_BOUND('',#4560,.T.);
#4931=FACE_BOUND('',#4561,.T.);
#4932=FACE_BOUND('',#4562,.T.);
#4933=FACE_BOUND('',#4563,.T.);
#4934=FACE_BOUND('',#4564,.T.);
#4935=FACE_BOUND('',#4565,.T.);
#4936=FACE_BOUND('',#4566,.T.);
#4937=FACE_BOUND('',#4567,.T.);
#4938=FACE_BOUND('',#4568,.T.);
#4939=FACE_BOUND('',#4569,.T.);
#4940=FACE_BOUND('',#4570,.T.);
#4941=FACE_BOUND('',#4571,.T.);
#4942=FACE_BOUND('',#4572,.T.);
#4943=FACE_BOUND('',#4573,.T.);
#4944=FACE_BOUND('',#4574,.T.);
#4945=FACE_BOUND('',#4575,.T.);
#4946=FACE_BOUND('',#4576,.T.);
#4947=FACE_BOUND('',#4577,.T.);
#4948=FACE_BOUND('',#4578,.T.);
#4949=FACE_BOUND('',#4579,.T.);
#4950=FACE_BOUND('',#4580,.T.);
#4951=FACE_BOUND('',#4581,.T.);
#4952=FACE_BOUND('',#4582,.T.);
#4953=FACE_BOUND('',#4583,.T.);
#4954=FACE_BOUND('',#4584,.T.);
#4955=FACE_BOUND('',#4585,.T.);
#4956=FACE_BOUND('',#4586,.T.);
#4957=FACE_BOUND('',#4587,.T.);
#4958=FACE_BOUND('',#4588,.T.);
#4959=FACE_BOUND('',#4589,.T.);
#4960=FACE_BOUND('',#4590,.T.);
#4961=FACE_BOUND('',#4591,.T.);
#4962=FACE_BOUND('',#4592,.T.);
#4963=FACE_BOUND('',#4593,.T.);
#4964=FACE_BOUND('',#4594,.T.);
#4965=FACE_BOUND('',#4595,.T.);
#4966=FACE_BOUND('',#4596,.T.);
#4967=FACE_BOUND('',#4597,.T.);
#4968=FACE_BOUND('',#4598,.T.);
#4969=FACE_BOUND('',#4599,.T.);
#4970=FACE_BOUND('',#4600,.T.);
#4971=FACE_BOUND('',#4601,.T.);
#4972=FACE_BOUND('',#4602,.T.);
#4973=FACE_BOUND('',#4603,.T.);
#4974=FACE_BOUND('',#4604,.T.);
#4975=FACE_BOUND('',#4605,.T.);
#4976=FACE_BOUND('',#4606,.T.);
#4977=FACE_BOUND('',#4607,.T.);
#4978=FACE_BOUND('',#4608,.T.);
#4979=FACE_BOUND('',#4609,.T.);
#4980=FACE_BOUND('',#4610,.T.);
#4981=FACE_BOUND('',#4611,.T.);
#4982=FACE_BOUND('',#4612,.T.);
#4983=FACE_BOUND('',#4613,.T.);
#4984=FACE_BOUND('',#4614,.T.);
#4985=FACE_BOUND('',#4615,.T.);
#4986=FACE_BOUND('',#4616,.T.);
#4987=FACE_BOUND('',#4617,.T.);
#4988=FACE_BOUND('',#4618,.T.);
#4989=FACE_BOUND('',#4619,.T.);
#4990=FACE_BOUND('',#4620,.T.);
#4991=FACE_BOUND('',#4621,.T.);
#4992=FACE_BOUND('',#4622,.T.);
#4993=FACE_BOUND('',#4623,.T.);
#4994=FACE_BOUND('',#4624,.T.);
#4995=FACE_BOUND('',#4625,.T.);
#4996=FACE_BOUND('',#4626,.T.);
#4997=FACE_BOUND('',#4627,.T.);
#4998=FACE_BOUND('',#4628,.T.);
#4999=FACE_BOUND('',#4629,.T.);
#5000=FACE_BOUND('',#4630,.T.);
#5001=FACE_BOUND('',#4631,.T.);
#5002=FACE_BOUND('',#4632,.T.);
#5003=FACE_BOUND('',#4633,.T.);
#5004=FACE_BOUND('',#4634,.T.);
#5005=FACE_BOUND('',#4635,.T.);
#5006=FACE_BOUND('',#4636,.T.);
#5007=FACE_BOUND('',#4637,.T.);
#5008=FACE_BOUND('',#4638,.T.);
#5009=FACE_BOUND('',#4639,.T.);
#5010=FACE_BOUND('',#4640,.T.);
#5011=FACE_BOUND('',#4641,.T.);
#5012=FACE_BOUND('',#4642,.T.);
#5013=FACE_BOUND('',#4643,.T.);
#5014=FACE_BOUND('',#4644,.T.);
#5015=FACE_BOUND('',#4645,.T.);
#5016=FACE_BOUND('',#4646,.T.);
#5017=FACE_BOUND('',#4647,.T.);
#5018=FACE_BOUND('',#4648,.T.);
#5019=FACE_BOUND('',#4649,.T.);
#5020=FACE_BOUND('',#4650,.T.);
#5021=FACE_BOUND('',#4651,.T.);
#5022=FACE_BOUND('',#4652,.T.);
#5023=FACE_BOUND('',#4653,.T.);
#5024=FACE_BOUND('',#4654,.T.);
#5025=FACE_BOUND('',#4655,.T.);
#5026=FACE_BOUND('',#4656,.T.);
#5027=FACE_BOUND('',#4657,.T.);
#5028=FACE_BOUND('',#4658,.T.);
#5029=FACE_BOUND('',#4659,.T.);
#5030=FACE_BOUND('',#4660,.T.);
#5031=FACE_BOUND('',#4661,.T.);
#5032=FACE_BOUND('',#4662,.T.);
#5033=FACE_BOUND('',#4663,.T.);
#5034=FACE_BOUND('',#4664,.T.);
#5035=FACE_BOUND('',#4665,.T.);
#5036=FACE_BOUND('',#4666,.T.);
#5037=FACE_BOUND('',#4667,.T.);
#5038=FACE_BOUND('',#4668,.T.);
#5039=FACE_BOUND('',#4669,.T.);
#5040=FACE_BOUND('',#4670,.T.);
#5041=FACE_BOUND('',#4671,.T.);
#5042=FACE_BOUND('',#4672,.T.);
#5043=FACE_BOUND('',#4673,.T.);
#5044=FACE_BOUND('',#4674,.T.);
#5045=FACE_BOUND('',#4675,.T.);
#5046=FACE_BOUND('',#4676,.T.);
#5047=FACE_BOUND('',#4677,.T.);
#5048=FACE_BOUND('',#4678,.T.);
#5049=FACE_BOUND('',#4679,.T.);
#5050=FACE_BOUND('',#4680,.T.);
#5051=FACE_BOUND('',#4681,.T.);
#5052=FACE_BOUND('',#4682,.T.);
#5053=FACE_BOUND('',#4683,.T.);
#5054=FACE_BOUND('',#4684,.T.);
#5055=FACE_BOUND('',#4685,.T.);
#5056=FACE_BOUND('',#4686,.T.);
#5057=FACE_BOUND('',#4687,.T.);
#5058=FACE_BOUND('',#4688,.T.);
#5059=FACE_BOUND('',#4689,.T.);
#5060=FACE_BOUND('',#4690,.T.);
#5061=FACE_BOUND('',#4691,.T.);
#5062=FACE_BOUND('',#4692,.T.);
#5063=FACE_BOUND('',#4693,.T.);
#5064=FACE_BOUND('',#4694,.T.);
#5065=FACE_BOUND('',#4695,.T.);
#5066=FACE_BOUND('',#4696,.T.);
#5067=FACE_BOUND('',#4697,.T.);
#5068=FACE_BOUND('',#4698,.T.);
#5069=FACE_BOUND('',#4699,.T.);
#5070=FACE_BOUND('',#4700,.T.);
#5071=FACE_BOUND('',#4701,.T.);
#5072=FACE_BOUND('',#4702,.T.);
#5073=FACE_BOUND('',#4703,.T.);
#5074=FACE_BOUND('',#4704,.T.);
#5075=FACE_BOUND('',#4705,.T.);
#5076=FACE_BOUND('',#4706,.T.);
#5077=FACE_BOUND('',#4707,.T.);
#5078=FACE_BOUND('',#4708,.T.);
#5079=FACE_BOUND('',#4709,.T.);
#5080=FACE_BOUND('',#4710,.T.);
#5081=FACE_BOUND('',#4711,.T.);
#5082=FACE_BOUND('',#4712,.T.);
#5083=FACE_BOUND('',#4713,.T.);
#5084=FACE_BOUND('',#4714,.T.);
#5085=FACE_BOUND('',#4715,.T.);
#5086=FACE_BOUND('',#4716,.T.);
#5087=FACE_BOUND('',#4717,.T.);
#5088=FACE_BOUND('',#4718,.T.);
#5089=FACE_BOUND('',#4719,.T.);
#5090=FACE_BOUND('',#4720,.T.);
#5091=FACE_BOUND('',#4721,.T.);
#5092=FACE_BOUND('',#4722,.T.);
#5093=FACE_BOUND('',#4723,.T.);
#5094=FACE_BOUND('',#4724,.T.);
#5095=FACE_BOUND('',#4725,.T.);
#5096=FACE_BOUND('',#4726,.T.);
#5097=FACE_BOUND('',#4727,.T.);
#5098=FACE_BOUND('',#4728,.T.);
#5099=FACE_BOUND('',#4729,.T.);
#5100=FACE_BOUND('',#4730,.T.);
#5101=FACE_BOUND('',#4731,.T.);
#5102=FACE_BOUND('',#4732,.T.);
#5103=FACE_BOUND('',#4733,.T.);
#5104=FACE_BOUND('',#4734,.T.);
#5105=FACE_BOUND('',#4735,.T.);
#5106=FACE_BOUND('',#4736,.T.);
#5107=FACE_BOUND('',#4737,.T.);
#5108=FACE_BOUND('',#4738,.T.);
#5109=FACE_BOUND('',#4739,.T.);
#5110=FACE_BOUND('',#4740,.T.);
#5111=FACE_BOUND('',#4741,.T.);
#5112=FACE_BOUND('',#4742,.T.);
#5113=FACE_BOUND('',#4743,.T.);
#5114=FACE_BOUND('',#4744,.T.);
#5115=FACE_BOUND('',#4745,.T.);
#5116=FACE_BOUND('',#4746,.T.);
#5117=FACE_BOUND('',#4747,.T.);
#5118=FACE_BOUND('',#4748,.T.);
#5119=FACE_BOUND('',#4749,.T.);
#5120=FACE_BOUND('',#4750,.T.);
#5121=FACE_BOUND('',#4751,.T.);
#5122=CYLINDRICAL_SURFACE('',#5590,0.0005);
#5123=CYLINDRICAL_SURFACE('',#5594,0.0005);
#5124=CYLINDRICAL_SURFACE('',#5598,0.0005);
#5125=CYLINDRICAL_SURFACE('',#5602,0.0005);
#5126=CYLINDRICAL_SURFACE('',#5606,0.0005);
#5127=CYLINDRICAL_SURFACE('',#5610,0.0005);
#5128=CYLINDRICAL_SURFACE('',#5614,0.0005);
#5129=CYLINDRICAL_SURFACE('',#5618,0.0005);
#5130=CYLINDRICAL_SURFACE('',#5622,0.00295);
#5131=CYLINDRICAL_SURFACE('',#5625,0.00295);
#5132=CYLINDRICAL_SURFACE('',#5628,0.00295);
#5133=CYLINDRICAL_SURFACE('',#5631,0.00295);
#5134=CYLINDRICAL_SURFACE('',#5634,0.00295);
#5135=CYLINDRICAL_SURFACE('',#5637,0.00295);
#5136=CYLINDRICAL_SURFACE('',#5640,0.00295);
#5137=CYLINDRICAL_SURFACE('',#5643,0.00295);
#5138=CYLINDRICAL_SURFACE('',#5646,0.0115);
#5139=CYLINDRICAL_SURFACE('',#5648,0.0115);
#5140=CYLINDRICAL_SURFACE('',#5650,0.0115);
#5141=CYLINDRICAL_SURFACE('',#5652,0.0115);
#5142=CYLINDRICAL_SURFACE('',#5654,0.0115);
#5143=CYLINDRICAL_SURFACE('',#5656,0.0115);
#5144=CYLINDRICAL_SURFACE('',#5658,0.0115);
#5145=CYLINDRICAL_SURFACE('',#5660,0.0115);
#5146=CYLINDRICAL_SURFACE('',#5662,0.0115);
#5147=CYLINDRICAL_SURFACE('',#5664,0.0115);
#5148=CYLINDRICAL_SURFACE('',#5666,0.0115);
#5149=CYLINDRICAL_SURFACE('',#5668,0.0115);
#5150=CYLINDRICAL_SURFACE('',#5670,0.0115);
#5151=CYLINDRICAL_SURFACE('',#5672,0.0115);
#5152=CYLINDRICAL_SURFACE('',#5674,0.0115);
#5153=CYLINDRICAL_SURFACE('',#5676,0.0115);
#5154=CYLINDRICAL_SURFACE('',#5678,0.0115);
#5155=CYLINDRICAL_SURFACE('',#5680,0.0115);
#5156=CYLINDRICAL_SURFACE('',#5682,0.0115);
#5157=CYLINDRICAL_SURFACE('',#5684,0.0115);
#5158=CYLINDRICAL_SURFACE('',#5686,0.0115);
#5159=CYLINDRICAL_SURFACE('',#5688,0.0115);
#5160=CYLINDRICAL_SURFACE('',#5690,0.0115);
#5161=CYLINDRICAL_SURFACE('',#5692,0.0115);
#5162=CYLINDRICAL_SURFACE('',#5694,0.0115);
#5163=CYLINDRICAL_SURFACE('',#5696,0.0115);
#5164=CYLINDRICAL_SURFACE('',#5698,0.0115);
#5165=CYLINDRICAL_SURFACE('',#5700,0.0115);
#5166=CYLINDRICAL_SURFACE('',#5702,0.0115);
#5167=CYLINDRICAL_SURFACE('',#5704,0.0115);
#5168=CYLINDRICAL_SURFACE('',#5706,0.0115);
#5169=CYLINDRICAL_SURFACE('',#5707,0.0115);
#5170=CYLINDRICAL_SURFACE('',#5708,0.0115);
#5171=CYLINDRICAL_SURFACE('',#5709,0.0115);
#5172=CYLINDRICAL_SURFACE('',#5710,0.0115);
#5173=CYLINDRICAL_SURFACE('',#5711,0.0115);
#5174=CYLINDRICAL_SURFACE('',#5712,0.0115);
#5175=CYLINDRICAL_SURFACE('',#5713,0.0115);
#5176=CYLINDRICAL_SURFACE('',#5714,0.0115);
#5177=CYLINDRICAL_SURFACE('',#5715,0.0115);
#5178=CYLINDRICAL_SURFACE('',#5716,0.0115);
#5179=CYLINDRICAL_SURFACE('',#5717,0.0115);
#5180=CYLINDRICAL_SURFACE('',#5718,0.0115);
#5181=CYLINDRICAL_SURFACE('',#5719,0.0115);
#5182=CYLINDRICAL_SURFACE('',#5720,0.0115);
#5183=CYLINDRICAL_SURFACE('',#5721,0.0115);
#5184=CYLINDRICAL_SURFACE('',#5722,0.0115);
#5185=CYLINDRICAL_SURFACE('',#5723,0.0115);
#5186=CYLINDRICAL_SURFACE('',#5724,0.0115);
#5187=CYLINDRICAL_SURFACE('',#5725,0.0115);
#5188=CYLINDRICAL_SURFACE('',#5726,0.0115);
#5189=CYLINDRICAL_SURFACE('',#5727,0.0115);
#5190=CYLINDRICAL_SURFACE('',#5728,0.0115);
#5191=CYLINDRICAL_SURFACE('',#5729,0.0115);
#5192=CYLINDRICAL_SURFACE('',#5730,0.0115);
#5193=CYLINDRICAL_SURFACE('',#5731,0.0115);
#5194=CYLINDRICAL_SURFACE('',#5732,0.0115);
#5195=CYLINDRICAL_SURFACE('',#5733,0.0115);
#5196=CYLINDRICAL_SURFACE('',#5734,0.0115);
#5197=CYLINDRICAL_SURFACE('',#5735,0.0115);
#5198=CYLINDRICAL_SURFACE('',#5771,0.007);
#5199=CYLINDRICAL_SURFACE('',#5784,0.0005);
#5200=CYLINDRICAL_SURFACE('',#5790,0.0005);
#5201=CYLINDRICAL_SURFACE('',#5796,0.0005);
#5202=CYLINDRICAL_SURFACE('',#5802,0.0005);
#5203=CYLINDRICAL_SURFACE('',#5808,0.0005);
#5204=CYLINDRICAL_SURFACE('',#5814,0.0005);
#5205=CYLINDRICAL_SURFACE('',#5820,0.0005);
#5206=CYLINDRICAL_SURFACE('',#5826,0.0005);
#5207=CYLINDRICAL_SURFACE('',#5883,0.00622111925342351);
#5208=CYLINDRICAL_SURFACE('',#5886,0.00622111925342351);
#5209=CYLINDRICAL_SURFACE('',#5889,0.00622111925342351);
#5210=CYLINDRICAL_SURFACE('',#5892,0.00622111925342351);
#5211=CYLINDRICAL_SURFACE('',#5895,0.00622111925342351);
#5212=CYLINDRICAL_SURFACE('',#5898,0.00622111925342351);
#5213=CYLINDRICAL_SURFACE('',#5901,0.00622111925342351);
#5214=CYLINDRICAL_SURFACE('',#5902,0.00622111925342351);
#5215=ADVANCED_FACE('',(#4752),#5122,.F.);
#5216=ADVANCED_FACE('',(#4753),#5123,.F.);
#5217=ADVANCED_FACE('',(#4754),#5124,.F.);
#5218=ADVANCED_FACE('',(#4755),#5125,.F.);
#5219=ADVANCED_FACE('',(#4756),#5126,.F.);
#5220=ADVANCED_FACE('',(#4757),#5127,.F.);
#5221=ADVANCED_FACE('',(#4758),#5128,.F.);
#5222=ADVANCED_FACE('',(#4759),#5129,.F.);
#5223=ADVANCED_FACE('',(#4760),#5130,.F.);
#5224=ADVANCED_FACE('',(#4761),#5131,.F.);
#5225=ADVANCED_FACE('',(#4762),#5132,.F.);
#5226=ADVANCED_FACE('',(#4763),#5133,.F.);
#5227=ADVANCED_FACE('',(#4764),#5134,.F.);
#5228=ADVANCED_FACE('',(#4765),#5135,.F.);
#5229=ADVANCED_FACE('',(#4766),#5136,.F.);
#5230=ADVANCED_FACE('',(#4767),#5137,.F.);
#5231=ADVANCED_FACE('',(#4768),#5138,.T.);
#5232=ADVANCED_FACE('',(#4769),#387,.F.);
#5233=ADVANCED_FACE('',(#4770),#388,.F.);
#5234=ADVANCED_FACE('',(#4771),#5139,.T.);
#5235=ADVANCED_FACE('',(#4772),#389,.F.);
#5236=ADVANCED_FACE('',(#4773),#390,.F.);
#5237=ADVANCED_FACE('',(#4774),#5140,.T.);
#5238=ADVANCED_FACE('',(#4775),#391,.F.);
#5239=ADVANCED_FACE('',(#4776),#392,.F.);
#5240=ADVANCED_FACE('',(#4777),#5141,.T.);
#5241=ADVANCED_FACE('',(#4778),#393,.F.);
#5242=ADVANCED_FACE('',(#4779),#394,.F.);
#5243=ADVANCED_FACE('',(#4780),#5142,.T.);
#5244=ADVANCED_FACE('',(#4781),#5143,.T.);
#5245=ADVANCED_FACE('',(#4782),#395,.F.);
#5246=ADVANCED_FACE('',(#4783),#396,.F.);
#5247=ADVANCED_FACE('',(#4784),#5144,.T.);
#5248=ADVANCED_FACE('',(#4785),#5145,.T.);
#5249=ADVANCED_FACE('',(#4786),#397,.F.);
#5250=ADVANCED_FACE('',(#4787),#398,.F.);
#5251=ADVANCED_FACE('',(#4788),#5146,.T.);
#5252=ADVANCED_FACE('',(#4789),#5147,.T.);
#5253=ADVANCED_FACE('',(#4790),#399,.F.);
#5254=ADVANCED_FACE('',(#4791),#400,.F.);
#5255=ADVANCED_FACE('',(#4792),#5148,.T.);
#5256=ADVANCED_FACE('',(#4793),#5149,.T.);
#5257=ADVANCED_FACE('',(#4794),#401,.F.);
#5258=ADVANCED_FACE('',(#4795),#402,.F.);
#5259=ADVANCED_FACE('',(#4796),#5150,.T.);
#5260=ADVANCED_FACE('',(#4797),#5151,.T.);
#5261=ADVANCED_FACE('',(#4798),#403,.F.);
#5262=ADVANCED_FACE('',(#4799),#404,.F.);
#5263=ADVANCED_FACE('',(#4800),#5152,.T.);
#5264=ADVANCED_FACE('',(#4801),#5153,.T.);
#5265=ADVANCED_FACE('',(#4802),#405,.F.);
#5266=ADVANCED_FACE('',(#4803),#406,.F.);
#5267=ADVANCED_FACE('',(#4804),#5154,.T.);
#5268=ADVANCED_FACE('',(#4805),#5155,.T.);
#5269=ADVANCED_FACE('',(#4806),#407,.F.);
#5270=ADVANCED_FACE('',(#4807),#408,.F.);
#5271=ADVANCED_FACE('',(#4808),#5156,.T.);
#5272=ADVANCED_FACE('',(#4809),#5157,.T.);
#5273=ADVANCED_FACE('',(#4810),#409,.F.);
#5274=ADVANCED_FACE('',(#4811),#410,.F.);
#5275=ADVANCED_FACE('',(#4812),#5158,.T.);
#5276=ADVANCED_FACE('',(#4813),#5159,.T.);
#5277=ADVANCED_FACE('',(#4814),#411,.F.);
#5278=ADVANCED_FACE('',(#4815),#412,.F.);
#5279=ADVANCED_FACE('',(#4816),#5160,.T.);
#5280=ADVANCED_FACE('',(#4817),#5161,.T.);
#5281=ADVANCED_FACE('',(#4818),#413,.F.);
#5282=ADVANCED_FACE('',(#4819),#414,.F.);
#5283=ADVANCED_FACE('',(#4820),#5162,.T.);
#5284=ADVANCED_FACE('',(#4821),#5163,.T.);
#5285=ADVANCED_FACE('',(#4822),#415,.F.);
#5286=ADVANCED_FACE('',(#4823),#416,.F.);
#5287=ADVANCED_FACE('',(#4824),#5164,.T.);
#5288=ADVANCED_FACE('',(#4825),#5165,.T.);
#5289=ADVANCED_FACE('',(#4826),#417,.F.);
#5290=ADVANCED_FACE('',(#4827),#418,.F.);
#5291=ADVANCED_FACE('',(#4828),#5166,.T.);
#5292=ADVANCED_FACE('',(#4829),#5167,.T.);
#5293=ADVANCED_FACE('',(#4830),#419,.F.);
#5294=ADVANCED_FACE('',(#4831),#420,.F.);
#5295=ADVANCED_FACE('',(#4832),#421,.F.);
#5296=ADVANCED_FACE('',(#4833),#422,.F.);
#5297=ADVANCED_FACE('',(#4834),#423,.F.);
#5298=ADVANCED_FACE('',(#4835),#424,.F.);
#5299=ADVANCED_FACE('',(#4836),#425,.F.);
#5300=ADVANCED_FACE('',(#4837),#426,.F.);
#5301=ADVANCED_FACE('',(#4838),#427,.F.);
#5302=ADVANCED_FACE('',(#4839),#428,.F.);
#5303=ADVANCED_FACE('',(#4840),#429,.F.);
#5304=ADVANCED_FACE('',(#4841),#430,.F.);
#5305=ADVANCED_FACE('',(#4842),#431,.F.);
#5306=ADVANCED_FACE('',(#4843),#432,.F.);
#5307=ADVANCED_FACE('',(#4844),#433,.F.);
#5308=ADVANCED_FACE('',(#4845),#434,.F.);
#5309=ADVANCED_FACE('',(#4846),#435,.F.);
#5310=ADVANCED_FACE('',(#4847),#436,.F.);
#5311=ADVANCED_FACE('',(#4848),#437,.F.);
#5312=ADVANCED_FACE('',(#4849),#438,.F.);
#5313=ADVANCED_FACE('',(#4850),#439,.F.);
#5314=ADVANCED_FACE('',(#4851),#440,.F.);
#5315=ADVANCED_FACE('',(#4852),#441,.F.);
#5316=ADVANCED_FACE('',(#4853),#442,.F.);
#5317=ADVANCED_FACE('',(#4854),#443,.F.);
#5318=ADVANCED_FACE('',(#4855),#444,.F.);
#5319=ADVANCED_FACE('',(#4856),#445,.F.);
#5320=ADVANCED_FACE('',(#4857),#446,.F.);
#5321=ADVANCED_FACE('',(#4858),#447,.F.);
#5322=ADVANCED_FACE('',(#4859),#448,.F.);
#5323=ADVANCED_FACE('',(#4860),#449,.F.);
#5324=ADVANCED_FACE('',(#4861),#450,.F.);
#5325=ADVANCED_FACE('',(#4862),#451,.F.);
#5326=ADVANCED_FACE('',(#4863),#452,.F.);
#5327=ADVANCED_FACE('',(#4864),#453,.F.);
#5328=ADVANCED_FACE('',(#4865),#454,.F.);
#5329=ADVANCED_FACE('',(#4866),#455,.F.);
#5330=ADVANCED_FACE('',(#4867),#456,.F.);
#5331=ADVANCED_FACE('',(#4868),#457,.F.);
#5332=ADVANCED_FACE('',(#4869),#458,.F.);
#5333=ADVANCED_FACE('',(#4870),#459,.F.);
#5334=ADVANCED_FACE('',(#4871),#460,.F.);
#5335=ADVANCED_FACE('',(#4872),#461,.F.);
#5336=ADVANCED_FACE('',(#4873),#462,.F.);
#5337=ADVANCED_FACE('',(#4874),#463,.F.);
#5338=ADVANCED_FACE('',(#4875),#464,.F.);
#5339=ADVANCED_FACE('',(#4876),#465,.F.);
#5340=ADVANCED_FACE('',(#4877),#466,.F.);
#5341=ADVANCED_FACE('',(#4878),#467,.F.);
#5342=ADVANCED_FACE('',(#4879),#468,.F.);
#5343=ADVANCED_FACE('',(#4880),#469,.F.);
#5344=ADVANCED_FACE('',(#4881),#470,.F.);
#5345=ADVANCED_FACE('',(#4882),#471,.F.);
#5346=ADVANCED_FACE('',(#4883),#472,.F.);
#5347=ADVANCED_FACE('',(#4884),#473,.F.);
#5348=ADVANCED_FACE('',(#4885),#474,.F.);
#5349=ADVANCED_FACE('',(#4886),#475,.F.);
#5350=ADVANCED_FACE('',(#4887),#476,.F.);
#5351=ADVANCED_FACE('',(#4888),#477,.F.);
#5352=ADVANCED_FACE('',(#4889),#478,.F.);
#5353=ADVANCED_FACE('',(#4890),#479,.F.);
#5354=ADVANCED_FACE('',(#4891),#480,.F.);
#5355=ADVANCED_FACE('',(#4892),#481,.F.);
#5356=ADVANCED_FACE('',(#4893),#482,.F.);
#5357=ADVANCED_FACE('',(#4894),#483,.F.);
#5358=ADVANCED_FACE('',(#4895),#484,.F.);
#5359=ADVANCED_FACE('',(#4896),#485,.F.);
#5360=ADVANCED_FACE('',(#4897),#486,.F.);
#5361=ADVANCED_FACE('',(#4898),#487,.F.);
#5362=ADVANCED_FACE('',(#4899),#488,.F.);
#5363=ADVANCED_FACE('',(#4900),#489,.F.);
#5364=ADVANCED_FACE('',(#4901),#490,.F.);
#5365=ADVANCED_FACE('',(#4902),#491,.F.);
#5366=ADVANCED_FACE('',(#4903),#492,.F.);
#5367=ADVANCED_FACE('',(#4904),#493,.F.);
#5368=ADVANCED_FACE('',(#4905),#494,.F.);
#5369=ADVANCED_FACE('',(#4906),#495,.F.);
#5370=ADVANCED_FACE('',(#4907),#496,.F.);
#5371=ADVANCED_FACE('',(#4908),#497,.F.);
#5372=ADVANCED_FACE('',(#4909),#498,.F.);
#5373=ADVANCED_FACE('',(#4910),#499,.F.);
#5374=ADVANCED_FACE('',(#4911),#500,.F.);
#5375=ADVANCED_FACE('',(#4912),#501,.F.);
#5376=ADVANCED_FACE('',(#4913),#502,.F.);
#5377=ADVANCED_FACE('',(#4914),#503,.F.);
#5378=ADVANCED_FACE('',(#4915),#504,.F.);
#5379=ADVANCED_FACE('',(#4916),#505,.F.);
#5380=ADVANCED_FACE('',(#4917),#506,.F.);
#5381=ADVANCED_FACE('',(#4918),#5168,.T.);
#5382=ADVANCED_FACE('',(#4919),#5169,.T.);
#5383=ADVANCED_FACE('',(#4920),#507,.F.);
#5384=ADVANCED_FACE('',(#4921),#508,.F.);
#5385=ADVANCED_FACE('',(#4922),#5170,.T.);
#5386=ADVANCED_FACE('',(#4923),#5171,.T.);
#5387=ADVANCED_FACE('',(#4924),#509,.F.);
#5388=ADVANCED_FACE('',(#4925),#510,.F.);
#5389=ADVANCED_FACE('',(#4926),#5172,.T.);
#5390=ADVANCED_FACE('',(#4927),#5173,.T.);
#5391=ADVANCED_FACE('',(#4928),#5174,.T.);
#5392=ADVANCED_FACE('',(#4929),#511,.F.);
#5393=ADVANCED_FACE('',(#4930),#512,.F.);
#5394=ADVANCED_FACE('',(#4931),#5175,.T.);
#5395=ADVANCED_FACE('',(#4932),#5176,.T.);
#5396=ADVANCED_FACE('',(#4933),#513,.F.);
#5397=ADVANCED_FACE('',(#4934),#514,.F.);
#5398=ADVANCED_FACE('',(#4935),#5177,.T.);
#5399=ADVANCED_FACE('',(#4936),#5178,.T.);
#5400=ADVANCED_FACE('',(#4937),#515,.F.);
#5401=ADVANCED_FACE('',(#4938),#516,.F.);
#5402=ADVANCED_FACE('',(#4939),#5179,.T.);
#5403=ADVANCED_FACE('',(#4940),#5180,.T.);
#5404=ADVANCED_FACE('',(#4941),#517,.F.);
#5405=ADVANCED_FACE('',(#4942),#518,.F.);
#5406=ADVANCED_FACE('',(#4943),#5181,.T.);
#5407=ADVANCED_FACE('',(#4944),#5182,.T.);
#5408=ADVANCED_FACE('',(#4945),#519,.F.);
#5409=ADVANCED_FACE('',(#4946),#520,.F.);
#5410=ADVANCED_FACE('',(#4947),#5183,.T.);
#5411=ADVANCED_FACE('',(#4948),#5184,.T.);
#5412=ADVANCED_FACE('',(#4949),#521,.F.);
#5413=ADVANCED_FACE('',(#4950),#522,.F.);
#5414=ADVANCED_FACE('',(#4951),#5185,.T.);
#5415=ADVANCED_FACE('',(#4952),#5186,.T.);
#5416=ADVANCED_FACE('',(#4953),#523,.F.);
#5417=ADVANCED_FACE('',(#4954),#524,.F.);
#5418=ADVANCED_FACE('',(#4955),#5187,.T.);
#5419=ADVANCED_FACE('',(#4956),#5188,.T.);
#5420=ADVANCED_FACE('',(#4957),#525,.F.);
#5421=ADVANCED_FACE('',(#4958),#526,.F.);
#5422=ADVANCED_FACE('',(#4959),#5189,.T.);
#5423=ADVANCED_FACE('',(#4960),#5190,.T.);
#5424=ADVANCED_FACE('',(#4961),#527,.F.);
#5425=ADVANCED_FACE('',(#4962),#528,.F.);
#5426=ADVANCED_FACE('',(#4963),#5191,.T.);
#5427=ADVANCED_FACE('',(#4964),#5192,.T.);
#5428=ADVANCED_FACE('',(#4965),#529,.F.);
#5429=ADVANCED_FACE('',(#4966),#530,.F.);
#5430=ADVANCED_FACE('',(#4967),#5193,.T.);
#5431=ADVANCED_FACE('',(#4968),#5194,.T.);
#5432=ADVANCED_FACE('',(#4969),#531,.F.);
#5433=ADVANCED_FACE('',(#4970),#532,.F.);
#5434=ADVANCED_FACE('',(#4971),#5195,.T.);
#5435=ADVANCED_FACE('',(#4972),#5196,.T.);
#5436=ADVANCED_FACE('',(#4973),#533,.F.);
#5437=ADVANCED_FACE('',(#4974),#534,.F.);
#5438=ADVANCED_FACE('',(#4975),#5197,.T.);
#5439=ADVANCED_FACE('',(#4976),#535,.F.);
#5440=ADVANCED_FACE('',(#4977),#536,.F.);
#5441=ADVANCED_FACE('',(#4978),#537,.F.);
#5442=ADVANCED_FACE('',(#4979),#538,.F.);
#5443=ADVANCED_FACE('',(#4980),#539,.F.);
#5444=ADVANCED_FACE('',(#4981),#540,.F.);
#5445=ADVANCED_FACE('',(#4982),#541,.F.);
#5446=ADVANCED_FACE('',(#4983),#542,.F.);
#5447=ADVANCED_FACE('',(#4984),#543,.F.);
#5448=ADVANCED_FACE('',(#4985),#544,.F.);
#5449=ADVANCED_FACE('',(#4986),#545,.F.);
#5450=ADVANCED_FACE('',(#4987),#546,.F.);
#5451=ADVANCED_FACE('',(#4988),#547,.F.);
#5452=ADVANCED_FACE('',(#4989),#548,.F.);
#5453=ADVANCED_FACE('',(#4990),#549,.F.);
#5454=ADVANCED_FACE('',(#4991),#550,.F.);
#5455=ADVANCED_FACE('',(#4992),#551,.F.);
#5456=ADVANCED_FACE('',(#4993),#552,.F.);
#5457=ADVANCED_FACE('',(#4994),#553,.F.);
#5458=ADVANCED_FACE('',(#4995),#554,.F.);
#5459=ADVANCED_FACE('',(#4996),#555,.F.);
#5460=ADVANCED_FACE('',(#4997),#556,.F.);
#5461=ADVANCED_FACE('',(#4998),#557,.F.);
#5462=ADVANCED_FACE('',(#4999),#558,.F.);
#5463=ADVANCED_FACE('',(#5000),#559,.F.);
#5464=ADVANCED_FACE('',(#5001),#560,.F.);
#5465=ADVANCED_FACE('',(#5002),#561,.F.);
#5466=ADVANCED_FACE('',(#5003),#562,.F.);
#5467=ADVANCED_FACE('',(#5004),#563,.F.);
#5468=ADVANCED_FACE('',(#5005),#564,.F.);
#5469=ADVANCED_FACE('',(#5006),#565,.F.);
#5470=ADVANCED_FACE('',(#5007),#566,.F.);
#5471=ADVANCED_FACE('',(#5008,#5009),#72,.T.);
#5472=ADVANCED_FACE('',(#5010,#5011),#73,.T.);
#5473=ADVANCED_FACE('',(#5012,#5013),#12,.F.);
#5474=ADVANCED_FACE('',(#5014),#13,.T.);
#5475=ADVANCED_FACE('',(#5015,#5016),#74,.T.);
#5476=ADVANCED_FACE('',(#5017,#5018),#14,.T.);
#5477=ADVANCED_FACE('',(#5019,#5020),#5198,.F.);
#5478=ADVANCED_FACE('',(#5021),#15,.T.);
#5479=ADVANCED_FACE('',(#5022),#16,.F.);
#5480=ADVANCED_FACE('',(#5023),#5199,.F.);
#5481=ADVANCED_FACE('',(#5024),#17,.F.);
#5482=ADVANCED_FACE('',(#5025),#18,.F.);
#5483=ADVANCED_FACE('',(#5026),#19,.F.);
#5484=ADVANCED_FACE('',(#5027),#5200,.F.);
#5485=ADVANCED_FACE('',(#5028),#20,.F.);
#5486=ADVANCED_FACE('',(#5029),#21,.F.);
#5487=ADVANCED_FACE('',(#5030),#22,.F.);
#5488=ADVANCED_FACE('',(#5031),#5201,.F.);
#5489=ADVANCED_FACE('',(#5032),#23,.F.);
#5490=ADVANCED_FACE('',(#5033),#24,.F.);
#5491=ADVANCED_FACE('',(#5034),#25,.F.);
#5492=ADVANCED_FACE('',(#5035),#5202,.F.);
#5493=ADVANCED_FACE('',(#5036),#26,.F.);
#5494=ADVANCED_FACE('',(#5037),#27,.F.);
#5495=ADVANCED_FACE('',(#5038),#28,.F.);
#5496=ADVANCED_FACE('',(#5039),#5203,.F.);
#5497=ADVANCED_FACE('',(#5040),#29,.F.);
#5498=ADVANCED_FACE('',(#5041),#30,.F.);
#5499=ADVANCED_FACE('',(#5042),#31,.F.);
#5500=ADVANCED_FACE('',(#5043),#5204,.F.);
#5501=ADVANCED_FACE('',(#5044),#32,.F.);
#5502=ADVANCED_FACE('',(#5045),#33,.F.);
#5503=ADVANCED_FACE('',(#5046),#34,.F.);
#5504=ADVANCED_FACE('',(#5047),#5205,.F.);
#5505=ADVANCED_FACE('',(#5048),#35,.F.);
#5506=ADVANCED_FACE('',(#5049),#36,.F.);
#5507=ADVANCED_FACE('',(#5050),#37,.F.);
#5508=ADVANCED_FACE('',(#5051),#5206,.F.);
#5509=ADVANCED_FACE('',(#5052),#38,.F.);
#5510=ADVANCED_FACE('',(#5053),#39,.F.);
#5511=ADVANCED_FACE('',(#5054,#5055),#75,.F.);
#5512=ADVANCED_FACE('',(#5056),#76,.F.);
#5513=ADVANCED_FACE('',(#5057),#40,.T.);
#5514=ADVANCED_FACE('',(#5058),#41,.T.);
#5515=ADVANCED_FACE('',(#5059),#77,.F.);
#5516=ADVANCED_FACE('',(#5060),#78,.F.);
#5517=ADVANCED_FACE('',(#5061),#42,.T.);
#5518=ADVANCED_FACE('',(#5062),#43,.T.);
#5519=ADVANCED_FACE('',(#5063),#79,.F.);
#5520=ADVANCED_FACE('',(#5064),#80,.F.);
#5521=ADVANCED_FACE('',(#5065),#44,.T.);
#5522=ADVANCED_FACE('',(#5066),#45,.T.);
#5523=ADVANCED_FACE('',(#5067),#81,.F.);
#5524=ADVANCED_FACE('',(#5068),#82,.F.);
#5525=ADVANCED_FACE('',(#5069),#46,.T.);
#5526=ADVANCED_FACE('',(#5070),#47,.T.);
#5527=ADVANCED_FACE('',(#5071),#83,.F.);
#5528=ADVANCED_FACE('',(#5072),#84,.F.);
#5529=ADVANCED_FACE('',(#5073),#48,.T.);
#5530=ADVANCED_FACE('',(#5074),#49,.T.);
#5531=ADVANCED_FACE('',(#5075),#85,.F.);
#5532=ADVANCED_FACE('',(#5076),#86,.F.);
#5533=ADVANCED_FACE('',(#5077),#50,.T.);
#5534=ADVANCED_FACE('',(#5078),#51,.T.);
#5535=ADVANCED_FACE('',(#5079),#87,.F.);
#5536=ADVANCED_FACE('',(#5080),#88,.F.);
#5537=ADVANCED_FACE('',(#5081),#52,.T.);
#5538=ADVANCED_FACE('',(#5082),#53,.T.);
#5539=ADVANCED_FACE('',(#5083),#89,.F.);
#5540=ADVANCED_FACE('',(#5084),#90,.F.);
#5541=ADVANCED_FACE('',(#5085),#54,.T.);
#5542=ADVANCED_FACE('',(#5086),#55,.T.);
#5543=ADVANCED_FACE('',(#5087),#91,.F.);
#5544=ADVANCED_FACE('',(#5088),#92,.F.);
#5545=ADVANCED_FACE('',(#5089),#56,.T.);
#5546=ADVANCED_FACE('',(#5090),#57,.T.);
#5547=ADVANCED_FACE('',(#5091),#93,.F.);
#5548=ADVANCED_FACE('',(#5092),#94,.F.);
#5549=ADVANCED_FACE('',(#5093),#58,.T.);
#5550=ADVANCED_FACE('',(#5094),#59,.T.);
#5551=ADVANCED_FACE('',(#5095),#95,.F.);
#5552=ADVANCED_FACE('',(#5096),#96,.F.);
#5553=ADVANCED_FACE('',(#5097),#60,.T.);
#5554=ADVANCED_FACE('',(#5098),#61,.T.);
#5555=ADVANCED_FACE('',(#5099),#97,.F.);
#5556=ADVANCED_FACE('',(#5100),#98,.F.);
#5557=ADVANCED_FACE('',(#5101),#62,.T.);
#5558=ADVANCED_FACE('',(#5102),#63,.T.);
#5559=ADVANCED_FACE('',(#5103),#99,.F.);
#5560=ADVANCED_FACE('',(#5104,#5105),#100,.F.);
#5561=ADVANCED_FACE('',(#5106),#64,.F.);
#5562=ADVANCED_FACE('',(#5107),#5207,.F.);
#5563=ADVANCED_FACE('',(#5108),#65,.F.);
#5564=ADVANCED_FACE('',(#5109),#5208,.F.);
#5565=ADVANCED_FACE('',(#5110),#66,.F.);
#5566=ADVANCED_FACE('',(#5111),#5209,.F.);
#5567=ADVANCED_FACE('',(#5112),#67,.F.);
#5568=ADVANCED_FACE('',(#5113),#5210,.F.);
#5569=ADVANCED_FACE('',(#5114),#68,.F.);
#5570=ADVANCED_FACE('',(#5115),#5211,.F.);
#5571=ADVANCED_FACE('',(#5116),#69,.F.);
#5572=ADVANCED_FACE('',(#5117),#5212,.F.);
#5573=ADVANCED_FACE('',(#5118),#70,.F.);
#5574=ADVANCED_FACE('',(#5119),#5213,.F.);
#5575=ADVANCED_FACE('',(#5120),#5214,.F.);
#5576=ADVANCED_FACE('',(#5121),#71,.F.);
#5577=CLOSED_SHELL('',(#5215,#5216,#5217,#5218,#5219,#5220,#5221,#5222,
#5223,#5224,#5225,#5226,#5227,#5228,#5229,#5230,#5231,#5232,#5233,#5234,
#5235,#5236,#5237,#5238,#5239,#5240,#5241,#5242,#5243,#5244,#5245,#5246,
#5247,#5248,#5249,#5250,#5251,#5252,#5253,#5254,#5255,#5256,#5257,#5258,
#5259,#5260,#5261,#5262,#5263,#5264,#5265,#5266,#5267,#5268,#5269,#5270,
#5271,#5272,#5273,#5274,#5275,#5276,#5277,#5278,#5279,#5280,#5281,#5282,
#5283,#5284,#5285,#5286,#5287,#5288,#5289,#5290,#5291,#5292,#5293,#5294,
#5295,#5296,#5297,#5298,#5299,#5300,#5301,#5302,#5303,#5304,#5305,#5306,
#5307,#5308,#5309,#5310,#5311,#5312,#5313,#5314,#5315,#5316,#5317,#5318,
#5319,#5320,#5321,#5322,#5323,#5324,#5325,#5326,#5327,#5328,#5329,#5330,
#5331,#5332,#5333,#5334,#5335,#5336,#5337,#5338,#5339,#5340,#5341,#5342,
#5343,#5344,#5345,#5346,#5347,#5348,#5349,#5350,#5351,#5352,#5353,#5354,
#5355,#5356,#5357,#5358,#5359,#5360,#5361,#5362,#5363,#5364,#5365,#5366,
#5367,#5368,#5369,#5370,#5371,#5372,#5373,#5374,#5375,#5376,#5377,#5378,
#5379,#5380,#5381,#5382,#5383,#5384,#5385,#5386,#5387,#5388,#5389,#5390,
#5391,#5392,#5393,#5394,#5395,#5396,#5397,#5398,#5399,#5400,#5401,#5402,
#5403,#5404,#5405,#5406,#5407,#5408,#5409,#5410,#5411,#5412,#5413,#5414,
#5415,#5416,#5417,#5418,#5419,#5420,#5421,#5422,#5423,#5424,#5425,#5426,
#5427,#5428,#5429,#5430,#5431,#5432,#5433,#5434,#5435,#5436,#5437,#5438,
#5439,#5440,#5441,#5442,#5443,#5444,#5445,#5446,#5447,#5448,#5449,#5450,
#5451,#5452,#5453,#5454,#5455,#5456,#5457,#5458,#5459,#5460,#5461,#5462,
#5463,#5464,#5465,#5466,#5467,#5468,#5469,#5470,#5471,#5472,#5473,#5474,
#5475,#5476,#5477,#5478,#5479,#5480,#5481,#5482,#5483,#5484,#5485,#5486,
#5487,#5488,#5489,#5490,#5491,#5492,#5493,#5494,#5495,#5496,#5497,#5498,
#5499,#5500,#5501,#5502,#5503,#5504,#5505,#5506,#5507,#5508,#5509,#5510,
#5511,#5512,#5513,#5514,#5515,#5516,#5517,#5518,#5519,#5520,#5521,#5522,
#5523,#5524,#5525,#5526,#5527,#5528,#5529,#5530,#5531,#5532,#5533,#5534,
#5535,#5536,#5537,#5538,#5539,#5540,#5541,#5542,#5543,#5544,#5545,#5546,
#5547,#5548,#5549,#5550,#5551,#5552,#5553,#5554,#5555,#5556,#5557,#5558,
#5559,#5560,#5561,#5562,#5563,#5564,#5565,#5566,#5567,#5568,#5569,#5570,
#5571,#5572,#5573,#5574,#5575,#5576));
#5578=STYLED_ITEM('',(#5579),#5586);
#5579=PRESENTATION_STYLE_ASSIGNMENT((#5580));
#5580=SURFACE_STYLE_USAGE(.BOTH.,#5581);
#5581=SURFACE_SIDE_STYLE('',(#5582));
#5582=SURFACE_STYLE_FILL_AREA(#5583);
#5583=FILL_AREA_STYLE('',(#5584));
#5584=FILL_AREA_STYLE_COLOUR('',#5585);
#5585=COLOUR_RGB('',0.615686274509804,0.811764705882353,0.929411764705882);
#5586=MANIFOLD_SOLID_BREP('Part 1',#5577);
#5587=SHAPE_DEFINITION_REPRESENTATION(#11514,#5588);
#5588=SHAPE_REPRESENTATION('Part 1',(#5589),#11509);
#5589=AXIS2_PLACEMENT_3D('',#6705,#5905,#5906);
#5590=AXIS2_PLACEMENT_3D('',#6706,#5907,#5908);
#5591=AXIS2_PLACEMENT_3D('',#6710,#5910,#5911);
#5592=AXIS2_PLACEMENT_3D('',#6716,#5914,#5915);
#5593=AXIS2_PLACEMENT_3D('',#6720,#5917,#5918);
#5594=AXIS2_PLACEMENT_3D('',#6721,#5919,#5920);
#5595=AXIS2_PLACEMENT_3D('',#6725,#5922,#5923);
#5596=AXIS2_PLACEMENT_3D('',#6731,#5926,#5927);
#5597=AXIS2_PLACEMENT_3D('',#6735,#5929,#5930);
#5598=AXIS2_PLACEMENT_3D('',#6736,#5931,#5932);
#5599=AXIS2_PLACEMENT_3D('',#6740,#5934,#5935);
#5600=AXIS2_PLACEMENT_3D('',#6746,#5938,#5939);
#5601=AXIS2_PLACEMENT_3D('',#6750,#5941,#5942);
#5602=AXIS2_PLACEMENT_3D('',#6751,#5943,#5944);
#5603=AXIS2_PLACEMENT_3D('',#6755,#5946,#5947);
#5604=AXIS2_PLACEMENT_3D('',#6761,#5950,#5951);
#5605=AXIS2_PLACEMENT_3D('',#6765,#5953,#5954);
#5606=AXIS2_PLACEMENT_3D('',#6766,#5955,#5956);
#5607=AXIS2_PLACEMENT_3D('',#6770,#5958,#5959);
#5608=AXIS2_PLACEMENT_3D('',#6776,#5962,#5963);
#5609=AXIS2_PLACEMENT_3D('',#6780,#5965,#5966);
#5610=AXIS2_PLACEMENT_3D('',#6781,#5967,#5968);
#5611=AXIS2_PLACEMENT_3D('',#6785,#5970,#5971);
#5612=AXIS2_PLACEMENT_3D('',#6791,#5974,#5975);
#5613=AXIS2_PLACEMENT_3D('',#6795,#5977,#5978);
#5614=AXIS2_PLACEMENT_3D('',#6796,#5979,#5980);
#5615=AXIS2_PLACEMENT_3D('',#6800,#5982,#5983);
#5616=AXIS2_PLACEMENT_3D('',#6806,#5986,#5987);
#5617=AXIS2_PLACEMENT_3D('',#6810,#5989,#5990);
#5618=AXIS2_PLACEMENT_3D('',#6811,#5991,#5992);
#5619=AXIS2_PLACEMENT_3D('',#6815,#5994,#5995);
#5620=AXIS2_PLACEMENT_3D('',#6821,#5998,#5999);
#5621=AXIS2_PLACEMENT_3D('',#6825,#6001,#6002);
#5622=AXIS2_PLACEMENT_3D('',#6826,#6003,#6004);
#5623=AXIS2_PLACEMENT_3D('',#6830,#6006,#6007);
#5624=AXIS2_PLACEMENT_3D('',#6834,#6009,#6010);
#5625=AXIS2_PLACEMENT_3D('',#6835,#6011,#6012);
#5626=AXIS2_PLACEMENT_3D('',#6839,#6014,#6015);
#5627=AXIS2_PLACEMENT_3D('',#6843,#6017,#6018);
#5628=AXIS2_PLACEMENT_3D('',#6844,#6019,#6020);
#5629=AXIS2_PLACEMENT_3D('',#6848,#6022,#6023);
#5630=AXIS2_PLACEMENT_3D('',#6852,#6025,#6026);
#5631=AXIS2_PLACEMENT_3D('',#6853,#6027,#6028);
#5632=AXIS2_PLACEMENT_3D('',#6857,#6030,#6031);
#5633=AXIS2_PLACEMENT_3D('',#6861,#6033,#6034);
#5634=AXIS2_PLACEMENT_3D('',#6862,#6035,#6036);
#5635=AXIS2_PLACEMENT_3D('',#6866,#6038,#6039);
#5636=AXIS2_PLACEMENT_3D('',#6870,#6041,#6042);
#5637=AXIS2_PLACEMENT_3D('',#6871,#6043,#6044);
#5638=AXIS2_PLACEMENT_3D('',#6875,#6046,#6047);
#5639=AXIS2_PLACEMENT_3D('',#6879,#6049,#6050);
#5640=AXIS2_PLACEMENT_3D('',#6880,#6051,#6052);
#5641=AXIS2_PLACEMENT_3D('',#6884,#6054,#6055);
#5642=AXIS2_PLACEMENT_3D('',#6888,#6057,#6058);
#5643=AXIS2_PLACEMENT_3D('',#6889,#6059,#6060);
#5644=AXIS2_PLACEMENT_3D('',#6893,#6062,#6063);
#5645=AXIS2_PLACEMENT_3D('',#6897,#6065,#6066);
#5646=AXIS2_PLACEMENT_3D('',#6898,#6067,#6068);
#5647=AXIS2_PLACEMENT_3D('',#6899,#6069,#6070);
#5648=AXIS2_PLACEMENT_3D('',#6968,#6071,#6072);
#5649=AXIS2_PLACEMENT_3D('',#6969,#6073,#6074);
#5650=AXIS2_PLACEMENT_3D('',#7030,#6075,#6076);
#5651=AXIS2_PLACEMENT_3D('',#7031,#6077,#6078);
#5652=AXIS2_PLACEMENT_3D('',#7100,#6079,#6080);
#5653=AXIS2_PLACEMENT_3D('',#7101,#6081,#6082);
#5654=AXIS2_PLACEMENT_3D('',#7162,#6083,#6084);
#5655=AXIS2_PLACEMENT_3D('',#7163,#6085,#6086);
#5656=AXIS2_PLACEMENT_3D('',#7177,#6087,#6088);
#5657=AXIS2_PLACEMENT_3D('',#7178,#6089,#6090);
#5658=AXIS2_PLACEMENT_3D('',#7239,#6091,#6092);
#5659=AXIS2_PLACEMENT_3D('',#7240,#6093,#6094);
#5660=AXIS2_PLACEMENT_3D('',#7254,#6095,#6096);
#5661=AXIS2_PLACEMENT_3D('',#7255,#6097,#6098);
#5662=AXIS2_PLACEMENT_3D('',#7316,#6099,#6100);
#5663=AXIS2_PLACEMENT_3D('',#7317,#6101,#6102);
#5664=AXIS2_PLACEMENT_3D('',#7331,#6103,#6104);
#5665=AXIS2_PLACEMENT_3D('',#7332,#6105,#6106);
#5666=AXIS2_PLACEMENT_3D('',#7393,#6107,#6108);
#5667=AXIS2_PLACEMENT_3D('',#7394,#6109,#6110);
#5668=AXIS2_PLACEMENT_3D('',#7408,#6111,#6112);
#5669=AXIS2_PLACEMENT_3D('',#7409,#6113,#6114);
#5670=AXIS2_PLACEMENT_3D('',#7470,#6115,#6116);
#5671=AXIS2_PLACEMENT_3D('',#7471,#6117,#6118);
#5672=AXIS2_PLACEMENT_3D('',#7485,#6119,#6120);
#5673=AXIS2_PLACEMENT_3D('',#7486,#6121,#6122);
#5674=AXIS2_PLACEMENT_3D('',#7547,#6123,#6124);
#5675=AXIS2_PLACEMENT_3D('',#7548,#6125,#6126);
#5676=AXIS2_PLACEMENT_3D('',#7562,#6127,#6128);
#5677=AXIS2_PLACEMENT_3D('',#7563,#6129,#6130);
#5678=AXIS2_PLACEMENT_3D('',#7624,#6131,#6132);
#5679=AXIS2_PLACEMENT_3D('',#7625,#6133,#6134);
#5680=AXIS2_PLACEMENT_3D('',#7639,#6135,#6136);
#5681=AXIS2_PLACEMENT_3D('',#7640,#6137,#6138);
#5682=AXIS2_PLACEMENT_3D('',#7701,#6139,#6140);
#5683=AXIS2_PLACEMENT_3D('',#7702,#6141,#6142);
#5684=AXIS2_PLACEMENT_3D('',#7716,#6143,#6144);
#5685=AXIS2_PLACEMENT_3D('',#7717,#6145,#6146);
#5686=AXIS2_PLACEMENT_3D('',#7778,#6147,#6148);
#5687=AXIS2_PLACEMENT_3D('',#7779,#6149,#6150);
#5688=AXIS2_PLACEMENT_3D('',#7793,#6151,#6152);
#5689=AXIS2_PLACEMENT_3D('',#7794,#6153,#6154);
#5690=AXIS2_PLACEMENT_3D('',#7855,#6155,#6156);
#5691=AXIS2_PLACEMENT_3D('',#7856,#6157,#6158);
#5692=AXIS2_PLACEMENT_3D('',#7870,#6159,#6160);
#5693=AXIS2_PLACEMENT_3D('',#7871,#6161,#6162);
#5694=AXIS2_PLACEMENT_3D('',#7932,#6163,#6164);
#5695=AXIS2_PLACEMENT_3D('',#7933,#6165,#6166);
#5696=AXIS2_PLACEMENT_3D('',#7947,#6167,#6168);
#5697=AXIS2_PLACEMENT_3D('',#7948,#6169,#6170);
#5698=AXIS2_PLACEMENT_3D('',#8009,#6171,#6172);
#5699=AXIS2_PLACEMENT_3D('',#8010,#6173,#6174);
#5700=AXIS2_PLACEMENT_3D('',#8024,#6175,#6176);
#5701=AXIS2_PLACEMENT_3D('',#8025,#6177,#6178);
#5702=AXIS2_PLACEMENT_3D('',#8086,#6179,#6180);
#5703=AXIS2_PLACEMENT_3D('',#8087,#6181,#6182);
#5704=AXIS2_PLACEMENT_3D('',#8101,#6183,#6184);
#5705=AXIS2_PLACEMENT_3D('',#8102,#6185,#6186);
#5706=AXIS2_PLACEMENT_3D('',#10078,#6187,#6188);
#5707=AXIS2_PLACEMENT_3D('',#10090,#6189,#6190);
#5708=AXIS2_PLACEMENT_3D('',#10127,#6191,#6192);
#5709=AXIS2_PLACEMENT_3D('',#10139,#6193,#6194);
#5710=AXIS2_PLACEMENT_3D('',#10176,#6195,#6196);
#5711=AXIS2_PLACEMENT_3D('',#10188,#6197,#6198);
#5712=AXIS2_PLACEMENT_3D('',#10200,#6199,#6200);
#5713=AXIS2_PLACEMENT_3D('',#10237,#6201,#6202);
#5714=AXIS2_PLACEMENT_3D('',#10249,#6203,#6204);
#5715=AXIS2_PLACEMENT_3D('',#10286,#6205,#6206);
#5716=AXIS2_PLACEMENT_3D('',#10298,#6207,#6208);
#5717=AXIS2_PLACEMENT_3D('',#10335,#6209,#6210);
#5718=AXIS2_PLACEMENT_3D('',#10347,#6211,#6212);
#5719=AXIS2_PLACEMENT_3D('',#10384,#6213,#6214);
#5720=AXIS2_PLACEMENT_3D('',#10396,#6215,#6216);
#5721=AXIS2_PLACEMENT_3D('',#10433,#6217,#6218);
#5722=AXIS2_PLACEMENT_3D('',#10445,#6219,#6220);
#5723=AXIS2_PLACEMENT_3D('',#10482,#6221,#6222);
#5724=AXIS2_PLACEMENT_3D('',#10494,#6223,#6224);
#5725=AXIS2_PLACEMENT_3D('',#10531,#6225,#6226);
#5726=AXIS2_PLACEMENT_3D('',#10543,#6227,#6228);
#5727=AXIS2_PLACEMENT_3D('',#10580,#6229,#6230);
#5728=AXIS2_PLACEMENT_3D('',#10592,#6231,#6232);
#5729=AXIS2_PLACEMENT_3D('',#10629,#6233,#6234);
#5730=AXIS2_PLACEMENT_3D('',#10641,#6235,#6236);
#5731=AXIS2_PLACEMENT_3D('',#10678,#6237,#6238);
#5732=AXIS2_PLACEMENT_3D('',#10690,#6239,#6240);
#5733=AXIS2_PLACEMENT_3D('',#10727,#6241,#6242);
#5734=AXIS2_PLACEMENT_3D('',#10739,#6243,#6244);
#5735=AXIS2_PLACEMENT_3D('',#10776,#6245,#6246);
#5736=AXIS2_PLACEMENT_3D('',#11068,#6247,#6248);
#5737=AXIS2_PLACEMENT_3D('',#11069,#6249,#6250);
#5738=AXIS2_PLACEMENT_3D('',#11071,#6251,#6252);
#5739=AXIS2_PLACEMENT_3D('',#11072,#6253,#6254);
#5740=AXIS2_PLACEMENT_3D('',#11074,#6255,#6256);
#5741=AXIS2_PLACEMENT_3D('',#11075,#6257,#6258);
#5742=AXIS2_PLACEMENT_3D('',#11077,#6259,#6260);
#5743=AXIS2_PLACEMENT_3D('',#11078,#6261,#6262);
#5744=AXIS2_PLACEMENT_3D('',#11080,#6263,#6264);
#5745=AXIS2_PLACEMENT_3D('',#11081,#6265,#6266);
#5746=AXIS2_PLACEMENT_3D('',#11085,#6268,#6269);
#5747=AXIS2_PLACEMENT_3D('',#11089,#6271,#6272);
#5748=AXIS2_PLACEMENT_3D('',#11093,#6274,#6275);
#5749=AXIS2_PLACEMENT_3D('',#11097,#6277,#6278);
#5750=AXIS2_PLACEMENT_3D('',#11101,#6280,#6281);
#5751=AXIS2_PLACEMENT_3D('',#11105,#6283,#6284);
#5752=AXIS2_PLACEMENT_3D('',#11109,#6286,#6287);
#5753=AXIS2_PLACEMENT_3D('',#11113,#6289,#6290);
#5754=AXIS2_PLACEMENT_3D('',#11117,#6292,#6293);
#5755=AXIS2_PLACEMENT_3D('',#11121,#6295,#6296);
#5756=AXIS2_PLACEMENT_3D('',#11125,#6298,#6299);
#5757=AXIS2_PLACEMENT_3D('',#11129,#6301,#6302);
#5758=AXIS2_PLACEMENT_3D('',#11133,#6304,#6305);
#5759=AXIS2_PLACEMENT_3D('',#11137,#6307,#6308);
#5760=AXIS2_PLACEMENT_3D('',#11141,#6310,#6311);
#5761=AXIS2_PLACEMENT_3D('',#11145,#6313,#6314);
#5762=AXIS2_PLACEMENT_3D('',#11149,#6316,#6317);
#5763=AXIS2_PLACEMENT_3D('',#11153,#6319,#6320);
#5764=AXIS2_PLACEMENT_3D('',#11157,#6322,#6323);
#5765=AXIS2_PLACEMENT_3D('',#11161,#6325,#6326);
#5766=AXIS2_PLACEMENT_3D('',#11165,#6328,#6329);
#5767=AXIS2_PLACEMENT_3D('',#11169,#6331,#6332);
#5768=AXIS2_PLACEMENT_3D('',#11173,#6334,#6335);
#5769=AXIS2_PLACEMENT_3D('',#11177,#6337,#6338);
#5770=AXIS2_PLACEMENT_3D('',#11178,#6339,#6340);
#5771=AXIS2_PLACEMENT_3D('',#11180,#6341,#6342);
#5772=AXIS2_PLACEMENT_3D('',#11181,#6343,#6344);
#5773=AXIS2_PLACEMENT_3D('',#11183,#6345,#6346);
#5774=AXIS2_PLACEMENT_3D('',#11185,#6347,#6348);
#5775=AXIS2_PLACEMENT_3D('',#11186,#6349,#6350);
#5776=AXIS2_PLACEMENT_3D('',#11187,#6351,#6352);
#5777=AXIS2_PLACEMENT_3D('',#11188,#6353,#6354);
#5778=AXIS2_PLACEMENT_3D('',#11189,#6355,#6356);
#5779=AXIS2_PLACEMENT_3D('',#11190,#6357,#6358);
#5780=AXIS2_PLACEMENT_3D('',#11191,#6359,#6360);
#5781=AXIS2_PLACEMENT_3D('',#11192,#6361,#6362);
#5782=AXIS2_PLACEMENT_3D('',#11193,#6363,#6364);
#5783=AXIS2_PLACEMENT_3D('',#11194,#6365,#6366);
#5784=AXIS2_PLACEMENT_3D('',#11200,#6370,#6371);
#5785=AXIS2_PLACEMENT_3D('',#11201,#6372,#6373);
#5786=AXIS2_PLACEMENT_3D('',#11205,#6375,#6376);
#5787=AXIS2_PLACEMENT_3D('',#11206,#6377,#6378);
#5788=AXIS2_PLACEMENT_3D('',#11209,#6381,#6382);
#5789=AXIS2_PLACEMENT_3D('',#11212,#6385,#6386);
#5790=AXIS2_PLACEMENT_3D('',#11218,#6390,#6391);
#5791=AXIS2_PLACEMENT_3D('',#11219,#6392,#6393);
#5792=AXIS2_PLACEMENT_3D('',#11223,#6395,#6396);
#5793=AXIS2_PLACEMENT_3D('',#11224,#6397,#6398);
#5794=AXIS2_PLACEMENT_3D('',#11227,#6401,#6402);
#5795=AXIS2_PLACEMENT_3D('',#11230,#6405,#6406);
#5796=AXIS2_PLACEMENT_3D('',#11236,#6410,#6411);
#5797=AXIS2_PLACEMENT_3D('',#11237,#6412,#6413);
#5798=AXIS2_PLACEMENT_3D('',#11241,#6415,#6416);
#5799=AXIS2_PLACEMENT_3D('',#11242,#6417,#6418);
#5800=AXIS2_PLACEMENT_3D('',#11245,#6421,#6422);
#5801=AXIS2_PLACEMENT_3D('',#11248,#6425,#6426);
#5802=AXIS2_PLACEMENT_3D('',#11254,#6430,#6431);
#5803=AXIS2_PLACEMENT_3D('',#11255,#6432,#6433);
#5804=AXIS2_PLACEMENT_3D('',#11259,#6435,#6436);
#5805=AXIS2_PLACEMENT_3D('',#11260,#6437,#6438);
#5806=AXIS2_PLACEMENT_3D('',#11263,#6441,#6442);
#5807=AXIS2_PLACEMENT_3D('',#11266,#6445,#6446);
#5808=AXIS2_PLACEMENT_3D('',#11272,#6450,#6451);
#5809=AXIS2_PLACEMENT_3D('',#11273,#6452,#6453);
#5810=AXIS2_PLACEMENT_3D('',#11277,#6455,#6456);
#5811=AXIS2_PLACEMENT_3D('',#11278,#6457,#6458);
#5812=AXIS2_PLACEMENT_3D('',#11281,#6461,#6462);
#5813=AXIS2_PLACEMENT_3D('',#11284,#6465,#6466);
#5814=AXIS2_PLACEMENT_3D('',#11290,#6470,#6471);
#5815=AXIS2_PLACEMENT_3D('',#11291,#6472,#6473);
#5816=AXIS2_PLACEMENT_3D('',#11295,#6475,#6476);
#5817=AXIS2_PLACEMENT_3D('',#11296,#6477,#6478);
#5818=AXIS2_PLACEMENT_3D('',#11299,#6481,#6482);
#5819=AXIS2_PLACEMENT_3D('',#11302,#6485,#6486);
#5820=AXIS2_PLACEMENT_3D('',#11308,#6490,#6491);
#5821=AXIS2_PLACEMENT_3D('',#11309,#6492,#6493);
#5822=AXIS2_PLACEMENT_3D('',#11313,#6495,#6496);
#5823=AXIS2_PLACEMENT_3D('',#11314,#6497,#6498);
#5824=AXIS2_PLACEMENT_3D('',#11317,#6501,#6502);
#5825=AXIS2_PLACEMENT_3D('',#11320,#6505,#6506);
#5826=AXIS2_PLACEMENT_3D('',#11326,#6510,#6511);
#5827=AXIS2_PLACEMENT_3D('',#11327,#6512,#6513);
#5828=AXIS2_PLACEMENT_3D('',#11331,#6515,#6516);
#5829=AXIS2_PLACEMENT_3D('',#11332,#6517,#6518);
#5830=AXIS2_PLACEMENT_3D('',#11335,#6521,#6522);
#5831=AXIS2_PLACEMENT_3D('',#11338,#6525,#6526);
#5832=AXIS2_PLACEMENT_3D('',#11339,#6527,#6528);
#5833=AXIS2_PLACEMENT_3D('',#11348,#6529,#6530);
#5834=AXIS2_PLACEMENT_3D('',#11350,#6532,#6533);
#5835=AXIS2_PLACEMENT_3D('',#11352,#6535,#6536);
#5836=AXIS2_PLACEMENT_3D('',#11354,#6538,#6539);
#5837=AXIS2_PLACEMENT_3D('',#11356,#6541,#6542);
#5838=AXIS2_PLACEMENT_3D('',#11358,#6544,#6545);
#5839=AXIS2_PLACEMENT_3D('',#11360,#6547,#6548);
#5840=AXIS2_PLACEMENT_3D('',#11362,#6550,#6551);
#5841=AXIS2_PLACEMENT_3D('',#11364,#6553,#6554);
#5842=AXIS2_PLACEMENT_3D('',#11369,#6555,#6556);
#5843=AXIS2_PLACEMENT_3D('',#11374,#6557,#6558);
#5844=AXIS2_PLACEMENT_3D('',#11379,#6559,#6560);
#5845=AXIS2_PLACEMENT_3D('',#11384,#6561,#6562);
#5846=AXIS2_PLACEMENT_3D('',#11386,#6564,#6565);
#5847=AXIS2_PLACEMENT_3D('',#11388,#6567,#6568);
#5848=AXIS2_PLACEMENT_3D('',#11390,#6570,#6571);
#5849=AXIS2_PLACEMENT_3D('',#11392,#6573,#6574);
#5850=AXIS2_PLACEMENT_3D('',#11394,#6576,#6577);
#5851=AXIS2_PLACEMENT_3D('',#11396,#6579,#6580);
#5852=AXIS2_PLACEMENT_3D('',#11398,#6582,#6583);
#5853=AXIS2_PLACEMENT_3D('',#11400,#6585,#6586);
#5854=AXIS2_PLACEMENT_3D('',#11405,#6587,#6588);
#5855=AXIS2_PLACEMENT_3D('',#11410,#6589,#6590);
#5856=AXIS2_PLACEMENT_3D('',#11415,#6591,#6592);
#5857=AXIS2_PLACEMENT_3D('',#11420,#6593,#6594);
#5858=AXIS2_PLACEMENT_3D('',#11422,#6596,#6597);
#5859=AXIS2_PLACEMENT_3D('',#11424,#6599,#6600);
#5860=AXIS2_PLACEMENT_3D('',#11426,#6602,#6603);
#5861=AXIS2_PLACEMENT_3D('',#11428,#6605,#6606);
#5862=AXIS2_PLACEMENT_3D('',#11430,#6608,#6609);
#5863=AXIS2_PLACEMENT_3D('',#11432,#6611,#6612);
#5864=AXIS2_PLACEMENT_3D('',#11434,#6614,#6615);
#5865=AXIS2_PLACEMENT_3D('',#11436,#6617,#6618);
#5866=AXIS2_PLACEMENT_3D('',#11441,#6619,#6620);
#5867=AXIS2_PLACEMENT_3D('',#11446,#6621,#6622);
#5868=AXIS2_PLACEMENT_3D('',#11451,#6623,#6624);
#5869=AXIS2_PLACEMENT_3D('',#11456,#6625,#6626);
#5870=AXIS2_PLACEMENT_3D('',#11458,#6628,#6629);
#5871=AXIS2_PLACEMENT_3D('',#11460,#6631,#6632);
#5872=AXIS2_PLACEMENT_3D('',#11462,#6634,#6635);
#5873=AXIS2_PLACEMENT_3D('',#11464,#6637,#6638);
#5874=AXIS2_PLACEMENT_3D('',#11466,#6640,#6641);
#5875=AXIS2_PLACEMENT_3D('',#11468,#6643,#6644);
#5876=AXIS2_PLACEMENT_3D('',#11470,#6646,#6647);
#5877=AXIS2_PLACEMENT_3D('',#11472,#6649,#6650);
#5878=AXIS2_PLACEMENT_3D('',#11477,#6651,#6652);
#5879=AXIS2_PLACEMENT_3D('',#11482,#6653,#6654);
#5880=AXIS2_PLACEMENT_3D('',#11483,#6655,#6656);
#5881=AXIS2_PLACEMENT_3D('',#11484,#6657,#6658);
#5882=AXIS2_PLACEMENT_3D('',#11485,#6659,#6660);
#5883=AXIS2_PLACEMENT_3D('',#11486,#6661,#6662);
#5884=AXIS2_PLACEMENT_3D('',#11487,#6663,#6664);
#5885=AXIS2_PLACEMENT_3D('',#11488,#6665,#6666);
#5886=AXIS2_PLACEMENT_3D('',#11489,#6667,#6668);
#5887=AXIS2_PLACEMENT_3D('',#11490,#6669,#6670);
#5888=AXIS2_PLACEMENT_3D('',#11491,#6671,#6672);
#5889=AXIS2_PLACEMENT_3D('',#11492,#6673,#6674);
#5890=AXIS2_PLACEMENT_3D('',#11493,#6675,#6676);
#5891=AXIS2_PLACEMENT_3D('',#11494,#6677,#6678);
#5892=AXIS2_PLACEMENT_3D('',#11495,#6679,#6680);
#5893=AXIS2_PLACEMENT_3D('',#11496,#6681,#6682);
#5894=AXIS2_PLACEMENT_3D('',#11497,#6683,#6684);
#5895=AXIS2_PLACEMENT_3D('',#11498,#6685,#6686);
#5896=AXIS2_PLACEMENT_3D('',#11499,#6687,#6688);
#5897=AXIS2_PLACEMENT_3D('',#11500,#6689,#6690);
#5898=AXIS2_PLACEMENT_3D('',#11501,#6691,#6692);
#5899=AXIS2_PLACEMENT_3D('',#11502,#6693,#6694);
#5900=AXIS2_PLACEMENT_3D('',#11503,#6695,#6696);
#5901=AXIS2_PLACEMENT_3D('',#11504,#6697,#6698);
#5902=AXIS2_PLACEMENT_3D('',#11505,#6699,#6700);
#5903=AXIS2_PLACEMENT_3D('',#11506,#6701,#6702);
#5904=AXIS2_PLACEMENT_3D('',#11507,#6703,#6704);
#5905=DIRECTION('',(0.,0.,1.));
#5906=DIRECTION('',(1.,0.,0.));
#5907=DIRECTION('',(0.,0.,-1.));
#5908=DIRECTION('',(-1.,0.,0.));
#5909=DIRECTION('',(0.,0.,1.));
#5910=DIRECTION('',(0.,0.,-1.));
#5911=DIRECTION('',(-1.,0.,0.));
#5912=DIRECTION('',(0.,0.,-1.));
#5913=DIRECTION('',(0.,0.,-1.));
#5914=DIRECTION('',(0.,0.,-1.));
#5915=DIRECTION('',(-1.,0.,0.));
#5916=DIRECTION('',(0.,0.,-1.));
#5917=DIRECTION('',(0.,0.,-1.));
#5918=DIRECTION('',(-1.,0.,0.));
#5919=DIRECTION('',(0.,0.,-1.));
#5920=DIRECTION('',(-1.,0.,0.));
#5921=DIRECTION('',(0.,0.,1.));
#5922=DIRECTION('',(0.,0.,-1.));
#5923=DIRECTION('',(-1.,0.,0.));
#5924=DIRECTION('',(0.,0.,-1.));
#5925=DIRECTION('',(0.,0.,-1.));
#5926=DIRECTION('',(0.,0.,-1.));
#5927=DIRECTION('',(-1.,0.,0.));
#5928=DIRECTION('',(0.,0.,-1.));
#5929=DIRECTION('',(0.,0.,-1.));
#5930=DIRECTION('',(-1.,0.,0.));
#5931=DIRECTION('',(0.,0.,-1.));
#5932=DIRECTION('',(-1.,0.,0.));
#5933=DIRECTION('',(0.,0.,1.));
#5934=DIRECTION('',(0.,0.,-1.));
#5935=DIRECTION('',(-1.,0.,0.));
#5936=DIRECTION('',(0.,0.,-1.));
#5937=DIRECTION('',(0.,0.,-1.));
#5938=DIRECTION('',(0.,0.,-1.));
#5939=DIRECTION('',(-1.,0.,0.));
#5940=DIRECTION('',(0.,0.,-1.));
#5941=DIRECTION('',(0.,0.,-1.));
#5942=DIRECTION('',(-1.,0.,0.));
#5943=DIRECTION('',(0.,0.,-1.));
#5944=DIRECTION('',(-1.,0.,0.));
#5945=DIRECTION('',(0.,0.,1.));
#5946=DIRECTION('',(0.,0.,-1.));
#5947=DIRECTION('',(-1.,0.,0.));
#5948=DIRECTION('',(0.,0.,-1.));
#5949=DIRECTION('',(0.,0.,-1.));
#5950=DIRECTION('',(0.,0.,-1.));
#5951=DIRECTION('',(-1.,0.,0.));
#5952=DIRECTION('',(0.,0.,-1.));
#5953=DIRECTION('',(0.,0.,-1.));
#5954=DIRECTION('',(-1.,0.,0.));
#5955=DIRECTION('',(0.,0.,-1.));
#5956=DIRECTION('',(-1.,0.,0.));
#5957=DIRECTION('',(0.,0.,1.));
#5958=DIRECTION('',(0.,0.,-1.));
#5959=DIRECTION('',(-1.,0.,0.));
#5960=DIRECTION('',(0.,0.,-1.));
#5961=DIRECTION('',(0.,0.,-1.));
#5962=DIRECTION('',(0.,0.,-1.));
#5963=DIRECTION('',(-1.,0.,0.));
#5964=DIRECTION('',(0.,0.,-1.));
#5965=DIRECTION('',(0.,0.,-1.));
#5966=DIRECTION('',(-1.,0.,0.));
#5967=DIRECTION('',(0.,0.,-1.));
#5968=DIRECTION('',(-1.,0.,0.));
#5969=DIRECTION('',(0.,0.,1.));
#5970=DIRECTION('',(0.,0.,-1.));
#5971=DIRECTION('',(-1.,0.,0.));
#5972=DIRECTION('',(0.,0.,-1.));
#5973=DIRECTION('',(0.,0.,-1.));
#5974=DIRECTION('',(0.,0.,-1.));
#5975=DIRECTION('',(-1.,0.,0.));
#5976=DIRECTION('',(0.,0.,-1.));
#5977=DIRECTION('',(0.,0.,-1.));
#5978=DIRECTION('',(-1.,0.,0.));
#5979=DIRECTION('',(0.,0.,-1.));
#5980=DIRECTION('',(-1.,0.,0.));
#5981=DIRECTION('',(0.,0.,1.));
#5982=DIRECTION('',(0.,0.,-1.));
#5983=DIRECTION('',(-1.,0.,0.));
#5984=DIRECTION('',(0.,0.,-1.));
#5985=DIRECTION('',(0.,0.,-1.));
#5986=DIRECTION('',(0.,0.,-1.));
#5987=DIRECTION('',(-1.,0.,0.));
#5988=DIRECTION('',(0.,0.,-1.));
#5989=DIRECTION('',(0.,0.,-1.));
#5990=DIRECTION('',(-1.,0.,0.));
#5991=DIRECTION('',(0.,0.,-1.));
#5992=DIRECTION('',(-1.,0.,0.));
#5993=DIRECTION('',(0.,0.,1.));
#5994=DIRECTION('',(0.,0.,-1.));
#5995=DIRECTION('',(-1.,0.,0.));
#5996=DIRECTION('',(0.,0.,-1.));
#5997=DIRECTION('',(0.,0.,-1.));
#5998=DIRECTION('',(0.,0.,-1.));
#5999=DIRECTION('',(-1.,0.,0.));
#6000=DIRECTION('',(0.,0.,-1.));
#6001=DIRECTION('',(0.,0.,-1.));
#6002=DIRECTION('',(-1.,0.,0.));
#6003=DIRECTION('',(0.,0.,-1.));
#6004=DIRECTION('',(-1.,0.,0.));
#6005=DIRECTION('',(0.,0.,-1.));
#6006=DIRECTION('',(0.,0.,-1.));
#6007=DIRECTION('',(-1.,0.,0.));
#6008=DIRECTION('',(0.,0.,-1.));
#6009=DIRECTION('',(0.,0.,-1.));
#6010=DIRECTION('',(-1.,0.,0.));
#6011=DIRECTION('',(0.,0.,-1.));
#6012=DIRECTION('',(-1.,0.,0.));
#6013=DIRECTION('',(0.,0.,-1.));
#6014=DIRECTION('',(0.,0.,-1.));
#6015=DIRECTION('',(-1.,0.,0.));
#6016=DIRECTION('',(0.,0.,-1.));
#6017=DIRECTION('',(0.,0.,-1.));
#6018=DIRECTION('',(-1.,0.,0.));
#6019=DIRECTION('',(0.,0.,-1.));
#6020=DIRECTION('',(-1.,0.,0.));
#6021=DIRECTION('',(0.,0.,-1.));
#6022=DIRECTION('',(0.,0.,-1.));
#6023=DIRECTION('',(-1.,0.,0.));
#6024=DIRECTION('',(0.,0.,-1.));
#6025=DIRECTION('',(0.,0.,-1.));
#6026=DIRECTION('',(-1.,0.,0.));
#6027=DIRECTION('',(0.,0.,-1.));
#6028=DIRECTION('',(-1.,0.,0.));
#6029=DIRECTION('',(0.,0.,-1.));
#6030=DIRECTION('',(0.,0.,-1.));
#6031=DIRECTION('',(-1.,0.,0.));
#6032=DIRECTION('',(0.,0.,-1.));
#6033=DIRECTION('',(0.,0.,-1.));
#6034=DIRECTION('',(-1.,0.,0.));
#6035=DIRECTION('',(0.,0.,-1.));
#6036=DIRECTION('',(-1.,0.,0.));
#6037=DIRECTION('',(0.,0.,-1.));
#6038=DIRECTION('',(0.,0.,-1.));
#6039=DIRECTION('',(-1.,0.,0.));
#6040=DIRECTION('',(0.,0.,-1.));
#6041=DIRECTION('',(0.,0.,-1.));
#6042=DIRECTION('',(-1.,0.,0.));
#6043=DIRECTION('',(0.,0.,-1.));
#6044=DIRECTION('',(-1.,0.,0.));
#6045=DIRECTION('',(0.,0.,-1.));
#6046=DIRECTION('',(0.,0.,-1.));
#6047=DIRECTION('',(-1.,0.,0.));
#6048=DIRECTION('',(0.,0.,-1.));
#6049=DIRECTION('',(0.,0.,-1.));
#6050=DIRECTION('',(-1.,0.,0.));
#6051=DIRECTION('',(0.,0.,-1.));
#6052=DIRECTION('',(-1.,0.,0.));
#6053=DIRECTION('',(0.,0.,-1.));
#6054=DIRECTION('',(0.,0.,-1.));
#6055=DIRECTION('',(-1.,0.,0.));
#6056=DIRECTION('',(0.,0.,-1.));
#6057=DIRECTION('',(0.,0.,-1.));
#6058=DIRECTION('',(-1.,0.,0.));
#6059=DIRECTION('',(0.,0.,-1.));
#6060=DIRECTION('',(-1.,0.,0.));
#6061=DIRECTION('',(0.,0.,-1.));
#6062=DIRECTION('',(0.,0.,-1.));
#6063=DIRECTION('',(-1.,0.,0.));
#6064=DIRECTION('',(0.,0.,-1.));
#6065=DIRECTION('',(0.,0.,-1.));
#6066=DIRECTION('',(-1.,0.,0.));
#6067=DIRECTION('',(0.,0.,-1.));
#6068=DIRECTION('',(-1.,0.,0.));
#6069=DIRECTION('',(0.,0.,1.));
#6070=DIRECTION('',(1.,0.,0.));
#6071=DIRECTION('',(0.,0.,-1.));
#6072=DIRECTION('',(-1.,0.,0.));
#6073=DIRECTION('',(0.,0.,-1.));
#6074=DIRECTION('',(-1.,0.,0.));
#6075=DIRECTION('',(0.,0.,-1.));
#6076=DIRECTION('',(-1.,0.,0.));
#6077=DIRECTION('',(0.,0.,1.));
#6078=DIRECTION('',(1.,0.,0.));
#6079=DIRECTION('',(0.,0.,-1.));
#6080=DIRECTION('',(-1.,0.,0.));
#6081=DIRECTION('',(0.,0.,-1.));
#6082=DIRECTION('',(-1.,0.,0.));
#6083=DIRECTION('',(0.,0.,-1.));
#6084=DIRECTION('',(-1.,0.,0.));
#6085=DIRECTION('',(0.,0.,1.));
#6086=DIRECTION('',(1.,0.,0.));
#6087=DIRECTION('',(0.,0.,-1.));
#6088=DIRECTION('',(-1.,0.,0.));
#6089=DIRECTION('',(0.,0.,-1.));
#6090=DIRECTION('',(-1.,0.,0.));
#6091=DIRECTION('',(0.,0.,-1.));
#6092=DIRECTION('',(-1.,0.,0.));
#6093=DIRECTION('',(0.,0.,1.));
#6094=DIRECTION('',(1.,0.,0.));
#6095=DIRECTION('',(0.,0.,-1.));
#6096=DIRECTION('',(-1.,0.,0.));
#6097=DIRECTION('',(0.,0.,-1.));
#6098=DIRECTION('',(-1.,0.,0.));
#6099=DIRECTION('',(0.,0.,-1.));
#6100=DIRECTION('',(-1.,0.,0.));
#6101=DIRECTION('',(0.,0.,1.));
#6102=DIRECTION('',(1.,0.,0.));
#6103=DIRECTION('',(0.,0.,-1.));
#6104=DIRECTION('',(-1.,0.,0.));
#6105=DIRECTION('',(0.,0.,-1.));
#6106=DIRECTION('',(-1.,0.,0.));
#6107=DIRECTION('',(0.,0.,-1.));
#6108=DIRECTION('',(-1.,0.,0.));
#6109=DIRECTION('',(0.,0.,1.));
#6110=DIRECTION('',(1.,0.,0.));
#6111=DIRECTION('',(0.,0.,-1.));
#6112=DIRECTION('',(-1.,0.,0.));
#6113=DIRECTION('',(0.,0.,-1.));
#6114=DIRECTION('',(-1.,0.,0.));
#6115=DIRECTION('',(0.,0.,-1.));
#6116=DIRECTION('',(-1.,0.,0.));
#6117=DIRECTION('',(0.,0.,1.));
#6118=DIRECTION('',(1.,0.,0.));
#6119=DIRECTION('',(0.,0.,-1.));
#6120=DIRECTION('',(-1.,0.,0.));
#6121=DIRECTION('',(0.,0.,-1.));
#6122=DIRECTION('',(-1.,0.,0.));
#6123=DIRECTION('',(0.,0.,-1.));
#6124=DIRECTION('',(-1.,0.,0.));
#6125=DIRECTION('',(0.,0.,1.));
#6126=DIRECTION('',(1.,0.,0.));
#6127=DIRECTION('',(0.,0.,-1.));
#6128=DIRECTION('',(-1.,0.,0.));
#6129=DIRECTION('',(0.,0.,-1.));
#6130=DIRECTION('',(-1.,0.,0.));
#6131=DIRECTION('',(0.,0.,-1.));
#6132=DIRECTION('',(-1.,0.,0.));
#6133=DIRECTION('',(0.,0.,1.));
#6134=DIRECTION('',(1.,0.,0.));
#6135=DIRECTION('',(0.,0.,-1.));
#6136=DIRECTION('',(-1.,0.,0.));
#6137=DIRECTION('',(0.,0.,-1.));
#6138=DIRECTION('',(-1.,0.,0.));
#6139=DIRECTION('',(0.,0.,-1.));
#6140=DIRECTION('',(-1.,0.,0.));
#6141=DIRECTION('',(0.,0.,1.));
#6142=DIRECTION('',(1.,0.,0.));
#6143=DIRECTION('',(0.,0.,-1.));
#6144=DIRECTION('',(-1.,0.,0.));
#6145=DIRECTION('',(0.,0.,-1.));
#6146=DIRECTION('',(-1.,0.,0.));
#6147=DIRECTION('',(0.,0.,-1.));
#6148=DIRECTION('',(-1.,0.,0.));
#6149=DIRECTION('',(0.,0.,1.));
#6150=DIRECTION('',(1.,0.,0.));
#6151=DIRECTION('',(0.,0.,-1.));
#6152=DIRECTION('',(-1.,0.,0.));
#6153=DIRECTION('',(0.,0.,-1.));
#6154=DIRECTION('',(-1.,0.,0.));
#6155=DIRECTION('',(0.,0.,-1.));
#6156=DIRECTION('',(-1.,0.,0.));
#6157=DIRECTION('',(0.,0.,1.));
#6158=DIRECTION('',(1.,0.,0.));
#6159=DIRECTION('',(0.,0.,-1.));
#6160=DIRECTION('',(-1.,0.,0.));
#6161=DIRECTION('',(0.,0.,-1.));
#6162=DIRECTION('',(-1.,0.,0.));
#6163=DIRECTION('',(0.,0.,-1.));
#6164=DIRECTION('',(-1.,0.,0.));
#6165=DIRECTION('',(0.,0.,1.));
#6166=DIRECTION('',(1.,0.,0.));
#6167=DIRECTION('',(0.,0.,-1.));
#6168=DIRECTION('',(-1.,0.,0.));
#6169=DIRECTION('',(0.,0.,-1.));
#6170=DIRECTION('',(-1.,0.,0.));
#6171=DIRECTION('',(0.,0.,-1.));
#6172=DIRECTION('',(-1.,0.,0.));
#6173=DIRECTION('',(0.,0.,1.));
#6174=DIRECTION('',(1.,0.,0.));
#6175=DIRECTION('',(0.,0.,-1.));
#6176=DIRECTION('',(-1.,0.,0.));
#6177=DIRECTION('',(0.,0.,-1.));
#6178=DIRECTION('',(-1.,0.,0.));
#6179=DIRECTION('',(0.,0.,-1.));
#6180=DIRECTION('',(-1.,0.,0.));
#6181=DIRECTION('',(0.,0.,1.));
#6182=DIRECTION('',(1.,0.,0.));
#6183=DIRECTION('',(0.,0.,-1.));
#6184=DIRECTION('',(-1.,0.,0.));
#6185=DIRECTION('',(0.,0.,-1.));
#6186=DIRECTION('',(-1.,0.,0.));
#6187=DIRECTION('',(0.,0.,-1.));
#6188=DIRECTION('',(-1.,0.,0.));
#6189=DIRECTION('',(0.,0.,-1.));
#6190=DIRECTION('',(-1.,0.,0.));
#6191=DIRECTION('',(0.,0.,-1.));
#6192=DIRECTION('',(-1.,0.,0.));
#6193=DIRECTION('',(0.,0.,-1.));
#6194=DIRECTION('',(-1.,0.,0.));
#6195=DIRECTION('',(0.,0.,-1.));
#6196=DIRECTION('',(-1.,0.,0.));
#6197=DIRECTION('',(0.,0.,-1.));
#6198=DIRECTION('',(-1.,0.,0.));
#6199=DIRECTION('',(0.,0.,-1.));
#6200=DIRECTION('',(-1.,0.,0.));
#6201=DIRECTION('',(0.,0.,-1.));
#6202=DIRECTION('',(-1.,0.,0.));
#6203=DIRECTION('',(0.,0.,-1.));
#6204=DIRECTION('',(-1.,0.,0.));
#6205=DIRECTION('',(0.,0.,-1.));
#6206=DIRECTION('',(-1.,0.,0.));
#6207=DIRECTION('',(0.,0.,-1.));
#6208=DIRECTION('',(-1.,0.,0.));
#6209=DIRECTION('',(0.,0.,-1.));
#6210=DIRECTION('',(-1.,0.,0.));
#6211=DIRECTION('',(0.,0.,-1.));
#6212=DIRECTION('',(-1.,0.,0.));
#6213=DIRECTION('',(0.,0.,-1.));
#6214=DIRECTION('',(-1.,0.,0.));
#6215=DIRECTION('',(0.,0.,-1.));
#6216=DIRECTION('',(-1.,0.,0.));
#6217=DIRECTION('',(0.,0.,-1.));
#6218=DIRECTION('',(-1.,0.,0.));
#6219=DIRECTION('',(0.,0.,-1.));
#6220=DIRECTION('',(-1.,0.,0.));
#6221=DIRECTION('',(0.,0.,-1.));
#6222=DIRECTION('',(-1.,0.,0.));
#6223=DIRECTION('',(0.,0.,-1.));
#6224=DIRECTION('',(-1.,0.,0.));
#6225=DIRECTION('',(0.,0.,-1.));
#6226=DIRECTION('',(-1.,0.,0.));
#6227=DIRECTION('',(0.,0.,-1.));
#6228=DIRECTION('',(-1.,0.,0.));
#6229=DIRECTION('',(0.,0.,-1.));
#6230=DIRECTION('',(-1.,0.,0.));
#6231=DIRECTION('',(0.,0.,-1.));
#6232=DIRECTION('',(-1.,0.,0.));
#6233=DIRECTION('',(0.,0.,-1.));
#6234=DIRECTION('',(-1.,0.,0.));
#6235=DIRECTION('',(0.,0.,-1.));
#6236=DIRECTION('',(-1.,0.,0.));
#6237=DIRECTION('',(0.,0.,-1.));
#6238=DIRECTION('',(-1.,0.,0.));
#6239=DIRECTION('',(0.,0.,-1.));
#6240=DIRECTION('',(-1.,0.,0.));
#6241=DIRECTION('',(0.,0.,-1.));
#6242=DIRECTION('',(-1.,0.,0.));
#6243=DIRECTION('',(0.,0.,-1.));
#6244=DIRECTION('',(-1.,0.,0.));
#6245=DIRECTION('',(0.,0.,-1.));
#6246=DIRECTION('',(-1.,0.,0.));
#6247=DIRECTION('',(0.,0.,1.));
#6248=DIRECTION('',(1.,0.,0.));
#6249=DIRECTION('',(0.,0.,1.));
#6250=DIRECTION('',(1.,0.,0.));
#6251=DIRECTION('',(0.,0.,-1.));
#6252=DIRECTION('',(-1.,0.,0.));
#6253=DIRECTION('',(0.,0.,1.));
#6254=DIRECTION('',(1.,0.,0.));
#6255=DIRECTION('',(0.,0.,1.));
#6256=DIRECTION('',(1.,0.,0.));
#6257=DIRECTION('',(0.,0.,1.));
#6258=DIRECTION('',(1.,0.,0.));
#6259=DIRECTION('',(0.,0.,1.));
#6260=DIRECTION('',(1.,0.,0.));
#6261=DIRECTION('',(0.,0.,1.));
#6262=DIRECTION('',(1.,0.,0.));
#6263=DIRECTION('',(0.,0.,-1.));
#6264=DIRECTION('',(-1.,0.,0.));
#6265=DIRECTION('',(0.,0.,-1.));
#6266=DIRECTION('',(1.,0.,0.));
#6267=DIRECTION('',(-0.996194698091746,-0.0871557427476582,0.));
#6268=DIRECTION('',(0.,0.,-1.));
#6269=DIRECTION('',(-1.,0.,0.));
#6270=DIRECTION('',(0.866025403784439,0.5,0.));
#6271=DIRECTION('',(0.,0.,-1.));
#6272=DIRECTION('',(-1.,0.,0.));
#6273=DIRECTION('',(-0.64278760968654,0.766044443118978,0.));
#6274=DIRECTION('',(0.,0.,-1.));
#6275=DIRECTION('',(-1.,0.,0.));
#6276=DIRECTION('',(-0.642787609686539,-0.766044443118978,0.));
#6277=DIRECTION('',(0.,0.,-1.));
#6278=DIRECTION('',(-1.,0.,0.));
#6279=DIRECTION('',(0.258819045102521,0.965925826289068,0.));
#6280=DIRECTION('',(0.,0.,-1.));
#6281=DIRECTION('',(-1.,0.,0.));
#6282=DIRECTION('',(-0.996194698091746,0.0871557427476573,0.));
#6283=DIRECTION('',(0.,0.,-1.));
#6284=DIRECTION('',(-1.,0.,0.));
#6285=DIRECTION('',(0.0871557427476581,-0.996194698091746,0.));
#6286=DIRECTION('',(0.,0.,-1.));
#6287=DIRECTION('',(-1.,0.,0.));
#6288=DIRECTION('',(-0.5,0.866025403784439,0.));
#6289=DIRECTION('',(0.,0.,-1.));
#6290=DIRECTION('',(-1.,0.,0.));
#6291=DIRECTION('',(-0.766044443118978,-0.64278760968654,0.));
#6292=DIRECTION('',(0.,0.,-1.));
#6293=DIRECTION('',(-1.,0.,0.));
#6294=DIRECTION('',(0.766044443118978,-0.642787609686539,0.));
#6295=DIRECTION('',(0.,0.,-1.));
#6296=DIRECTION('',(-1.,0.,0.));
#6297=DIRECTION('',(-0.965925826289068,0.258819045102521,0.));
#6298=DIRECTION('',(0.,0.,-1.));
#6299=DIRECTION('',(-1.,0.,0.));
#6300=DIRECTION('',(-0.0871557427476574,-0.996194698091746,0.));
#6301=DIRECTION('',(0.,0.,-1.));
#6302=DIRECTION('',(-1.,0.,0.));
#6303=DIRECTION('',(0.996194698091746,0.0871557427476579,0.));
#6304=DIRECTION('',(0.,0.,-1.));
#6305=DIRECTION('',(-1.,0.,0.));
#6306=DIRECTION('',(-0.866025403784439,-0.5,0.));
#6307=DIRECTION('',(0.,0.,-1.));
#6308=DIRECTION('',(-1.,0.,0.));
#6309=DIRECTION('',(0.642787609686539,-0.766044443118978,0.));
#6310=DIRECTION('',(0.,0.,-1.));
#6311=DIRECTION('',(-1.,0.,0.));
#6312=DIRECTION('',(0.64278760968654,0.766044443118978,0.));
#6313=DIRECTION('',(0.,0.,-1.));
#6314=DIRECTION('',(-1.,0.,0.));
#6315=DIRECTION('',(-0.258819045102521,-0.965925826289068,0.));
#6316=DIRECTION('',(0.,0.,-1.));
#6317=DIRECTION('',(-1.,0.,0.));
#6318=DIRECTION('',(0.996194698091746,-0.0871557427476574,0.));
#6319=DIRECTION('',(0.,0.,-1.));
#6320=DIRECTION('',(-1.,0.,0.));
#6321=DIRECTION('',(-0.0871557427476579,0.996194698091746,0.));
#6322=DIRECTION('',(0.,0.,-1.));
#6323=DIRECTION('',(-1.,0.,0.));
#6324=DIRECTION('',(0.5,-0.866025403784439,0.));
#6325=DIRECTION('',(0.,0.,-1.));
#6326=DIRECTION('',(-1.,0.,0.));
#6327=DIRECTION('',(0.766044443118978,0.64278760968654,0.));
#6328=DIRECTION('',(0.,0.,-1.));
#6329=DIRECTION('',(-1.,0.,0.));
#6330=DIRECTION('',(-0.766044443118978,0.64278760968654,0.));
#6331=DIRECTION('',(0.,0.,-1.));
#6332=DIRECTION('',(-1.,0.,0.));
#6333=DIRECTION('',(0.965925826289068,-0.258819045102521,0.));
#6334=DIRECTION('',(0.,0.,-1.));
#6335=DIRECTION('',(-1.,0.,0.));
#6336=DIRECTION('',(0.0871557427476588,0.996194698091746,0.));
#6337=DIRECTION('',(0.,0.,-1.));
#6338=DIRECTION('',(-1.,0.,0.));
#6339=DIRECTION('',(0.,0.,-1.));
#6340=DIRECTION('',(-1.,0.,0.));
#6341=DIRECTION('',(0.,0.,-1.));
#6342=DIRECTION('',(-1.,0.,0.));
#6343=DIRECTION('',(0.,0.,-1.));
#6344=DIRECTION('',(-1.,0.,0.));
#6345=DIRECTION('',(0.,0.,1.));
#6346=DIRECTION('',(1.,0.,0.));
#6347=DIRECTION('',(0.,0.,-1.));
#6348=DIRECTION('',(1.,0.,0.));
#6349=DIRECTION('',(0.,0.,-1.));
#6350=DIRECTION('',(-1.,0.,0.));
#6351=DIRECTION('',(0.,0.,-1.));
#6352=DIRECTION('',(-1.,0.,0.));
#6353=DIRECTION('',(0.,0.,-1.));
#6354=DIRECTION('',(-1.,0.,0.));
#6355=DIRECTION('',(0.,0.,-1.));
#6356=DIRECTION('',(-1.,0.,0.));
#6357=DIRECTION('',(0.,0.,-1.));
#6358=DIRECTION('',(-1.,0.,0.));
#6359=DIRECTION('',(0.,0.,-1.));
#6360=DIRECTION('',(-1.,0.,0.));
#6361=DIRECTION('',(0.,0.,-1.));
#6362=DIRECTION('',(-1.,0.,0.));
#6363=DIRECTION('',(0.,0.,-1.));
#6364=DIRECTION('',(-1.,0.,0.));
#6365=DIRECTION('',(0.64278760968654,-0.766044443118978,0.));
#6366=DIRECTION('',(0.766044443118978,0.64278760968654,0.));
#6367=DIRECTION('',(0.766044443118978,0.64278760968654,0.));
#6368=DIRECTION('',(0.,0.,-1.));
#6369=DIRECTION('',(-0.766044443118978,-0.64278760968654,0.));
#6370=DIRECTION('',(0.,0.,-1.));
#6371=DIRECTION('',(-1.,0.,0.));
#6372=DIRECTION('',(0.,0.,-1.));
#6373=DIRECTION('',(-1.,0.,0.));
#6374=DIRECTION('',(0.,0.,-1.));
#6375=DIRECTION('',(0.,0.,-1.));
#6376=DIRECTION('',(-1.,0.,0.));
#6377=DIRECTION('',(0.64278760968654,0.766044443118978,0.));
#6378=DIRECTION('',(-0.766044443118978,0.64278760968654,0.));
#6379=DIRECTION('',(-0.766044443118978,0.64278760968654,0.));
#6380=DIRECTION('',(0.766044443118978,-0.64278760968654,0.));
#6381=DIRECTION('',(-0.866025403784439,-0.5,0.));
#6382=DIRECTION('',(0.5,-0.866025403784439,0.));
#6383=DIRECTION('',(0.5,-0.866025403784439,0.));
#6384=DIRECTION('',(-0.5,0.866025403784439,0.));
#6385=DIRECTION('',(-0.766044443118978,-0.642787609686539,0.));
#6386=DIRECTION('',(0.642787609686539,-0.766044443118978,0.));
#6387=DIRECTION('',(0.642787609686539,-0.766044443118978,0.));
#6388=DIRECTION('',(0.,0.,-1.));
#6389=DIRECTION('',(-0.642787609686539,0.766044443118978,0.));
#6390=DIRECTION('',(0.,0.,-1.));
#6391=DIRECTION('',(-1.,0.,0.));
#6392=DIRECTION('',(0.,0.,-1.));
#6393=DIRECTION('',(-1.,0.,0.));
#6394=DIRECTION('',(0.,0.,-1.));
#6395=DIRECTION('',(0.,0.,-1.));
#6396=DIRECTION('',(-1.,0.,0.));
#6397=DIRECTION('',(0.766044443118978,-0.64278760968654,0.));
#6398=DIRECTION('',(0.64278760968654,0.766044443118978,0.));
#6399=DIRECTION('',(0.64278760968654,0.766044443118978,0.));
#6400=DIRECTION('',(-0.64278760968654,-0.766044443118978,0.));
#6401=DIRECTION('',(-0.5,0.866025403784439,0.));
#6402=DIRECTION('',(-0.866025403784439,-0.5,0.));
#6403=DIRECTION('',(-0.866025403784439,-0.5,0.));
#6404=DIRECTION('',(0.866025403784439,0.5,0.));
#6405=DIRECTION('',(-0.0871557427476574,-0.996194698091746,0.));
#6406=DIRECTION('',(0.996194698091746,-0.0871557427476574,0.));
#6407=DIRECTION('',(0.996194698091746,-0.0871557427476574,0.));
#6408=DIRECTION('',(0.,0.,-1.));
#6409=DIRECTION('',(-0.996194698091746,0.0871557427476574,0.));
#6410=DIRECTION('',(0.,0.,-1.));
#6411=DIRECTION('',(-1.,0.,0.));
#6412=DIRECTION('',(0.,0.,-1.));
#6413=DIRECTION('',(-1.,0.,0.));
#6414=DIRECTION('',(0.,0.,-1.));
#6415=DIRECTION('',(0.,0.,-1.));
#6416=DIRECTION('',(-1.,0.,0.));
#6417=DIRECTION('',(0.996194698091746,0.0871557427476579,0.));
#6418=DIRECTION('',(-0.0871557427476579,0.996194698091746,0.));
#6419=DIRECTION('',(-0.0871557427476579,0.996194698091746,0.));
#6420=DIRECTION('',(0.0871557427476579,-0.996194698091746,0.));
#6421=DIRECTION('',(-0.965925826289068,0.258819045102521,0.));
#6422=DIRECTION('',(-0.258819045102521,-0.965925826289068,0.));
#6423=DIRECTION('',(-0.258819045102521,-0.965925826289068,0.));
#6424=DIRECTION('',(0.258819045102521,0.965925826289068,0.));
#6425=DIRECTION('',(-0.64278760968654,0.766044443118978,0.));
#6426=DIRECTION('',(-0.766044443118978,-0.64278760968654,0.));
#6427=DIRECTION('',(-0.766044443118978,-0.64278760968654,0.));
#6428=DIRECTION('',(0.,0.,-1.));
#6429=DIRECTION('',(0.766044443118978,0.64278760968654,0.));
#6430=DIRECTION('',(0.,0.,-1.));
#6431=DIRECTION('',(-1.,0.,0.));
#6432=DIRECTION('',(0.,0.,-1.));
#6433=DIRECTION('',(-1.,0.,0.));
#6434=DIRECTION('',(0.,0.,-1.));
#6435=DIRECTION('',(0.,0.,-1.));
#6436=DIRECTION('',(-1.,0.,0.));
#6437=DIRECTION('',(-0.642787609686539,-0.766044443118978,0.));
#6438=DIRECTION('',(0.766044443118978,-0.642787609686539,0.));
#6439=DIRECTION('',(0.766044443118978,-0.642787609686539,0.));
#6440=DIRECTION('',(-0.766044443118978,0.642787609686539,0.));
#6441=DIRECTION('',(0.866025403784439,0.5,0.));
#6442=DIRECTION('',(-0.5,0.866025403784439,0.));
#6443=DIRECTION('',(-0.5,0.866025403784439,0.));
#6444=DIRECTION('',(0.5,-0.866025403784439,0.));
#6445=DIRECTION('',(-0.996194698091746,0.0871557427476574,0.));
#6446=DIRECTION('',(-0.0871557427476574,-0.996194698091746,0.));
#6447=DIRECTION('',(-0.0871557427476574,-0.996194698091746,0.));
#6448=DIRECTION('',(0.,0.,-1.));
#6449=DIRECTION('',(0.0871557427476574,0.996194698091746,0.));
#6450=DIRECTION('',(0.,0.,-1.));
#6451=DIRECTION('',(-1.,0.,0.));
#6452=DIRECTION('',(0.,0.,-1.));
#6453=DIRECTION('',(-1.,0.,0.));
#6454=DIRECTION('',(0.,0.,-1.));
#6455=DIRECTION('',(0.,0.,-1.));
#6456=DIRECTION('',(-1.,0.,0.));
#6457=DIRECTION('',(0.0871557427476579,-0.996194698091746,0.));
#6458=DIRECTION('',(0.996194698091746,0.0871557427476579,0.));
#6459=DIRECTION('',(0.996194698091746,0.0871557427476579,0.));
#6460=DIRECTION('',(-0.996194698091746,-0.0871557427476579,0.));
#6461=DIRECTION('',(0.258819045102521,0.965925826289068,0.));
#6462=DIRECTION('',(-0.965925826289068,0.258819045102521,0.));
#6463=DIRECTION('',(-0.965925826289068,0.258819045102521,0.));
#6464=DIRECTION('',(0.965925826289068,-0.258819045102521,0.));
#6465=DIRECTION('',(0.766044443118978,0.642787609686539,0.));
#6466=DIRECTION('',(-0.642787609686539,0.766044443118978,0.));
#6467=DIRECTION('',(-0.642787609686539,0.766044443118978,0.));
#6468=DIRECTION('',(0.,0.,-1.));
#6469=DIRECTION('',(0.642787609686539,-0.766044443118978,0.));
#6470=DIRECTION('',(0.,0.,-1.));
#6471=DIRECTION('',(-1.,0.,0.));
#6472=DIRECTION('',(0.,0.,-1.));
#6473=DIRECTION('',(-1.,0.,0.));
#6474=DIRECTION('',(0.,0.,-1.));
#6475=DIRECTION('',(0.,0.,-1.));
#6476=DIRECTION('',(-1.,0.,0.));
#6477=DIRECTION('',(-0.766044443118978,0.642787609686539,0.));
#6478=DIRECTION('',(-0.642787609686539,-0.766044443118978,0.));
#6479=DIRECTION('',(-0.642787609686539,-0.766044443118978,0.));
#6480=DIRECTION('',(0.642787609686539,0.766044443118978,0.));
#6481=DIRECTION('',(0.5,-0.866025403784439,0.));
#6482=DIRECTION('',(0.866025403784439,0.5,0.));
#6483=DIRECTION('',(0.866025403784439,0.5,0.));
#6484=DIRECTION('',(-0.866025403784439,-0.5,0.));
#6485=DIRECTION('',(0.0871557427476572,0.996194698091746,0.));
#6486=DIRECTION('',(-0.996194698091746,0.0871557427476573,0.));
#6487=DIRECTION('',(-0.996194698091746,0.0871557427476573,0.));
#6488=DIRECTION('',(0.,0.,-1.));
#6489=DIRECTION('',(0.996194698091746,-0.0871557427476573,0.));
#6490=DIRECTION('',(0.,0.,-1.));
#6491=DIRECTION('',(-1.,0.,0.));
#6492=DIRECTION('',(0.,0.,-1.));
#6493=DIRECTION('',(-1.,0.,0.));
#6494=DIRECTION('',(0.,0.,-1.));
#6495=DIRECTION('',(0.,0.,-1.));
#6496=DIRECTION('',(-1.,0.,0.));
#6497=DIRECTION('',(-0.996194698091746,-0.0871557427476581,0.));
#6498=DIRECTION('',(0.0871557427476581,-0.996194698091746,0.));
#6499=DIRECTION('',(0.0871557427476581,-0.996194698091746,0.));
#6500=DIRECTION('',(-0.0871557427476581,0.996194698091746,0.));
#6501=DIRECTION('',(0.965925826289068,-0.258819045102521,0.));
#6502=DIRECTION('',(0.258819045102521,0.965925826289068,0.));
#6503=DIRECTION('',(0.258819045102521,0.965925826289068,0.));
#6504=DIRECTION('',(-0.258819045102521,-0.965925826289068,0.));
#6505=DIRECTION('',(0.996194698091746,-0.0871557427476588,0.));
#6506=DIRECTION('',(0.0871557427476588,0.996194698091746,0.));
#6507=DIRECTION('',(0.0871557427476588,0.996194698091746,0.));
#6508=DIRECTION('',(0.,0.,-1.));
#6509=DIRECTION('',(-0.0871557427476588,-0.996194698091746,0.));
#6510=DIRECTION('',(0.,0.,-1.));
#6511=DIRECTION('',(-1.,0.,0.));
#6512=DIRECTION('',(0.,0.,-1.));
#6513=DIRECTION('',(-1.,0.,0.));
#6514=DIRECTION('',(0.,0.,-1.));
#6515=DIRECTION('',(0.,0.,-1.));
#6516=DIRECTION('',(-1.,0.,0.));
#6517=DIRECTION('',(-0.0871557427476582,0.996194698091746,0.));
#6518=DIRECTION('',(-0.996194698091746,-0.0871557427476582,0.));
#6519=DIRECTION('',(-0.996194698091746,-0.0871557427476582,0.));
#6520=DIRECTION('',(0.996194698091746,0.0871557427476582,0.));
#6521=DIRECTION('',(-0.258819045102521,-0.965925826289068,0.));
#6522=DIRECTION('',(0.965925826289068,-0.258819045102521,0.));
#6523=DIRECTION('',(0.965925826289068,-0.258819045102521,0.));
#6524=DIRECTION('',(-0.965925826289068,0.258819045102521,0.));
#6525=DIRECTION('',(0.,0.,-1.));
#6526=DIRECTION('',(-1.,0.,0.));
#6527=DIRECTION('',(0.,0.,-1.));
#6528=DIRECTION('',(-1.,0.,0.));
#6529=DIRECTION('',(0.353553390593274,-0.612372435695794,-0.707106781186548));
#6530=DIRECTION('',(-0.866025403784439,-0.5,0.));
#6531=DIRECTION('',(0.353553390593275,-0.612372435695794,0.707106781186547));
#6532=DIRECTION('',(-0.061628416716219,0.704416026402757,-0.707106781186549));
#6533=DIRECTION('',(0.996194698091746,0.0871557427476579,0.));
#6534=DIRECTION('',(0.0616284167162179,-0.704416026402761,-0.707106781186546));
#6535=DIRECTION('',(0.,0.,-1.));
#6536=DIRECTION('',(-1.,0.,0.));
#6537=DIRECTION('',(0.5416752204197,0.454519477672044,0.707106781186549));
#6538=DIRECTION('',(0.,0.,-1.));
#6539=DIRECTION('',(-1.,0.,0.));
#6540=DIRECTION('',(-0.704416026402758,0.0616284167162209,-0.707106781186548));
#6541=DIRECTION('',(0.541675220419703,0.454519477672044,-0.707106781186546));
#6542=DIRECTION('',(0.642787609686539,-0.766044443118978,0.));
#6543=DIRECTION('',(0.5416752204197,0.454519477672043,0.707106781186549));
#6544=DIRECTION('',(0.70441602640276,-0.0616284167162189,-0.707106781186546));
#6545=DIRECTION('',(-0.0871557427476574,-0.996194698091746,0.));
#6546=DIRECTION('',(-0.704416026402757,0.0616284167162167,-0.70710678118655));
#6547=DIRECTION('',(0.,0.,-1.));
#6548=DIRECTION('',(-1.,0.,0.));
#6549=DIRECTION('',(-0.541675220419703,0.454519477672042,0.707106781186548));
#6550=DIRECTION('',(0.,0.,-1.));
#6551=DIRECTION('',(-1.,0.,0.));
#6552=DIRECTION('',(0.183012701892219,0.683012701892219,-0.707106781186548));
#6553=DIRECTION('',(-0.541675220419702,0.454519477672044,-0.707106781186548));
#6554=DIRECTION('',(0.64278760968654,0.766044443118978,0.));
#6555=DIRECTION('',(-0.18301270189222,-0.683012701892219,-0.707106781186548));
#6556=DIRECTION('',(-0.965925826289068,0.258819045102521,0.));
#6557=DIRECTION('',(0.,0.,-1.));
#6558=DIRECTION('',(-1.,0.,0.));
#6559=DIRECTION('',(0.,0.,-1.));
#6560=DIRECTION('',(-1.,0.,0.));
#6561=DIRECTION('',(0.683012701892219,-0.18301270189222,-0.707106781186548));
#6562=DIRECTION('',(-0.258819045102521,-0.965925826289068,0.));
#6563=DIRECTION('',(0.68301270189222,-0.183012701892219,0.707106781186547));
#6564=DIRECTION('',(0.454519477672043,0.541675220419701,-0.70710678118655));
#6565=DIRECTION('',(0.766044443118978,-0.642787609686539,0.));
#6566=DIRECTION('',(-0.454519477672044,-0.541675220419704,-0.707106781186546));
#6567=DIRECTION('',(0.,0.,-1.));
#6568=DIRECTION('',(-1.,0.,0.));
#6569=DIRECTION('',(0.0616284167162178,0.704416026402758,0.707106781186548));
#6570=DIRECTION('',(0.,0.,-1.));
#6571=DIRECTION('',(-1.,0.,0.));
#6572=DIRECTION('',(-0.454519477672043,0.541675220419701,-0.707106781186549));
#6573=DIRECTION('',(0.0616284167162189,0.70441602640276,-0.707106781186546));
#6574=DIRECTION('',(0.996194698091746,-0.0871557427476574,0.));
#6575=DIRECTION('',(0.0616284167162196,0.704416026402758,0.707106781186548));
#6576=DIRECTION('',(0.454519477672044,-0.541675220419701,-0.707106781186548));
#6577=DIRECTION('',(-0.766044443118978,-0.64278760968654,0.));
#6578=DIRECTION('',(-0.454519477672041,0.541675220419705,-0.707106781186547));
#6579=DIRECTION('',(0.,0.,-1.));
#6580=DIRECTION('',(-1.,0.,0.));
#6581=DIRECTION('',(-0.704416026402759,-0.0616284167162178,0.707106781186548));
#6582=DIRECTION('',(0.,0.,-1.));
#6583=DIRECTION('',(-1.,0.,0.));
#6584=DIRECTION('',(0.612372435695793,0.353553390593275,-0.707106781186549));
#6585=DIRECTION('',(-0.704416026402757,-0.061628416716219,-0.707106781186549));
#6586=DIRECTION('',(-0.0871557427476579,0.996194698091746,0.));
#6587=DIRECTION('',(-0.612372435695794,-0.353553390593274,-0.707106781186548));
#6588=DIRECTION('',(-0.5,0.866025403784439,0.));
#6589=DIRECTION('',(0.,0.,-1.));
#6590=DIRECTION('',(-1.,0.,0.));
#6591=DIRECTION('',(0.,0.,-1.));
#6592=DIRECTION('',(-1.,0.,0.));
#6593=DIRECTION('',(0.612372435695793,0.353553390593273,-0.707106781186549));
#6594=DIRECTION('',(0.5,-0.866025403784439,0.));
#6595=DIRECTION('',(0.612372435695796,0.353553390593275,0.707106781186546));
#6596=DIRECTION('',(0.704416026402757,0.0616284167162192,-0.707106781186549));
#6597=DIRECTION('',(0.0871557427476581,-0.996194698091746,0.));
#6598=DIRECTION('',(-0.704416026402761,-0.0616284167162179,-0.707106781186546));
#6599=DIRECTION('',(0.,0.,-1.));
#6600=DIRECTION('',(-1.,0.,0.));
#6601=DIRECTION('',(-0.454519477672041,0.541675220419703,0.707106781186548));
#6602=DIRECTION('',(0.,0.,-1.));
#6603=DIRECTION('',(-1.,0.,0.));
#6604=DIRECTION('',(0.0616284167162193,0.704416026402758,-0.707106781186548));
#6605=DIRECTION('',(-0.454519477672044,0.541675220419701,-0.707106781186548));
#6606=DIRECTION('',(0.766044443118978,0.64278760968654,0.));
#6607=DIRECTION('',(-0.454519477672045,0.541675220419702,0.707106781186547));
#6608=DIRECTION('',(-0.0616284167162185,-0.704416026402757,-0.70710678118655));
#6609=DIRECTION('',(-0.996194698091746,0.0871557427476573,0.));
#6610=DIRECTION('',(0.061628416716218,0.70441602640276,-0.707106781186547));
#6611=DIRECTION('',(0.,0.,-1.));
#6612=DIRECTION('',(-1.,0.,0.));
#6613=DIRECTION('',(-0.454519477672042,-0.541675220419701,0.70710678118655));
#6614=DIRECTION('',(0.,0.,-1.));
#6615=DIRECTION('',(-1.,0.,0.));
#6616=DIRECTION('',(0.683012701892219,-0.183012701892219,-0.707106781186548));
#6617=DIRECTION('',(-0.454519477672043,-0.5416752204197,-0.707106781186549));
#6618=DIRECTION('',(-0.766044443118978,0.64278760968654,0.));
#6619=DIRECTION('',(-0.683012701892218,0.18301270189222,-0.707106781186549));
#6620=DIRECTION('',(0.258819045102521,0.965925826289068,0.));
#6621=DIRECTION('',(0.,0.,-1.));
#6622=DIRECTION('',(-1.,0.,0.));
#6623=DIRECTION('',(0.,0.,-1.));
#6624=DIRECTION('',(-1.,0.,0.));
#6625=DIRECTION('',(0.18301270189222,0.68301270189222,-0.707106781186547));
#6626=DIRECTION('',(0.965925826289068,-0.258819045102521,0.));
#6627=DIRECTION('',(0.18301270189222,0.683012701892219,0.707106781186548));
#6628=DIRECTION('',(0.541675220419701,-0.454519477672043,-0.707106781186549));
#6629=DIRECTION('',(-0.642787609686539,-0.766044443118978,0.));
#6630=DIRECTION('',(-0.541675220419701,0.454519477672046,-0.707106781186547));
#6631=DIRECTION('',(0.,0.,-1.));
#6632=DIRECTION('',(-1.,0.,0.));
#6633=DIRECTION('',(-0.704416026402758,0.0616284167162209,0.707106781186548));
#6634=DIRECTION('',(0.,0.,-1.));
#6635=DIRECTION('',(-1.,0.,0.));
#6636=DIRECTION('',(0.5416752204197,0.454519477672045,-0.707106781186548));
#6637=DIRECTION('',(-0.70441602640276,0.0616284167162199,-0.707106781186546));
#6638=DIRECTION('',(0.0871557427476588,0.996194698091746,0.));
#6639=DIRECTION('',(-0.704416026402758,0.0616284167162196,0.707106781186548));
#6640=DIRECTION('',(-0.541675220419702,-0.454519477672044,-0.707106781186547));
#6641=DIRECTION('',(-0.642787609686539,0.766044443118978,0.));
#6642=DIRECTION('',(0.541675220419705,0.454519477672041,-0.707106781186547));
#6643=DIRECTION('',(0.,0.,-1.));
#6644=DIRECTION('',(-1.,0.,0.));
#6645=DIRECTION('',(0.0616284167162209,-0.704416026402758,0.707106781186548));
#6646=DIRECTION('',(0.,0.,-1.));
#6647=DIRECTION('',(-1.,0.,0.));
#6648=DIRECTION('',(0.353553390593275,-0.612372435695793,-0.707106781186549));
#6649=DIRECTION('',(0.0616284167162193,-0.704416026402758,-0.707106781186548));
#6650=DIRECTION('',(-0.996194698091746,-0.0871557427476582,0.));
#6651=DIRECTION('',(-0.353553390593274,0.612372435695794,-0.707106781186548));
#6652=DIRECTION('',(0.866025403784439,0.5,0.));
#6653=DIRECTION('',(0.,0.,-1.));
#6654=DIRECTION('',(-1.,0.,0.));
#6655=DIRECTION('',(0.,0.,-1.));
#6656=DIRECTION('',(-1.,0.,0.));
#6657=DIRECTION('',(0.,0.,-1.));
#6658=DIRECTION('',(1.,0.,0.));
#6659=DIRECTION('',(0.,0.,-1.));
#6660=DIRECTION('',(-1.,0.,0.));
#6661=DIRECTION('',(0.,0.,1.));
#6662=DIRECTION('',(1.,0.,0.));
#6663=DIRECTION('',(0.,0.,-1.));
#6664=DIRECTION('',(1.,0.,0.));
#6665=DIRECTION('',(0.,0.,-1.));
#6666=DIRECTION('',(-1.,0.,0.));
#6667=DIRECTION('',(0.,0.,1.));
#6668=DIRECTION('',(1.,0.,0.));
#6669=DIRECTION('',(0.,0.,-1.));
#6670=DIRECTION('',(1.,0.,0.));
#6671=DIRECTION('',(0.,0.,-1.));
#6672=DIRECTION('',(-1.,0.,0.));
#6673=DIRECTION('',(0.,0.,1.));
#6674=DIRECTION('',(1.,0.,0.));
#6675=DIRECTION('',(0.,0.,-1.));
#6676=DIRECTION('',(1.,0.,0.));
#6677=DIRECTION('',(0.,0.,-1.));
#6678=DIRECTION('',(-1.,0.,0.));
#6679=DIRECTION('',(0.,0.,1.));
#6680=DIRECTION('',(1.,0.,0.));
#6681=DIRECTION('',(0.,0.,-1.));
#6682=DIRECTION('',(1.,0.,0.));
#6683=DIRECTION('',(0.,0.,-1.));
#6684=DIRECTION('',(-1.,0.,0.));
#6685=DIRECTION('',(0.,0.,1.));
#6686=DIRECTION('',(1.,0.,0.));
#6687=DIRECTION('',(0.,0.,-1.));
#6688=DIRECTION('',(1.,0.,0.));
#6689=DIRECTION('',(0.,0.,-1.));
#6690=DIRECTION('',(-1.,0.,0.));
#6691=DIRECTION('',(0.,0.,1.));
#6692=DIRECTION('',(1.,0.,0.));
#6693=DIRECTION('',(0.,0.,-1.));
#6694=DIRECTION('',(1.,0.,0.));
#6695=DIRECTION('',(0.,0.,-1.));
#6696=DIRECTION('',(-1.,0.,0.));
#6697=DIRECTION('',(0.,0.,1.));
#6698=DIRECTION('',(1.,0.,0.));
#6699=DIRECTION('',(0.,0.,1.));
#6700=DIRECTION('',(1.,0.,0.));
#6701=DIRECTION('',(0.,0.,-1.));
#6702=DIRECTION('',(-1.,0.,0.));
#6703=DIRECTION('',(0.,0.,-1.));
#6704=DIRECTION('',(1.,0.,0.));
#6705=CARTESIAN_POINT('',(0.,0.,0.));
#6706=CARTESIAN_POINT('',(0.00144915228031406,-0.0055808264792084,0.012002));
#6707=CARTESIAN_POINT('',(0.00135471258572047,-0.00607182662593451,0.0119));
#6708=CARTESIAN_POINT('',(0.00135471258572048,-0.00607182662593451,0.012));
#6709=CARTESIAN_POINT('',(0.00135471258572048,-0.00607182662593451,0.0118));
#6710=CARTESIAN_POINT('',(0.00144915228031406,-0.0055808264792084,0.012));
#6711=CARTESIAN_POINT('',(0.00177054608515733,-0.00596384870076789,0.012));
#6712=CARTESIAN_POINT('',(0.00177054608515733,-0.00596384870076789,0.012002));
#6713=CARTESIAN_POINT('',(0.00177054608515733,-0.00596384870076789,0.0118));
#6714=CARTESIAN_POINT('',(0.00177054608515733,-0.00596384870076789,0.012002));
#6715=CARTESIAN_POINT('',(0.00177054608515733,-0.00596384870076789,0.0062));
#6716=CARTESIAN_POINT('',(0.00144915228031406,-0.0055808264792084,0.0062));
#6717=CARTESIAN_POINT('',(0.00101613957842184,-0.0058308264792084,0.0062));
#6718=CARTESIAN_POINT('',(0.00101613957842184,-0.0058308264792084,0.012002));
#6719=CARTESIAN_POINT('',(0.00101613957842184,-0.0058308264792084,0.0118));
#6720=CARTESIAN_POINT('',(0.00144915228031406,-0.0055808264792084,0.0118));
#6721=CARTESIAN_POINT('',(-0.0055808264792084,-0.00144915228031406,0.012002));
#6722=CARTESIAN_POINT('',(-0.00607182662593451,-0.00135471258572047,0.0119));
#6723=CARTESIAN_POINT('',(-0.00607182662593451,-0.00135471258572048,0.012));
#6724=CARTESIAN_POINT('',(-0.00607182662593451,-0.00135471258572048,0.0118));
#6725=CARTESIAN_POINT('',(-0.0055808264792084,-0.00144915228031406,0.012));
#6726=CARTESIAN_POINT('',(-0.00596384870076789,-0.00177054608515733,0.012));
#6727=CARTESIAN_POINT('',(-0.00596384870076789,-0.00177054608515733,0.012002));
#6728=CARTESIAN_POINT('',(-0.00596384870076789,-0.00177054608515733,0.0118));
#6729=CARTESIAN_POINT('',(-0.00596384870076789,-0.00177054608515733,0.012002));
#6730=CARTESIAN_POINT('',(-0.00596384870076789,-0.00177054608515733,0.0062));
#6731=CARTESIAN_POINT('',(-0.0055808264792084,-0.00144915228031406,0.0062));
#6732=CARTESIAN_POINT('',(-0.0058308264792084,-0.00101613957842184,0.0062));
#6733=CARTESIAN_POINT('',(-0.0058308264792084,-0.00101613957842184,0.012002));
#6734=CARTESIAN_POINT('',(-0.0058308264792084,-0.00101613957842184,0.0118));
#6735=CARTESIAN_POINT('',(-0.0055808264792084,-0.00144915228031406,0.0118));
#6736=CARTESIAN_POINT('',(-0.00292153484369168,-0.00497094565245572,0.012002));
#6737=CARTESIAN_POINT('',(-0.00333550332546563,-0.00525135623730903,0.0119));
#6738=CARTESIAN_POINT('',(-0.00333550332546562,-0.00525135623730904,0.012));
#6739=CARTESIAN_POINT('',(-0.00333550332546562,-0.00525135623730904,0.0118));
#6740=CARTESIAN_POINT('',(-0.00292153484369168,-0.00497094565245572,0.012));
#6741=CARTESIAN_POINT('',(-0.00296511271506551,-0.00546904300150159,0.012));
#6742=CARTESIAN_POINT('',(-0.00296511271506551,-0.0054690430015016,0.012002));
#6743=CARTESIAN_POINT('',(-0.00296511271506551,-0.0054690430015016,0.0118));
#6744=CARTESIAN_POINT('',(-0.00296511271506551,-0.0054690430015016,0.012002));
#6745=CARTESIAN_POINT('',(-0.00296511271506551,-0.0054690430015016,0.0062));
#6746=CARTESIAN_POINT('',(-0.00292153484369168,-0.00497094565245572,0.0062));
#6747=CARTESIAN_POINT('',(-0.00340449775683622,-0.00484153612990446,0.0062));
#6748=CARTESIAN_POINT('',(-0.00340449775683622,-0.00484153612990446,0.012002));
#6749=CARTESIAN_POINT('',(-0.00340449775683622,-0.00484153612990446,0.0118));
#6750=CARTESIAN_POINT('',(-0.00292153484369168,-0.00497094565245572,0.0118));
#6751=CARTESIAN_POINT('',(-0.00144915228031406,0.0055808264792084,0.012002));
#6752=CARTESIAN_POINT('',(-0.00135471258572047,0.00607182662593451,0.0119));
#6753=CARTESIAN_POINT('',(-0.00135471258572048,0.00607182662593451,0.012));
#6754=CARTESIAN_POINT('',(-0.00135471258572048,0.00607182662593451,0.0118));
#6755=CARTESIAN_POINT('',(-0.00144915228031406,0.0055808264792084,0.012));
#6756=CARTESIAN_POINT('',(-0.00177054608515734,0.00596384870076789,0.012));
#6757=CARTESIAN_POINT('',(-0.00177054608515733,0.00596384870076789,0.012002));
#6758=CARTESIAN_POINT('',(-0.00177054608515733,0.00596384870076789,0.0118));
#6759=CARTESIAN_POINT('',(-0.00177054608515733,0.00596384870076789,0.012002));
#6760=CARTESIAN_POINT('',(-0.00177054608515733,0.00596384870076789,0.0062));
#6761=CARTESIAN_POINT('',(-0.00144915228031406,0.0055808264792084,0.0062));
#6762=CARTESIAN_POINT('',(-0.00101613957842184,0.0058308264792084,0.0062));
#6763=CARTESIAN_POINT('',(-0.00101613957842184,0.0058308264792084,0.012002));
#6764=CARTESIAN_POINT('',(-0.00101613957842184,0.0058308264792084,0.0118));
#6765=CARTESIAN_POINT('',(-0.00144915228031406,0.0055808264792084,0.0118));
#6766=CARTESIAN_POINT('',(-0.00497094565245572,0.00292153484369168,0.012002));
#6767=CARTESIAN_POINT('',(-0.00525135623730903,0.00333550332546563,0.0119));
#6768=CARTESIAN_POINT('',(-0.00525135623730904,0.00333550332546562,0.012));
#6769=CARTESIAN_POINT('',(-0.00525135623730904,0.00333550332546562,0.0118));
#6770=CARTESIAN_POINT('',(-0.00497094565245572,0.00292153484369168,0.012));
#6771=CARTESIAN_POINT('',(-0.00546904300150159,0.00296511271506551,0.012));
#6772=CARTESIAN_POINT('',(-0.0054690430015016,0.00296511271506551,0.012002));
#6773=CARTESIAN_POINT('',(-0.0054690430015016,0.00296511271506551,0.0118));
#6774=CARTESIAN_POINT('',(-0.0054690430015016,0.00296511271506551,0.012002));
#6775=CARTESIAN_POINT('',(-0.0054690430015016,0.00296511271506551,0.0062));
#6776=CARTESIAN_POINT('',(-0.00497094565245572,0.00292153484369168,0.0062));
#6777=CARTESIAN_POINT('',(-0.00484153612990446,0.00340449775683622,0.0062));
#6778=CARTESIAN_POINT('',(-0.00484153612990446,0.00340449775683622,0.012002));
#6779=CARTESIAN_POINT('',(-0.00484153612990446,0.00340449775683622,0.0118));
#6780=CARTESIAN_POINT('',(-0.00497094565245572,0.00292153484369168,0.0118));
#6781=CARTESIAN_POINT('',(0.0055808264792084,0.00144915228031406,0.012002));
#6782=CARTESIAN_POINT('',(0.00607182662593452,0.00135471258572047,0.0119));
#6783=CARTESIAN_POINT('',(0.00607182662593451,0.00135471258572048,0.012));
#6784=CARTESIAN_POINT('',(0.00607182662593451,0.00135471258572048,0.0118));
#6785=CARTESIAN_POINT('',(0.0055808264792084,0.00144915228031406,0.012));
#6786=CARTESIAN_POINT('',(0.00596384870076789,0.00177054608515733,0.012));
#6787=CARTESIAN_POINT('',(0.00596384870076789,0.00177054608515733,0.012002));
#6788=CARTESIAN_POINT('',(0.00596384870076789,0.00177054608515734,0.0118));
#6789=CARTESIAN_POINT('',(0.00596384870076789,0.00177054608515733,0.012002));
#6790=CARTESIAN_POINT('',(0.00596384870076789,0.00177054608515733,0.0062));
#6791=CARTESIAN_POINT('',(0.0055808264792084,0.00144915228031406,0.0062));
#6792=CARTESIAN_POINT('',(0.0058308264792084,0.00101613957842184,0.0062));
#6793=CARTESIAN_POINT('',(0.0058308264792084,0.00101613957842184,0.012002));
#6794=CARTESIAN_POINT('',(0.0058308264792084,0.00101613957842184,0.0118));
#6795=CARTESIAN_POINT('',(0.0055808264792084,0.00144915228031406,0.0118));
#6796=CARTESIAN_POINT('',(0.00292153484369168,0.00497094565245572,0.012002));
#6797=CARTESIAN_POINT('',(0.00333550332546563,0.00525135623730903,0.0119));
#6798=CARTESIAN_POINT('',(0.00333550332546562,0.00525135623730904,0.012));
#6799=CARTESIAN_POINT('',(0.00333550332546562,0.00525135623730904,0.0118));
#6800=CARTESIAN_POINT('',(0.00292153484369168,0.00497094565245572,0.012));
#6801=CARTESIAN_POINT('',(0.00296511271506551,0.0054690430015016,0.012));
#6802=CARTESIAN_POINT('',(0.00296511271506551,0.0054690430015016,0.012002));
#6803=CARTESIAN_POINT('',(0.00296511271506551,0.0054690430015016,0.0118));
#6804=CARTESIAN_POINT('',(0.00296511271506551,0.0054690430015016,0.012002));
#6805=CARTESIAN_POINT('',(0.00296511271506551,0.0054690430015016,0.0062));
#6806=CARTESIAN_POINT('',(0.00292153484369168,0.00497094565245572,0.0062));
#6807=CARTESIAN_POINT('',(0.00340449775683622,0.00484153612990446,0.0062));
#6808=CARTESIAN_POINT('',(0.00340449775683622,0.00484153612990446,0.012002));
#6809=CARTESIAN_POINT('',(0.00340449775683622,0.00484153612990446,0.0118));
#6810=CARTESIAN_POINT('',(0.00292153484369168,0.00497094565245572,0.0118));
#6811=CARTESIAN_POINT('',(0.00497094565245572,-0.00292153484369168,0.012002));
#6812=CARTESIAN_POINT('',(0.00525135623730904,-0.00333550332546563,0.0119));
#6813=CARTESIAN_POINT('',(0.00525135623730904,-0.00333550332546562,0.012));
#6814=CARTESIAN_POINT('',(0.00525135623730904,-0.00333550332546562,0.0118));
#6815=CARTESIAN_POINT('',(0.00497094565245572,-0.00292153484369168,0.012));
#6816=CARTESIAN_POINT('',(0.0054690430015016,-0.00296511271506551,0.012));
#6817=CARTESIAN_POINT('',(0.00546904300150159,-0.00296511271506551,0.012002));
#6818=CARTESIAN_POINT('',(0.00546904300150159,-0.00296511271506551,0.0118));
#6819=CARTESIAN_POINT('',(0.00546904300150159,-0.00296511271506551,0.012002));
#6820=CARTESIAN_POINT('',(0.00546904300150159,-0.00296511271506551,0.0062));
#6821=CARTESIAN_POINT('',(0.00497094565245572,-0.00292153484369168,0.0062));
#6822=CARTESIAN_POINT('',(0.00484153612990446,-0.00340449775683622,0.0062));
#6823=CARTESIAN_POINT('',(0.00484153612990446,-0.00340449775683622,0.012002));
#6824=CARTESIAN_POINT('',(0.00484153612990446,-0.00340449775683622,0.0118));
#6825=CARTESIAN_POINT('',(0.00497094565245572,-0.00292153484369168,0.0118));
#6826=CARTESIAN_POINT('',(0.,-1.80635402874234E-19,0.012));
#6827=CARTESIAN_POINT('',(0.00208596500450032,-0.00208596500450032,0.012002));
#6828=CARTESIAN_POINT('',(0.00208596500450032,-0.00208596500450032,0.0118));
#6829=CARTESIAN_POINT('',(0.00208596500450032,-0.00208596500450032,0.0062));
#6830=CARTESIAN_POINT('',(0.,-1.80635402874234E-19,0.0118));
#6831=CARTESIAN_POINT('',(0.00286694915254238,-0.000695055793973814,0.0118));
#6832=CARTESIAN_POINT('',(0.00286694915254238,-0.000695055793973814,0.012002));
#6833=CARTESIAN_POINT('',(0.00286694915254238,-0.000695055793973814,0.0062));
#6834=CARTESIAN_POINT('',(0.,-1.80635402874234E-19,0.0062));
#6835=CARTESIAN_POINT('',(0.,-1.80635402874234E-19,0.012));
#6836=CARTESIAN_POINT('',(0.00208596500450032,0.00208596500450032,0.012002));
#6837=CARTESIAN_POINT('',(0.00208596500450032,0.00208596500450032,0.0118));
#6838=CARTESIAN_POINT('',(0.00208596500450032,0.00208596500450032,0.0062));
#6839=CARTESIAN_POINT('',(0.,-1.80635402874234E-19,0.0118));
#6840=CARTESIAN_POINT('',(0.000695055793973813,0.00286694915254238,0.0118));
#6841=CARTESIAN_POINT('',(0.000695055793973813,0.00286694915254238,0.012002));
#6842=CARTESIAN_POINT('',(0.000695055793973813,0.00286694915254238,0.0062));
#6843=CARTESIAN_POINT('',(0.,-1.80635402874234E-19,0.0062));
#6844=CARTESIAN_POINT('',(0.,-1.80635402874234E-19,0.012));
#6845=CARTESIAN_POINT('',(0.00295,0.,0.012002));
#6846=CARTESIAN_POINT('',(0.00295,0.,0.0118));
#6847=CARTESIAN_POINT('',(0.00295,0.,0.0062));
#6848=CARTESIAN_POINT('',(0.,-1.80635402874234E-19,0.0118));
#6849=CARTESIAN_POINT('',(0.00251871785230162,0.00153576052185786,0.0118));
#6850=CARTESIAN_POINT('',(0.00251871785230162,0.00153576052185786,0.012002));
#6851=CARTESIAN_POINT('',(0.00251871785230162,0.00153576052185786,0.0062));
#6852=CARTESIAN_POINT('',(0.,-1.80635402874234E-19,0.0062));
#6853=CARTESIAN_POINT('',(0.,-1.80635402874234E-19,0.012));
#6854=CARTESIAN_POINT('',(-0.00208596500450032,0.00208596500450032,0.012002));
#6855=CARTESIAN_POINT('',(-0.00208596500450032,0.00208596500450032,0.0118));
#6856=CARTESIAN_POINT('',(-0.00208596500450032,0.00208596500450032,0.0062));
#6857=CARTESIAN_POINT('',(0.,-1.80635402874234E-19,0.0118));
#6858=CARTESIAN_POINT('',(-0.00286694915254238,0.000695055793973815,0.0118));
#6859=CARTESIAN_POINT('',(-0.00286694915254238,0.000695055793973815,0.012002));
#6860=CARTESIAN_POINT('',(-0.00286694915254238,0.000695055793973815,0.0062));
#6861=CARTESIAN_POINT('',(0.,-1.80635402874234E-19,0.0062));
#6862=CARTESIAN_POINT('',(0.,-1.80635402874234E-19,0.012));
#6863=CARTESIAN_POINT('',(-5.41906208622704E-19,0.00295,0.012002));
#6864=CARTESIAN_POINT('',(-5.41906208622704E-19,0.00295,0.0118));
#6865=CARTESIAN_POINT('',(-5.41906208622704E-19,0.00295,0.0062));
#6866=CARTESIAN_POINT('',(0.,-1.80635402874234E-19,0.0118));
#6867=CARTESIAN_POINT('',(-0.00153576052185786,0.00251871785230162,0.0118));
#6868=CARTESIAN_POINT('',(-0.00153576052185786,0.00251871785230162,0.012002));
#6869=CARTESIAN_POINT('',(-0.00153576052185786,0.00251871785230162,0.0062));
#6870=CARTESIAN_POINT('',(0.,-1.80635402874234E-19,0.0062));
#6871=CARTESIAN_POINT('',(0.,-1.80635402874234E-19,0.012));
#6872=CARTESIAN_POINT('',(-0.00208596500450032,-0.00208596500450032,0.012002));
#6873=CARTESIAN_POINT('',(-0.00208596500450032,-0.00208596500450032,0.0118));
#6874=CARTESIAN_POINT('',(-0.00208596500450032,-0.00208596500450032,0.0062));
#6875=CARTESIAN_POINT('',(0.,-1.80635402874234E-19,0.0118));
#6876=CARTESIAN_POINT('',(-0.000695055793973817,-0.00286694915254238,0.0118));
#6877=CARTESIAN_POINT('',(-0.000695055793973817,-0.00286694915254238,0.012002));
#6878=CARTESIAN_POINT('',(-0.000695055793973817,-0.00286694915254238,0.0062));
#6879=CARTESIAN_POINT('',(0.,-1.80635402874234E-19,0.0062));
#6880=CARTESIAN_POINT('',(0.,-1.80635402874234E-19,0.012));
#6881=CARTESIAN_POINT('',(-0.00295,-1.80635402874234E-19,0.012002));
#6882=CARTESIAN_POINT('',(-0.00295,-1.80635402874234E-19,0.0118));
#6883=CARTESIAN_POINT('',(-0.00295,-1.80635402874234E-19,0.0062));
#6884=CARTESIAN_POINT('',(0.,-1.80635402874234E-19,0.0118));
#6885=CARTESIAN_POINT('',(-0.00251871785230162,-0.00153576052185786,0.0118));
#6886=CARTESIAN_POINT('',(-0.00251871785230162,-0.00153576052185786,0.012002));
#6887=CARTESIAN_POINT('',(-0.00251871785230162,-0.00153576052185786,0.0062));
#6888=CARTESIAN_POINT('',(0.,-1.80635402874234E-19,0.0062));
#6889=CARTESIAN_POINT('',(0.,-1.80635402874234E-19,0.012));
#6890=CARTESIAN_POINT('',(-4.74396181654608E-19,-0.00295,0.012002));
#6891=CARTESIAN_POINT('',(-4.74396181654608E-19,-0.00295,0.0118));
#6892=CARTESIAN_POINT('',(-4.74396181654608E-19,-0.00295,0.0062));
#6893=CARTESIAN_POINT('',(0.,-1.80635402874234E-19,0.0118));
#6894=CARTESIAN_POINT('',(0.00153576052185786,-0.00251871785230162,0.0118));
#6895=CARTESIAN_POINT('',(0.00153576052185786,-0.00251871785230162,0.012002));
#6896=CARTESIAN_POINT('',(0.00153576052185786,-0.00251871785230162,0.0062));
#6897=CARTESIAN_POINT('',(0.,-1.80635402874234E-19,0.0062));
#6898=CARTESIAN_POINT('',(0.,7.04171909509728E-19,0.008));
#6899=CARTESIAN_POINT('',(0.,0.,0.000999998385918048));
#6900=CARTESIAN_POINT('',(0.0114871322166136,0.000543868953001036,0.000999998385917948));
#6901=CARTESIAN_POINT('',(0.0114871322166136,-0.00054386895300098,0.000999998385918048));
#6902=CARTESIAN_POINT('',(0.010074539152444,-0.00554559833254025,0.008));
#6903=CARTESIAN_POINT('',(0.0113402857834352,-0.00324615051350684,0.00514285714285714));
#6904=CARTESIAN_POINT('',(0.0114829910749827,-0.0006252327341617,0.00228571428571429));
#6905=CARTESIAN_POINT('',(0.0116256963665302,0.00199568504518343,-0.000571428571428571));
#6906=CARTESIAN_POINT('',(0.0106170957854775,0.00441896787519385,-0.00342857142857143));
#6907=CARTESIAN_POINT('',(0.0115,-2.43217892630253E-18,0.00160091117584766));
#6908=CARTESIAN_POINT('',(0.010074539152444,0.00554559833254025,0.008));
#6909=CARTESIAN_POINT('',(0.0113402857834352,0.00324615051350684,0.00514285714285714));
#6910=CARTESIAN_POINT('',(0.0114829910749827,0.000625232734161696,0.00228571428571429));
#6911=CARTESIAN_POINT('',(0.0116256963665302,-0.00199568504518344,-0.000571428571428571));
#6912=CARTESIAN_POINT('',(0.0106170957854775,-0.00441896787519385,-0.00342857142857143));
#6913=CARTESIAN_POINT('',(0.0108999937734286,1.16507175107818E-5,0.00267494058324295));
#6914=CARTESIAN_POINT('',(0.0109001743087735,-0.000157251681277531,0.00247968812138718));
#6915=CARTESIAN_POINT('',(0.0108951215118902,-0.000326078581246445,0.00228571428571429));
#6916=CARTESIAN_POINT('',(0.0108706610457687,-0.00114336547452207,0.00134669169178493));
#6917=CARTESIAN_POINT('',(0.0107245444790266,-0.00194785669836885,0.00038620296706909));
#6918=CARTESIAN_POINT('',(0.0114581058105408,0.000980719753268655,0.00267494058324295));
#6919=CARTESIAN_POINT('',(0.0114733026925125,0.000803169050286749,0.00247968812138718));
#6920=CARTESIAN_POINT('',(0.0114829910749828,0.000625232734161744,0.00228571428571428));
#6921=CARTESIAN_POINT('',(0.0115298922975455,-0.000236152619910936,0.00134669169178493));
#6922=CARTESIAN_POINT('',(0.0114477598089484,-0.00109489513499077,0.000386202967069089));
#6923=CARTESIAN_POINT('',(0.0114871322166136,-0.000543868953000983,0.00099999838591802));
#6924=CARTESIAN_POINT('',(0.0112575520103503,-0.001017642597006,0.000793081220010203));
#6925=CARTESIAN_POINT('',(0.0110037942692247,-0.00148212178942511,0.00059206623362988));
#6926=CARTESIAN_POINT('',(0.0107266369983487,-0.00193630026226763,0.000399998385918035));
#6927=CARTESIAN_POINT('',(0.0107266369983487,-0.00193630026226762,0.000399998385918048));
#6928=CARTESIAN_POINT('',(0.0115,-2.62975088390133E-18,0.00160091117584766));
#6929=CARTESIAN_POINT('',(0.0112827893839878,-3.04417029080459E-18,0.00194442356453944));
#6930=CARTESIAN_POINT('',(0.0110816301926054,7.02595098171201E-18,0.00229787864493088));
#6931=CARTESIAN_POINT('',(0.0109,7.26664179246085E-18,0.00266147368237539));
#6932=CARTESIAN_POINT('',(0.0109,-6.60727392167628E-18,0.00266147368237539));
#6933=CARTESIAN_POINT('',(0.00995764548830435,0.00443342940952623,0.008));
#6934=CARTESIAN_POINT('',(0.0109695468201981,0.00216066180653024,0.00514285714285714));
#6935=CARTESIAN_POINT('',(0.0108951215118902,-0.000326078581246444,0.00228571428571429));
#6936=CARTESIAN_POINT('',(0.0108206962035823,-0.00281281896902312,-0.000571428571428571));
#6937=CARTESIAN_POINT('',(0.00967468510014964,-0.00502100270991189,-0.00342857142857143));
#6938=CARTESIAN_POINT('',(0.0114591475301821,-0.000968471931201957,0.00266147368237538));
#6939=CARTESIAN_POINT('',(0.0114446581430442,-0.00113991316711785,0.00247299651233195));
#6940=CARTESIAN_POINT('',(0.0114250464963951,-0.00131084421470052,0.00228571428571429));
#6941=CARTESIAN_POINT('',(0.0113267147986135,-0.00216788291283509,0.00134669169178494));
#6942=CARTESIAN_POINT('',(0.0111016231964028,-0.0030006603281767,0.000386202967069101));
#6943=CARTESIAN_POINT('',(0.0109,-1.66541369424968E-18,0.00266147368237538));
#6944=CARTESIAN_POINT('',(0.0109,-0.000163075784351431,0.00247299651233195));
#6945=CARTESIAN_POINT('',(0.0108951215118902,-0.000326078581246443,0.00228571428571429));
#6946=CARTESIAN_POINT('',(0.0108706610457687,-0.00114336547452206,0.00134669169178494));
#6947=CARTESIAN_POINT('',(0.0107245444790266,-0.00194785669836884,0.000386202967069101));
#6948=CARTESIAN_POINT('',(0.0107266369983487,-0.00193630026226762,0.000399998385918048));
#6949=CARTESIAN_POINT('',(0.0108504167667733,-0.00209248610489411,0.000549554654878704));
#6950=CARTESIAN_POINT('',(0.0109818512294378,-0.00223493841989731,0.000706539643362189));
#6951=CARTESIAN_POINT('',(0.0111203404085423,-0.00236370132184044,0.000868773814288492));
#6952=CARTESIAN_POINT('',(0.0111203404085423,-0.00236370132184002,0.00086877381428882));
#6953=CARTESIAN_POINT('',(0.0109,-6.51890503177732E-18,0.00266147368237538));
#6954=CARTESIAN_POINT('',(0.0110863825100606,-0.000322823977067251,0.00266147368237538));
#6955=CARTESIAN_POINT('',(0.0112727650201213,-0.000645647954134494,0.00266147368237538));
#6956=CARTESIAN_POINT('',(0.0114591475301819,-0.000968471931201738,0.00266147368237538));
#6957=CARTESIAN_POINT('',(0.0114591475301819,-0.000968471931201743,0.00266147368237539));
#6958=CARTESIAN_POINT('',(0.0108623651968642,0.00377611206533284,0.008));
#6959=CARTESIAN_POINT('',(0.0117242381343424,0.0012968480927059,0.00514285714285714));
#6960=CARTESIAN_POINT('',(0.011425046496395,-0.0013108442147003,0.00228571428571429));
#6961=CARTESIAN_POINT('',(0.0111258548584475,-0.00391853652210649,-0.000571428571428571));
#6962=CARTESIAN_POINT('',(0.00972485721831468,-0.00613817172156277,-0.00342857142857143));
#6963=CARTESIAN_POINT('',(0.0112486974084388,-0.00239098444440422,0.00108280557740001));
#6964=CARTESIAN_POINT('',(0.0112486974084389,-0.00239098444440426,0.00108280557740023));
#6965=CARTESIAN_POINT('',(0.0112051391641633,-0.00238172585376866,0.00101194591199167));
#6966=CARTESIAN_POINT('',(0.0111623574981933,-0.00237263232994755,0.000940599483318897));
#6967=CARTESIAN_POINT('',(0.0111203404085423,-0.00236370132183997,0.000868773814288923));
#6968=CARTESIAN_POINT('',(0.,7.04171909509728E-19,0.008));
#6969=CARTESIAN_POINT('',(0.,0.,0.007));
#6970=CARTESIAN_POINT('',(0.00898393727803853,-0.00717905780616577,0.007));
#6971=CARTESIAN_POINT('',(0.00960387900272605,-0.00632578122456015,0.007));
#6972=CARTESIAN_POINT('',(0.00838738123951891,-0.00786777198087021,0.008));
#6973=CARTESIAN_POINT('',(0.0101831488521422,-0.00595340694572765,0.00514285714285714));
#6974=CARTESIAN_POINT('',(0.0109704677056197,-0.00344946928091208,0.00228571428571429));
#6975=CARTESIAN_POINT('',(0.0117577865590971,-0.000945531616096515,-0.000571428571428571));
#6976=CARTESIAN_POINT('',(0.0113807184986655,0.00165204311509514,-0.00342857142857143));
#6977=CARTESIAN_POINT('',(0.00930369543531245,-0.00675953040136011,0.00641544100610421));
#6978=CARTESIAN_POINT('',(0.010074539152444,-0.00554559833254025,0.008));
#6979=CARTESIAN_POINT('',(0.00880879252145278,-0.00784504615157366,0.00514285714285714));
#6980=CARTESIAN_POINT('',(0.0066707011946494,-0.00936759016885896,0.00228571428571429));
#6981=CARTESIAN_POINT('',(0.00453260986784602,-0.0108901341861443,-0.000571428571428571));
#6982=CARTESIAN_POINT('',(0.00194564905447318,-0.0113342158862811,-0.00342857142857143));
#6983=CARTESIAN_POINT('',(0.00722671944488017,-0.00894564285364648,0.00761334754729817));
#6984=CARTESIAN_POINT('',(0.00802794348251057,-0.00829837563907299,0.00648482047779248));
#6985=CARTESIAN_POINT('',(0.00870139157454724,-0.0075190281730024,0.00533493418541146));
#6986=CARTESIAN_POINT('',(0.00753939180600287,-0.00787194837353351,0.00761334754729817));
#6987=CARTESIAN_POINT('',(0.00824444949308564,-0.00719667639555366,0.00648482047779248));
#6988=CARTESIAN_POINT('',(0.00881828523868692,-0.00640685924998796,0.00533493418541146));
#6989=CARTESIAN_POINT('',(0.00762525475924164,-0.00846870336437466,0.00710423557556985));
#6990=CARTESIAN_POINT('',(0.00758447872125345,-0.00827456733972864,0.00727579125274824));
#6991=CARTESIAN_POINT('',(0.00755829255731918,-0.00807295753728345,0.00744189736945697));
#6992=CARTESIAN_POINT('',(0.00754772571393046,-0.00786395807130711,0.00760000000000042));
#6993=CARTESIAN_POINT('',(0.00762525475924164,-0.00846870336437466,0.00710423557556985));
#6994=CARTESIAN_POINT('',(0.00754772571393081,-0.00786395807130657,0.0076));
#6995=CARTESIAN_POINT('',(0.00769500197312703,-0.00854616549299022,0.0069356508714319));
#6996=CARTESIAN_POINT('',(0.00767145314090009,-0.00852001186520936,0.00699156878418524));
#6997=CARTESIAN_POINT('',(0.0076482048927269,-0.00849419206984037,0.00704776444615572));
#6998=CARTESIAN_POINT('',(0.00762525475924165,-0.00846870336437464,0.00710423557556984));
#6999=CARTESIAN_POINT('',(0.00769500197312687,-0.00854616549299004,0.00693565087143225));
#7000=CARTESIAN_POINT('',(0.00694795143093357,-0.00916384040200331,0.008));
#7001=CARTESIAN_POINT('',(0.00903953820304363,-0.00757801582751301,0.00514285714285714));
#7002=CARTESIAN_POINT('',(0.0102359292732669,-0.00524173176657073,0.00228571428571429));
#7003=CARTESIAN_POINT('',(0.0114323203434903,-0.00290544770562844,-0.000571428571428571));
#7004=CARTESIAN_POINT('',(0.0114965557875955,-0.000281433869147443,-0.00342857142857143));
#7005=CARTESIAN_POINT('',(0.00870139157454728,-0.00751902817300199,0.00533493418541147));
#7006=CARTESIAN_POINT('',(0.00870139157454728,-0.00751902817300199,0.00533493418541147));
#7007=CARTESIAN_POINT('',(0.00874035612926049,-0.00714830519866398,0.00533493418541147));
#7008=CARTESIAN_POINT('',(0.00877932068397371,-0.00677758222432597,0.00533493418541146));
#7009=CARTESIAN_POINT('',(0.00881828523868692,-0.00640685924998796,0.00533493418541146));
#7010=CARTESIAN_POINT('',(0.00881828523868692,-0.00640685924998796,0.00533493418541146));
#7011=CARTESIAN_POINT('',(0.00729352360931155,-0.0081002785977036,0.008));
#7012=CARTESIAN_POINT('',(0.00914235933997959,-0.00643557942856775,0.00514285714285714));
#7013=CARTESIAN_POINT('',(0.0100858168751666,-0.00413355754291693,0.00228571428571429));
#7014=CARTESIAN_POINT('',(0.0110292744103535,-0.00183153565726611,-0.000571428571428571));
#7015=CARTESIAN_POINT('',(0.0108804904144683,0.000651865278000866,-0.00342857142857143));
#7016=CARTESIAN_POINT('',(0.00753939180600313,-0.00787194837353326,0.00761334754729776));
#7017=CARTESIAN_POINT('',(0.00824869140395029,-0.00719261368750509,0.00647803080465663));
#7018=CARTESIAN_POINT('',(0.00882512977271554,-0.00639742795932316,0.00532120849159337));
#7019=CARTESIAN_POINT('',(0.00862557468224502,-0.00760588334127035,0.00761334754729776));
#7020=CARTESIAN_POINT('',(0.00931090056854458,-0.00682867846595007,0.00647803080465663));
#7021=CARTESIAN_POINT('',(0.00984625627972826,-0.00594148443353274,0.00532120849159337));
#7022=CARTESIAN_POINT('',(0.00754772571393081,-0.00786395807130657,0.0076));
#7023=CARTESIAN_POINT('',(0.00803984195050242,-0.00765745034051344,0.00740822107920582));
#7024=CARTESIAN_POINT('',(0.00851895597729669,-0.00742893000086983,0.00720726225316447));
#7025=CARTESIAN_POINT('',(0.00898393727803852,-0.00717905780616577,0.007));
#7026=CARTESIAN_POINT('',(0.00881828523868692,-0.00640685924998796,0.00533493418541146));
#7027=CARTESIAN_POINT('',(0.0089650795195621,-0.00651351153791175,0.00570510152925834));
#7028=CARTESIAN_POINT('',(0.00912666752040717,-0.00663091209254106,0.00606605282382775));
#7029=CARTESIAN_POINT('',(0.00930369543531024,-0.00675953040136225,0.00641544100610453));
#7030=CARTESIAN_POINT('',(0.,7.04171909509728E-19,0.008));
#7031=CARTESIAN_POINT('',(0.,0.,0.000999998385918048));
#7032=CARTESIAN_POINT('',(0.0107152288900441,-0.00417538858478636,0.000999998385917947));
#7033=CARTESIAN_POINT('',(0.0102728060256093,-0.00516908660792083,0.000999998385918048));
#7034=CARTESIAN_POINT('',(0.00694795143093357,-0.00916384040200331,0.008));
#7035=CARTESIAN_POINT('',(0.00903953820304363,-0.00757801582751301,0.00514285714285714));
#7036=CARTESIAN_POINT('',(0.0102359292732669,-0.00524173176657073,0.00228571428571429));
#7037=CARTESIAN_POINT('',(0.0114323203434903,-0.00290544770562844,-0.000571428571428571));
#7038=CARTESIAN_POINT('',(0.0114965557875955,-0.000281433869147443,-0.00342857142857143));
#7039=CARTESIAN_POINT('',(0.0105057727628892,-0.00467747139537146,0.00160091117584882));
#7040=CARTESIAN_POINT('',(0.0114591475301812,0.000968471931200527,0.008));
#7041=CARTESIAN_POINT('',(0.0116801949286078,-0.00164700371463734,0.00514285714285714));
#7042=CARTESIAN_POINT('',(0.0107445394001339,-0.00409937471804575,0.00228571428571429));
#7043=CARTESIAN_POINT('',(0.00980888387165996,-0.00655174572145416,-0.000571428571428571));
#7044=CARTESIAN_POINT('',(0.00790184346876187,-0.00835528992885148,-0.00342857142857143));
#7045=CARTESIAN_POINT('',(0.010074539152444,-0.00554559833254052,0.00266147368237538));
#7046=CARTESIAN_POINT('',(0.00999157100585897,-0.00569632433017942,0.00247299651233195));
#7047=CARTESIAN_POINT('',(0.00990413095465462,-0.00584450083694544,0.00228571428571429));
#7048=CARTESIAN_POINT('',(0.00946571143573865,-0.00658744954198657,0.00134669169178494));
#7049=CARTESIAN_POINT('',(0.00892135893464024,-0.00725667656433153,0.000386202967069101));
#7050=CARTESIAN_POINT('',(0.00995764548830435,-0.00443342940952622,0.00266147368237538));
#7051=CARTESIAN_POINT('',(0.00989131659121029,-0.00458240655157197,0.00247299651233195));
#7052=CARTESIAN_POINT('',(0.00982056066013637,-0.00472933275638138,0.00228571428571429));
#7053=CARTESIAN_POINT('',(0.00946579438501853,-0.00546601251744585,0.00134669169178494));
#7054=CARTESIAN_POINT('',(0.00900509419941352,-0.00614152085884994,0.000386202967069101));
#7055=CARTESIAN_POINT('',(0.00901170623696096,-0.00613181463342777,0.000399998385918049));
#7056=CARTESIAN_POINT('',(0.0090612581768275,-0.00632484326799703,0.000549554654878704));
#7057=CARTESIAN_POINT('',(0.00912338895676952,-0.00650843914542748,0.000706539643362188));
#7058=CARTESIAN_POINT('',(0.00919753252678407,-0.00668239853342182,0.00086877381428849));
#7059=CARTESIAN_POINT('',(0.00901170623696096,-0.00613181463342777,0.000399998385918048));
#7060=CARTESIAN_POINT('',(0.00919753252678424,-0.00668239853342143,0.000868773814288817));
#7061=CARTESIAN_POINT('',(0.0109,8.70679872618899E-19,0.008));
#7062=CARTESIAN_POINT('',(0.0109,-0.00248785387085263,0.00514285714285714));
#7063=CARTESIAN_POINT('',(0.00982056066013637,-0.00472933275638138,0.00228571428571429));
#7064=CARTESIAN_POINT('',(0.00874112132027274,-0.00697081164191013,-0.000571428571428571));
#7065=CARTESIAN_POINT('',(0.0067960388402602,-0.00852196315890152,-0.00342857142857143));
#7066=CARTESIAN_POINT('',(0.00995764548830435,-0.00443342940952623,0.00266147368237538));
#7067=CARTESIAN_POINT('',(0.00995764548830435,-0.00443342940952622,0.00266147368237538));
#7068=CARTESIAN_POINT('',(0.00999661004301756,-0.00480415238386424,0.00266147368237538));
#7069=CARTESIAN_POINT('',(0.0100355745977308,-0.00517487535820225,0.00266147368237538));
#7070=CARTESIAN_POINT('',(0.010074539152444,-0.00554559833254026,0.00266147368237538));
#7071=CARTESIAN_POINT('',(0.010074539152444,-0.00554559833254026,0.0026614736823754));
#7072=CARTESIAN_POINT('',(0.0114591475301819,-0.000968471931201733,0.008));
#7073=CARTESIAN_POINT('',(0.0112381001317551,-0.00358394757703976,0.00514285714285714));
#7074=CARTESIAN_POINT('',(0.00990413095465459,-0.00584450083694516,0.00228571428571429));
#7075=CARTESIAN_POINT('',(0.00857016177755409,-0.00810505409685056,-0.000571428571428571));
#7076=CARTESIAN_POINT('',(0.006387479777363,-0.00956295467383271,-0.00342857142857143));
#7077=CARTESIAN_POINT('',(0.00930369543531192,-0.00675953040136343,0.00108280557740003));
#7078=CARTESIAN_POINT('',(0.00930369543531204,-0.00675953040136353,0.00108280557740025));
#7079=CARTESIAN_POINT('',(0.00926766880718592,-0.00673335552388926,0.00101194591199168));
#7080=CARTESIAN_POINT('',(0.0092322844799213,-0.00670764730530667,0.000940599483318903));
#7081=CARTESIAN_POINT('',(0.0091975325267843,-0.0066823985334214,0.00086877381428892));
#7082=CARTESIAN_POINT('',(0.00996237857377806,-0.00442278341689121,0.00267494058324295));
#7083=CARTESIAN_POINT('',(0.00989384470633172,-0.00457715686642934,0.00247968812138718));
#7084=CARTESIAN_POINT('',(0.00982056066013637,-0.00472933275638138,0.00228571428571429));
#7085=CARTESIAN_POINT('',(0.00946579438501852,-0.00546601251744586,0.00134669169178493));
#7086=CARTESIAN_POINT('',(0.00900509419941351,-0.00614152085884995,0.000386202967069088));
#7087=CARTESIAN_POINT('',(0.0108663951766494,-0.00376449941756857,0.00267494058324295));
#7088=CARTESIAN_POINT('',(0.0108080618422382,-0.00393288118453727,0.00247968812138718));
#7089=CARTESIAN_POINT('',(0.0107445394001339,-0.00409937471804571,0.00228571428571429));
#7090=CARTESIAN_POINT('',(0.0104370288116538,-0.00490536584135991,0.00134669169178493));
#7091=CARTESIAN_POINT('',(0.0100127150019209,-0.00565645987259614,0.000386202967069088));
#7092=CARTESIAN_POINT('',(0.0102728060256095,-0.00516908660792093,0.000999998385917819));
#7093=CARTESIAN_POINT('',(0.00987037296947288,-0.00550852168594002,0.000793081220010175));
#7094=CARTESIAN_POINT('',(0.00944963303022332,-0.00582963197056384,0.000592066233629735));
#7095=CARTESIAN_POINT('',(0.00901170623696096,-0.00613181463342778,0.000399998385918034));
#7096=CARTESIAN_POINT('',(0.0105057727628892,-0.00467747139537145,0.00160091117584883));
#7097=CARTESIAN_POINT('',(0.0103073409912797,-0.00458912387857432,0.00194442356454024));
#7098=CARTESIAN_POINT('',(0.0101235729257296,-0.00450730506434765,0.00229787864493129));
#7099=CARTESIAN_POINT('',(0.00995764548830435,-0.00443342940952622,0.00266147368237539));
#7100=CARTESIAN_POINT('',(0.,7.04171909509728E-19,0.008));
#7101=CARTESIAN_POINT('',(0.,0.,0.007));
#7102=CARTESIAN_POINT('',(0.00528724921957115,-0.0102124921390493,0.007));
#7103=CARTESIAN_POINT('',(0.00620065301858002,-0.00968513820981273,0.007));
#7104=CARTESIAN_POINT('',(0.00446214286889428,-0.0105990226444506,0.008));
#7105=CARTESIAN_POINT('',(0.00688130062240355,-0.0095805676528289,0.00514285714285714));
#7106=CARTESIAN_POINT('',(0.00861899538497241,-0.00761333820041014,0.00228571428571429));
#7107=CARTESIAN_POINT('',(0.0103566901475413,-0.00564610874799137,-0.000571428571428572));
#7108=CARTESIAN_POINT('',(0.0110687501600153,-0.00311973875431295,-0.00342857142857143));
#7109=CARTESIAN_POINT('',(0.0057500000000008,-0.00995929214351989,0.00641544100610634));
#7110=CARTESIAN_POINT('',(0.00694795143093357,-0.00916384040200331,0.008));
#7111=CARTESIAN_POINT('',(0.0048563646588235,-0.0107496649764936,0.00514285714285714));
#7112=CARTESIAN_POINT('',(0.00228384659667147,-0.011270938058692,0.00228571428571429));
#7113=CARTESIAN_POINT('',(-0.00028867146548057,-0.0117922111408904,-0.000571428571428571));
#7114=CARTESIAN_POINT('',(-0.0028326020656018,-0.0111456882038728,-0.00342857142857143));
#7115=CARTESIAN_POINT('',(0.00368576728184508,-0.0102579295934453,0.00761334754729775));
#7116=CARTESIAN_POINT('',(0.00461005501737748,-0.00992582461420923,0.00647803080465663));
#7117=CARTESIAN_POINT('',(0.0054600888444764,-0.00943384491129807,0.00532120849159338));
#7118=CARTESIAN_POINT('',(0.0047862631126675,-0.010456657468633,0.00761334754729775));
#7119=CARTESIAN_POINT('',(0.00572845716507127,-0.0100253926355329,0.00647803080465662));
#7120=CARTESIAN_POINT('',(0.00657838326574845,-0.00943264934198875,0.00532120849159338));
#7121=CARTESIAN_POINT('',(0.00369663063428167,-0.0102540197948751,0.0076));
#7122=CARTESIAN_POINT('',(0.00423019544802583,-0.0102655273015072,0.00740822107920582));
#7123=CARTESIAN_POINT('',(0.00476083548671778,-0.0102516368141557,0.00720726225316447));
#7124=CARTESIAN_POINT('',(0.00528724921957114,-0.0102124921390493,0.007));
#7125=CARTESIAN_POINT('',(0.00369663063428167,-0.0102540197948751,0.0076));
#7126=CARTESIAN_POINT('',(0.00336828523868692,-0.0103665160276172,0.008));
#7127=CARTESIAN_POINT('',(0.00573437487415145,-0.00959772690200221,0.00514285714285714));
#7128=CARTESIAN_POINT('',(0.00753258287395683,-0.00787846401571857,0.00228571428571429));
#7129=CARTESIAN_POINT('',(0.0093307908737622,-0.00615920112943492,-0.000571428571428571));
#7130=CARTESIAN_POINT('',(0.0102049600899731,-0.00382998558248664,-0.00342857142857143));
#7131=CARTESIAN_POINT('',(0.00545,-0.00943967690125038,0.00533493418541147));
#7132=CARTESIAN_POINT('',(0.00545,-0.00943967690125038,0.00533493418541147));
#7133=CARTESIAN_POINT('',(0.00554072385493513,-0.00959681522745654,0.00570510152925903));
#7134=CARTESIAN_POINT('',(0.00564059073163173,-0.00976978973188827,0.00606605282382908));
#7135=CARTESIAN_POINT('',(0.00574999999999959,-0.00995929214352033,0.00641544100610647));
#7136=CARTESIAN_POINT('',(0.00296341597808057,-0.0111116230021029,0.00761334754729817));
#7137=CARTESIAN_POINT('',(0.00395863785224052,-0.0108462021537657,0.00648482047779248));
#7138=CARTESIAN_POINT('',(0.00489085246981787,-0.0104081488324525,0.00533493418541146));
#7139=CARTESIAN_POINT('',(0.00368576728184474,-0.0102579295934454,0.00761334754729817));
#7140=CARTESIAN_POINT('',(0.00460452738674189,-0.00992781074210741,0.00648482047779248));
#7141=CARTESIAN_POINT('',(0.00545,-0.00943967690125038,0.00533493418541146));
#7142=CARTESIAN_POINT('',(0.00352148487104235,-0.0108380160140188,0.00710423557556984));
#7143=CARTESIAN_POINT('',(0.00356319634172217,-0.0106440788217294,0.00727579125274823));
#7144=CARTESIAN_POINT('',(0.00362127618486466,-0.0104492482300757,0.00744189736945696));
#7145=CARTESIAN_POINT('',(0.00369663063428113,-0.0102540197948755,0.00760000000000041));
#7146=CARTESIAN_POINT('',(0.00352148487104235,-0.0108380160140188,0.00710423557556984));
#7147=CARTESIAN_POINT('',(0.00355369543531197,-0.0109371499373945,0.00693565087143191));
#7148=CARTESIAN_POINT('',(0.0035428201453661,-0.0109036792365661,0.00699156878418525));
#7149=CARTESIAN_POINT('',(0.00353208367074263,-0.0108706357653701,0.00704776444615571));
#7150=CARTESIAN_POINT('',(0.00352148487104236,-0.0108380160140188,0.00710423557556983));
#7151=CARTESIAN_POINT('',(0.00355369543531189,-0.0109371499373943,0.00693565087143226));
#7152=CARTESIAN_POINT('',(0.00261999978685756,-0.0111975712150835,0.008));
#7153=CARTESIAN_POINT('',(0.00517577234571934,-0.0105995733608297,0.00514285714285714));
#7154=CARTESIAN_POINT('',(0.0072189823097052,-0.00895188775690152,0.00228571428571429));
#7155=CARTESIAN_POINT('',(0.00926219227369104,-0.00730420215297338,-0.000571428571428571));
#7156=CARTESIAN_POINT('',(0.0103881568511078,-0.0049331731407667,-0.00342857142857143));
#7157=CARTESIAN_POINT('',(0.00489085246981806,-0.0104081488324521,0.00533493418541146));
#7158=CARTESIAN_POINT('',(0.00489085246981807,-0.0104081488324521,0.00533493418541146));
#7159=CARTESIAN_POINT('',(0.00507723497987871,-0.0100853248553849,0.00533493418541146));
#7160=CARTESIAN_POINT('',(0.00526361748993935,-0.00976250087831764,0.00533493418541146));
#7161=CARTESIAN_POINT('',(0.00545,-0.00943967690125038,0.00533493418541146));
#7162=CARTESIAN_POINT('',(0.,7.04171909509728E-19,0.008));
#7163=CARTESIAN_POINT('',(0.,0.,0.000999998385918048));
#7164=CARTESIAN_POINT('',(0.00809056514358758,-0.00817268350404972,0.000999998385917933));
#7165=CARTESIAN_POINT('',(0.00728221834726513,-0.00890052222865247,0.000999998385918048));
#7166=CARTESIAN_POINT('',(0.00261999978685756,-0.0111975712150835,0.008));
#7167=CARTESIAN_POINT('',(0.00517577234571934,-0.0105995733608297,0.00514285714285714));
#7168=CARTESIAN_POINT('',(0.0072189823097052,-0.00895188775690152,0.00228571428571429));
#7169=CARTESIAN_POINT('',(0.00926219227369104,-0.00730420215297338,-0.000571428571428571));
#7170=CARTESIAN_POINT('',(0.0103881568511078,-0.0049331731407667,-0.00342857142857143));
#7171=CARTESIAN_POINT('',(0.00769500197312687,-0.00854616549299004,0.00160091117584766));
#7172=CARTESIAN_POINT('',(0.0108623651968631,-0.00377611206533366,0.008));
#7173=CARTESIAN_POINT('',(0.0100004922593848,-0.00625537603796035,0.00514285714285714));
#7174=CARTESIAN_POINT('',(0.00814825925192651,-0.00811516303985174,0.00228571428571429));
#7175=CARTESIAN_POINT('',(0.00629602624446822,-0.00997495004174312,-0.000571428571428571));
#7176=CARTESIAN_POINT('',(0.00382029063030416,-0.0108469064483839,-0.00342857142857143));
#7177=CARTESIAN_POINT('',(0.,7.04171909509728E-19,0.008));
#7178=CARTESIAN_POINT('',(0.,0.,0.007));
#7179=CARTESIAN_POINT('',(0.000676347737887489,-0.0114800938035121,0.007));
#7180=CARTESIAN_POINT('',(0.00172527779635727,-0.0113698468118703,0.007));
#7181=CARTESIAN_POINT('',(-0.00023464054105866,-0.0114976060037067,0.008));
#7182=CARTESIAN_POINT('',(0.00238961300039641,-0.0115511611760307,0.00514285714285714));
#7183=CARTESIAN_POINT('',(0.00477722046114713,-0.0104607917800508,0.00228571428571429));
#7184=CARTESIAN_POINT('',(0.00716482792189785,-0.00937042238407088,-0.000571428571428571));
#7185=CARTESIAN_POINT('',(0.00884289436225867,-0.0073520894511639,-0.00342857142857143));
#7186=CARTESIAN_POINT('',(0.00120207732757793,-0.0114370017967343,0.00641544100610651));
#7187=CARTESIAN_POINT('',(0.00261999978685756,-0.0111975712150835,0.008));
#7188=CARTESIAN_POINT('',(6.42272279957697E-5,-0.0117955690693373,0.00514285714285714));
#7189=CARTESIAN_POINT('',(-0.00249790582596593,-0.0112254383649194,0.00228571428571429));
#7190=CARTESIAN_POINT('',(-0.00506003887992763,-0.0106553076605016,-0.000571428571428571));
#7191=CARTESIAN_POINT('',(-0.00712107055515232,-0.00902996977561623,-0.00342857142857143));
#7192=CARTESIAN_POINT('',(-0.00080515988948855,-0.0108702215962858,0.00761334754729775));
#7193=CARTESIAN_POINT('',(0.000174298237265067,-0.0109427702918308,0.00647803080465662));
#7194=CARTESIAN_POINT('',(0.00115094895167735,-0.0108390643743191,0.00532120849159337));
#7195=CARTESIAN_POINT('',(0.000119363169073768,-0.0114993805239177,0.00761334754729775));
#7196=CARTESIAN_POINT('',(0.00115551147635684,-0.0114886253405989,0.00647803080465662));
#7197=CARTESIAN_POINT('',(0.00217304802238418,-0.0112928234862855,0.00532120849159337));
#7198=CARTESIAN_POINT('',(-0.000793645464869799,-0.0108710683410643,0.0076));
#7199=CARTESIAN_POINT('',(-0.000310890277533971,-0.0110986013326824,0.00740822107920596));
#7200=CARTESIAN_POINT('',(0.000179523289652025,-0.011301742489077,0.00720726225316478));
#7201=CARTESIAN_POINT('',(0.000676347737887556,-0.0114800938035124,0.00700000000000047));
#7202=CARTESIAN_POINT('',(-0.0007936454648698,-0.0108710683410643,0.0076));
#7203=CARTESIAN_POINT('',(-0.00113936024961743,-0.0108402886595142,0.008));
#7204=CARTESIAN_POINT('',(0.00133486489742223,-0.0111003402014689,0.00514285714285714));
#7205=CARTESIAN_POINT('',(0.00367689686247284,-0.0102611124866038,0.00228571428571429));
#7206=CARTESIAN_POINT('',(0.00601892882752345,-0.0094218847717388,-0.000571428571428571));
#7207=CARTESIAN_POINT('',(0.00776489945676965,-0.00764959714143551,-0.00342857142857143));
#7208=CARTESIAN_POINT('',(0.00113936024961742,-0.0108402886595142,0.00533493418541146));
#7209=CARTESIAN_POINT('',(0.00113936024961742,-0.0108402886595142,0.00533493418541146));
#7210=CARTESIAN_POINT('',(0.00115832669989359,-0.0110207423798446,0.00570510152925904));
#7211=CARTESIAN_POINT('',(0.00117920456219847,-0.0112193819708382,0.00606605282382911));
#7212=CARTESIAN_POINT('',(0.00120207732757793,-0.0114370017967343,0.0064154410061065));
#7213=CARTESIAN_POINT('',(-0.00181228903311786,-0.0113563025875697,0.00761334754729818));
#7214=CARTESIAN_POINT('',(-0.000795152225777494,-0.011518621781419,0.00648482047779248));
#7215=CARTESIAN_POINT('',(0.00023464054105748,-0.0114976060037076,0.00533493418541145));
#7216=CARTESIAN_POINT('',(-0.000805159889488916,-0.0108702215962858,0.00761334754729818));
#7217=CARTESIAN_POINT('',(0.000168440664412368,-0.0109423364200216,0.00648482047779248));
#7218=CARTESIAN_POINT('',(0.00113936024961742,-0.0108402886595142,0.00533493418541145));
#7219=CARTESIAN_POINT('',(-0.0011911817430459,-0.0113333372345546,0.00710423557556984));
#7220=CARTESIAN_POINT('',(-0.00107419505591541,-0.0111731323770327,0.00727579125274823));
#7221=CARTESIAN_POINT('',(-0.00094189173821431,-0.0110187689754478,0.00744189736945697));
#7222=CARTESIAN_POINT('',(-0.000793645464870439,-0.0108710683410645,0.00760000000000042));
#7223=CARTESIAN_POINT('',(-0.0011911817430459,-0.0113333372345546,0.00710423557556984));
#7224=CARTESIAN_POINT('',(-0.00120207732757797,-0.0114370017967346,0.00693565087143318));
#7225=CARTESIAN_POINT('',(-0.00119839863881225,-0.0114020014111039,0.00699156878418609));
#7226=CARTESIAN_POINT('',(-0.00119476690588583,-0.0113674477804415,0.00704776444615614));
#7227=CARTESIAN_POINT('',(-0.00119118174304589,-0.0113333372345546,0.00710423557556984));
#7228=CARTESIAN_POINT('',(-0.00120207732757794,-0.0114370017967343,0.00693565087143352));
#7229=CARTESIAN_POINT('',(-0.00216097362231697,-0.0112951402383348,0.008));
#7230=CARTESIAN_POINT('',(0.000417068429404553,-0.0117883683659579,0.00514285714285714));
#7231=CARTESIAN_POINT('',(0.00295380772239999,-0.0111141810287169,0.00228571428571429));
#7232=CARTESIAN_POINT('',(0.00549054701539542,-0.0104399936914758,-0.000571428571428571));
#7233=CARTESIAN_POINT('',(0.00748355122162125,-0.00873192195987637,-0.00342857142857143));
#7234=CARTESIAN_POINT('',(0.000234640541057489,-0.0114976060037076,0.00533493418541146));
#7235=CARTESIAN_POINT('',(0.000234640541057482,-0.0114976060037076,0.00533493418541146));
#7236=CARTESIAN_POINT('',(0.000536213777244129,-0.0112785002223098,0.00533493418541146));
#7237=CARTESIAN_POINT('',(0.000837787013430775,-0.011059394440912,0.00533493418541145));
#7238=CARTESIAN_POINT('',(0.00113936024961742,-0.0108402886595142,0.00533493418541145));
#7239=CARTESIAN_POINT('',(0.,7.04171909509728E-19,0.008));
#7240=CARTESIAN_POINT('',(0.,0.,0.000999998385918048));
#7241=CARTESIAN_POINT('',(0.0040669691833278,-0.0107568471989641,0.000999998385917986));
#7242=CARTESIAN_POINT('',(0.00303246895980335,-0.0110929766973445,0.000999998385918048));
#7243=CARTESIAN_POINT('',(-0.00216097362231697,-0.0112951402383348,0.008));
#7244=CARTESIAN_POINT('',(0.000417068429404553,-0.0117883683659579,0.00514285714285714));
#7245=CARTESIAN_POINT('',(0.00295380772239999,-0.0111141810287169,0.00228571428571429));
#7246=CARTESIAN_POINT('',(0.00549054701539542,-0.0104399936914758,-0.000571428571428571));
#7247=CARTESIAN_POINT('',(0.00748355122162125,-0.00873192195987637,-0.00342857142857143));
#7248=CARTESIAN_POINT('',(0.00355369543531189,-0.0109371499373943,0.00160091117584766));
#7249=CARTESIAN_POINT('',(0.00838738123951891,-0.00786777198087021,0.008));
#7250=CARTESIAN_POINT('',(0.00659161362689562,-0.00978213701601276,0.00514285714285714));
#7251=CARTESIAN_POINT('',(0.00414307105445101,-0.0107277659481259,0.00228571428571429));
#7252=CARTESIAN_POINT('',(0.00169452848200642,-0.0116733948802391,-0.000571428571428571));
#7253=CARTESIAN_POINT('',(-0.000921825164382879,-0.0114629943019401,-0.00342857142857143));
#7254=CARTESIAN_POINT('',(0.,7.04171909509728E-19,0.008));
#7255=CARTESIAN_POINT('',(0.,0.,0.007));
#7256=CARTESIAN_POINT('',(-0.00405150041210182,-0.0107626829559697,0.007));
#7257=CARTESIAN_POINT('',(-0.00304841363051239,-0.0110886056083399,0.007));
#7258=CARTESIAN_POINT('',(-0.00489085246981878,-0.0104081488324509,0.008));
#7259=CARTESIAN_POINT('',(-0.00251526041833041,-0.011524453992892,0.00514285714285714));
#7260=CARTESIAN_POINT('',(0.000109420719905467,-0.0114994794276105,0.00228571428571429));
#7261=CARTESIAN_POINT('',(0.00273410185814134,-0.011474504862329,-0.000571428571428571));
#7262=CARTESIAN_POINT('',(0.00508802179409537,-0.0103131970902719,-0.00342857142857143));
#7263=CARTESIAN_POINT('',(-0.00355369543531023,-0.0109371499373933,0.00641544100610499));
#7264=CARTESIAN_POINT('',(-0.00216097362231697,-0.0112951402383348,0.008));
#7265=CARTESIAN_POINT('',(-0.0047390156740385,-0.0108019121107117,0.00514285714285714));
#7266=CARTESIAN_POINT('',(-0.00684774763853181,-0.00923895839794628,0.00228571428571429));
#7267=CARTESIAN_POINT('',(-0.00895647960302512,-0.00767600468518083,-0.000571428571428571));
#7268=CARTESIAN_POINT('',(-0.010178241252822,-0.0053528875384556,-0.00342857142857143));
#7269=CARTESIAN_POINT('',(-0.00515686760128165,-0.00960295353226556,0.00761334754729776));
#7270=CARTESIAN_POINT('',(-0.00429159629152025,-0.0100676115740477,0.00647803080465662));
#7271=CARTESIAN_POINT('',(-0.00335720047090967,-0.0103701111372118,0.00532120849159337));
#7272=CARTESIAN_POINT('',(-0.00456817575083235,-0.0105537562180248,0.00761334754729776));
#7273=CARTESIAN_POINT('',(-0.00361723264411106,-0.0109653703533907,0.00647803080465662));
#7274=CARTESIAN_POINT('',(-0.002608026965571,-0.0112003658577228,0.00532120849159337));
#7275=CARTESIAN_POINT('',(-0.00514669305310258,-0.00960841041052815,0.0076));
#7276=CARTESIAN_POINT('',(-0.00479822024975824,-0.010012626365809,0.00740822107920596));
#7277=CARTESIAN_POINT('',(-0.00443283011511164,-0.0103976742145297,0.00720726225316477));
#7278=CARTESIAN_POINT('',(-0.00405150041210188,-0.01076268295597,0.00700000000000047));
#7279=CARTESIAN_POINT('',(-0.00514669305310258,-0.00960841041052815,0.0076));
#7280=CARTESIAN_POINT('',(-0.00545,-0.00943967690125038,0.008));
#7281=CARTESIAN_POINT('',(-0.00329545534693817,-0.0106836038366767,0.00514285714285714));
#7282=CARTESIAN_POINT('',(-0.000814558020092029,-0.0108695213892749,0.00228571428571429));
#7283=CARTESIAN_POINT('',(0.00166633930675411,-0.011055438941873,-0.000571428571428571));
#7284=CARTESIAN_POINT('',(0.0039822171655937,-0.0101465238602218,-0.00342857142857143));
#7285=CARTESIAN_POINT('',(-0.00336828523868693,-0.0103665160276172,0.00533493418541146));
#7286=CARTESIAN_POINT('',(-0.00336828523868693,-0.0103665160276172,0.00533493418541146));
#7287=CARTESIAN_POINT('',(-0.00342435566462719,-0.0105390830544559,0.00570510152925855));
#7288=CARTESIAN_POINT('',(-0.00348607678877588,-0.0107290411421443,0.00606605282382815));
#7289=CARTESIAN_POINT('',(-0.00355369543531137,-0.0109371499373927,0.00641544100610512));
#7290=CARTESIAN_POINT('',(-0.0062746328063614,-0.00963737428687574,0.00761334754729817));
#7291=CARTESIAN_POINT('',(-0.00541145326022757,-0.0101993670596715,0.00648482047779248));
#7292=CARTESIAN_POINT('',(-0.00446214286889431,-0.0105990226444506,0.00533493418541145));
#7293=CARTESIAN_POINT('',(-0.00515686760128196,-0.00960295353226539,0.00761334754729817));
#7294=CARTESIAN_POINT('',(-0.00429677097902944,-0.0100648327229085,0.00648482047779248));
#7295=CARTESIAN_POINT('',(-0.00336828523868693,-0.0103665160276172,0.00533493418541145));
#7296=CARTESIAN_POINT('',(-0.00569788221221507,-0.00986902148709947,0.00710423557556984));
#7297=CARTESIAN_POINT('',(-0.00552584836962947,-0.00977024983962609,0.00727579125274823));
#7298=CARTESIAN_POINT('',(-0.0053421980229382,-0.00968304446259147,0.00744189736945697));
#7299=CARTESIAN_POINT('',(-0.0051466930531032,-0.00960841041052799,0.00760000000000042));
#7300=CARTESIAN_POINT('',(-0.00569788221221507,-0.00986902148709947,0.00710423557556984));
#7301=CARTESIAN_POINT('',(-0.00574999999999972,-0.00995929214352055,0.00693565087143317));
#7302=CARTESIAN_POINT('',(-0.00573240341122993,-0.00992881395773138,0.00699156878418609));
#7303=CARTESIAN_POINT('',(-0.00571503143036994,-0.00989872480425375,0.00704776444615614));
#7304=CARTESIAN_POINT('',(-0.00569788221221508,-0.00986902148709946,0.00710423557556984));
#7305=CARTESIAN_POINT('',(-0.0057499999999996,-0.00995929214352035,0.00693565087143352));
#7306=CARTESIAN_POINT('',(-0.00656829506036384,-0.00943967690125038,0.008));
#7307=CARTESIAN_POINT('',(-0.00441375040730201,-0.0109388473866475,0.00514285714285714));
#7308=CARTESIAN_POINT('',(-0.0018221070546089,-0.0113547314315022,0.00228571428571429));
#7309=CARTESIAN_POINT('',(0.000769536298084204,-0.0117706154763569,-0.000571428571428571));
#7310=CARTESIAN_POINT('',(0.00328497159998786,-0.0110208421451028,-0.00342857142857143));
#7311=CARTESIAN_POINT('',(-0.00446214286889432,-0.0105990226444506,0.00533493418541146));
#7312=CARTESIAN_POINT('',(-0.00446214286889432,-0.0105990226444506,0.00533493418541146));
#7313=CARTESIAN_POINT('',(-0.0040975236588252,-0.0105215204388394,0.00533493418541146));
#7314=CARTESIAN_POINT('',(-0.00373290444875607,-0.0104440182332283,0.00533493418541144));
#7315=CARTESIAN_POINT('',(-0.00336828523868695,-0.0103665160276172,0.00533493418541144));
#7316=CARTESIAN_POINT('',(0.,7.04171909509728E-19,0.008));
#7317=CARTESIAN_POINT('',(0.,0.,0.000999998385918048));
#7318=CARTESIAN_POINT('',(-0.000659842695984439,-0.0114810542902887,0.000999998385917982));
#7319=CARTESIAN_POINT('',(-0.00174162185992547,-0.0113673547185363,0.000999998385918048));
#7320=CARTESIAN_POINT('',(-0.00656829506036384,-0.00943967690125038,0.008));
#7321=CARTESIAN_POINT('',(-0.00441375040730201,-0.0109388473866475,0.00514285714285714));
#7322=CARTESIAN_POINT('',(-0.0018221070546089,-0.0113547314315022,0.00228571428571429));
#7323=CARTESIAN_POINT('',(0.000769536298084204,-0.0117706154763569,-0.000571428571428571));
#7324=CARTESIAN_POINT('',(0.00328497159998786,-0.0110208421451028,-0.00342857142857143));
#7325=CARTESIAN_POINT('',(-0.00120207732757802,-0.0114370017967351,0.00160091117584766));
#7326=CARTESIAN_POINT('',(0.00446214286889428,-0.0105990226444506,0.008));
#7327=CARTESIAN_POINT('',(0.002042985115385,-0.0116174776360722,0.00514285714285714));
#7328=CARTESIAN_POINT('',(-0.000578491766959351,-0.0114854406652753,0.00228571428571429));
#7329=CARTESIAN_POINT('',(-0.0031999686493037,-0.0113534036944784,-0.000571428571428572));
#7330=CARTESIAN_POINT('',(-0.00550454901363075,-0.0100970263026565,-0.00342857142857143));
#7331=CARTESIAN_POINT('',(0.,7.04171909509728E-19,0.008));
#7332=CARTESIAN_POINT('',(0.,0.,0.007));
#7333=CARTESIAN_POINT('',(-0.0080788073341135,-0.00818430644943453,0.0070000000000008));
#7334=CARTESIAN_POINT('',(-0.00729500664669803,-0.00889004375830803,0.007));
#7335=CARTESIAN_POINT('',(-0.00870139157454744,-0.00751902817300059,0.008));
#7336=CARTESIAN_POINT('',(-0.00698522246030436,-0.00950506401800447,0.00514285714285714));
#7337=CARTESIAN_POINT('',(-0.00457729885786389,-0.0105498026126454,0.00228571428571429));
#7338=CARTESIAN_POINT('',(-0.00216937525542343,-0.0115945412072863,-0.000571428571428571));
#7339=CARTESIAN_POINT('',(0.000453384034506097,-0.0114910592600176,-0.00342857142857143));
#7340=CARTESIAN_POINT('',(-0.00769500197312495,-0.00854616549298982,0.00641544100610499));
#7341=CARTESIAN_POINT('',(-0.00656829506036384,-0.00943967690125038,0.008));
#7342=CARTESIAN_POINT('',(-0.00872283971342567,-0.00794050641585327,0.00514285714285714));
#7343=CARTESIAN_POINT('',(-0.0100135516745612,-0.00565497859066612,0.00228571428571429));
#7344=CARTESIAN_POINT('',(-0.0113042636356968,-0.00336945076547896,-0.000571428571428571));
#7345=CARTESIAN_POINT('',(-0.0114755015714597,-0.000750242416439365,-0.00342857142857143));
#7346=CARTESIAN_POINT('',(-0.00861690605614174,-0.00667524756242253,0.00761334754729776));
#7347=CARTESIAN_POINT('',(-0.00801543483357338,-0.00745167135373183,0.00647803080465662));
#7348=CARTESIAN_POINT('',(-0.00728485943286762,-0.00810807147497848,0.00532120849159337));
#7349=CARTESIAN_POINT('',(-0.0084658355828458,-0.00778329158416949,0.00761334754729776));
#7350=CARTESIAN_POINT('',(-0.00776452437888537,-0.00854610321481845,0.00647803080465662));
#7351=CARTESIAN_POINT('',(-0.00693815039799798,-0.00917126322022992,0.00532120849159337));
#7352=CARTESIAN_POINT('',(-0.00860983065621538,-0.00668437103034338,0.0076));
#7353=CARTESIAN_POINT('',(-0.00845589435033689,-0.00719537733843213,0.00740822107920606));
#7354=CARTESIAN_POINT('',(-0.00827870692197536,-0.00769575360838482,0.00720726225316499));
#7355=CARTESIAN_POINT('',(-0.0080788073341135,-0.00818430644943452,0.00700000000000079));
#7356=CARTESIAN_POINT('',(-0.00860983065621538,-0.00668437103034338,0.0076));
#7357=CARTESIAN_POINT('',(-0.00881828523868693,-0.00640685924998796,0.008));
#7358=CARTESIAN_POINT('',(-0.00735596142354101,-0.00841957531102923,0.00514285714285714));
#7359=CARTESIAN_POINT('',(-0.00516516842095569,-0.00959849129723844,0.00228571428571429));
#7360=CARTESIAN_POINT('',(-0.00297437541837037,-0.0107774072834477,-0.000571428571428571));
#7361=CARTESIAN_POINT('',(-0.000489026650820616,-0.0108890244253003,-0.00342857142857143));
#7362=CARTESIAN_POINT('',(-0.00729352360931155,-0.0081002785977036,0.00533493418541146));
#7363=CARTESIAN_POINT('',(-0.00729352360931155,-0.0081002785977036,0.00533493418541146));
#7364=CARTESIAN_POINT('',(-0.00741493582543931,-0.00823512052438823,0.00570510152925855));
#7365=CARTESIAN_POINT('',(-0.00754858379295745,-0.00838355162969535,0.00606605282382815));
#7366=CARTESIAN_POINT('',(-0.00769500197312576,-0.00854616549298879,0.00641544100610512));
#7367=CARTESIAN_POINT('',(-0.00965203556413558,-0.00625205641918421,0.00761334754729817));
#7368=CARTESIAN_POINT('',(-0.00909206486447481,-0.00711654911496588,0.00648482047779248));
#7369=CARTESIAN_POINT('',(-0.00838738123951895,-0.0078677719808702,0.00533493418541146));
#7370=CARTESIAN_POINT('',(-0.00861690605614196,-0.00667524756242225,0.00761334754729817));
#7371=CARTESIAN_POINT('',(-0.00801903188525817,-0.00744702801186972,0.00648482047779248));
#7372=CARTESIAN_POINT('',(-0.00729352360931156,-0.0081002785977036,0.00533493418541146));
#7373=CARTESIAN_POINT('',(-0.00921936708325743,-0.00669826226727928,0.00710423557556984));
#7374=CARTESIAN_POINT('',(-0.00902203229947816,-0.00667800234501479,0.00727579125274823));
#7375=CARTESIAN_POINT('',(-0.00881878973715065,-0.00667303359445573,0.00744189736945697));
#7376=CARTESIAN_POINT('',(-0.00860983065621589,-0.00668437103034299,0.00760000000000042));
#7377=CARTESIAN_POINT('',(-0.00921936708325743,-0.00669826226727928,0.00710423557556984));
#7378=CARTESIAN_POINT('',(-0.00930369543531144,-0.00675953040136311,0.00693565087143318));
#7379=CARTESIAN_POINT('',(-0.00927522355659587,-0.00673884437062404,0.0069915687841861));
#7380=CARTESIAN_POINT('',(-0.00924711510111248,-0.00671842238231881,0.00704776444615614));
#7381=CARTESIAN_POINT('',(-0.00921936708325743,-0.00669826226727927,0.00710423557556984));
#7382=CARTESIAN_POINT('',(-0.00930369543531125,-0.00675953040136297,0.00693565087143352));
#7383=CARTESIAN_POINT('',(-0.00983989861138647,-0.00595200767116732,0.008));
#7384=CARTESIAN_POINT('',(-0.00848139170092242,-0.00819790031787698,0.00514285714285714));
#7385=CARTESIAN_POINT('',(-0.00628296296855299,-0.00963194561528417,0.00228571428571429));
#7386=CARTESIAN_POINT('',(-0.00408453423618356,-0.0110659909126913,-0.000571428571428571));
#7387=CARTESIAN_POINT('',(-0.00148160945431355,-0.0114041586022332,-0.00342857142857143));
#7388=CARTESIAN_POINT('',(-0.00838738123951895,-0.0078677719808702,0.00533493418541146));
#7389=CARTESIAN_POINT('',(-0.00838738123951895,-0.00786777198087019,0.00533493418541146));
#7390=CARTESIAN_POINT('',(-0.00802276202944982,-0.00794527418648133,0.00533493418541146));
#7391=CARTESIAN_POINT('',(-0.00765814281938069,-0.00802277639209246,0.00533493418541146));
#7392=CARTESIAN_POINT('',(-0.00729352360931156,-0.00810027859770359,0.00533493418541146));
#7393=CARTESIAN_POINT('',(0.,7.04171909509728E-19,0.008));
#7394=CARTESIAN_POINT('',(0.,0.,0.000999998385918048));
#7395=CARTESIAN_POINT('',(-0.00527256177867827,-0.0102200827927185,0.000999998385917983));
#7396=CARTESIAN_POINT('',(-0.00621457043793583,-0.00967621383971622,0.000999998385918048));
#7397=CARTESIAN_POINT('',(-0.00983989861138647,-0.00595200767116732,0.008));
#7398=CARTESIAN_POINT('',(-0.00848139170092242,-0.00819790031787698,0.00514285714285714));
#7399=CARTESIAN_POINT('',(-0.00628296296855299,-0.00963194561528417,0.00228571428571429));
#7400=CARTESIAN_POINT('',(-0.00408453423618356,-0.0110659909126913,-0.000571428571428571));
#7401=CARTESIAN_POINT('',(-0.00148160945431355,-0.0114041586022332,-0.00342857142857143));
#7402=CARTESIAN_POINT('',(-0.00575,-0.00995929214352105,0.00160091117584766));
#7403=CARTESIAN_POINT('',(-0.00023464054105866,-0.0114976060037067,0.008));
#7404=CARTESIAN_POINT('',(-0.00285889408251373,-0.0114440508313827,0.00514285714285714));
#7405=CARTESIAN_POINT('',(-0.0052000281064304,-0.0102571783494446,0.00228571428571429));
#7406=CARTESIAN_POINT('',(-0.00754116213034705,-0.00907030586750651,-0.000571428571428571));
#7407=CARTESIAN_POINT('',(-0.00913548633116405,-0.00698519072703791,-0.00342857142857143));
#7408=CARTESIAN_POINT('',(0.,7.04171909509728E-19,0.008));
#7409=CARTESIAN_POINT('',(0.,0.,0.007));
#7410=CARTESIAN_POINT('',(-0.0107092150743957,-0.00419078900570247,0.0070000000000008));
#7411=CARTESIAN_POINT('',(-0.0102802267406147,-0.00515431257895265,0.007));
#7412=CARTESIAN_POINT('',(-0.011007381026376,-0.00332979923421195,0.008));
#7413=CARTESIAN_POINT('',(-0.0102473760801378,-0.00584216212360824,0.00514285714285714));
#7414=CARTESIAN_POINT('',(-0.00847256187965392,-0.00777596908400599,0.00228571428571429));
#7415=CARTESIAN_POINT('',(-0.00669774767917001,-0.00970977604440373,-0.000571428571428571));
#7416=CARTESIAN_POINT('',(-0.00425964794351393,-0.0106820128907102,-0.00342857142857143));
#7417=CARTESIAN_POINT('',(-0.0105057727628892,-0.00467747139537138,0.00641544100610651));
#7418=CARTESIAN_POINT('',(-0.00983989861138647,-0.00595200767116732,0.008));
#7419=CARTESIAN_POINT('',(-0.0111984055218505,-0.00370611502445766,0.00514285714285714));
#7420=CARTESIAN_POINT('',(-0.0114479216557979,-0.00109320161119211,0.00228571428571429));
#7421=CARTESIAN_POINT('',(-0.0116974377897453,0.00151971180207345,-0.000571428571428571));
#7422=CARTESIAN_POINT('',(-0.0107885434167332,0.00398212643511761,-0.00342857142857143));
#7423=CARTESIAN_POINT('',(-0.010587003171761,-0.00259333064631632,0.00761334754729775));
#7424=CARTESIAN_POINT('',(-0.0103533318749622,-0.00354726946004673,0.00647803080465662));
#7425=CARTESIAN_POINT('',(-0.00995290001801247,-0.00444407259520448,0.00532120849159337));
#7426=CARTESIAN_POINT('',(-0.0108996755328831,-0.00366702512642756,0.00761334754729775));
#7427=CARTESIAN_POINT('',(-0.0105692593100605,-0.00464913719149417,0.00647803080465662));
#7428=CARTESIAN_POINT('',(-0.0100686045954931,-0.00555636585364896,0.00532120849159337));
#7429=CARTESIAN_POINT('',(-0.0105842503210126,-0.00260454317340784,0.0076));
#7430=CARTESIAN_POINT('',(-0.0106514674983536,-0.00313398220128953,0.00740822107920606));
#7431=CARTESIAN_POINT('',(-0.0106931200923379,-0.00366316728962395,0.00720726225316499));
#7432=CARTESIAN_POINT('',(-0.0107092150743957,-0.00419078900570246,0.0070000000000008));
#7433=CARTESIAN_POINT('',(-0.0105842503210126,-0.00260454317340784,0.0076));
#7434=CARTESIAN_POINT('',(-0.0106618088479985,-0.00226623742991358,0.008));
#7435=CARTESIAN_POINT('',(-0.010144554943202,-0.00469972572466439,0.00514285714285714));
#7436=CARTESIAN_POINT('',(-0.00862267427775412,-0.00666779486035357,0.00228571428571429));
#7437=CARTESIAN_POINT('',(-0.00710079361230624,-0.00863586399604274,-0.000571428571428571));
#7438=CARTESIAN_POINT('',(-0.0048757133166404,-0.00974871374356307,-0.00342857142857143));
#7439=CARTESIAN_POINT('',(-0.00995764548830435,-0.00443342940952622,0.00533493418541146));
#7440=CARTESIAN_POINT('',(-0.00995764548830435,-0.00443342940952622,0.00533493418541146));
#7441=CARTESIAN_POINT('',(-0.010123406219456,-0.00450723084193265,0.00570510152925904));
#7442=CARTESIAN_POINT('',(-0.0103058720826063,-0.00458846987829673,0.00606605282382911));
#7443=CARTESIAN_POINT('',(-0.0105057727628892,-0.00467747139537138,0.00641544100610651));
#7444=CARTESIAN_POINT('',(-0.0113605136868804,-0.00178570119846625,0.00761334754729818));
#7445=CARTESIAN_POINT('',(-0.0112005758548381,-0.00280321517646363,0.00648482047779248));
#7446=CARTESIAN_POINT('',(-0.0108623651968643,-0.00377611206533281,0.00533493418541146));
#7447=CARTESIAN_POINT('',(-0.010587003171761,-0.00259333064631597,0.00761334754729818));
#7448=CARTESIAN_POINT('',(-0.0103547293279081,-0.00354156450345307,0.00648482047779248));
#7449=CARTESIAN_POINT('',(-0.00995764548830435,-0.00443342940952622,0.00533493418541146));
#7450=CARTESIAN_POINT('',(-0.011146739630284,-0.00236931264964415,0.00710423557556984));
#7451=CARTESIAN_POINT('',(-0.0109582248821567,-0.0024310675772037,0.00727579125274823));
#7452=CARTESIAN_POINT('',(-0.0107705325896201,-0.00250919459523153,0.00744189736945697));
#7453=CARTESIAN_POINT('',(-0.0105842503210129,-0.00260454317340726,0.00760000000000042));
#7454=CARTESIAN_POINT('',(-0.011146739630284,-0.00236931264964416,0.00710423557556985));
#7455=CARTESIAN_POINT('',(-0.0112486974084382,-0.00239098444440411,0.00693565087143318));
#7456=CARTESIAN_POINT('',(-0.0112142732862657,-0.00238366737135661,0.0069915687841861));
#7457=CARTESIAN_POINT('',(-0.0111802885634693,-0.0023764436955297,0.00704776444615615));
#7458=CARTESIAN_POINT('',(-0.011146739630284,-0.00236931264964414,0.00710423557556984));
#7459=CARTESIAN_POINT('',(-0.011248697408438,-0.00239098444440406,0.00693565087143353));
#7460=CARTESIAN_POINT('',(-0.0114100942998278,-0.00143518224244726,0.008));
#7461=CARTESIAN_POINT('',(-0.0110825233184286,-0.00403946180855921,0.00514285714285714));
#7462=CARTESIAN_POINT('',(-0.0096574375063076,-0.00624370889870461,0.00228571428571429));
#7463=CARTESIAN_POINT('',(-0.00823235169418656,-0.00844795598884999,-0.000571428571428571));
#7464=CARTESIAN_POINT('',(-0.0059920067739648,-0.00981559243350904,-0.00342857142857143));
#7465=CARTESIAN_POINT('',(-0.0108623651968643,-0.00377611206533282,0.00533493418541146));
#7466=CARTESIAN_POINT('',(-0.0108623651968643,-0.00377611206533282,0.00533493418541146));
#7467=CARTESIAN_POINT('',(-0.0105607919606776,-0.00399521784673062,0.00533493418541146));
#7468=CARTESIAN_POINT('',(-0.010259218724491,-0.00421432362812842,0.00533493418541146));
#7469=CARTESIAN_POINT('',(-0.00995764548830435,-0.00443342940952622,0.00533493418541146));
#7470=CARTESIAN_POINT('',(0.,7.04171909509728E-19,0.008));
#7471=CARTESIAN_POINT('',(0.,0.,0.000999998385918048));
#7472=CARTESIAN_POINT('',(-0.00897360703011861,-0.00719196613374996,0.000999998385917982));
#7473=CARTESIAN_POINT('',(-0.00961296332962604,-0.00631196768236711,0.000999998385918048));
#7474=CARTESIAN_POINT('',(-0.0114100942998278,-0.00143518224244726,0.008));
#7475=CARTESIAN_POINT('',(-0.0110825233184286,-0.00403946180855921,0.00514285714285714));
#7476=CARTESIAN_POINT('',(-0.0096574375063076,-0.00624370889870461,0.00228571428571429));
#7477=CARTESIAN_POINT('',(-0.00823235169418656,-0.00844795598884999,-0.000571428571428571));
#7478=CARTESIAN_POINT('',(-0.0059920067739648,-0.00981559243350904,-0.00342857142857143));
#7479=CARTESIAN_POINT('',(-0.0093036954353119,-0.00675953040136344,0.00160091117584766));
#7480=CARTESIAN_POINT('',(-0.00489085246981878,-0.0104081488324509,0.008));
#7481=CARTESIAN_POINT('',(-0.00726644452130716,-0.00929184367200982,0.00514285714285714));
#7482=CARTESIAN_POINT('',(-0.00892243234552623,-0.00725535671345586,0.00228571428571429));
#7483=CARTESIAN_POINT('',(-0.0105784201697453,-0.0052188697549019,-0.000571428571428571));
#7484=CARTESIAN_POINT('',(-0.0111868150687506,-0.00266555221625018,-0.00342857142857143));
#7485=CARTESIAN_POINT('',(0.,7.04171909509728E-19,0.008));
#7486=CARTESIAN_POINT('',(0.,0.,0.007));
#7487=CARTESIAN_POINT('',(-0.0114879022381503,0.000527353929238429,0.0070000000000008));
#7488=CARTESIAN_POINT('',(-0.0114879022381512,-0.000527353929236598,0.007));
#7489=CARTESIAN_POINT('',(-0.0114100942998269,0.0014351822424483,0.008));
#7490=CARTESIAN_POINT('',(-0.0117376652812264,-0.00116909732366344,0.00514285714285714));
#7491=CARTESIAN_POINT('',(-0.0109028419816435,-0.00365759985828054,0.00228571428571429));
#7492=CARTESIAN_POINT('',(-0.0100680186820606,-0.00614610239289763,-0.000571428571428571));
#7493=CARTESIAN_POINT('',(-0.0082361480944137,-0.00802594944955843,-0.00342857142857143));
#7494=CARTESIAN_POINT('',(-0.0114999999999986,-1.28726295750419E-15,0.00641544100610499));
#7495=CARTESIAN_POINT('',(-0.0114100942998278,-0.00143518224244726,0.008));
#7496=CARTESIAN_POINT('',(-0.0117376652812271,0.00116909732366469,0.00514285714285714));
#7497=CARTESIAN_POINT('',(-0.0109028419816439,0.00365759985828188,0.00228571428571429));
#7498=CARTESIAN_POINT('',(-0.0100680186820607,0.00614610239289907,-0.000571428571428571));
#7499=CARTESIAN_POINT('',(-0.00823614809441347,0.00802594944955981,-0.00342857142857143));
#7500=CARTESIAN_POINT('',(-0.0107265112590783,0.00193699669820728,0.00761334754729775));
#7501=CARTESIAN_POINT('',(-0.0109010437781028,0.000970487549211802,0.00647803080465662));
#7502=CARTESIAN_POINT('',(-0.0108999937707849,-1.16531905875498E-5,0.00532120849159337));
#7503=CARTESIAN_POINT('',(-0.0114488625628413,0.00108330328955112,0.00761334754729775));
#7504=CARTESIAN_POINT('',(-0.0115464732878198,5.17068883248821E-5,0.00647803080465662));
#7505=CARTESIAN_POINT('',(-0.0114581055880264,-0.000980722352973021,0.00532120849159337));
#7506=CARTESIAN_POINT('',(-0.0107285569504112,0.00192563385974184,0.0076));
#7507=CARTESIAN_POINT('',(-0.0110053051503605,0.00146930692979051,0.00740822107920606));
#7508=CARTESIAN_POINT('',(-0.0112585956547888,0.00100281393234297,0.00720726225316499));
#7509=CARTESIAN_POINT('',(-0.0114879022381503,0.000527353929238431,0.0070000000000008));
#7510=CARTESIAN_POINT('',(-0.0107285569504112,0.00192563385974184,0.0076));
#7511=CARTESIAN_POINT('',(-0.0106618088479985,0.00226623742991358,0.008));
#7512=CARTESIAN_POINT('',(-0.011179062752795,-0.000167250864837235,0.00514285714285714));
#7513=CARTESIAN_POINT('',(-0.0105892414173923,-0.00258417611709892,0.00228571428571429));
#7514=CARTESIAN_POINT('',(-0.00999942008198954,-0.0050011013693606,-0.000571428571428571));
#7515=CARTESIAN_POINT('',(-0.00841934485554814,-0.00692276189127975,-0.00342857142857143));
#7516=CARTESIAN_POINT('',(-0.0109,4.50141007500989E-18,0.00533493418541146));
#7517=CARTESIAN_POINT('',(-0.0109,2.95061940892416E-18,0.00533493418541146));
#7518=CARTESIAN_POINT('',(-0.01108144770987,2.80327481030581E-18,0.00570510152925855));
#7519=CARTESIAN_POINT('',(-0.011281181463263,1.95394525032429E-18,0.00606605282382816));
#7520=CARTESIAN_POINT('',(-0.0114999999999983,1.91671077651011E-18,0.00641544100610512));
#7521=CARTESIAN_POINT('',(-0.0111046557861368,0.00298941798205262,0.00761334754729817));
#7522=CARTESIAN_POINT('',(-0.0113724055258627,0.00199482013245957,0.00648482047779248));
#7523=CARTESIAN_POINT('',(-0.0114591475301819,0.00096847193120177,0.00533493418541146));
#7524=CARTESIAN_POINT('',(-0.0107265112590783,0.00193699669820763,0.00761334754729817));
#7525=CARTESIAN_POINT('',(-0.0109,0.000976267681714056,0.00648482047779248));
#7526=CARTESIAN_POINT('',(-0.0109,4.77588629909585E-18,0.00533493418541146));
#7527=CARTESIAN_POINT('',(-0.011146739630284,0.00236931264964413,0.00710423557556984));
#7528=CARTESIAN_POINT('',(-0.0109996408303627,0.00223622086026149,0.00727579125274823));
#7529=CARTESIAN_POINT('',(-0.0108599525101275,0.00208850694482546,0.00744189736945697));
#7530=CARTESIAN_POINT('',(-0.0107285569504112,0.00192563385974249,0.00760000000000042));
#7531=CARTESIAN_POINT('',(-0.011146739630284,0.00236931264964413,0.00710423557556984));
#7532=CARTESIAN_POINT('',(-0.0112486974084382,0.00239098444440412,0.00693565087143318));
#7533=CARTESIAN_POINT('',(-0.0112142732862657,0.00238366737135662,0.0069915687841861));
#7534=CARTESIAN_POINT('',(-0.0111802885634693,0.0023764436955297,0.00704776444615614));
#7535=CARTESIAN_POINT('',(-0.011146739630284,0.00236931264964415,0.00710423557556984));
#7536=CARTESIAN_POINT('',(-0.011248697408438,0.00239098444440407,0.00693565087143352));
#7537=CARTESIAN_POINT('',(-0.0110073810263765,0.00332979923421329,0.008));
#7538=CARTESIAN_POINT('',(-0.011767385972615,0.000817436344816912,0.00514285714285714));
#7539=CARTESIAN_POINT('',(-0.0113620533641562,-0.00177587819122439,0.00228571428571429));
#7540=CARTESIAN_POINT('',(-0.0109567207556975,-0.0043691927272657,-0.000571428571428571));
#7541=CARTESIAN_POINT('',(-0.00946633168672493,-0.00652982116117337,-0.00342857142857143));
#7542=CARTESIAN_POINT('',(-0.0114591475301819,0.000968471931201768,0.00533493418541146));
#7543=CARTESIAN_POINT('',(-0.0114591475301819,0.00096847193120177,0.00533493418541146));
#7544=CARTESIAN_POINT('',(-0.0112727650201213,0.000645647954134515,0.00533493418541146));
#7545=CARTESIAN_POINT('',(-0.0110863825100606,0.000322823977067261,0.00533493418541146));
#7546=CARTESIAN_POINT('',(-0.0109,6.64232462288044E-18,0.00533493418541146));
#7547=CARTESIAN_POINT('',(0.,7.04171909509728E-19,0.008));
#7548=CARTESIAN_POINT('',(0.,0.,0.000999998385918048));
#7549=CARTESIAN_POINT('',(-0.0111230341033909,-0.00292029319329484,0.000999998385917986));
#7550=CARTESIAN_POINT('',(-0.0113491875305937,-0.00185632497031051,0.000999998385918048));
#7551=CARTESIAN_POINT('',(-0.0110073810263765,0.00332979923421329,0.008));
#7552=CARTESIAN_POINT('',(-0.011767385972615,0.000817436344816912,0.00514285714285714));
#7553=CARTESIAN_POINT('',(-0.0113620533641562,-0.00177587819122439,0.00228571428571429));
#7554=CARTESIAN_POINT('',(-0.0109567207556975,-0.0043691927272657,-0.000571428571428571));
#7555=CARTESIAN_POINT('',(-0.00946633168672493,-0.00652982116117337,-0.00342857142857143));
#7556=CARTESIAN_POINT('',(-0.0112486974084388,-0.00239098444440423,0.00160091117584766));
#7557=CARTESIAN_POINT('',(-0.00870139157454744,-0.00751902817300059,0.008));
#7558=CARTESIAN_POINT('',(-0.0104175606887905,-0.00553299232799671,0.00514285714285714));
#7559=CARTESIAN_POINT('',(-0.0111020669743274,-0.00299901798886407,0.00228571428571429));
#7560=CARTESIAN_POINT('',(-0.0117865732598643,-0.000465043649731452,-0.000571428571428571));
#7561=CARTESIAN_POINT('',(-0.0113038418519258,0.00211498448850887,-0.00342857142857143));
#7562=CARTESIAN_POINT('',(0.,7.04171909509728E-19,0.008));
#7563=CARTESIAN_POINT('',(0.,0.,0.007));
#7564=CARTESIAN_POINT('',(-0.0102802267406132,0.00515431257895396,0.0070000000000008));
#7565=CARTESIAN_POINT('',(-0.0107092150743958,0.00419078900570451,0.007));
#7566=CARTESIAN_POINT('',(-0.00983989861138519,0.00595200767116789,0.008));
#7567=CARTESIAN_POINT('',(-0.0111984055218494,0.00370611502445852,0.00514285714285714));
#7568=CARTESIAN_POINT('',(-0.011447921655797,0.00109320161119317,0.00228571428571429));
#7569=CARTESIAN_POINT('',(-0.0116974377897446,-0.00151971180207217,-0.000571428571428571));
#7570=CARTESIAN_POINT('',(-0.0107885434167329,-0.00398212643511626,-0.00342857142857143));
#7571=CARTESIAN_POINT('',(-0.0105057727628892,0.00467747139537138,0.00641544100610651));
#7572=CARTESIAN_POINT('',(-0.0110073810263765,0.00332979923421329,0.008));
#7573=CARTESIAN_POINT('',(-0.010247376080138,0.00584216212360966,0.00514285714285714));
#7574=CARTESIAN_POINT('',(-0.00847256187965373,0.00777596908400738,0.00228571428571429));
#7575=CARTESIAN_POINT('',(-0.00669774767916949,0.00970977604440508,-0.000571428571428571));
#7576=CARTESIAN_POINT('',(-0.00425964794351316,0.0106820128907114,-0.00342857142857143));
#7577=CARTESIAN_POINT('',(-0.00901130810240549,0.00613239971654827,0.00761334754729776));
#7578=CARTESIAN_POINT('',(-0.00956386617913568,0.00532043844460901,0.00647803080465662));
#7579=CARTESIAN_POINT('',(-0.00996237957725387,0.00442278115654787,0.00532120849159337));
#7580=CARTESIAN_POINT('',(-0.0100184372460331,0.00564631872526499,0.00761334754729776));
#7581=CARTESIAN_POINT('',(-0.0105271971376982,0.00474361037741023,0.00647803080465662));
#7582=CARTESIAN_POINT('',(-0.0108663960307684,0.00376449695211483,0.00532120849159337));
#7583=CARTESIAN_POINT('',(-0.00901779861720359,0.00612285130470773,0.0076));
#7584=CARTESIAN_POINT('',(-0.00945622556181156,0.00581853954447536,0.00740822107920606));
#7585=CARTESIAN_POINT('',(-0.00987735774739622,0.00549539951512922,0.00720726225316499));
#7586=CARTESIAN_POINT('',(-0.0102802267406132,0.00515431257895396,0.0070000000000008));
#7587=CARTESIAN_POINT('',(-0.00901779861720358,0.00612285130470773,0.0076));
#7588=CARTESIAN_POINT('',(-0.00881828523868693,0.00640685924998796,0.008));
#7589=CARTESIAN_POINT('',(-0.0102806090538328,0.00439414318894668,0.00514285714285714));
#7590=CARTESIAN_POINT('',(-0.0107248325157251,0.00194627015330514,0.00228571428571429));
#7591=CARTESIAN_POINT('',(-0.0111690559776173,-0.000501602882336397,-0.000571428571428571));
#7592=CARTESIAN_POINT('',(-0.0105071951815848,-0.00289980161667676,-0.00342857142857143));
#7593=CARTESIAN_POINT('',(-0.00995764548830435,0.00443342940952622,0.00533493418541146));
#7594=CARTESIAN_POINT('',(-0.00995764548830434,0.00443342940952622,0.00533493418541146));
#7595=CARTESIAN_POINT('',(-0.010123406219456,0.00450723084193265,0.00570510152925904));
#7596=CARTESIAN_POINT('',(-0.0103058720826063,0.00458846987829673,0.00606605282382911));
#7597=CARTESIAN_POINT('',(-0.0105057727628892,0.00467747139537138,0.00641544100610651));
#7598=CARTESIAN_POINT('',(-0.00892870201733936,0.00724763963546482,0.00761334754729817));
#7599=CARTESIAN_POINT('',(-0.00957784296640487,0.00644793291810853,0.00648482047779247));
#7600=CARTESIAN_POINT('',(-0.010074539152444,0.00554559833254028,0.00533493418541145));
#7601=CARTESIAN_POINT('',(-0.00901130810240529,0.00613239971654856,0.00761334754729817));
#7602=CARTESIAN_POINT('',(-0.00956056164870058,0.00532529431559936,0.00648482047779247));
#7603=CARTESIAN_POINT('',(-0.00995764548830434,0.00443342940952622,0.00533493418541145));
#7604=CARTESIAN_POINT('',(-0.00921936708325744,0.00669826226727926,0.00710423557556984));
#7605=CARTESIAN_POINT('',(-0.00913911895039907,0.00651684639555873,0.00727579125274823));
#7606=CARTESIAN_POINT('',(-0.00907158798206252,0.00632508666063218,0.00744189736945696));
#7607=CARTESIAN_POINT('',(-0.00901779861720336,0.00612285130470833,0.00760000000000041));
#7608=CARTESIAN_POINT('',(-0.00921936708325745,0.00669826226727926,0.00710423557556984));
#7609=CARTESIAN_POINT('',(-0.00930369543531144,0.00675953040136311,0.00693565087143318));
#7610=CARTESIAN_POINT('',(-0.00927522355659587,0.00673884437062403,0.0069915687841861));
#7611=CARTESIAN_POINT('',(-0.00924711510111248,0.00671842238231881,0.00704776444615614));
#7612=CARTESIAN_POINT('',(-0.00921936708325743,0.00669826226727927,0.00710423557556984));
#7613=CARTESIAN_POINT('',(-0.00930369543531125,0.00675953040136297,0.00693565087143352));
#7614=CARTESIAN_POINT('',(-0.00870139157454729,0.00751902817300198,0.008));
#7615=CARTESIAN_POINT('',(-0.0104175606887907,0.00553299232799812,0.00514285714285714));
#7616=CARTESIAN_POINT('',(-0.0111020669743279,0.0029990179888654,0.00228571428571429));
#7617=CARTESIAN_POINT('',(-0.0117865732598651,0.000465043649732662,-0.000571428571428571));
#7618=CARTESIAN_POINT('',(-0.0113038418519268,-0.00211498448850789,-0.00342857142857143));
#7619=CARTESIAN_POINT('',(-0.010074539152444,0.00554559833254028,0.00533493418541146));
#7620=CARTESIAN_POINT('',(-0.010074539152444,0.00554559833254028,0.00533493418541146));
#7621=CARTESIAN_POINT('',(-0.0100355745977308,0.00517487535820226,0.00533493418541146));
#7622=CARTESIAN_POINT('',(-0.00999661004301755,0.00480415238386424,0.00533493418541145));
#7623=CARTESIAN_POINT('',(-0.00995764548830434,0.00443342940952622,0.00533493418541145));
#7624=CARTESIAN_POINT('',(0.,7.04171909509728E-19,0.008));
#7625=CARTESIAN_POINT('',(0.,0.,0.000999998385918048));
#7626=CARTESIAN_POINT('',(-0.0113491875305943,0.00185632497031173,0.000999998385917986));
#7627=CARTESIAN_POINT('',(-0.0111230341033896,0.00292029319329648,0.00099999838591714));
#7628=CARTESIAN_POINT('',(-0.00870139157454729,0.00751902817300198,0.008));
#7629=CARTESIAN_POINT('',(-0.0104175606887907,0.00553299232799812,0.00514285714285714));
#7630=CARTESIAN_POINT('',(-0.0111020669743279,0.0029990179888654,0.00228571428571429));
#7631=CARTESIAN_POINT('',(-0.0117865732598651,0.000465043649732662,-0.000571428571428571));
#7632=CARTESIAN_POINT('',(-0.0113038418519268,-0.00211498448850789,-0.00342857142857143));
#7633=CARTESIAN_POINT('',(-0.0112486974084388,0.00239098444440423,0.00160091117584766));
#7634=CARTESIAN_POINT('',(-0.011007381026376,-0.00332979923421195,0.008));
#7635=CARTESIAN_POINT('',(-0.0117673859726142,-0.000817436344815675,0.00514285714285714));
#7636=CARTESIAN_POINT('',(-0.0113620533641552,0.00177587819122541,0.00228571428571429));
#7637=CARTESIAN_POINT('',(-0.0109567207556963,0.00436919272726649,-0.000571428571428571));
#7638=CARTESIAN_POINT('',(-0.00946633168672362,0.00652982116117386,-0.00342857142857143));
#7639=CARTESIAN_POINT('',(0.,7.04171909509728E-19,0.008));
#7640=CARTESIAN_POINT('',(0.,0.,0.007));
#7641=CARTESIAN_POINT('',(-0.00729500664669608,0.0088900437583086,0.0070000000000008));
#7642=CARTESIAN_POINT('',(-0.00807880733411273,0.00818430644943641,0.007));
#7643=CARTESIAN_POINT('',(-0.00656829506036244,0.00943967690125038,0.008));
#7644=CARTESIAN_POINT('',(-0.00872283971342427,0.0079405064158536,0.00514285714285714));
#7645=CARTESIAN_POINT('',(-0.01001355167456,0.00565497859066673,0.00228571428571429));
#7646=CARTESIAN_POINT('',(-0.0113042636356956,0.00336945076547986,-0.000571428571428571));
#7647=CARTESIAN_POINT('',(-0.0114755015714589,0.000750242416440462,-0.00342857142857143));
#7648=CARTESIAN_POINT('',(-0.00769500197312686,0.00854616549298811,0.00641544100610499));
#7649=CARTESIAN_POINT('',(-0.00870139157454729,0.00751902817300198,0.008));
#7650=CARTESIAN_POINT('',(-0.00698522246030389,0.00950506401800583,0.00514285714285714));
#7651=CARTESIAN_POINT('',(-0.00457729885786316,0.0105498026126466,0.00228571428571429));
#7652=CARTESIAN_POINT('',(-0.00216937525542242,0.0115945412072873,-0.000571428571428571));
#7653=CARTESIAN_POINT('',(0.000453384034507275,0.0114910592600184,-0.00342857142857143));
#7654=CARTESIAN_POINT('',(-0.00573796790966266,0.00926745511279561,0.00761334754729776));
#7655=CARTESIAN_POINT('',(-0.0065730092327994,0.00875043719826745,0.00647803080465662));
#7656=CARTESIAN_POINT('',(-0.0073021794494385,0.00809247646201074,0.00532120849159337));
#7657=CARTESIAN_POINT('',(-0.00685573311474068,0.00923303435818527,0.00761334754729776));
#7658=CARTESIAN_POINT('',(-0.00768767296588502,0.00861530053789397,0.00647803080465662));
#7659=CARTESIAN_POINT('',(-0.00839578788168181,0.00785880053480088,0.00532120849159337));
#7660=CARTESIAN_POINT('',(-0.00574778097895296,0.0092613721347318,0.0076));
#7661=CARTESIAN_POINT('',(-0.00627207866651309,0.00916169381214812,0.00740822107920606));
#7662=CARTESIAN_POINT('',(-0.00678823495250073,0.00903778059761234,0.00720726225316499));
#7663=CARTESIAN_POINT('',(-0.00729500664669607,0.0088900437583086,0.0070000000000008));
#7664=CARTESIAN_POINT('',(-0.00574778097895296,0.0092613721347318,0.0076));
#7665=CARTESIAN_POINT('',(-0.00545,0.00943967690125038,0.008));
#7666=CARTESIAN_POINT('',(-0.00760454465306183,0.00819574996582406,0.00514285714285714));
#7667=CARTESIAN_POINT('',(-0.00900600264004434,0.00614018863289348,0.00228571428571429));
#7668=CARTESIAN_POINT('',(-0.0104074606270268,0.0040846272999629,-0.000571428571428571));
#7669=CARTESIAN_POINT('',(-0.0107782560058539,0.0016245607013203,-0.00342857142857143));
#7670=CARTESIAN_POINT('',(-0.00729352360931156,0.0081002785977036,0.00533493418541146));
#7671=CARTESIAN_POINT('',(-0.00729352360931155,0.00810027859770359,0.00533493418541146));
#7672=CARTESIAN_POINT('',(-0.00741493582543931,0.00823512052438823,0.00570510152925855));
#7673=CARTESIAN_POINT('',(-0.00754858379295746,0.00838355162969536,0.00606605282382816));
#7674=CARTESIAN_POINT('',(-0.00769500197312576,0.00854616549298879,0.00641544100610513));
#7675=CARTESIAN_POINT('',(-0.00520889455503263,0.0102526785531661,0.00761334754729817));
#7676=CARTESIAN_POINT('',(-0.0061271843460839,0.00978613952458492,0.00648482047779248));
#7677=CARTESIAN_POINT('',(-0.00694795143093356,0.00916384040200333,0.00533493418541145));
#7678=CARTESIAN_POINT('',(-0.00573796790966236,0.0092674551127958,0.00761334754729817));
#7679=CARTESIAN_POINT('',(-0.00656801533336494,0.00875352918353747,0.00648482047779248));
#7680=CARTESIAN_POINT('',(-0.00729352360931155,0.00810027859770359,0.00533493418541145));
#7681=CARTESIAN_POINT('',(-0.00569788221221509,0.00986902148709946,0.00710423557556983));
#7682=CARTESIAN_POINT('',(-0.0056983603776223,0.00967064998537299,0.00727579125274822));
#7683=CARTESIAN_POINT('',(-0.00571466347910936,0.00946800143120722,0.00744189736945697));
#7684=CARTESIAN_POINT('',(-0.00574778097895251,0.00926137213473226,0.00760000000000042));
#7685=CARTESIAN_POINT('',(-0.0056978822122151,0.00986902148709947,0.00710423557556984));
#7686=CARTESIAN_POINT('',(-0.00574999999999972,0.00995929214352056,0.00693565087143317));
#7687=CARTESIAN_POINT('',(-0.00573240341122993,0.00992881395773139,0.00699156878418609));
#7688=CARTESIAN_POINT('',(-0.00571503143036994,0.00989872480425376,0.00704776444615613));
#7689=CARTESIAN_POINT('',(-0.00569788221221508,0.00986902148709946,0.00710423557556983));
#7690=CARTESIAN_POINT('',(-0.0057499999999996,0.00995929214352035,0.00693565087143352));
#7691=CARTESIAN_POINT('',(-0.00489085246981808,0.0104081488324521,0.008));
#7692=CARTESIAN_POINT('',(-0.00726644452130674,0.00929184367201119,0.00514285714285714));
#7693=CARTESIAN_POINT('',(-0.00892243234552612,0.00725535671345726,0.00228571428571429));
#7694=CARTESIAN_POINT('',(-0.0105784201697455,0.00521886975490332,-0.000571428571428571));
#7695=CARTESIAN_POINT('',(-0.0111868150687511,0.00266555221625148,-0.00342857142857143));
#7696=CARTESIAN_POINT('',(-0.00694795143093356,0.00916384040200333,0.00533493418541146));
#7697=CARTESIAN_POINT('',(-0.00694795143093356,0.00916384040200333,0.00533493418541146));
#7698=CARTESIAN_POINT('',(-0.00706314215705956,0.00880931980057009,0.00533493418541146));
#7699=CARTESIAN_POINT('',(-0.00717833288318556,0.00845479919913684,0.00533493418541145));
#7700=CARTESIAN_POINT('',(-0.00729352360931155,0.00810027859770359,0.00533493418541145));
#7701=CARTESIAN_POINT('',(0.,7.04171909509728E-19,0.008));
#7702=CARTESIAN_POINT('',(0.,0.,0.000999998385918048));
#7703=CARTESIAN_POINT('',(-0.00961296332962607,0.0063119676823685,0.000999998385918048));
#7704=CARTESIAN_POINT('',(-0.00897360703011681,0.00719196613375095,0.000999998385917141));
#7705=CARTESIAN_POINT('',(-0.00489085246981808,0.0104081488324521,0.008));
#7706=CARTESIAN_POINT('',(-0.00726644452130674,0.00929184367201119,0.00514285714285714));
#7707=CARTESIAN_POINT('',(-0.00892243234552612,0.00725535671345726,0.00228571428571429));
#7708=CARTESIAN_POINT('',(-0.0105784201697455,0.00521886975490332,-0.000571428571428571));
#7709=CARTESIAN_POINT('',(-0.0111868150687511,0.00266555221625148,-0.00342857142857143));
#7710=CARTESIAN_POINT('',(-0.00930369543531189,0.00675953040136344,0.00160091117584766));
#7711=CARTESIAN_POINT('',(-0.0114100942998269,0.0014351822424483,0.008));
#7712=CARTESIAN_POINT('',(-0.0110825233184275,0.00403946180856004,0.00514285714285714));
#7713=CARTESIAN_POINT('',(-0.00965743750630631,0.00624370889870514,0.00228571428571429));
#7714=CARTESIAN_POINT('',(-0.00823235169418516,0.00844795598885024,-0.000571428571428571));
#7715=CARTESIAN_POINT('',(-0.0059920067739634,0.00981559243350896,-0.00342857142857143));
#7716=CARTESIAN_POINT('',(0.,7.04171909509728E-19,0.008));
#7717=CARTESIAN_POINT('',(0.,0.,0.007));
#7718=CARTESIAN_POINT('',(-0.00304841363051238,0.0110886056083399,0.007));
#7719=CARTESIAN_POINT('',(-0.00405150041210102,0.0107626829559708,0.007));
#7720=CARTESIAN_POINT('',(-0.00216097362231697,0.0112951402383348,0.008));
#7721=CARTESIAN_POINT('',(-0.00473901567403849,0.0108019121107117,0.00514285714285714));
#7722=CARTESIAN_POINT('',(-0.0068477476385318,0.00923895839794628,0.00228571428571429));
#7723=CARTESIAN_POINT('',(-0.00895647960302511,0.00767600468518083,-0.000571428571428571));
#7724=CARTESIAN_POINT('',(-0.010178241252822,0.00535288753845561,-0.00342857142857143));
#7725=CARTESIAN_POINT('',(-0.00355369543531291,0.0109371499373933,0.00641544100610627));
#7726=CARTESIAN_POINT('',(-0.00489085246981808,0.0104081488324521,0.008));
#7727=CARTESIAN_POINT('',(-0.00251526041832943,0.011524453992893,0.00514285714285714));
#7728=CARTESIAN_POINT('',(0.000109420719906625,0.0114994794276113,0.00228571428571429));
#7729=CARTESIAN_POINT('',(0.00273410185814267,0.0114745048623295,-0.000571428571428571));
#7730=CARTESIAN_POINT('',(0.00508802179409676,0.0103131970902721,-0.00342857142857143));
#7731=CARTESIAN_POINT('',(-0.0014724809375372,0.010800083327854,0.00761334754729775));
#7732=CARTESIAN_POINT('',(-0.00244561927619785,0.0106674058651192,0.00647803080465662));
#7733=CARTESIAN_POINT('',(-0.00337936615659751,0.0103629090693513,0.00532120849159337));
#7734=CARTESIAN_POINT('',(-0.0025076104455308,0.011223274471092,0.00761334754729775));
#7735=CARTESIAN_POINT('',(-0.00351888029795528,0.010997326967828,0.00647803080465662));
#7736=CARTESIAN_POINT('',(-0.00447347173451535,0.0105942461100586,0.00532120849159337));
#7737=CARTESIAN_POINT('',(-0.00148391979249045,0.0107985175857362,0.0076));
#7738=CARTESIAN_POINT('',(-0.00200343238972931,0.0109207079883253,0.00740822107920582));
#7739=CARTESIAN_POINT('',(-0.00252536466514067,0.0110174473091094,0.00720726225316447));
#7740=CARTESIAN_POINT('',(-0.00304841363051238,0.0110886056083399,0.007));
#7741=CARTESIAN_POINT('',(-0.00148391979249045,0.0107985175857362,0.0076));
#7742=CARTESIAN_POINT('',(-0.00113936024961742,0.0108402886595142,0.008));
#7743=CARTESIAN_POINT('',(-0.00361358539665708,0.0105802371175595,0.00514285714285714));
#7744=CARTESIAN_POINT('',(-0.0057299530909345,0.009272412715992,0.00228571428571429));
#7745=CARTESIAN_POINT('',(-0.00784632078521191,0.00796458831442453,-0.000571428571428571));
#7746=CARTESIAN_POINT('',(-0.00918565844932902,0.00586802171538844,-0.00342857142857143));
#7747=CARTESIAN_POINT('',(-0.00336828523868692,0.0103665160276172,0.00533493418541146));
#7748=CARTESIAN_POINT('',(-0.00336828523868693,0.0103665160276172,0.00533493418541146));
#7749=CARTESIAN_POINT('',(-0.00342435566462725,0.0105390830544561,0.005705101529259));
#7750=CARTESIAN_POINT('',(-0.00348607678877603,0.0107290411421448,0.00606605282382904));
#7751=CARTESIAN_POINT('',(-0.00355369543531162,0.0109371499373934,0.0064154410061064));
#7752=CARTESIAN_POINT('',(-0.000588421902839008,0.0114849362063646,0.00761334754729817));
#7753=CARTESIAN_POINT('',(-0.00161707988860243,0.0114322337029743,0.00648482047779248));
#7754=CARTESIAN_POINT('',(-0.00261999978685728,0.0111975712150838,0.00533493418541146));
#7755=CARTESIAN_POINT('',(-0.00147248093753683,0.010800083327854,0.00761334754729817));
#7756=CARTESIAN_POINT('',(-0.00243979949834441,0.0106681993323259,0.00648482047779248));
#7757=CARTESIAN_POINT('',(-0.00336828523868692,0.0103665160276172,0.00533493418541146));
#7758=CARTESIAN_POINT('',(-0.0011911817430459,0.0113333372345546,0.00710423557556983));
#7759=CARTESIAN_POINT('',(-0.00127230352757579,0.0111523103376192,0.00727579125274823));
#7760=CARTESIAN_POINT('',(-0.00136962174453032,0.0109738127402338,0.00744189736945697));
#7761=CARTESIAN_POINT('',(-0.00148391979248985,0.0107985175857365,0.00760000000000042));
#7762=CARTESIAN_POINT('',(-0.0011911817430459,0.0113333372345546,0.00710423557556984));
#7763=CARTESIAN_POINT('',(-0.00120207732757804,0.0114370017967354,0.00693565087143191));
#7764=CARTESIAN_POINT('',(-0.00119839863881229,0.0114020014111044,0.00699156878418525));
#7765=CARTESIAN_POINT('',(-0.00119476690588584,0.0113674477804418,0.00704776444615571));
#7766=CARTESIAN_POINT('',(-0.00119118174304588,0.0113333372345546,0.00710423557556983));
#7767=CARTESIAN_POINT('',(-0.00120207732757802,0.0114370017967351,0.00693565087143226));
#7768=CARTESIAN_POINT('',(-0.000234640541057522,0.0114976060037076,0.008));
#7769=CARTESIAN_POINT('',(-0.00285889408251278,0.0114440508313838,0.00514285714285714));
#7770=CARTESIAN_POINT('',(-0.00520002810642973,0.0102571783494459,0.00228571428571429));
#7771=CARTESIAN_POINT('',(-0.00754116213034667,0.00907030586750791,-0.000571428571428571));
#7772=CARTESIAN_POINT('',(-0.00913548633116399,0.00698519072703931,-0.00342857142857143));
#7773=CARTESIAN_POINT('',(-0.00261999978685753,0.0111975712150835,0.00533493418541146));
#7774=CARTESIAN_POINT('',(-0.00261999978685754,0.0111975712150835,0.00533493418541146));
#7775=CARTESIAN_POINT('',(-0.00286942827080066,0.0109205528192614,0.00533493418541146));
#7776=CARTESIAN_POINT('',(-0.00311885675474379,0.0106435344234393,0.00533493418541147));
#7777=CARTESIAN_POINT('',(-0.00336828523868692,0.0103665160276172,0.00533493418541147));
#7778=CARTESIAN_POINT('',(0.,7.04171909509728E-19,0.008));
#7779=CARTESIAN_POINT('',(0.,0.,0.000999998385918048));
#7780=CARTESIAN_POINT('',(-0.00621457043793529,0.00967621383971752,0.000999998385918048));
#7781=CARTESIAN_POINT('',(-0.00527256177867623,0.0102200827927187,0.000999998385917138));
#7782=CARTESIAN_POINT('',(-0.000234640541057522,0.0114976060037076,0.008));
#7783=CARTESIAN_POINT('',(-0.00285889408251278,0.0114440508313838,0.00514285714285714));
#7784=CARTESIAN_POINT('',(-0.00520002810642973,0.0102571783494459,0.00228571428571429));
#7785=CARTESIAN_POINT('',(-0.00754116213034667,0.00907030586750791,-0.000571428571428571));
#7786=CARTESIAN_POINT('',(-0.00913548633116399,0.00698519072703931,-0.00342857142857143));
#7787=CARTESIAN_POINT('',(-0.00575,0.00995929214352104,0.00160091117584766));
#7788=CARTESIAN_POINT('',(-0.00983989861138519,0.00595200767116789,0.008));
#7789=CARTESIAN_POINT('',(-0.00848139170092101,0.00819790031787725,0.00514285714285714));
#7790=CARTESIAN_POINT('',(-0.00628296296855159,0.00963194561528412,0.00228571428571429));
#7791=CARTESIAN_POINT('',(-0.00408453423618217,0.011065990912691,-0.000571428571428571));
#7792=CARTESIAN_POINT('',(-0.0014816094543123,0.0114041586022325,-0.00342857142857143));
#7793=CARTESIAN_POINT('',(0.,7.04171909509728E-19,0.008));
#7794=CARTESIAN_POINT('',(0.,0.,0.007));
#7795=CARTESIAN_POINT('',(0.00172527779635726,0.0113698468118703,0.007));
#7796=CARTESIAN_POINT('',(0.00067634773788869,0.0114800938035128,0.007));
#7797=CARTESIAN_POINT('',(0.00261999978685755,0.0111975712150835,0.008));
#7798=CARTESIAN_POINT('',(6.42272279957654E-5,0.0117955690693373,0.00514285714285714));
#7799=CARTESIAN_POINT('',(-0.00249790582596594,0.0112254383649194,0.00228571428571429));
#7800=CARTESIAN_POINT('',(-0.00506003887992763,0.0106553076605016,-0.000571428571428571));
#7801=CARTESIAN_POINT('',(-0.00712107055515232,0.00902996977561623,-0.00342857142857143));
#7802=CARTESIAN_POINT('',(0.00120207732757666,0.0114370017967346,0.00641544100610626));
#7803=CARTESIAN_POINT('',(-0.000234640541057522,0.0114976060037076,0.008));
#7804=CARTESIAN_POINT('',(0.00238961300039774,0.0115511611760313,0.00514285714285714));
#7805=CARTESIAN_POINT('',(0.00477722046114852,0.0104607917800511,0.00228571428571429));
#7806=CARTESIAN_POINT('',(0.00716482792189929,0.00937042238407082,-0.000571428571428571));
#7807=CARTESIAN_POINT('',(0.00884289436226002,0.00735208945116352,-0.00342857142857143));
#7808=CARTESIAN_POINT('',(0.00304761136575783,0.0104652790198496,0.00761334754729775));
#7809=CARTESIAN_POINT('',(0.00210464047101193,0.0107398831475518,0.00647803080465662));
#7810=CARTESIAN_POINT('',(0.00112777024529692,0.0108415005545276,0.00532120849159337));
#7811=CARTESIAN_POINT('',(0.00227410085063847,0.0112729084676992,0.00761334754729775));
#7812=CARTESIAN_POINT('',(0.0012583587415162,0.0114778156574456,0.00647803080465662));
#7813=CARTESIAN_POINT('',(0.000222348315765004,0.0114978502871831,0.00532120849159337));
#7814=CARTESIAN_POINT('',(0.00303652460708176,0.0104685012447144,0.0076));
#7815=CARTESIAN_POINT('',(0.00261162554785123,0.0107914325418036,0.00740822107920582));
#7816=CARTESIAN_POINT('',(0.00217416411504127,0.0110920972904951,0.00720726225316448));
#7817=CARTESIAN_POINT('',(0.00172527779635727,0.0113698468118703,0.007));
#7818=CARTESIAN_POINT('',(0.00303652460708176,0.0104685012447144,0.0076));
#7819=CARTESIAN_POINT('',(0.00336828523868692,0.0103665160276172,0.008));
#7820=CARTESIAN_POINT('',(0.00100219560322241,0.0111353051532321,0.00514285714285714));
#7821=CARTESIAN_POINT('',(-0.00146314259741244,0.0108013524032705,0.00228571428571429));
#7822=CARTESIAN_POINT('',(-0.00392848079804729,0.0104673996533088,-0.000571428571428571));
#7823=CARTESIAN_POINT('',(-0.00600477709782792,0.0090968484655622,-0.00342857142857143));
#7824=CARTESIAN_POINT('',(0.00113936024961742,0.0108402886595142,0.00533493418541146));
#7825=CARTESIAN_POINT('',(0.00113936024961742,0.0108402886595142,0.00533493418541146));
#7826=CARTESIAN_POINT('',(0.00115832669989359,0.0110207423798446,0.005705101529259));
#7827=CARTESIAN_POINT('',(0.00117920456219846,0.0112193819708382,0.00606605282382903));
#7828=CARTESIAN_POINT('',(0.00120207732757792,0.0114370017967343,0.00641544100610639));
#7829=CARTESIAN_POINT('',(0.00413379424200049,0.0107313440521124,0.00761334754729818));
#7830=CARTESIAN_POINT('',(0.00317263237232785,0.0111015908155364,0.00648482047779248));
#7831=CARTESIAN_POINT('',(0.00216097362231735,0.011295140238335,0.00533493418541146));
#7832=CARTESIAN_POINT('',(0.00304761136575818,0.0104652790198495,0.00761334754729818));
#7833=CARTESIAN_POINT('',(0.00211027983482247,0.0107382408990067,0.00648482047779248));
#7834=CARTESIAN_POINT('',(0.00113936024961742,0.0108402886595142,0.00533493418541146));
#7835=CARTESIAN_POINT('',(0.00352148487104234,0.0108380160140188,0.00710423557556984));
#7836=CARTESIAN_POINT('',(0.00337374616090327,0.0107056349169323,0.00727579125274823));
#7837=CARTESIAN_POINT('',(0.00321224003230095,0.010582152132515,0.00744189736945698));
#7838=CARTESIAN_POINT('',(0.00303652460708242,0.0104685012447144,0.00760000000000042));
#7839=CARTESIAN_POINT('',(0.00352148487104234,0.0108380160140188,0.00710423557556985));
#7840=CARTESIAN_POINT('',(0.00355369543531197,0.0109371499373945,0.0069356508714319));
#7841=CARTESIAN_POINT('',(0.0035428201453661,0.0109036792365661,0.00699156878418524));
#7842=CARTESIAN_POINT('',(0.00353208367074263,0.0108706357653701,0.00704776444615572));
#7843=CARTESIAN_POINT('',(0.00352148487104236,0.0108380160140188,0.00710423557556984));
#7844=CARTESIAN_POINT('',(0.0035536954353119,0.0109371499373943,0.00693565087143225));
#7845=CARTESIAN_POINT('',(0.00446214286889428,0.0105990226444506,0.008));
#7846=CARTESIAN_POINT('',(0.00204298511538501,0.0116174776360722,0.00514285714285714));
#7847=CARTESIAN_POINT('',(-0.00057849176695935,0.0114854406652753,0.00228571428571429));
#7848=CARTESIAN_POINT('',(-0.0031999686493037,0.0113534036944784,-0.000571428571428571));
#7849=CARTESIAN_POINT('',(-0.00550454901363075,0.0100970263026565,-0.00342857142857143));
#7850=CARTESIAN_POINT('',(0.002160973622317,0.0112951402383348,0.00533493418541146));
#7851=CARTESIAN_POINT('',(0.002160973622317,0.0112951402383348,0.00533493418541146));
#7852=CARTESIAN_POINT('',(0.00182043583141714,0.0111435230453946,0.00533493418541146));
#7853=CARTESIAN_POINT('',(0.00147989804051728,0.0109919058524544,0.00533493418541146));
#7854=CARTESIAN_POINT('',(0.00113936024961742,0.0108402886595142,0.00533493418541146));
#7855=CARTESIAN_POINT('',(0.,7.04171909509728E-19,0.008));
#7856=CARTESIAN_POINT('',(0.,0.,0.000999998385918048));
#7857=CARTESIAN_POINT('',(-0.00174162185992547,0.0113673547185363,0.000999998385918048));
#7858=CARTESIAN_POINT('',(-0.000659842695982502,0.011481054290288,0.000999998385917139));
#7859=CARTESIAN_POINT('',(0.00446214286889428,0.0105990226444506,0.008));
#7860=CARTESIAN_POINT('',(0.00204298511538501,0.0116174776360722,0.00514285714285714));
#7861=CARTESIAN_POINT('',(-0.00057849176695935,0.0114854406652753,0.00228571428571429));
#7862=CARTESIAN_POINT('',(-0.0031999686493037,0.0113534036944784,-0.000571428571428571));
#7863=CARTESIAN_POINT('',(-0.00550454901363075,0.0100970263026565,-0.00342857142857143));
#7864=CARTESIAN_POINT('',(-0.00120207732757802,0.0114370017967351,0.00160091117584766));
#7865=CARTESIAN_POINT('',(-0.00656829506036244,0.00943967690125038,0.008));
#7866=CARTESIAN_POINT('',(-0.00441375040730061,0.0109388473866472,0.00514285714285714));
#7867=CARTESIAN_POINT('',(-0.00182210705460764,0.0113547314315016,0.00228571428571429));
#7868=CARTESIAN_POINT('',(0.000769536298085328,0.0117706154763561,-0.000571428571428571));
#7869=CARTESIAN_POINT('',(0.00328497159998873,0.0110208421451017,-0.00342857142857143));
#7870=CARTESIAN_POINT('',(0.,7.04171909509728E-19,0.008));
#7871=CARTESIAN_POINT('',(0.,0.,0.007));
#7872=CARTESIAN_POINT('',(0.00620065301858117,0.00968513820981105,0.0070000000000008));
#7873=CARTESIAN_POINT('',(0.00528724921957115,0.0102124921390493,0.007));
#7874=CARTESIAN_POINT('',(0.006947951430934,0.00916384040200198,0.008));
#7875=CARTESIAN_POINT('',(0.00485636465882425,0.0107496649764924,0.00514285714285714));
#7876=CARTESIAN_POINT('',(0.00228384659667244,0.011270938058691,0.00228571428571429));
#7877=CARTESIAN_POINT('',(-0.000288671465479367,0.0117922111408896,-0.000571428571428572));
#7878=CARTESIAN_POINT('',(-0.00283260206560048,0.0111456882038723,-0.00342857142857143));
#7879=CARTESIAN_POINT('',(0.0057499999999996,0.00995929214352035,0.00641544100610651));
#7880=CARTESIAN_POINT('',(0.00446214286889428,0.0105990226444506,0.008));
#7881=CARTESIAN_POINT('',(0.00688130062240355,0.0095805676528289,0.00514285714285714));
#7882=CARTESIAN_POINT('',(0.00861899538497241,0.00761333820041013,0.00228571428571429));
#7883=CARTESIAN_POINT('',(0.0103566901475413,0.00564610874799136,-0.000571428571428571));
#7884=CARTESIAN_POINT('',(0.0110687501600153,0.00311973875431295,-0.00342857142857143));
#7885=CARTESIAN_POINT('',(0.00704074397723324,0.008320932895238,0.00761334754729775));
#7886=CARTESIAN_POINT('',(0.00629098876072532,0.00895533706499743,0.00647803080465662));
#7887=CARTESIAN_POINT('',(0.00543990492630847,0.00944549810188562,0.00532120849159337));
#7888=CARTESIAN_POINT('',(0.00666259945017518,0.00937335417908163,0.00761334754729775));
#7889=CARTESIAN_POINT('',(0.00581801612274987,0.0099736857472079,0.00647803080465662));
#7890=CARTESIAN_POINT('',(0.0048797223222793,0.0104133716949618,0.00532120849159337));
#7891=CARTESIAN_POINT('',(0.00703192631612949,0.00832838593513326,0.0076));
#7892=CARTESIAN_POINT('',(0.00677510970233535,0.00879622037171666,0.00740822107920606));
#7893=CARTESIAN_POINT('',(0.00649776016807239,0.00924882288181272,0.00720726225316499));
#7894=CARTESIAN_POINT('',(0.00620065301858117,0.00968513820981104,0.0070000000000008));
#7895=CARTESIAN_POINT('',(0.00703192631612949,0.00832838593513326,0.0076));
#7896=CARTESIAN_POINT('',(0.00729352360931156,0.0081002785977036,0.008));
#7897=CARTESIAN_POINT('',(0.00544468787864351,0.00976497776683946,0.00514285714285714));
#7898=CARTESIAN_POINT('',(0.00305665854343543,0.0104626401328175,0.00228571428571429));
#7899=CARTESIAN_POINT('',(0.000668629208227349,0.0111603024987955,-0.000571428571428572));
#7900=CARTESIAN_POINT('',(-0.001785615234425,0.0107527474737664,-0.00342857142857143));
#7901=CARTESIAN_POINT('',(0.00545,0.00943967690125038,0.00533493418541146));
#7902=CARTESIAN_POINT('',(0.00545,0.00943967690125038,0.00533493418541146));
#7903=CARTESIAN_POINT('',(0.00554072385493513,0.00959681522745654,0.00570510152925904));
#7904=CARTESIAN_POINT('',(0.00564059073163174,0.00976978973188827,0.00606605282382911));
#7905=CARTESIAN_POINT('',(0.0057499999999996,0.00995929214352035,0.00641544100610651));
#7906=CARTESIAN_POINT('',(0.00814123980805597,0.00812220502005,0.00761334754729817));
#7907=CARTESIAN_POINT('',(0.00741376767362198,0.00885138202130586,0.00648482047779248));
#7908=CARTESIAN_POINT('',(0.00656829506036387,0.00943967690125039,0.00533493418541146));
#7909=CARTESIAN_POINT('',(0.00704074397723352,0.00832093289523777,0.00761334754729817));
#7910=CARTESIAN_POINT('',(0.00629547261325811,0.00895154306039336,0.00648482047779248));
#7911=CARTESIAN_POINT('',(0.00545,0.00943967690125038,0.00533493418541146));
#7912=CARTESIAN_POINT('',(0.00762525475924165,0.00846870336437466,0.00710423557556983));
#7913=CARTESIAN_POINT('',(0.00743644448864047,0.00840785796146789,0.00727579125274822));
#7914=CARTESIAN_POINT('',(0.00723867632526281,0.00836074128525025,0.00744189736945696));
#7915=CARTESIAN_POINT('',(0.00703192631613007,0.00832838593513297,0.00760000000000042));
#7916=CARTESIAN_POINT('',(0.00762525475924165,0.00846870336437467,0.00710423557556984));
#7917=CARTESIAN_POINT('',(0.00769500197312649,0.00854616549298962,0.00693565087143318));
#7918=CARTESIAN_POINT('',(0.00767145314089974,0.00852001186520897,0.0069915687841861));
#7919=CARTESIAN_POINT('',(0.00764820489272674,0.00849419206984017,0.00704776444615614));
#7920=CARTESIAN_POINT('',(0.00762525475924166,0.00846870336437464,0.00710423557556983));
#7921=CARTESIAN_POINT('',(0.00769500197312633,0.00854616549298944,0.00693565087143352));
#7922=CARTESIAN_POINT('',(0.00838738123951891,0.00786777198087021,0.008));
#7923=CARTESIAN_POINT('',(0.00659161362689561,0.00978213701601276,0.00514285714285714));
#7924=CARTESIAN_POINT('',(0.00414307105445101,0.0107277659481259,0.00228571428571429));
#7925=CARTESIAN_POINT('',(0.00169452848200642,0.0116733948802391,-0.000571428571428572));
#7926=CARTESIAN_POINT('',(-0.000921825164382878,0.0114629943019401,-0.00342857142857143));
#7927=CARTESIAN_POINT('',(0.00656829506036387,0.00943967690125038,0.00533493418541146));
#7928=CARTESIAN_POINT('',(0.00656829506036387,0.00943967690125038,0.00533493418541146));
#7929=CARTESIAN_POINT('',(0.00619553004024258,0.00943967690125038,0.00533493418541146));
#7930=CARTESIAN_POINT('',(0.00582276502012129,0.00943967690125038,0.00533493418541146));
#7931=CARTESIAN_POINT('',(0.00545000000000001,0.00943967690125038,0.00533493418541146));
#7932=CARTESIAN_POINT('',(0.,7.04171909509728E-19,0.008));
#7933=CARTESIAN_POINT('',(0.,0.,0.000999998385918048));
#7934=CARTESIAN_POINT('',(0.00303246895980335,0.0110929766973445,0.000999998385918048));
#7935=CARTESIAN_POINT('',(0.00406696918332784,0.0107568471989641,0.000999998385917937));
#7936=CARTESIAN_POINT('',(0.00838738123951891,0.00786777198087021,0.008));
#7937=CARTESIAN_POINT('',(0.00659161362689561,0.00978213701601276,0.00514285714285714));
#7938=CARTESIAN_POINT('',(0.00414307105445101,0.0107277659481259,0.00228571428571429));
#7939=CARTESIAN_POINT('',(0.00169452848200642,0.0116733948802391,-0.000571428571428572));
#7940=CARTESIAN_POINT('',(-0.000921825164382878,0.0114629943019401,-0.00342857142857143));
#7941=CARTESIAN_POINT('',(0.00355369543531189,0.0109371499373943,0.00160091117584766));
#7942=CARTESIAN_POINT('',(-0.00216097362231697,0.0112951402383348,0.008));
#7943=CARTESIAN_POINT('',(0.00041706842940456,0.0117883683659579,0.00514285714285714));
#7944=CARTESIAN_POINT('',(0.00295380772239999,0.0111141810287169,0.00228571428571429));
#7945=CARTESIAN_POINT('',(0.00549054701539542,0.0104399936914758,-0.000571428571428571));
#7946=CARTESIAN_POINT('',(0.00748355122162125,0.00873192195987636,-0.00342857142857143));
#7947=CARTESIAN_POINT('',(0.,7.04171909509728E-19,0.008));
#7948=CARTESIAN_POINT('',(0.,0.,0.007));
#7949=CARTESIAN_POINT('',(0.00960387900272605,0.00632578122456015,0.007));
#7950=CARTESIAN_POINT('',(0.00898393727803853,0.00717905780616576,0.007));
#7951=CARTESIAN_POINT('',(0.010074539152444,0.00554559833254025,0.008));
#7952=CARTESIAN_POINT('',(0.00880879252145278,0.00784504615157366,0.00514285714285714));
#7953=CARTESIAN_POINT('',(0.0066707011946494,0.00936759016885896,0.00228571428571429));
#7954=CARTESIAN_POINT('',(0.00453260986784602,0.0108901341861443,-0.000571428571428571));
#7955=CARTESIAN_POINT('',(0.00194564905447318,0.0113342158862811,-0.00342857142857143));
#7956=CARTESIAN_POINT('',(0.00930369543531063,0.0067595304013641,0.00641544100610627));
#7957=CARTESIAN_POINT('',(0.00838738123951891,0.00786777198087021,0.008));
#7958=CARTESIAN_POINT('',(0.0101831488521422,0.00595340694572764,0.00514285714285714));
#7959=CARTESIAN_POINT('',(0.0109704677056197,0.00344946928091208,0.00228571428571429));
#7960=CARTESIAN_POINT('',(0.0117577865590971,0.000945531616096514,-0.000571428571428572));
#7961=CARTESIAN_POINT('',(0.0113807184986655,-0.00165204311509515,-0.00342857142857143));
#7962=CARTESIAN_POINT('',(0.00981646799189403,0.00473782187973756,0.00761334754729775));
#7963=CARTESIAN_POINT('',(0.00938956794187061,0.00562233184722181,0.00647803080465662));
#7964=CARTESIAN_POINT('',(0.00881143062557651,0.00641628321777119,0.00532120849159337));
#7965=CARTESIAN_POINT('',(0.00989907407695991,0.00585306179865379,0.00761334754729775));
#7966=CARTESIAN_POINT('',(0.00937168566134183,0.00674501496318976,0.00647803080465662));
#7967=CARTESIAN_POINT('',(0.00869334800838461,0.00752832653417181,0.00532120849159337));
#7968=CARTESIAN_POINT('',(0.00981144408207338,0.00474821703635662,0.0076));
#7969=CARTESIAN_POINT('',(0.00976711583934572,0.00528006178820759,0.00740822107920582));
#7970=CARTESIAN_POINT('',(0.00969783445774453,0.00580634297394891,0.00720726225316447));
#7971=CARTESIAN_POINT('',(0.00960387900272605,0.00632578122456014,0.007));
#7972=CARTESIAN_POINT('',(0.00981144408207338,0.00474821703635663,0.0076));
#7973=CARTESIAN_POINT('',(0.00995764548830435,0.00443342940952623,0.008));
#7974=CARTESIAN_POINT('',(0.00894574415641061,0.00670619701252221,0.00514285714285714));
#7975=CARTESIAN_POINT('',(0.00704793565325222,0.0083148423332987,0.00228571428571429));
#7976=CARTESIAN_POINT('',(0.00515012715009381,0.0099234876540752,-0.000571428571428571));
#7977=CARTESIAN_POINT('',(0.00274229572481514,0.0105493987581123,-0.00342857142857143));
#7978=CARTESIAN_POINT('',(0.00881828523868693,0.00640685924998796,0.00533493418541146));
#7979=CARTESIAN_POINT('',(0.00881828523868693,0.00640685924998795,0.00533493418541146));
#7980=CARTESIAN_POINT('',(0.00896507951956237,0.00651351153791193,0.005705101529259));
#7981=CARTESIAN_POINT('',(0.00912666752040776,0.00663091209254147,0.00606605282382904));
#7982=CARTESIAN_POINT('',(0.00930369543531119,0.00675953040136294,0.0064154410061064));
#7983=CARTESIAN_POINT('',(0.0107409910504575,0.00410866295210464,0.00761334754729817));
#7984=CARTESIAN_POINT('',(0.0103729951921827,0.00507068886331028,0.00648482047779248));
#7985=CARTESIAN_POINT('',(0.00983989861138684,0.00595200767116716,0.00533493418541146));
#7986=CARTESIAN_POINT('',(0.00981646799189419,0.00473782187973724,0.00761334754729817));
#7987=CARTESIAN_POINT('',(0.00939212098428821,0.00561704210442226,0.00648482047779248));
#7988=CARTESIAN_POINT('',(0.00881828523868693,0.00640685924998796,0.00533493418541146));
#7989=CARTESIAN_POINT('',(0.0104105488263033,0.00463507496727537,0.00710423557556984));
#7990=CARTESIAN_POINT('',(0.0102133140063144,0.00465628598147401,0.00727579125274823));
#7991=CARTESIAN_POINT('',(0.0100134797202768,0.00469368231481566,0.00744189736945697));
#7992=CARTESIAN_POINT('',(0.00981144408207379,0.00474821703635613,0.00760000000000042));
#7993=CARTESIAN_POINT('',(0.0104105488263033,0.00463507496727537,0.00710423557556984));
#7994=CARTESIAN_POINT('',(0.0105057727628901,0.00467747139537181,0.00693565087143191));
#7995=CARTESIAN_POINT('',(0.0104736221954086,0.00466315704048007,0.00699156878418525));
#7996=CARTESIAN_POINT('',(0.0104418820069985,0.00464902539812282,0.00704776444615572));
#7997=CARTESIAN_POINT('',(0.0104105488263033,0.00463507496727535,0.00710423557556984));
#7998=CARTESIAN_POINT('',(0.0105057727628899,0.00467747139537171,0.00693565087143225));
#7999=CARTESIAN_POINT('',(0.0108623651968642,0.00377611206533284,0.008));
#8000=CARTESIAN_POINT('',(0.0100004922593861,0.00625537603795978,0.00514285714285714));
#8001=CARTESIAN_POINT('',(0.00814825925192789,0.00811516303985149,0.00228571428571429));
#8002=CARTESIAN_POINT('',(0.00629602624446965,0.00997495004174319,-0.000571428571428571));
#8003=CARTESIAN_POINT('',(0.00382029063030551,0.0108469064483843,-0.00342857142857143));
#8004=CARTESIAN_POINT('',(0.0098398986113865,0.00595200767116731,0.00533493418541146));
#8005=CARTESIAN_POINT('',(0.0098398986113865,0.00595200767116731,0.00533493418541146));
#8006=CARTESIAN_POINT('',(0.00949936082048664,0.00610362486410752,0.00533493418541146));
#8007=CARTESIAN_POINT('',(0.00915882302958678,0.00625524205704774,0.00533493418541146));
#8008=CARTESIAN_POINT('',(0.00881828523868693,0.00640685924998796,0.00533493418541146));
#8009=CARTESIAN_POINT('',(0.,7.04171909509728E-19,0.008));
#8010=CARTESIAN_POINT('',(0.,0.,0.000999998385918048));
#8011=CARTESIAN_POINT('',(0.00728221834726653,0.00890052222865236,0.000999998385918048));
#8012=CARTESIAN_POINT('',(0.00809056514358758,0.00817268350404973,0.000999998385917935));
#8013=CARTESIAN_POINT('',(0.0108623651968642,0.00377611206533284,0.008));
#8014=CARTESIAN_POINT('',(0.0100004922593861,0.00625537603795978,0.00514285714285714));
#8015=CARTESIAN_POINT('',(0.00814825925192789,0.00811516303985149,0.00228571428571429));
#8016=CARTESIAN_POINT('',(0.00629602624446965,0.00997495004174319,-0.000571428571428571));
#8017=CARTESIAN_POINT('',(0.00382029063030551,0.0108469064483843,-0.00342857142857143));
#8018=CARTESIAN_POINT('',(0.00769500197312687,0.00854616549299004,0.00160091117584766));
#8019=CARTESIAN_POINT('',(0.00261999978685755,0.0111975712150835,0.008));
#8020=CARTESIAN_POINT('',(0.00517577234571934,0.0105995733608297,0.00514285714285714));
#8021=CARTESIAN_POINT('',(0.0072189823097052,0.00895188775690153,0.00228571428571429));
#8022=CARTESIAN_POINT('',(0.00926219227369104,0.00730420215297339,-0.000571428571428571));
#8023=CARTESIAN_POINT('',(0.0103881568511078,0.0049331731407667,-0.00342857142857143));
#8024=CARTESIAN_POINT('',(0.,7.04171909509728E-19,0.008));
#8025=CARTESIAN_POINT('',(0.,0.,0.007));
#8026=CARTESIAN_POINT('',(0.0113465070587986,0.00187263919766083,0.0070000000000008));
#8027=CARTESIAN_POINT('',(0.0111272209646251,0.00290429915890346,0.007));
#8028=CARTESIAN_POINT('',(0.0114591475301812,0.000968471931200527,0.008));
#8029=CARTESIAN_POINT('',(0.0112381001317547,0.00358394757703839,0.00514285714285714));
#8030=CARTESIAN_POINT('',(0.00990413095465449,0.00584450083694377,0.00228571428571429));
#8031=CARTESIAN_POINT('',(0.00857016177755431,0.00810505409684914,-0.000571428571428571));
#8032=CARTESIAN_POINT('',(0.0063874797773635,0.00956295467383141,-0.00342857142857143));
#8033=CARTESIAN_POINT('',(0.011248697408438,0.00239098444440406,0.00641544100610651));
#8034=CARTESIAN_POINT('',(0.0108623651968642,0.00377611206533284,0.008));
#8035=CARTESIAN_POINT('',(0.0117242381343424,0.0012968480927059,0.00514285714285714));
#8036=CARTESIAN_POINT('',(0.011425046496395,-0.0013108442147003,0.00228571428571429));
#8037=CARTESIAN_POINT('',(0.0111258548584475,-0.00391853652210649,-0.000571428571428571));
#8038=CARTESIAN_POINT('',(0.00972485721831468,-0.00613817172156277,-0.00342857142857143));
#8039=CARTESIAN_POINT('',(0.0108948355109443,0.00033549841946996,0.00761334754729775));
#8040=CARTESIAN_POINT('',(0.0108646055243196,0.00131717437578022,0.00647803080465662));
#8041=CARTESIAN_POINT('',(0.0106593799203482,0.00227763467520104,0.00532120849159337));
#8042=CARTESIAN_POINT('',(0.0114239088655733,0.00132072185983902,0.00761334754729775));
#8043=CARTESIAN_POINT('',(0.0113049056099964,0.0023500698154963,0.00647803080465662));
#8044=CARTESIAN_POINT('',(0.0110038148472532,0.00334156532292154,0.00532120849159337));
#8045=CARTESIAN_POINT('',(0.0108944740320555,0.000347038275796355,0.0076));
#8046=CARTESIAN_POINT('',(0.0110702989162715,0.000850932553660705,0.00740822107920607));
#8047=CARTESIAN_POINT('',(0.0112210650676128,0.0013598936169169,0.00720726225316499));
#8048=CARTESIAN_POINT('',(0.0113465070587986,0.00187263919766082,0.0070000000000008));
#8049=CARTESIAN_POINT('',(0.0108944740320555,0.000347038275796355,0.0076));
#8050=CARTESIAN_POINT('',(0.0109,8.70679872618899E-19,0.008));
#8051=CARTESIAN_POINT('',(0.0109,0.00248785387085264,0.00514285714285714));
#8052=CARTESIAN_POINT('',(0.00982056066013637,0.00472933275638139,0.00228571428571429));
#8053=CARTESIAN_POINT('',(0.00874112132027274,0.00697081164191013,-0.000571428571428571));
#8054=CARTESIAN_POINT('',(0.0067960388402602,0.00852196315890152,-0.00342857142857143));
#8055=CARTESIAN_POINT('',(0.0106618088479985,0.00226623742991358,0.00533493418541146));
#8056=CARTESIAN_POINT('',(0.0106618088479985,0.00226623742991358,0.00533493418541146));
#8057=CARTESIAN_POINT('',(0.0108392914900667,0.00230396253006771,0.00570510152925904));
#8058=CARTESIAN_POINT('',(0.0110346605817339,0.00234548951244908,0.00606605282382911));
#8059=CARTESIAN_POINT('',(0.011248697408438,0.00239098444440407,0.00641544100610651));
#8060=CARTESIAN_POINT('',(0.011483527361394,-0.000615304266290358,0.00761334754729818));
#8061=CARTESIAN_POINT('',(0.0115386376063115,0.000413227535086526,0.00648482047779248));
#8062=CARTESIAN_POINT('',(0.0114100942998279,0.00143518224244723,0.00533493418541146));
#8063=CARTESIAN_POINT('',(0.0108948355109443,0.000335498419469598,0.00761334754729818));
#8064=CARTESIAN_POINT('',(0.0108647863123944,0.00131130353937102,0.00648482047779248));
#8065=CARTESIAN_POINT('',(0.0106618088479985,0.00226623742991358,0.00533493418541146));
#8066=CARTESIAN_POINT('',(0.0113957644244302,8.86180530733149E-18,0.00710423557556984));
#8067=CARTESIAN_POINT('',(0.0112242087472518,9.95998542531039E-5,0.00727579125274823));
#8068=CARTESIAN_POINT('',(0.0110568615020476,0.00021504303138426,0.00744189736945697));
#8069=CARTESIAN_POINT('',(0.0108944740320557,0.000347038275795734,0.00760000000000042));
#8070=CARTESIAN_POINT('',(0.0113957644244302,1.17475201995572E-17,0.00710423557556984));
#8071=CARTESIAN_POINT('',(0.0114999999999995,-1.56240167744985E-17,0.00693565087143314));
#8072=CARTESIAN_POINT('',(0.0114648068224599,-1.55998268247109E-17,0.00699156878418607));
#8073=CARTESIAN_POINT('',(0.0114300628607399,6.05799473836682E-19,0.00704776444615613));
#8074=CARTESIAN_POINT('',(0.0113957644244302,7.64066354442746E-19,0.00710423557556983));
#8075=CARTESIAN_POINT('',(0.0114999999999992,-2.11279317746058E-17,0.00693565087143349));
#8076=CARTESIAN_POINT('',(0.0114591475301819,-0.000968471931201733,0.008));
#8077=CARTESIAN_POINT('',(0.0116801949286087,0.00164700371463629,0.00514285714285714));
#8078=CARTESIAN_POINT('',(0.010744539400135,0.00409937471804497,0.00228571428571429));
#8079=CARTESIAN_POINT('',(0.00980888387166129,0.00655174572145363,-0.000571428571428571));
#8080=CARTESIAN_POINT('',(0.00790184346876325,0.00835528992885128,-0.00342857142857143));
#8081=CARTESIAN_POINT('',(0.0114100942998279,0.00143518224244723,0.00533493418541146));
#8082=CARTESIAN_POINT('',(0.0114100942998279,0.00143518224244723,0.00533493418541146));
#8083=CARTESIAN_POINT('',(0.0111606658158847,0.00171220063826935,0.00533493418541146));
#8084=CARTESIAN_POINT('',(0.0109112373319416,0.00198921903409146,0.00533493418541146));
#8085=CARTESIAN_POINT('',(0.0106618088479985,0.00226623742991358,0.00533493418541146));
#8086=CARTESIAN_POINT('',(0.,7.04171909509728E-19,0.008));
#8087=CARTESIAN_POINT('',(0.,0.,0.000999998385918048));
#8088=CARTESIAN_POINT('',(0.0102728060256105,0.00516908660792017,0.000999998385918048));
#8089=CARTESIAN_POINT('',(0.0107152288900441,0.00417538858478434,0.000999998385917187));
#8090=CARTESIAN_POINT('',(0.0114591475301819,-0.000968471931201733,0.008));
#8091=CARTESIAN_POINT('',(0.0116801949286087,0.00164700371463629,0.00514285714285714));
#8092=CARTESIAN_POINT('',(0.010744539400135,0.00409937471804497,0.00228571428571429));
#8093=CARTESIAN_POINT('',(0.00980888387166129,0.00655174572145363,-0.000571428571428571));
#8094=CARTESIAN_POINT('',(0.00790184346876325,0.00835528992885128,-0.00342857142857143));
#8095=CARTESIAN_POINT('',(0.0105057727628899,0.0046774713953717,0.00160091117584766));
#8096=CARTESIAN_POINT('',(0.006947951430934,0.00916384040200198,0.008));
#8097=CARTESIAN_POINT('',(0.00903953820304376,0.00757801582751159,0.00514285714285714));
#8098=CARTESIAN_POINT('',(0.0102359292732668,0.00524173176656934,0.00228571428571429));
#8099=CARTESIAN_POINT('',(0.0114323203434898,0.00290544770562709,-0.000571428571428572));
#8100=CARTESIAN_POINT('',(0.0114965557875948,0.000281433869146269,-0.00342857142857143));
#8101=CARTESIAN_POINT('',(0.,7.04171909509728E-19,0.008));
#8102=CARTESIAN_POINT('',(0.,0.,0.007));
#8103=CARTESIAN_POINT('',(0.0111272209646251,-0.00290429915890347,0.007));
#8104=CARTESIAN_POINT('',(0.0113465070587991,-0.00187263919766281,0.007));
#8105=CARTESIAN_POINT('',(0.0108623651968631,-0.00377611206533366,0.008));
#8106=CARTESIAN_POINT('',(0.0117242381343414,-0.00129684809270698,0.00514285714285714));
#8107=CARTESIAN_POINT('',(0.0114250464963943,0.00131084421469906,0.00228571428571429));
#8108=CARTESIAN_POINT('',(0.0111258548584472,0.0039185365221051,-0.000571428571428571));
#8109=CARTESIAN_POINT('',(0.00972485721831463,0.00613817172156136,-0.00342857142857143));
#8110=CARTESIAN_POINT('',(0.0112486974084388,-0.00239098444440423,0.00641544100610778));
#8111=CARTESIAN_POINT('',(0.0114591475301819,-0.000968471931201733,0.008));
#8112=CARTESIAN_POINT('',(0.0112381001317551,-0.00358394757703976,0.00514285714285714));
#8113=CARTESIAN_POINT('',(0.00990413095465459,-0.00584450083694516,0.00228571428571429));
#8114=CARTESIAN_POINT('',(0.00857016177755409,-0.00810505409685056,-0.000571428571428571));
#8115=CARTESIAN_POINT('',(0.006387479777363,-0.00956295467383271,-0.00342857142857143));
#8116=CARTESIAN_POINT('',(0.011423908865574,-0.00132072185984024,0.00761334754729776));
#8117=CARTESIAN_POINT('',(0.011304905609997,-0.00235006981549759,0.00647803080465662));
#8118=CARTESIAN_POINT('',(0.0110038148472536,-0.00334156532292287,0.00532120849159337));
#8119=CARTESIAN_POINT('',(0.0108948355109443,-0.000335498419469956,0.00761334754729776));
#8120=CARTESIAN_POINT('',(0.0108646055243196,-0.00131717437578022,0.00647803080465662));
#8121=CARTESIAN_POINT('',(0.0106593799203482,-0.00227763467520104,0.00532120849159337));
#8122=CARTESIAN_POINT('',(0.0113465070587991,-0.00187263919766281,0.007));
#8123=CARTESIAN_POINT('',(0.0112210651245667,-0.00135989384971656,0.00720726215906262));
#8124=CARTESIAN_POINT('',(0.0110702988283891,-0.000850932301799641,0.00740822117506277));
#8125=CARTESIAN_POINT('',(0.0108944740320555,-0.000347038275796349,0.00760000000000001));
#8126=CARTESIAN_POINT('',(0.0108944740320555,-0.000347038275796351,0.0076));
#8127=CARTESIAN_POINT('',(0.0112486974084388,-0.00239098444440424,0.00641544100610778));
#8128=CARTESIAN_POINT('',(0.0110346605980933,-0.00234548951592639,0.00606605285053399));
#8129=CARTESIAN_POINT('',(0.0108392914759202,-0.00230396252706079,0.00570510149975437));
#8130=CARTESIAN_POINT('',(0.0106618088479985,-0.00226623742991358,0.00533493418541145));
#8131=CARTESIAN_POINT('',(0.0106618088479985,-0.00226623742991358,0.00533493418541146));
#8132=CARTESIAN_POINT('',(0.0109,8.70679872618899E-19,0.008));
#8133=CARTESIAN_POINT('',(0.0109,-0.00248785387085263,0.00514285714285714));
#8134=CARTESIAN_POINT('',(0.00982056066013637,-0.00472933275638138,0.00228571428571429));
#8135=CARTESIAN_POINT('',(0.00874112132027274,-0.00697081164191013,-0.000571428571428571));
#8136=CARTESIAN_POINT('',(0.0067960388402602,-0.00852196315890152,-0.00342857142857143));
#8137=CARTESIAN_POINT('',(0.0108948355109443,-0.000335498419469958,0.00761334754729776));
#8138=CARTESIAN_POINT('',(0.0108647863123943,-0.0013113035393712,0.00648482047779226));
#8139=CARTESIAN_POINT('',(0.0106618088479985,-0.00226623742991358,0.00533493418541145));
#8140=CARTESIAN_POINT('',(0.0114835273613935,0.000615304266289125,0.00761334754729776));
#8141=CARTESIAN_POINT('',(0.0115386376063108,-0.000413227535087523,0.00648482047779226));
#8142=CARTESIAN_POINT('',(0.0114100942998272,-0.00143518224244798,0.00533493418541145));
#8143=CARTESIAN_POINT('',(0.0108944740320555,-0.000347038275796351,0.0076));
#8144=CARTESIAN_POINT('',(0.0110568576624337,-0.00021504615238153,0.00744190110775625));
#8145=CARTESIAN_POINT('',(0.011224212866108,-9.95974629737391E-5,0.00727578713389251));
#8146=CARTESIAN_POINT('',(0.0113957644244303,4.9312296754053E-16,0.00710423557557018));
#8147=CARTESIAN_POINT('',(0.0106618088479985,-0.00226623742991358,0.00533493418541146));
#8148=CARTESIAN_POINT('',(0.0109112373319413,-0.00198921903409182,0.00533493418541146));
#8149=CARTESIAN_POINT('',(0.0111606658158841,-0.00171220063827006,0.00533493418541145));
#8150=CARTESIAN_POINT('',(0.0114100942998269,-0.0014351822424483,0.00533493418541145));
#8151=CARTESIAN_POINT('',(0.0114100942998269,-0.0014351822424483,0.00533493418541145));
#8152=CARTESIAN_POINT('',(0.0114591475301812,0.000968471931200527,0.008));
#8153=CARTESIAN_POINT('',(0.0116801949286078,-0.00164700371463734,0.00514285714285714));
#8154=CARTESIAN_POINT('',(0.0107445394001339,-0.00409937471804575,0.00228571428571429));
#8155=CARTESIAN_POINT('',(0.00980888387165996,-0.00655174572145416,-0.000571428571428571));
#8156=CARTESIAN_POINT('',(0.00790184346876187,-0.00835528992885148,-0.00342857142857143));
#8157=CARTESIAN_POINT('',(0.00995764548830435,0.00443342940952622,0.00266147368237539));
#8158=CARTESIAN_POINT('',(0.0098913165912103,0.00458240655157197,0.00247299651233195));
#8159=CARTESIAN_POINT('',(0.00982056066013637,0.00472933275638138,0.00228571428571429));
#8160=CARTESIAN_POINT('',(0.00946579438501846,0.00546601251744598,0.00134669169178477));
#8161=CARTESIAN_POINT('',(0.00900509419941335,0.00614152085885019,0.000386202967068757));
#8162=CARTESIAN_POINT('',(0.010074539152444,0.00554559833253996,0.00266147368237539));
#8163=CARTESIAN_POINT('',(0.00999157100585892,0.00569632433017886,0.00247299651233195));
#8164=CARTESIAN_POINT('',(0.00990413095465457,0.00584450083694487,0.00228571428571429));
#8165=CARTESIAN_POINT('',(0.00946571143573857,0.00658744954198614,0.00134669169178477));
#8166=CARTESIAN_POINT('',(0.00892135893464008,0.00725667656433121,0.000386202967068757));
#8167=CARTESIAN_POINT('',(0.00919753252678423,0.00668239853342134,0.000868773814288775));
#8168=CARTESIAN_POINT('',(0.00912338797842828,0.00650843684999301,0.000706537502645417));
#8169=CARTESIAN_POINT('',(0.00906125879319443,0.00632484566904379,0.00054955651518023));
#8170=CARTESIAN_POINT('',(0.00901170623696078,0.00613181463342822,0.000399998385917705));
#8171=CARTESIAN_POINT('',(0.0091975325267842,0.00668239853342133,0.000868773814288729));
#8172=CARTESIAN_POINT('',(0.00901170623696096,0.00613181463342778,0.000399998385918048));
#8173=CARTESIAN_POINT('',(0.00919753252678424,0.00668239853342136,0.000868773814288823));
#8174=CARTESIAN_POINT('',(0.00923228447992114,0.00670764730530657,0.000940599483318605));
#8175=CARTESIAN_POINT('',(0.00926766880718574,0.00673335552388916,0.00101194591199136));
#8176=CARTESIAN_POINT('',(0.00930369543531176,0.00675953040136335,0.00108280557739974));
#8177=CARTESIAN_POINT('',(0.00930369543531226,0.00675953040136294,0.00108280557739932));
#8178=CARTESIAN_POINT('',(0.0114591475301812,0.000968471931200527,0.008));
#8179=CARTESIAN_POINT('',(0.0112381001317547,0.00358394757703839,0.00514285714285714));
#8180=CARTESIAN_POINT('',(0.00990413095465449,0.00584450083694377,0.00228571428571429));
#8181=CARTESIAN_POINT('',(0.00857016177755431,0.00810505409684914,-0.000571428571428571));
#8182=CARTESIAN_POINT('',(0.0063874797773635,0.00956295467383141,-0.00342857142857143));
#8183=CARTESIAN_POINT('',(0.0100745391524438,0.00554559833253886,0.00266147368237539));
#8184=CARTESIAN_POINT('',(0.0100745391524438,0.00554559833253886,0.00266147368237538));
#8185=CARTESIAN_POINT('',(0.0100355745977307,0.00517487535820131,0.00266147368237538));
#8186=CARTESIAN_POINT('',(0.00999661004301751,0.00480415238386377,0.00266147368237538));
#8187=CARTESIAN_POINT('',(0.00995764548830435,0.00443342940952623,0.00266147368237538));
#8188=CARTESIAN_POINT('',(0.00995764548830435,0.00443342940952622,0.00266147368237539));
#8189=CARTESIAN_POINT('',(0.0109,8.70679872618899E-19,0.008));
#8190=CARTESIAN_POINT('',(0.0109,0.00248785387085264,0.00514285714285714));
#8191=CARTESIAN_POINT('',(0.00982056066013637,0.00472933275638139,0.00228571428571429));
#8192=CARTESIAN_POINT('',(0.00874112132027274,0.00697081164191013,-0.000571428571428571));
#8193=CARTESIAN_POINT('',(0.0067960388402602,0.00852196315890152,-0.00342857142857143));
#8194=CARTESIAN_POINT('',(0.0108663951766505,0.00376449941756776,0.00267494058324295));
#8195=CARTESIAN_POINT('',(0.0108080618422394,0.00393288118453648,0.00247968812138718));
#8196=CARTESIAN_POINT('',(0.0107445394001351,0.00409937471804494,0.00228571428571429));
#8197=CARTESIAN_POINT('',(0.010437028811655,0.00490536584135921,0.00134669169178494));
#8198=CARTESIAN_POINT('',(0.0100127150019222,0.00565645987259554,0.000386202967069101));
#8199=CARTESIAN_POINT('',(0.00996237857377806,0.00442278341689122,0.00267494058324295));
#8200=CARTESIAN_POINT('',(0.00989384470633172,0.00457715686642935,0.00247968812138718));
#8201=CARTESIAN_POINT('',(0.00982056066013637,0.00472933275638139,0.00228571428571429));
#8202=CARTESIAN_POINT('',(0.00946579438501853,0.00546601251744586,0.00134669169178494));
#8203=CARTESIAN_POINT('',(0.00900509419941352,0.00614152085884995,0.000386202967069101));
#8204=CARTESIAN_POINT('',(0.00901170623696096,0.00613181463342778,0.000399998385918049));
#8205=CARTESIAN_POINT('',(0.00944963318083088,0.0058296318666401,0.000592066299683872));
#8206=CARTESIAN_POINT('',(0.00987037285289858,0.00550852178426562,0.000793081160071368));
#8207=CARTESIAN_POINT('',(0.0102728060256105,0.00516908660792019,0.000999998385918037));
#8208=CARTESIAN_POINT('',(0.00995764548830435,0.00443342940952622,0.00266147368237539));
#8209=CARTESIAN_POINT('',(0.0101235728772248,0.00450730504275194,0.0022978787512193));
#8210=CARTESIAN_POINT('',(0.0103073409831869,0.0045891238749711,0.00194442357855001));
#8211=CARTESIAN_POINT('',(0.0105057727628899,0.00467747139537171,0.00160091117584767));
#8212=CARTESIAN_POINT('',(0.0109734460283764,0.00343998288692111,0.00761334754729776));
#8213=CARTESIAN_POINT('',(0.0112834046768403,0.00245122375300815,0.00647803080465662));
#8214=CARTESIAN_POINT('',(0.0114116221325129,0.00142298288982738,0.00532120849159337));
#8215=CARTESIAN_POINT('',(0.0100893869936789,0.00412483576543146,0.00761334754729776));
#8216=CARTESIAN_POINT('',(0.0104610541097712,0.00321573451138732,0.00647803080465662));
#8217=CARTESIAN_POINT('',(0.0106642255894651,0.00225483759437282,0.00532120849159337));
#8218=CARTESIAN_POINT('',(0.0111272209646251,0.00290429915890346,0.007));
#8219=CARTESIAN_POINT('',(0.0108040717338329,0.00332169351121652,0.00720726215906262));
#8220=CARTESIAN_POINT('',(0.0104593265573398,0.00372533084423453,0.00740822117506276));
#8221=CARTESIAN_POINT('',(0.0100937504487058,0.00411414655539287,0.0076));
#8222=CARTESIAN_POINT('',(0.0100937504487058,0.00411414655539287,0.0076));
#8223=CARTESIAN_POINT('',(0.00995764548830435,0.00443342940952623,0.008));
#8224=CARTESIAN_POINT('',(0.0109695468201981,0.00216066180653024,0.00514285714285714));
#8225=CARTESIAN_POINT('',(0.0108951215118902,-0.000326078581246444,0.00228571428571429));
#8226=CARTESIAN_POINT('',(0.0108206962035823,-0.00281281896902312,-0.000571428571428571));
#8227=CARTESIAN_POINT('',(0.00967468510014964,-0.00502100270991189,-0.00342857142857143));
#8228=CARTESIAN_POINT('',(0.0100893869936789,0.00412483576543146,0.00761334754729776));
#8229=CARTESIAN_POINT('',(0.0104588313836027,0.00322117132045573,0.00648482047779198));
#8230=CARTESIAN_POINT('',(0.0106618088479986,0.00226623742991311,0.00533493418541089));
#8231=CARTESIAN_POINT('',(0.0102404574669751,0.00523287978718022,0.00761334754729776));
#8232=CARTESIAN_POINT('',(0.0107091447530778,0.00431568458800813,0.00648482047779198));
#8233=CARTESIAN_POINT('',(0.0110073810263767,0.0033297992342132,0.00533493418541089));
#8234=CARTESIAN_POINT('',(0.0100937504487058,0.00411414655539287,0.0076));
#8235=CARTESIAN_POINT('',(0.0101884092434431,0.00430077473289354,0.00744190110775624));
#8236=CARTESIAN_POINT('',(0.0102943386171954,0.00447431185243657,0.00727578713389251));
#8237=CARTESIAN_POINT('',(0.0104105488263032,0.00463507496727586,0.00710423557557019));
#8238=CARTESIAN_POINT('',(0.011007381026376,0.00332979923421196,0.00533493418541146));
#8239=CARTESIAN_POINT('',(0.0108921903002502,0.00297527863277917,0.00533493418541146));
#8240=CARTESIAN_POINT('',(0.0107769995741243,0.00262075803134637,0.00533493418541146));
#8241=CARTESIAN_POINT('',(0.0106618088479985,0.00226623742991357,0.00533493418541146));
#8242=CARTESIAN_POINT('',(0.011007381026376,0.00332979923421196,0.00533493418541146));
#8243=CARTESIAN_POINT('',(0.010074539152444,0.00554559833254025,0.008));
#8244=CARTESIAN_POINT('',(0.0113402857834352,0.00324615051350684,0.00514285714285714));
#8245=CARTESIAN_POINT('',(0.0114829910749827,0.000625232734161696,0.00228571428571429));
#8246=CARTESIAN_POINT('',(0.0116256963665302,-0.00199568504518344,-0.000571428571428571));
#8247=CARTESIAN_POINT('',(0.0106170957854775,-0.00441896787519385,-0.00342857142857143));
#8248=CARTESIAN_POINT('',(0.00729352360931156,0.00810027859770359,0.00266147368237539));
#8249=CARTESIAN_POINT('',(0.00717233468401013,0.00820939759616911,0.00247299651233195));
#8250=CARTESIAN_POINT('',(0.00704793565325222,0.0083148423332987,0.00228571428571429));
#8251=CARTESIAN_POINT('',(0.00642420588105617,0.00884353633893854,0.00134669169178477));
#8252=CARTESIAN_POINT('',(0.00572858132400907,0.00927326026887062,0.000386202967068756));
#8253=CARTESIAN_POINT('',(0.00694795143093351,0.00916384040200351,0.00266147368237539));
#8254=CARTESIAN_POINT('',(0.00681085047118782,0.00926778926707095,0.00247299651233195));
#8255=CARTESIAN_POINT('',(0.00667070119464933,0.00936759016885916,0.00228571428571428));
#8256=CARTESIAN_POINT('',(0.00596800057233573,0.00986798630022824,0.00134669169178477));
#8257=CARTESIAN_POINT('',(0.00519851066507653,0.0102579474976765,0.000386202967068755));
#8258=CARTESIAN_POINT('',(0.00568438771418536,0.00984564833088934,0.000868773814288779));
#8259=CARTESIAN_POINT('',(0.00568740988996727,0.00965656912048886,0.000706537502645418));
#8260=CARTESIAN_POINT('',(0.00570532531564746,0.00946358001483042,0.000549556515180231));
#8261=CARTESIAN_POINT('',(0.00573856959842135,0.00926708254868146,0.000399998385917703));
#8262=CARTESIAN_POINT('',(0.00568438771418534,0.00984564833088933,0.000868773814288728));
#8263=CARTESIAN_POINT('',(0.0057385695984217,0.00926708254868112,0.00039999838591805));
#8264=CARTESIAN_POINT('',(0.00568438771418536,0.00984564833088936,0.000868773814288826));
#8265=CARTESIAN_POINT('',(0.00570586560239946,0.00988284912451546,0.000940599483318763));
#8266=CARTESIAN_POINT('',(0.00572773431931808,0.00992072685331485,0.00101194591199167));
#8267=CARTESIAN_POINT('',(0.00575000000000006,0.00995929214352115,0.0010828055774002));
#8268=CARTESIAN_POINT('',(0.00575,0.00995929214352103,0.00108280557739996));
#8269=CARTESIAN_POINT('',(0.010074539152444,0.00554559833254025,0.008));
#8270=CARTESIAN_POINT('',(0.00880879252145278,0.00784504615157366,0.00514285714285714));
#8271=CARTESIAN_POINT('',(0.0066707011946494,0.00936759016885896,0.00228571428571429));
#8272=CARTESIAN_POINT('',(0.00453260986784602,0.0108901341861443,-0.000571428571428571));
#8273=CARTESIAN_POINT('',(0.00194564905447318,0.0113342158862811,-0.00342857142857143));
#8274=CARTESIAN_POINT('',(0.00694795143093357,0.00916384040200331,0.00266147368237539));
#8275=CARTESIAN_POINT('',(0.00694795143093357,0.00916384040200331,0.00266147368237539));
#8276=CARTESIAN_POINT('',(0.00706314215705957,0.00880931980057007,0.00266147368237539));
#8277=CARTESIAN_POINT('',(0.00717833288318557,0.00845479919913683,0.00266147368237539));
#8278=CARTESIAN_POINT('',(0.00729352360931156,0.00810027859770359,0.00266147368237539));
#8279=CARTESIAN_POINT('',(0.00729352360931155,0.0081002785977036,0.00266147368237539));
#8280=CARTESIAN_POINT('',(0.00995764548830435,0.00443342940952623,0.008));
#8281=CARTESIAN_POINT('',(0.00894574415641061,0.00670619701252221,0.00514285714285714));
#8282=CARTESIAN_POINT('',(0.00704793565325222,0.0083148423332987,0.00228571428571429));
#8283=CARTESIAN_POINT('',(0.00515012715009381,0.0099234876540752,-0.000571428571428571));
#8284=CARTESIAN_POINT('',(0.00274229572481514,0.0105493987581123,-0.00342857142857143));
#8285=CARTESIAN_POINT('',(0.00839578609861621,0.00785880243970312,0.00267494058324295));
#8286=CARTESIAN_POINT('',(0.00827400891128377,0.00798890053344944,0.00247968812138718));
#8287=CARTESIAN_POINT('',(0.00814825925192795,0.00811516303985148,0.00228571428571429));
#8288=CARTESIAN_POINT('',(0.00753950822679921,0.00872639674498683,0.00134669169178494));
#8289=CARTESIAN_POINT('',(0.00684638080840345,0.00923997131090382,0.000386202967069103));
#8290=CARTESIAN_POINT('',(0.00730217761335327,0.00809247811878675,0.00267494058324295));
#8291=CARTESIAN_POINT('',(0.00717677947140781,0.00820563004721082,0.00247968812138718));
#8292=CARTESIAN_POINT('',(0.00704793565325222,0.00831484233329871,0.00228571428571429));
#8293=CARTESIAN_POINT('',(0.00642420588105628,0.00884353633893845,0.00134669169178494));
#8294=CARTESIAN_POINT('',(0.00572858132400932,0.00927326026887047,0.000386202967069104));
#8295=CARTESIAN_POINT('',(0.0057385695984217,0.00926708254868112,0.000399998385918051));
#8296=CARTESIAN_POINT('',(0.00626154457293196,0.00916914578976646,0.000592066299683874));
#8297=CARTESIAN_POINT('',(0.00677651662616222,0.00904692737443565,0.000793081160071368));
#8298=CARTESIAN_POINT('',(0.00728221834726651,0.00890052222865237,0.000999998385918037));
#8299=CARTESIAN_POINT('',(0.00729352360931156,0.0081002785977036,0.00266147368237539));
#8300=CARTESIAN_POINT('',(0.00741505789469498,0.00823525609603126,0.00229787875121929));
#8301=CARTESIAN_POINT('',(0.00754965969599906,0.00838474654107812,0.00194442357855001));
#8302=CARTESIAN_POINT('',(0.00769500197312687,0.00854616549299003,0.00160091117584767));
#8303=CARTESIAN_POINT('',(0.00753939180600314,0.00787194837353326,0.00761334754729776));
#8304=CARTESIAN_POINT('',(0.00824444949308575,0.00719667639555351,0.00648482047779226));
#8305=CARTESIAN_POINT('',(0.00881828523868693,0.00640685924998795,0.00533493418541146));
#8306=CARTESIAN_POINT('',(0.00722671944488059,0.00894564285364585,0.00761334754729776));
#8307=CARTESIAN_POINT('',(0.00802794348251078,0.00829837563907244,0.00648482047779226));
#8308=CARTESIAN_POINT('',(0.00870139157454728,0.00751902817300199,0.00533493418541146));
#8309=CARTESIAN_POINT('',(0.00754772571393081,0.00786395807130657,0.0076));
#8310=CARTESIAN_POINT('',(0.00755829230746899,0.00807295259553947,0.00744190110775624));
#8311=CARTESIAN_POINT('',(0.00758447970023933,0.0082745720007135,0.0072757871338925));
#8312=CARTESIAN_POINT('',(0.00762525475924137,0.00846870336437507,0.00710423557557017));
#8313=CARTESIAN_POINT('',(0.00754772571393081,0.00786395807130656,0.0076));
#8314=CARTESIAN_POINT('',(0.00729352360931156,0.0081002785977036,0.008));
#8315=CARTESIAN_POINT('',(0.00914235933997959,0.00643557942856774,0.00514285714285714));
#8316=CARTESIAN_POINT('',(0.0100858168751666,0.00413355754291692,0.00228571428571429));
#8317=CARTESIAN_POINT('',(0.0110292744103535,0.0018315356572661,-0.000571428571428572));
#8318=CARTESIAN_POINT('',(0.0108804904144683,-0.000651865278000872,-0.00342857142857143));
#8319=CARTESIAN_POINT('',(0.00870139157454728,0.00751902817300199,0.00533493418541146));
#8320=CARTESIAN_POINT('',(0.0087403561292605,0.00714830519866398,0.00533493418541146));
#8321=CARTESIAN_POINT('',(0.00877932068397371,0.00677758222432597,0.00533493418541145));
#8322=CARTESIAN_POINT('',(0.00881828523868692,0.00640685924998795,0.00533493418541145));
#8323=CARTESIAN_POINT('',(0.00870139157454729,0.00751902817300199,0.00533493418541146));
#8324=CARTESIAN_POINT('',(0.006947951430934,0.00916384040200198,0.008));
#8325=CARTESIAN_POINT('',(0.00903953820304376,0.00757801582751159,0.00514285714285714));
#8326=CARTESIAN_POINT('',(0.0102359292732668,0.00524173176656934,0.00228571428571429));
#8327=CARTESIAN_POINT('',(0.0114323203434898,0.00290544770562709,-0.000571428571428572));
#8328=CARTESIAN_POINT('',(0.0114965557875948,0.000281433869146269,-0.00342857142857143));
#8329=CARTESIAN_POINT('',(0.00862557468224502,0.00760588334127035,0.00761334754729775));
#8330=CARTESIAN_POINT('',(0.00931090056854458,0.00682867846595007,0.00647803080465662));
#8331=CARTESIAN_POINT('',(0.00984625627972825,0.00594148443353274,0.00532120849159337));
#8332=CARTESIAN_POINT('',(0.00753939180600314,0.00787194837353325,0.00761334754729775));
#8333=CARTESIAN_POINT('',(0.00824869140395029,0.00719261368750509,0.00647803080465662));
#8334=CARTESIAN_POINT('',(0.00882512977271555,0.00639742795932315,0.00532120849159337));
#8335=CARTESIAN_POINT('',(0.00898393727803853,0.00717905780616576,0.007));
#8336=CARTESIAN_POINT('',(0.00851895618840896,0.00742892988742207,0.00720726215906262));
#8337=CARTESIAN_POINT('',(0.00803984170452774,0.00765745044373229,0.00740822117506276));
#8338=CARTESIAN_POINT('',(0.00754772571393081,0.00786395807130657,0.0076));
#8339=CARTESIAN_POINT('',(0.0108623651968645,0.00377611206533269,0.00266147368237539));
#8340=CARTESIAN_POINT('',(0.0109188599158418,0.0036135993383244,0.00247299651233195));
#8341=CARTESIAN_POINT('',(0.0109704677056199,0.00344946928091192,0.00228571428571429));
#8342=CARTESIAN_POINT('',(0.0112292262728345,0.00262653036654353,0.00134669169178494));
#8343=CARTESIAN_POINT('',(0.0113623159524269,0.00177419733886315,0.000386202967069101));
#8344=CARTESIAN_POINT('',(0.00995764548830434,0.00443342940952623,0.00266147368237539));
#8345=CARTESIAN_POINT('',(0.0100239743853984,0.00428445226748047,0.00247299651233195));
#8346=CARTESIAN_POINT('',(0.0100858168751666,0.00413355754291692,0.00228571428571429));
#8347=CARTESIAN_POINT('',(0.0103958916548503,0.00337697984609584,0.00134669169178494));
#8348=CARTESIAN_POINT('',(0.010589623588788,0.00258260958098281,0.000386202967069101));
#8349=CARTESIAN_POINT('',(0.010586834774284,0.00259401801497425,0.000399998385918047));
#8350=CARTESIAN_POINT('',(0.0107634397248023,0.00250168091538449,0.000549554654878694));
#8351=CARTESIAN_POINT('',(0.0109414516575498,0.00242500346221125,0.000706539643362164));
#8352=CARTESIAN_POINT('',(0.0111203404085425,0.00236370132183953,0.000868773814288457));
#8353=CARTESIAN_POINT('',(0.010586834774284,0.00259401801497425,0.000399998385918047));
#8354=CARTESIAN_POINT('',(0.0111203404085423,0.00236370132184002,0.000868773814288819));
#8355=CARTESIAN_POINT('',(0.00729352360931156,0.0081002785977036,0.008));
#8356=CARTESIAN_POINT('',(0.00914235933997959,0.00643557942856774,0.00514285714285714));
#8357=CARTESIAN_POINT('',(0.0100858168751666,0.00413355754291692,0.00228571428571429));
#8358=CARTESIAN_POINT('',(0.0110292744103535,0.0018315356572661,-0.000571428571428572));
#8359=CARTESIAN_POINT('',(0.0108804904144683,-0.000651865278000872,-0.00342857142857143));
#8360=CARTESIAN_POINT('',(0.0108623651968642,0.00377611206533284,0.00266147368237539));
#8361=CARTESIAN_POINT('',(0.0105607919606776,0.00399521784673064,0.00266147368237539));
#8362=CARTESIAN_POINT('',(0.010259218724491,0.00421432362812843,0.00266147368237539));
#8363=CARTESIAN_POINT('',(0.00995764548830436,0.00443342940952622,0.00266147368237539));
#8364=CARTESIAN_POINT('',(0.0108623651968642,0.00377611206533284,0.00266147368237539));
#8365=CARTESIAN_POINT('',(0.00838738123951891,0.00786777198087021,0.008));
#8366=CARTESIAN_POINT('',(0.0101831488521422,0.00595340694572764,0.00514285714285714));
#8367=CARTESIAN_POINT('',(0.0109704677056197,0.00344946928091208,0.00228571428571429));
#8368=CARTESIAN_POINT('',(0.0117577865590971,0.000945531616096514,-0.000571428571428572));
#8369=CARTESIAN_POINT('',(0.0113807184986655,-0.00165204311509515,-0.00342857142857143));
#8370=CARTESIAN_POINT('',(0.0112486974084388,0.00239098444440423,0.0010828055774));
#8371=CARTESIAN_POINT('',(0.0112486974084389,0.00239098444440426,0.00108280557740022));
#8372=CARTESIAN_POINT('',(0.0112051391641633,0.00238172585376866,0.00101194591199166));
#8373=CARTESIAN_POINT('',(0.0111623574981933,0.00237263232994754,0.000940599483318894));
#8374=CARTESIAN_POINT('',(0.0111203404085423,0.00236370132183996,0.000868773814288923));
#8375=CARTESIAN_POINT('',(0.00995290102631854,0.0044440703370117,0.00267494058324294));
#8376=CARTESIAN_POINT('',(0.0100217647482534,0.00428984374815384,0.00247968812138718));
#8377=CARTESIAN_POINT('',(0.0100858168751666,0.00413355754291692,0.00228571428571429));
#8378=CARTESIAN_POINT('',(0.0103958916548503,0.00337697984609583,0.00134669169178493));
#8379=CARTESIAN_POINT('',(0.010589623588788,0.0025826095809828,0.000386202967069085));
#8380=CARTESIAN_POINT('',(0.0100686058561652,0.00555636356920558,0.00267494058324294));
#8381=CARTESIAN_POINT('',(0.0101547052755673,0.00540034405975357,0.00247968812138718));
#8382=CARTESIAN_POINT('',(0.010235929273267,0.00524173176657072,0.00228571428571429));
#8383=CARTESIAN_POINT('',(0.0106291326594072,0.00447389353489908,0.00134669169178493));
#8384=CARTESIAN_POINT('',(0.0109033829453745,0.00365598691826387,0.000386202967069085));
#8385=CARTESIAN_POINT('',(0.010715228890044,0.00417538858478434,0.000999998385917177));
#8386=CARTESIAN_POINT('',(0.0106981980369879,0.00364919614194126,0.000793081220009647));
#8387=CARTESIAN_POINT('',(0.0106552995127441,0.00312166071375805,0.000592066233629624));
#8388=CARTESIAN_POINT('',(0.010586834774284,0.00259401801497424,0.00039999838591803));
#8389=CARTESIAN_POINT('',(0.00336828523868693,0.0103665160276172,0.00266147368237539));
#8390=CARTESIAN_POINT('',(0.00321319095132956,0.0104169092163528,0.00247299651233195));
#8391=CARTESIAN_POINT('',(0.00305665854343543,0.0104626401328175,0.00228571428571429));
#8392=CARTESIAN_POINT('',(0.00227181381818103,0.0106919323864232,0.00134669169178477));
#8393=CARTESIAN_POINT('',(0.00146154469515609,0.0108015687334785,0.000386202967068756));
#8394=CARTESIAN_POINT('',(0.00261999978685775,0.0111975712150833,0.00266147368237539));
#8395=CARTESIAN_POINT('',(0.00245247201541457,0.0112367692444633,0.00247299651233195));
#8396=CARTESIAN_POINT('',(0.00228384659667167,0.0112709380586918,0.00228571428571429));
#8397=CARTESIAN_POINT('',(0.0014383681923933,0.0114422585793189,0.00134669169178477));
#8398=CARTESIAN_POINT('',(0.000576792674534924,0.0114855261181454,0.000386202967068756));
#8399=CARTESIAN_POINT('',(0.00118836062476265,0.0113064960870395,0.000868773814288775));
#8400=CARTESIAN_POINT('',(0.00126802696303413,0.0111349928628758,0.000706537502645416));
#8401=CARTESIAN_POINT('',(0.00136288925977172,0.0109659754021275,0.000549556515180231));
#8402=CARTESIAN_POINT('',(0.00147318214304672,0.0107999877024657,0.000399998385917704));
#8403=CARTESIAN_POINT('',(0.00118836062476264,0.0113064960870395,0.000868773814288729));
#8404=CARTESIAN_POINT('',(0.00147318214304718,0.0107999877024655,0.00039999838591805));
#8405=CARTESIAN_POINT('',(0.00118836062476265,0.0113064960870395,0.000868773814288824));
#8406=CARTESIAN_POINT('',(0.00119285072606115,0.0113492165472298,0.000940599483318606));
#8407=CARTESIAN_POINT('',(0.00119742253280742,0.0113927143828281,0.00101194591199136));
#8408=CARTESIAN_POINT('',(0.001202077327578,0.011437001796735,0.00108280557739974));
#8409=CARTESIAN_POINT('',(0.00120207732757863,0.0114370017967351,0.00108280557739932));
#8410=CARTESIAN_POINT('',(0.006947951430934,0.00916384040200198,0.008));
#8411=CARTESIAN_POINT('',(0.00485636465882425,0.0107496649764924,0.00514285714285714));
#8412=CARTESIAN_POINT('',(0.00228384659667244,0.011270938058691,0.00228571428571429));
#8413=CARTESIAN_POINT('',(-0.000288671465479367,0.0117922111408896,-0.000571428571428572));
#8414=CARTESIAN_POINT('',(-0.00283260206560048,0.0111456882038723,-0.00342857142857143));
#8415=CARTESIAN_POINT('',(0.00261999978685812,0.0111975712150834,0.00266147368237476));
#8416=CARTESIAN_POINT('',(0.00261999978685792,0.0111975712150832,0.00266147368237489));
#8417=CARTESIAN_POINT('',(0.00286942827080094,0.0109205528192612,0.00266147368237486));
#8418=CARTESIAN_POINT('',(0.0031188567547439,0.0106435344234392,0.00266147368237538));
#8419=CARTESIAN_POINT('',(0.00336828523868692,0.0103665160276172,0.00266147368237538));
#8420=CARTESIAN_POINT('',(0.00336828523868693,0.0103665160276172,0.00266147368237539));
#8421=CARTESIAN_POINT('',(0.00729352360931156,0.0081002785977036,0.008));
#8422=CARTESIAN_POINT('',(0.00544468787864351,0.00976497776683946,0.00514285714285714));
#8423=CARTESIAN_POINT('',(0.00305665854343543,0.0104626401328175,0.00228571428571429));
#8424=CARTESIAN_POINT('',(0.000668629208227349,0.0111603024987955,-0.000571428571428572));
#8425=CARTESIAN_POINT('',(-0.001785615234425,0.0107527474737664,-0.00342857142857143));
#8426=CARTESIAN_POINT('',(0.00447346933080897,0.010594247125035,0.00267494058324296));
#8427=CARTESIAN_POINT('',(0.00430930467255598,0.0106635664032461,0.00247968812138718));
#8428=CARTESIAN_POINT('',(0.00414307105445107,0.0107277659481259,0.00228571428571429));
#8429=CARTESIAN_POINT('',(0.00333833817524789,0.0110385543745806,0.00134669169178494));
#8430=CARTESIAN_POINT('',(0.00249624517569472,0.0112258077670527,0.000386202967069104));
#8431=CARTESIAN_POINT('',(0.00337936380537868,0.0103629098360884,0.00267494058324296));
#8432=CARTESIAN_POINT('',(0.00321878386688283,0.0104152752470208,0.00247968812138718));
#8433=CARTESIAN_POINT('',(0.00305665854343543,0.0104626401328175,0.00228571428571429));
#8434=CARTESIAN_POINT('',(0.00227181381818117,0.0106919323864231,0.00134669169178494));
#8435=CARTESIAN_POINT('',(0.00146154469515638,0.0108015687334785,0.000386202967069104));
#8436=CARTESIAN_POINT('',(0.00147318214304718,0.0107999877024655,0.000399998385918052));
#8437=CARTESIAN_POINT('',(0.00199077802402645,0.0109232311067678,0.000592066299683873));
#8438=CARTESIAN_POINT('',(0.00251093911204154,0.0110210370328108,0.000793081160071371));
#8439=CARTESIAN_POINT('',(0.00303246895980332,0.0110929766973446,0.000999998385918039));
#8440=CARTESIAN_POINT('',(0.00336828523868693,0.0103665160276172,0.00266147368237539));
#8441=CARTESIAN_POINT('',(0.00342441203848624,0.0105392565553538,0.0022978787512193));
#8442=CARTESIAN_POINT('',(0.00348657366086782,0.0107305703572018,0.00194442357855001));
#8443=CARTESIAN_POINT('',(0.00355369543531189,0.0109371499373943,0.00160091117584767));
#8444=CARTESIAN_POINT('',(0.00368576728184508,0.0102579295934453,0.00761334754729776));
#8445=CARTESIAN_POINT('',(0.00460452738674228,0.00992781074210723,0.00648482047779198));
#8446=CARTESIAN_POINT('',(0.00545000000000042,0.00943967690125013,0.00533493418541089));
#8447=CARTESIAN_POINT('',(0.00296341597808092,0.0111116230021028,0.00761334754729776));
#8448=CARTESIAN_POINT('',(0.00395863785224094,0.0108462021537656,0.00648482047779198));
#8449=CARTESIAN_POINT('',(0.00489085246981834,0.0104081488324523,0.00533493418541089));
#8450=CARTESIAN_POINT('',(0.00369663063428167,0.0102540197948751,0.0076));
#8451=CARTESIAN_POINT('',(0.00362127796660351,0.0104492436139447,0.00744190110775624));
#8452=CARTESIAN_POINT('',(0.00356319534027693,0.0106440834779404,0.00727578713389251));
#8453=CARTESIAN_POINT('',(0.00352148487104192,0.0108380160140191,0.00710423557557019));
#8454=CARTESIAN_POINT('',(0.00369663063428167,0.0102540197948751,0.0076));
#8455=CARTESIAN_POINT('',(0.00336828523868692,0.0103665160276172,0.008));
#8456=CARTESIAN_POINT('',(0.00573437487415145,0.00959772690200221,0.00514285714285714));
#8457=CARTESIAN_POINT('',(0.00753258287395683,0.00787846401571857,0.00228571428571429));
#8458=CARTESIAN_POINT('',(0.0093307908737622,0.00615920112943492,-0.000571428571428571));
#8459=CARTESIAN_POINT('',(0.0102049600899731,0.00382998558248664,-0.00342857142857143));
#8460=CARTESIAN_POINT('',(0.00489085246981878,0.0104081488324509,0.00533493418541146));
#8461=CARTESIAN_POINT('',(0.00507723497987919,0.0100853248553841,0.00533493418541146));
#8462=CARTESIAN_POINT('',(0.00526361748993959,0.00976250087831722,0.00533493418541146));
#8463=CARTESIAN_POINT('',(0.00545,0.00943967690125038,0.00533493418541146));
#8464=CARTESIAN_POINT('',(0.00489085246981878,0.0104081488324509,0.00533493418541146));
#8465=CARTESIAN_POINT('',(0.00261999978685755,0.0111975712150835,0.008));
#8466=CARTESIAN_POINT('',(0.00517577234571934,0.0105995733608297,0.00514285714285714));
#8467=CARTESIAN_POINT('',(0.0072189823097052,0.00895188775690153,0.00228571428571429));
#8468=CARTESIAN_POINT('',(0.00926219227369104,0.00730420215297339,-0.000571428571428571));
#8469=CARTESIAN_POINT('',(0.0103881568511078,0.0049331731407667,-0.00342857142857143));
#8470=CARTESIAN_POINT('',(0.0047862631126675,0.010456657468633,0.00761334754729777));
#8471=CARTESIAN_POINT('',(0.00572845716507127,0.0100253926355329,0.00647803080465663));
#8472=CARTESIAN_POINT('',(0.00657838326574845,0.00943264934198874,0.00532120849159338));
#8473=CARTESIAN_POINT('',(0.00368576728184508,0.0102579295934453,0.00761334754729776));
#8474=CARTESIAN_POINT('',(0.00461005501737748,0.00992582461420922,0.00647803080465663));
#8475=CARTESIAN_POINT('',(0.0054600888444764,0.00943384491129806,0.00532120849159338));
#8476=CARTESIAN_POINT('',(0.00528724921957115,0.0102124921390493,0.007));
#8477=CARTESIAN_POINT('',(0.00476083572572179,0.0102516367963831,0.00720726215906262));
#8478=CARTESIAN_POINT('',(0.00423019518133388,0.0102655272957554,0.00740822117506277));
#8479=CARTESIAN_POINT('',(0.00369663063428166,0.0102540197948751,0.00760000000000001));
#8480=CARTESIAN_POINT('',(0.00838738123951894,0.0078677719808702,0.00266147368237539));
#8481=CARTESIAN_POINT('',(0.00850509161446194,0.00774228768965102,0.00247299651233195));
#8482=CARTESIAN_POINT('',(0.00861899538497245,0.00761333820041013,0.00228571428571429));
#8483=CARTESIAN_POINT('',(0.00919010251016415,0.00696679268426756,0.00134669169178494));
#8484=CARTESIAN_POINT('',(0.00965836105687622,0.00624228016793683,0.000386202967069102));
#8485=CARTESIAN_POINT('',(0.00729352360931155,0.0081002785977036,0.00266147368237539));
#8486=CARTESIAN_POINT('',(0.00741471253461298,0.00799115959923808,0.00247299651233195));
#8487=CARTESIAN_POINT('',(0.00753258287395682,0.00787846401571857,0.00228571428571429));
#8488=CARTESIAN_POINT('',(0.00812357815309743,0.00731341467242499,0.00134669169178494));
#8489=CARTESIAN_POINT('',(0.00862366057633789,0.00666651920151106,0.000386202967069102));
#8490=CARTESIAN_POINT('',(0.0086164726393711,0.00667580701151323,0.00039999838591805));
#8491=CARTESIAN_POINT('',(0.00881536617163272,0.00666328457833547,0.000549554654878677));
#8492=CARTESIAN_POINT('',(0.0090091756941037,0.00666564021523864,0.00070653964336213));
#8493=CARTESIAN_POINT('',(0.00919753252678452,0.00668239853342104,0.000868773814288399));
#8494=CARTESIAN_POINT('',(0.00861647263937111,0.00667580701151323,0.000399998385918047));
#8495=CARTESIAN_POINT('',(0.00336828523868692,0.0103665160276172,0.008));
#8496=CARTESIAN_POINT('',(0.00573437487415145,0.00959772690200221,0.00514285714285714));
#8497=CARTESIAN_POINT('',(0.00753258287395683,0.00787846401571857,0.00228571428571429));
#8498=CARTESIAN_POINT('',(0.0093307908737622,0.00615920112943492,-0.000571428571428571));
#8499=CARTESIAN_POINT('',(0.0102049600899731,0.00382998558248664,-0.00342857142857143));
#8500=CARTESIAN_POINT('',(0.00838738123951891,0.00786777198087021,0.00266147368237539));
#8501=CARTESIAN_POINT('',(0.00802276202944979,0.00794527418648134,0.00266147368237539));
#8502=CARTESIAN_POINT('',(0.00765814281938068,0.00802277639209246,0.00266147368237539));
#8503=CARTESIAN_POINT('',(0.00729352360931156,0.0081002785977036,0.00266147368237539));
#8504=CARTESIAN_POINT('',(0.00838738123951891,0.0078677719808702,0.00266147368237539));
#8505=CARTESIAN_POINT('',(0.00446214286889428,0.0105990226444506,0.008));
#8506=CARTESIAN_POINT('',(0.00688130062240355,0.0095805676528289,0.00514285714285714));
#8507=CARTESIAN_POINT('',(0.00861899538497241,0.00761333820041013,0.00228571428571429));
#8508=CARTESIAN_POINT('',(0.0103566901475413,0.00564610874799136,-0.000571428571428571));
#8509=CARTESIAN_POINT('',(0.0110687501600153,0.00311973875431295,-0.00342857142857143));
#8510=CARTESIAN_POINT('',(0.0072848612724908,0.00810806982213176,0.00267494058324295));
#8511=CARTESIAN_POINT('',(0.00741050101788585,0.00799518622152244,0.00247968812138718));
#8512=CARTESIAN_POINT('',(0.00753258287395683,0.00787846401571857,0.00228571428571429));
#8513=CARTESIAN_POINT('',(0.00812357815309744,0.00731341467242498,0.00134669169178493));
#8514=CARTESIAN_POINT('',(0.0086236605763379,0.00666651920151105,0.000386202967069088));
#8515=CARTESIAN_POINT('',(0.00693815247884606,0.0091712616460487,0.00267494058324295));
#8516=CARTESIAN_POINT('',(0.00708026706387537,0.00906375052070357,0.00247968812138718));
#8517=CARTESIAN_POINT('',(0.00721898230970517,0.00895188775690164,0.00228571428571429));
#8518=CARTESIAN_POINT('',(0.00789049942181867,0.00841036285347841,0.00134669169178493));
#8519=CARTESIAN_POINT('',(0.00847371211642097,0.0077747156197524,0.000386202967069088));
#8520=CARTESIAN_POINT('',(0.00809056514358756,0.00817268350404971,0.000999998385917941));
#8521=CARTESIAN_POINT('',(0.00828902843295247,0.00768505571604318,0.000793081220010135));
#8522=CARTESIAN_POINT('',(0.00846440667015304,0.00718567972013642,0.000592066233629869));
#8523=CARTESIAN_POINT('',(0.00861647263937111,0.00667580701151322,0.000399998385918034));
#8524=CARTESIAN_POINT('',(-0.00113936024961688,0.0108402886595142,0.00266147368237602));
#8525=CARTESIAN_POINT('',(-0.001301542687759,0.0108232425983798,0.00247299651233226));
#8526=CARTESIAN_POINT('',(-0.00146314259741244,0.0108013524032705,0.00228571428571429));
#8527=CARTESIAN_POINT('',(-0.00227339549263823,0.0106915961911389,0.00134669169178477));
#8528=CARTESIAN_POINT('',(-0.0030582062892061,0.0104621878348967,0.000386202967068755));
#8529=CARTESIAN_POINT('',(-0.0021609736223166,0.011295140238335,0.00266147368237602));
#8530=CARTESIAN_POINT('',(-0.00232996113183302,0.0112628097366449,0.00247299651233226));
#8531=CARTESIAN_POINT('',(-0.00249790582596613,0.0112254383649195,0.00228571428571429));
#8532=CARTESIAN_POINT('',(-0.00333997111517942,0.0110380604003901,0.00134669169178477));
#8533=CARTESIAN_POINT('',(-0.00414465800943145,0.0107271529300583,0.000386202967068755));
#8534=CARTESIAN_POINT('',(-0.00351314481259886,0.0108123479534482,0.000868773814288773));
#8535=CARTESIAN_POINT('',(-0.00337060934547092,0.0106880751810371,0.000706537502645414));
#8536=CARTESIAN_POINT('',(-0.00321520273057877,0.0105722540196376,0.000549556515180234));
#8537=CARTESIAN_POINT('',(-0.00304693188830029,0.0104654768676855,0.000399998385917707));
#8538=CARTESIAN_POINT('',(-0.00351314481259887,0.0108123479534482,0.000868773814288725));
#8539=CARTESIAN_POINT('',(-0.00304693188829982,0.0104654768676856,0.000399998385918049));
#8540=CARTESIAN_POINT('',(-0.00351314481259888,0.0108123479534482,0.00086877381428882));
#8541=CARTESIAN_POINT('',(-0.00352641887752176,0.0108532013245328,0.000940599483318761));
#8542=CARTESIAN_POINT('',(-0.00353993448786781,0.0108947980959897,0.00101194591199167));
#8543=CARTESIAN_POINT('',(-0.00355369543531193,0.0109371499373944,0.0010828055774002));
#8544=CARTESIAN_POINT('',(-0.00355369543531187,0.0109371499373943,0.00108280557739996));
#8545=CARTESIAN_POINT('',(0.00261999978685755,0.0111975712150835,0.008));
#8546=CARTESIAN_POINT('',(6.42272279957654E-5,0.0117955690693373,0.00514285714285714));
#8547=CARTESIAN_POINT('',(-0.00249790582596594,0.0112254383649194,0.00228571428571429));
#8548=CARTESIAN_POINT('',(-0.00506003887992763,0.0106553076605016,-0.000571428571428571));
#8549=CARTESIAN_POINT('',(-0.00712107055515232,0.00902996977561623,-0.00342857142857143));
#8550=CARTESIAN_POINT('',(-0.00216097362231626,0.0112951402383341,0.00266147368237602));
#8551=CARTESIAN_POINT('',(-0.00216097362231615,0.0112951402383344,0.00266147368237588));
#8552=CARTESIAN_POINT('',(-0.00182043583141658,0.0111435230453943,0.00266147368237591));
#8553=CARTESIAN_POINT('',(-0.001479898040517,0.0109919058524543,0.00266147368237537));
#8554=CARTESIAN_POINT('',(-0.00113936024961743,0.0108402886595142,0.00266147368237537));
#8555=CARTESIAN_POINT('',(-0.00113936024961742,0.0108402886595142,0.00266147368237539));
#8556=CARTESIAN_POINT('',(0.00336828523868692,0.0103665160276172,0.008));
#8557=CARTESIAN_POINT('',(0.00100219560322241,0.0111353051532321,0.00514285714285714));
#8558=CARTESIAN_POINT('',(-0.00146314259741244,0.0108013524032705,0.00228571428571429));
#8559=CARTESIAN_POINT('',(-0.00392848079804729,0.0104673996533088,-0.000571428571428571));
#8560=CARTESIAN_POINT('',(-0.00600477709782792,0.0090968484655622,-0.00342857142857143));
#8561=CARTESIAN_POINT('',(-0.000222350924488172,0.0114978502367347,0.00267494058324295));
#8562=CARTESIAN_POINT('',(-0.00040051749286066,0.011494404766462,0.00247968812138718));
#8563=CARTESIAN_POINT('',(-0.000578491766959317,0.0114854406652754,0.00228571428571429));
#8564=CARTESIAN_POINT('',(-0.001440060874654,0.0114420456706911,0.00134669169178494));
#8565=CARTESIAN_POINT('',(-0.00228551392556711,0.0112706000770163,0.0003862029670691));
#8566=CARTESIAN_POINT('',(-0.00112777270510226,0.0108415002986499,0.00267494058324295));
#8567=CARTESIAN_POINT('',(-0.00129576870995962,0.0108240247368157,0.00247968812138718));
#8568=CARTESIAN_POINT('',(-0.00146314259741245,0.0108013524032705,0.00228571428571429));
#8569=CARTESIAN_POINT('',(-0.00227339549263808,0.0106915961911389,0.00134669169178494));
#8570=CARTESIAN_POINT('',(-0.00305820628920582,0.0104621878348968,0.0003862029670691));
#8571=CARTESIAN_POINT('',(-0.00304693188829982,0.0104654768676856,0.00039999838591805));
#8572=CARTESIAN_POINT('',(-0.00262421213088381,0.0107885905309696,0.000592066299683871));
#8573=CARTESIAN_POINT('',(-0.00218880258571683,0.0110895092652347,0.000793081160071367));
#8574=CARTESIAN_POINT('',(-0.0017416218599255,0.0113673547185363,0.000999998385918035));
#8575=CARTESIAN_POINT('',(-0.00113936024961742,0.0108402886595142,0.00266147368237539));
#8576=CARTESIAN_POINT('',(-0.0011583457689835,0.0110209238101158,0.0022978787512193));
#8577=CARTESIAN_POINT('',(-0.00117937263475481,0.0112209810743939,0.00194442357855001));
#8578=CARTESIAN_POINT('',(-0.00120207732757802,0.0114370017967351,0.00160091117584767));
#8579=CARTESIAN_POINT('',(-0.000805159889488544,0.0108702215962858,0.00761334754729776));
#8580=CARTESIAN_POINT('',(0.000168440664412556,0.0109423364200216,0.00648482047779226));
#8581=CARTESIAN_POINT('',(0.00113936024961742,0.0108402886595142,0.00533493418541146));
#8582=CARTESIAN_POINT('',(-0.0018122890331178,0.0113563025875699,0.00761334754729776));
#8583=CARTESIAN_POINT('',(-0.000795152225777611,0.0115186217814192,0.00648482047779226));
#8584=CARTESIAN_POINT('',(0.000234640541057185,0.0114976060037078,0.00533493418541146));
#8585=CARTESIAN_POINT('',(-0.000793645464869795,0.0108710683410643,0.0076));
#8586=CARTESIAN_POINT('',(-0.000941888232965238,0.0110187654831008,0.00744190110775625));
#8587=CARTESIAN_POINT('',(-0.00107419786463278,0.0111731362233686,0.00727578713389251));
#8588=CARTESIAN_POINT('',(-0.00119118174304639,0.0113333372345547,0.00710423557557018));
#8589=CARTESIAN_POINT('',(-0.000793645464869794,0.0108710683410643,0.0076));
#8590=CARTESIAN_POINT('',(-0.00113936024961742,0.0108402886595142,0.008));
#8591=CARTESIAN_POINT('',(0.00133486489742223,0.0111003402014689,0.00514285714285714));
#8592=CARTESIAN_POINT('',(0.00367689686247285,0.0102611124866038,0.00228571428571429));
#8593=CARTESIAN_POINT('',(0.00601892882752346,0.0094218847717388,-0.000571428571428571));
#8594=CARTESIAN_POINT('',(0.00776489945676966,0.00764959714143551,-0.00342857142857143));
#8595=CARTESIAN_POINT('',(0.00023464054105752,0.0114976060037076,0.00533493418541146));
#8596=CARTESIAN_POINT('',(0.000536213777244152,0.0112785002223098,0.00533493418541146));
#8597=CARTESIAN_POINT('',(0.000837787013430795,0.011059394440912,0.00533493418541146));
#8598=CARTESIAN_POINT('',(0.00113936024961743,0.0108402886595142,0.00533493418541146));
#8599=CARTESIAN_POINT('',(0.000234640541057519,0.0114976060037076,0.00533493418541146));
#8600=CARTESIAN_POINT('',(-0.00216097362231697,0.0112951402383348,0.008));
#8601=CARTESIAN_POINT('',(0.00041706842940456,0.0117883683659579,0.00514285714285714));
#8602=CARTESIAN_POINT('',(0.00295380772239999,0.0111141810287169,0.00228571428571429));
#8603=CARTESIAN_POINT('',(0.00549054701539542,0.0104399936914758,-0.000571428571428571));
#8604=CARTESIAN_POINT('',(0.00748355122162125,0.00873192195987636,-0.00342857142857143));
#8605=CARTESIAN_POINT('',(0.000119363169074458,0.0114993805239182,0.00761334754729776));
#8606=CARTESIAN_POINT('',(0.00115551147635757,0.0114886253405993,0.00647803080465663));
#8607=CARTESIAN_POINT('',(0.00217304802238494,0.0112928234862858,0.00532120849159337));
#8608=CARTESIAN_POINT('',(-0.000805159889488546,0.0108702215962858,0.00761334754729776));
#8609=CARTESIAN_POINT('',(0.000174298237265071,0.0109427702918308,0.00647803080465663));
#8610=CARTESIAN_POINT('',(0.00115094895167736,0.0108390643743191,0.00532120849159337));
#8611=CARTESIAN_POINT('',(0.000676347737888691,0.0114800938035128,0.007));
#8612=CARTESIAN_POINT('',(0.000179523515222555,0.0113017425700529,0.00720726215906262));
#8613=CARTESIAN_POINT('',(-0.000310890518829349,0.0110986012189546,0.00740822117506277));
#8614=CARTESIAN_POINT('',(-0.000793645464869796,0.0108710683410643,0.00760000000000001));
#8615=CARTESIAN_POINT('',(0.00446214286889448,0.0105990226444506,0.00266147368237539));
#8616=CARTESIAN_POINT('',(0.0046207157066103,0.0105322641629613,0.00247299651233195));
#8617=CARTESIAN_POINT('',(0.00477722046114873,0.0104607917800511,0.00228571428571429));
#8618=CARTESIAN_POINT('',(0.00556192653402647,0.010102433255557,0.00134669169178494));
#8619=CARTESIAN_POINT('',(0.00628438779113637,0.00963101604663905,0.000386202967069101));
#8620=CARTESIAN_POINT('',(0.00336828523868692,0.0103665160276172,0.00266147368237539));
#8621=CARTESIAN_POINT('',(0.0035233795260443,0.0103161228388816,0.00247299651233195));
#8622=CARTESIAN_POINT('',(0.00367689686247285,0.0102611124866038,0.00228571428571429));
#8623=CARTESIAN_POINT('',(0.00444662418828339,0.00998529366160535,0.00134669169178494));
#8624=CARTESIAN_POINT('',(0.00516658830674208,0.0095977270886724,0.000386202967069101));
#8625=CARTESIAN_POINT('',(0.00515624410691445,0.00960328832795882,0.000399998385918051));
#8626=CARTESIAN_POINT('',(0.0053430357223004,0.00967274580365223,0.000549554654878678));
#8627=CARTESIAN_POINT('',(0.00551913140735535,0.00975372721961094,0.000706539643362131));
#8628=CARTESIAN_POINT('',(0.00568438771418575,0.00984564833088919,0.000868773814288402));
#8629=CARTESIAN_POINT('',(0.00515624410691445,0.00960328832795882,0.000399998385918048));
#8630=CARTESIAN_POINT('',(-0.00113936024961742,0.0108402886595142,0.008));
#8631=CARTESIAN_POINT('',(0.00133486489742223,0.0111003402014689,0.00514285714285714));
#8632=CARTESIAN_POINT('',(0.00367689686247285,0.0102611124866038,0.00228571428571429));
#8633=CARTESIAN_POINT('',(0.00601892882752346,0.0094218847717388,-0.000571428571428571));
#8634=CARTESIAN_POINT('',(0.00776489945676966,0.00764959714143551,-0.00342857142857143));
#8635=CARTESIAN_POINT('',(0.00446214286889428,0.0105990226444506,0.00266147368237539));
#8636=CARTESIAN_POINT('',(0.00409752365882517,0.0105215204388394,0.00266147368237539));
#8637=CARTESIAN_POINT('',(0.00373290444875605,0.0104440182332283,0.0026614736823754));
#8638=CARTESIAN_POINT('',(0.00336828523868694,0.0103665160276172,0.0026614736823754));
#8639=CARTESIAN_POINT('',(0.00446214286889428,0.0105990226444506,0.00266147368237539));
#8640=CARTESIAN_POINT('',(-0.000234640541057522,0.0114976060037076,0.008));
#8641=CARTESIAN_POINT('',(0.00238961300039774,0.0115511611760313,0.00514285714285714));
#8642=CARTESIAN_POINT('',(0.00477722046114852,0.0104607917800511,0.00228571428571429));
#8643=CARTESIAN_POINT('',(0.00716482792189929,0.00937042238407082,-0.000571428571428571));
#8644=CARTESIAN_POINT('',(0.00884289436226002,0.00735208945116352,-0.00342857142857143));
#8645=CARTESIAN_POINT('',(0.0033572028237624,0.0103701103755033,0.00267494058324295));
#8646=CARTESIAN_POINT('',(0.00351789433923756,0.0103180883632032,0.00247968812138718));
#8647=CARTESIAN_POINT('',(0.00367689686247285,0.0102611124866038,0.00228571428571429));
#8648=CARTESIAN_POINT('',(0.0044466241882834,0.00998529366160535,0.00134669169178493));
#8649=CARTESIAN_POINT('',(0.00516658830674209,0.00959772708867239,0.000386202967069088));
#8650=CARTESIAN_POINT('',(0.0026080295067979,0.0112003652659935,0.00267494058324295));
#8651=CARTESIAN_POINT('',(0.00278158635463236,0.0111599521750353,0.00247968812138718));
#8652=CARTESIAN_POINT('',(0.00295380772239993,0.011114181028717,0.00228571428571429));
#8653=CARTESIAN_POINT('',(0.00378752715126081,0.0108926040289433,0.00134669169178493));
#8654=CARTESIAN_POINT('',(0.00457885948128038,0.0105491253595116,0.000386202967069088));
#8655=CARTESIAN_POINT('',(0.00406696918332783,0.0107568471989641,0.000999998385917941));
#8656=CARTESIAN_POINT('',(0.00444661050940021,0.0103920993403005,0.000793081220010135));
#8657=CARTESIAN_POINT('',(0.0048099410175719,0.0100072294230516,0.000592066233629868));
#8658=CARTESIAN_POINT('',(0.00515624410691446,0.00960328832795881,0.000399998385918034));
#8659=CARTESIAN_POINT('',(-0.00544999999999953,0.00943967690125065,0.00266147368237601));
#8660=CARTESIAN_POINT('',(-0.00559122777199018,0.00935813900907481,0.00247299651233226));
#8661=CARTESIAN_POINT('',(-0.0057299530909345,0.009272412715992,0.00228571428571429));
#8662=CARTESIAN_POINT('',(-0.00642551406963065,0.00884258588430453,0.00134669169178477));
#8663=CARTESIAN_POINT('',(-0.00704916562323262,0.00831379961366856,0.000386202967068751));
#8664=CARTESIAN_POINT('',(-0.00656829506036359,0.00943967690125071,0.00266147368237601));
#8665=CARTESIAN_POINT('',(-0.00670952283235425,0.00934140810594592,0.00247299651233226));
#8666=CARTESIAN_POINT('',(-0.00684774763853203,0.00923895839794628,0.00228571428571429));
#8667=CARTESIAN_POINT('',(-0.00754079907425223,0.00872528130060279,0.00134669169178477));
#8668=CARTESIAN_POINT('',(-0.00814945967053079,0.0081139575472389,0.000386202967068751));
#8669=CARTESIAN_POINT('',(-0.00760719559594338,0.00844864663160824,0.000868773814288781));
#8670=CARTESIAN_POINT('',(-0.00742643667711946,0.00839309220228227,0.00070653750264542));
#8671=CARTESIAN_POINT('',(-0.00723735695961238,0.00835049387123994,0.00054955651518023));
#8672=CARTESIAN_POINT('',(-0.00704020371565299,0.00832139000660996,0.000399998385917702));
#8673=CARTESIAN_POINT('',(-0.00760719559594337,0.00844864663160822,0.00086877381428873));
#8674=CARTESIAN_POINT('',(-0.00704020371565256,0.00832139000661019,0.00039999838591805));
#8675=CARTESIAN_POINT('',(-0.0076071955959434,0.00844864663160825,0.000868773814288828));
#8676=CARTESIAN_POINT('',(-0.00763593862067141,0.00848056899458523,0.000940599483318765));
#8677=CARTESIAN_POINT('',(-0.0076652046762955,0.00851307224222103,0.00101194591199168));
#8678=CARTESIAN_POINT('',(-0.00769500197312695,0.00854616549299013,0.0010828055774002));
#8679=CARTESIAN_POINT('',(-0.00769500197312684,0.00854616549299006,0.00108280557739996));
#8680=CARTESIAN_POINT('',(-0.00216097362231697,0.0112951402383348,0.008));
#8681=CARTESIAN_POINT('',(-0.00473901567403849,0.0108019121107117,0.00514285714285714));
#8682=CARTESIAN_POINT('',(-0.0068477476385318,0.00923895839794628,0.00228571428571429));
#8683=CARTESIAN_POINT('',(-0.00895647960302511,0.00767600468518083,-0.000571428571428571));
#8684=CARTESIAN_POINT('',(-0.010178241252822,0.00535288753845561,-0.00342857142857143));
#8685=CARTESIAN_POINT('',(-0.00656829506036291,0.00943967690125005,0.00266147368237601));
#8686=CARTESIAN_POINT('',(-0.00656829506036291,0.00943967690125031,0.00266147368237588));
#8687=CARTESIAN_POINT('',(-0.00619553004024194,0.00943967690125032,0.0026614736823759));
#8688=CARTESIAN_POINT('',(-0.00582276502012097,0.00943967690125038,0.00266147368237538));
#8689=CARTESIAN_POINT('',(-0.00545,0.00943967690125038,0.00266147368237538));
#8690=CARTESIAN_POINT('',(-0.00545,0.00943967690125038,0.00266147368237539));
#8691=CARTESIAN_POINT('',(-0.00113936024961742,0.0108402886595142,0.008));
#8692=CARTESIAN_POINT('',(-0.00361358539665708,0.0105802371175595,0.00514285714285714));
#8693=CARTESIAN_POINT('',(-0.0057299530909345,0.009272412715992,0.00228571428571429));
#8694=CARTESIAN_POINT('',(-0.00784632078521191,0.00796458831442453,-0.000571428571428571));
#8695=CARTESIAN_POINT('',(-0.00918565844932902,0.00586802171538844,-0.00342857142857143));
#8696=CARTESIAN_POINT('',(-0.00487972468494655,0.0104133705878128,0.00267494058324295));
#8697=CARTESIAN_POINT('',(-0.00504108654517448,0.0103377561221676,0.00247968812138718));
#8698=CARTESIAN_POINT('',(-0.0052000281064297,0.0102571783494459,0.00228571428571429));
#8699=CARTESIAN_POINT('',(-0.00596946031678586,0.00986710332261746,0.00134669169178494));
#8700=CARTESIAN_POINT('',(-0.00667208690585619,0.00936660324347643,0.000386202967069102));
#8701=CARTESIAN_POINT('',(-0.00543990706937763,0.00944549686763673,0.00267494058324295));
#8702=CARTESIAN_POINT('',(-0.00558627110516088,0.00936120201643753,0.00247968812138718));
#8703=CARTESIAN_POINT('',(-0.0057299530909345,0.009272412715992,0.00228571428571429));
#8704=CARTESIAN_POINT('',(-0.00642551406963053,0.00884258588430461,0.00134669169178494));
#8705=CARTESIAN_POINT('',(-0.00704916562323239,0.00831379961366875,0.000386202967069102));
#8706=CARTESIAN_POINT('',(-0.00704020371565256,0.00832139000661019,0.00039999838591805));
#8707=CARTESIAN_POINT('',(-0.00678545216814547,0.00878850464109882,0.000592066299683874));
#8708=CARTESIAN_POINT('',(-0.00651008043175752,0.00924050460067057,0.000793081160071366));
#8709=CARTESIAN_POINT('',(-0.0062145704379353,0.0096762138397175,0.000999998385918036));
#8710=CARTESIAN_POINT('',(-0.00545,0.00943967690125038,0.00266147368237538));
#8711=CARTESIAN_POINT('',(-0.00554081506975504,0.00959697321615902,0.00229787875121929));
#8712=CARTESIAN_POINT('',(-0.00564139468756428,0.00977118222441049,0.00194442357855001));
#8713=CARTESIAN_POINT('',(-0.00575,0.00995929214352104,0.00160091117584767));
#8714=CARTESIAN_POINT('',(-0.00515686760128164,0.00960295353226557,0.00761334754729775));
#8715=CARTESIAN_POINT('',(-0.00429677097902926,0.0100648327229086,0.00648482047779226));
#8716=CARTESIAN_POINT('',(-0.00336828523868693,0.0103665160276172,0.00533493418541146));
#8717=CARTESIAN_POINT('',(-0.00627463280636104,0.00963737428687595,0.00761334754729775));
#8718=CARTESIAN_POINT('',(-0.00541145326022735,0.0101993670596715,0.00648482047779226));
#8719=CARTESIAN_POINT('',(-0.00446214286889427,0.0105990226444506,0.00533493418541146));
#8720=CARTESIAN_POINT('',(-0.00514669305310257,0.00960841041052815,0.0076));
#8721=CARTESIAN_POINT('',(-0.00534219340026833,0.00968304269788695,0.00744190110775624));
#8722=CARTESIAN_POINT('',(-0.00552585249996625,0.0097702522110205,0.00727578713389251));
#8723=CARTESIAN_POINT('',(-0.00569788221221558,0.00986902148709932,0.00710423557557018));
#8724=CARTESIAN_POINT('',(-0.00514669305310257,0.00960841041052815,0.0076));
#8725=CARTESIAN_POINT('',(-0.00545,0.00943967690125038,0.008));
#8726=CARTESIAN_POINT('',(-0.00329545534693817,0.0106836038366767,0.00514285714285714));
#8727=CARTESIAN_POINT('',(-0.000814558020092022,0.0108695213892749,0.00228571428571429));
#8728=CARTESIAN_POINT('',(0.00166633930675412,0.011055438941873,-0.000571428571428571));
#8729=CARTESIAN_POINT('',(0.00398221716559371,0.0101465238602218,-0.00342857142857143));
#8730=CARTESIAN_POINT('',(-0.00446214286889428,0.0105990226444506,0.00533493418541146));
#8731=CARTESIAN_POINT('',(-0.00409752365882516,0.0105215204388394,0.00533493418541146));
#8732=CARTESIAN_POINT('',(-0.00373290444875605,0.0104440182332283,0.00533493418541145));
#8733=CARTESIAN_POINT('',(-0.00336828523868693,0.0103665160276172,0.00533493418541145));
#8734=CARTESIAN_POINT('',(-0.00446214286889428,0.0105990226444506,0.00533493418541146));
#8735=CARTESIAN_POINT('',(-0.00656829506036244,0.00943967690125038,0.008));
#8736=CARTESIAN_POINT('',(-0.00441375040730061,0.0109388473866472,0.00514285714285714));
#8737=CARTESIAN_POINT('',(-0.00182210705460764,0.0113547314315016,0.00228571428571429));
#8738=CARTESIAN_POINT('',(0.000769536298085328,0.0117706154763561,-0.000571428571428571));
#8739=CARTESIAN_POINT('',(0.00328497159998873,0.0110208421451017,-0.00342857142857143));
#8740=CARTESIAN_POINT('',(-0.00456817575083192,0.0105537562180255,0.00761334754729776));
#8741=CARTESIAN_POINT('',(-0.00361723264411056,0.0109653703533914,0.00647803080465662));
#8742=CARTESIAN_POINT('',(-0.00260802696557045,0.0112003658577235,0.00532120849159337));
#8743=CARTESIAN_POINT('',(-0.00515686760128164,0.00960295353226556,0.00761334754729776));
#8744=CARTESIAN_POINT('',(-0.00429159629152024,0.0100676115740477,0.00647803080465662));
#8745=CARTESIAN_POINT('',(-0.00335720047090967,0.0103701111372118,0.00532120849159337));
#8746=CARTESIAN_POINT('',(-0.00405150041210102,0.0107626829559708,0.007));
#8747=CARTESIAN_POINT('',(-0.00443282994197859,0.0103976743802526,0.00720726215906262));
#8748=CARTESIAN_POINT('',(-0.0047982204239353,0.0100126261637699,0.00740822117506277));
#8749=CARTESIAN_POINT('',(-0.00514669305310257,0.00960841041052814,0.0076));
#8750=CARTESIAN_POINT('',(-0.000234640541057499,0.0114976060037076,0.00266147368237539));
#8751=CARTESIAN_POINT('',(-6.26239247989333E-5,0.0115011164798795,0.00247299651233195));
#8752=CARTESIAN_POINT('',(0.000109420719906653,0.0114994794276113,0.00228571428571429));
#8753=CARTESIAN_POINT('',(0.000972042931638999,0.0114912713392357,0.00134669169178494));
#8754=CARTESIAN_POINT('',(0.00182378678443795,0.0113544617558434,0.0003862029670691));
#8755=CARTESIAN_POINT('',(-0.00113936024961743,0.0108402886595142,0.00266147368237539));
#8756=CARTESIAN_POINT('',(-0.000977177811475572,0.0108573347206486,0.00247299651233195));
#8757=CARTESIAN_POINT('',(-0.000814558020092023,0.0108695213892749,0.00228571428571429));
#8758=CARTESIAN_POINT('',(8.0850500258209E-7,0.0109306246631491,0.00134669169178494));
#8759=CARTESIAN_POINT('',(0.000816165981929322,0.010869400769589,0.0003862029670691));
#8760=CARTESIAN_POINT('',(0.00080445412536514,0.0108702738493647,0.000399998385918046));
#8761=CARTESIAN_POINT('',(0.000946845856626645,0.0110097014053806,0.000549554654878674));
#8762=CARTESIAN_POINT('',(0.00107477916054048,0.0111553061778825,0.000706539643362126));
#8763=CARTESIAN_POINT('',(0.00118836062476308,0.0113064960870395,0.000868773814288396));
#8764=CARTESIAN_POINT('',(0.00080445412536514,0.0108702738493647,0.000399998385918047));
#8765=CARTESIAN_POINT('',(-0.00545,0.00943967690125038,0.008));
#8766=CARTESIAN_POINT('',(-0.00329545534693817,0.0106836038366767,0.00514285714285714));
#8767=CARTESIAN_POINT('',(-0.000814558020092022,0.0108695213892749,0.00228571428571429));
#8768=CARTESIAN_POINT('',(0.00166633930675412,0.011055438941873,-0.000571428571428571));
#8769=CARTESIAN_POINT('',(0.00398221716559371,0.0101465238602218,-0.00342857142857143));
#8770=CARTESIAN_POINT('',(-0.000234640541057524,0.0114976060037076,0.00266147368237539));
#8771=CARTESIAN_POINT('',(-0.000536213777244153,0.0112785002223098,0.00266147368237539));
#8772=CARTESIAN_POINT('',(-0.000837787013430783,0.011059394440912,0.0026614736823754));
#8773=CARTESIAN_POINT('',(-0.00113936024961741,0.0108402886595142,0.0026614736823754));
#8774=CARTESIAN_POINT('',(-0.000234640541057522,0.0114976060037076,0.00266147368237539));
#8775=CARTESIAN_POINT('',(-0.00489085246981808,0.0104081488324521,0.008));
#8776=CARTESIAN_POINT('',(-0.00251526041832943,0.011524453992893,0.00514285714285714));
#8777=CARTESIAN_POINT('',(0.000109420719906625,0.0114994794276113,0.00228571428571429));
#8778=CARTESIAN_POINT('',(0.00273410185814267,0.0114745048623295,-0.000571428571428571));
#8779=CARTESIAN_POINT('',(0.00508802179409676,0.0103131970902721,-0.00342857142857143));
#8780=CARTESIAN_POINT('',(-0.0011509464924247,0.0108390646354552,0.00267494058324295));
#8781=CARTESIAN_POINT('',(-0.000982988229731664,0.0108568992899961,0.00247968812138718));
#8782=CARTESIAN_POINT('',(-0.000814558020092021,0.0108695213892749,0.00228571428571429));
#8783=CARTESIAN_POINT('',(8.08505002588814E-7,0.0109306246631491,0.00134669169178493));
#8784=CARTESIAN_POINT('',(0.000816165981929334,0.010869400769589,0.000386202967069087));
#8785=CARTESIAN_POINT('',(-0.0021730454601798,0.0112928239793239,0.00267494058324295));
#8786=CARTESIAN_POINT('',(-0.00199805590524522,0.0113264967133207,0.00247968812138718));
#8787=CARTESIAN_POINT('',(-0.0018221070546089,0.0113547314315022,0.00228571428571429));
#8788=CARTESIAN_POINT('',(-0.000970342972353929,0.0114914150116029,0.00134669169178493));
#8789=CARTESIAN_POINT('',(-0.00010771955580601,0.0114994954888159,0.000386202967069087));
#8790=CARTESIAN_POINT('',(-0.000659842695982502,0.011481054290288,0.000999998385917144));
#8791=CARTESIAN_POINT('',(-0.000164666767414395,0.0113022545793607,0.000793081220009618));
#8792=CARTESIAN_POINT('',(0.000323792866110854,0.0110984382458957,0.00059206623362962));
#8793=CARTESIAN_POINT('',(0.000804454125365151,0.0108702738493647,0.000399998385918032));
#8794=CARTESIAN_POINT('',(-0.00881828523868692,0.00640685924998796,0.00266147368237539));
#8795=CARTESIAN_POINT('',(-0.00891413877973472,0.00627492816907663,0.00247299651233195));
#8796=CARTESIAN_POINT('',(-0.00900600264004434,0.00614018863289348,0.00228571428571429));
#8797=CARTESIAN_POINT('',(-0.00946660289002118,0.00546461214570309,0.00134669169178477));
#8798=CARTESIAN_POINT('',(-0.00982126018134296,0.00472787991073876,0.000386202967068754));
#8799=CARTESIAN_POINT('',(-0.0098398986113862,0.00595200767116744,0.00266147368237539));
#8800=CARTESIAN_POINT('',(-0.00992894708105972,0.00580479214970043,0.00247299651233195));
#8801=CARTESIAN_POINT('',(-0.010013551674561,0.00565497859066625,0.00228571428571429));
#8802=CARTESIAN_POINT('',(-0.0104377543673774,0.0049038217972494,0.00134669169178477));
#8803=CARTESIAN_POINT('',(-0.010745145719078,0.00409778519151198,0.000386202967068754));
#8804=CARTESIAN_POINT('',(-0.0103858931515469,0.00462409755361815,0.000868773814288775));
#8805=CARTESIAN_POINT('',(-0.0101981656402349,0.00464686733290394,0.000706537502645418));
#8806=CARTESIAN_POINT('',(-0.0100081064210051,0.0046848574706496,0.000549556515180227));
#8807=CARTESIAN_POINT('',(-0.00981616036232639,0.00473845921593659,0.000399998385917702));
#8808=CARTESIAN_POINT('',(-0.0103858931515468,0.00462409755361813,0.00086877381428873));
#8809=CARTESIAN_POINT('',(-0.0098161603623261,0.00473845921593697,0.000399998385918047));
#8810=CARTESIAN_POINT('',(-0.0103858931515469,0.00462409755361815,0.000868773814288825));
#8811=CARTESIAN_POINT('',(-0.0104251352059823,0.00464156924192323,0.000940599483318608));
#8812=CARTESIAN_POINT('',(-0.0104650913399932,0.0046593588589389,0.00101194591199137));
#8813=CARTESIAN_POINT('',(-0.0105057727628898,0.00467747139537164,0.00108280557739974));
#8814=CARTESIAN_POINT('',(-0.0105057727628897,0.00467747139537227,0.00108280557739932));
#8815=CARTESIAN_POINT('',(-0.00656829506036244,0.00943967690125038,0.008));
#8816=CARTESIAN_POINT('',(-0.00872283971342427,0.0079405064158536,0.00514285714285714));
#8817=CARTESIAN_POINT('',(-0.01001355167456,0.00565497859066673,0.00228571428571429));
#8818=CARTESIAN_POINT('',(-0.0113042636356956,0.00336945076547986,-0.000571428571428571));
#8819=CARTESIAN_POINT('',(-0.0114755015714589,0.000750242416440462,-0.00342857142857143));
#8820=CARTESIAN_POINT('',(-0.0098398986113852,0.00595200767116789,0.00266147368237539));
#8821=CARTESIAN_POINT('',(-0.0098398986113852,0.00595200767116789,0.00266147368237539));
#8822=CARTESIAN_POINT('',(-0.00949936082048578,0.00610362486410791,0.00266147368237539));
#8823=CARTESIAN_POINT('',(-0.00915882302958634,0.00625524205704794,0.00266147368237539));
#8824=CARTESIAN_POINT('',(-0.00881828523868692,0.00640685924998796,0.00266147368237539));
#8825=CARTESIAN_POINT('',(-0.00881828523868693,0.00640685924998796,0.00266147368237539));
#8826=CARTESIAN_POINT('',(-0.00545,0.00943967690125038,0.008));
#8827=CARTESIAN_POINT('',(-0.00760454465306183,0.00819574996582406,0.00514285714285714));
#8828=CARTESIAN_POINT('',(-0.00900600264004434,0.00614018863289348,0.00228571428571429));
#8829=CARTESIAN_POINT('',(-0.0104074606270268,0.0040846272999629,-0.000571428571428571));
#8830=CARTESIAN_POINT('',(-0.0107782560058539,0.0016245607013203,-0.00342857142857143));
#8831=CARTESIAN_POINT('',(-0.00869334971647063,0.00752832456175613,0.00267494058324294));
#8832=CARTESIAN_POINT('',(-0.0088100059369941,0.0073936155287843,0.00247968812138718));
#8833=CARTESIAN_POINT('',(-0.00892243234552611,0.00725535671345731,0.00228571428571429));
#8834=CARTESIAN_POINT('',(-0.00946668583930098,0.0065860491702437,0.00134669169178494));
#8835=CARTESIAN_POINT('',(-0.0099049954461161,0.00584303561622039,0.000386202967069099));
#8836=CARTESIAN_POINT('',(-0.00881143208135336,0.00641628121856397,0.00267494058324294));
#8837=CARTESIAN_POINT('',(-0.00891085647660005,0.00627974242356678,0.00247968812138718));
#8838=CARTESIAN_POINT('',(-0.00900600264004434,0.00614018863289348,0.00228571428571429));
#8839=CARTESIAN_POINT('',(-0.0094666028900211,0.00546461214570321,0.00134669169178494));
#8840=CARTESIAN_POINT('',(-0.00982126018134283,0.00472787991073902,0.000386202967069099));
#8841=CARTESIAN_POINT('',(-0.00981616036232609,0.00473845921593697,0.000399998385918047));
#8842=CARTESIAN_POINT('',(-0.00977342588163706,0.00526880645772385,0.000592066299683871));
#8843=CARTESIAN_POINT('',(-0.00970570622892329,0.00579373274330164,0.000793081160071362));
#8844=CARTESIAN_POINT('',(-0.00961296332962608,0.00631196768236848,0.000999998385918032));
#8845=CARTESIAN_POINT('',(-0.00881828523868692,0.00640685924998796,0.00266147368237538));
#8846=CARTESIAN_POINT('',(-0.00896522710824127,0.00651361876736381,0.00229787875121929));
#8847=CARTESIAN_POINT('',(-0.00912796834843209,0.00663185719942278,0.00194442357855001));
#8848=CARTESIAN_POINT('',(-0.00930369543531188,0.00675953040136344,0.00160091117584767));
#8849=CARTESIAN_POINT('',(-0.00861690605614174,0.00667524756242253,0.00761334754729776));
#8850=CARTESIAN_POINT('',(-0.00801903188525803,0.00744702801186984,0.00648482047779226));
#8851=CARTESIAN_POINT('',(-0.00729352360931155,0.0081002785977036,0.00533493418541145));
#8852=CARTESIAN_POINT('',(-0.00965203556413443,0.00625205641918491,0.00761334754729776));
#8853=CARTESIAN_POINT('',(-0.0090920648644737,0.00711654911496632,0.00648482047779226));
#8854=CARTESIAN_POINT('',(-0.00838738123951795,0.00786777198087041,0.00533493418541145));
#8855=CARTESIAN_POINT('',(-0.00860983065621538,0.00668437103034339,0.0076));
#8856=CARTESIAN_POINT('',(-0.00881878479636159,0.00667303386252714,0.00744190110775624));
#8857=CARTESIAN_POINT('',(-0.00902203703726156,0.00667800283143208,0.00727578713389251));
#8858=CARTESIAN_POINT('',(-0.00921936708325783,0.00669826226727894,0.00710423557557018));
#8859=CARTESIAN_POINT('',(-0.00860983065621538,0.00668437103034339,0.0076));
#8860=CARTESIAN_POINT('',(-0.00881828523868693,0.00640685924998796,0.008));
#8861=CARTESIAN_POINT('',(-0.00735596142354101,0.00841957531102923,0.00514285714285714));
#8862=CARTESIAN_POINT('',(-0.00516516842095569,0.00959849129723844,0.00228571428571429));
#8863=CARTESIAN_POINT('',(-0.00297437541837037,0.0107774072834477,-0.000571428571428571));
#8864=CARTESIAN_POINT('',(-0.000489026650820613,0.0108890244253003,-0.00342857142857143));
#8865=CARTESIAN_POINT('',(-0.00838738123951754,0.0078677719808705,0.00533493418541146));
#8866=CARTESIAN_POINT('',(-0.00802276202944887,0.00794527418648153,0.00533493418541146));
#8867=CARTESIAN_POINT('',(-0.00765814281938021,0.00802277639209256,0.00533493418541146));
#8868=CARTESIAN_POINT('',(-0.00729352360931155,0.00810027859770359,0.00533493418541146));
#8869=CARTESIAN_POINT('',(-0.00838738123951754,0.0078677719808705,0.00533493418541146));
#8870=CARTESIAN_POINT('',(-0.00983989861138519,0.00595200767116789,0.008));
#8871=CARTESIAN_POINT('',(-0.00848139170092101,0.00819790031787725,0.00514285714285714));
#8872=CARTESIAN_POINT('',(-0.00628296296855159,0.00963194561528412,0.00228571428571429));
#8873=CARTESIAN_POINT('',(-0.00408453423618217,0.011065990912691,-0.000571428571428571));
#8874=CARTESIAN_POINT('',(-0.0014816094543123,0.0114041586022325,-0.00342857142857143));
#8875=CARTESIAN_POINT('',(-0.00846583558284561,0.00778329158417088,0.00761334754729776));
#8876=CARTESIAN_POINT('',(-0.00776452437888506,0.00854610321481981,0.00647803080465662));
#8877=CARTESIAN_POINT('',(-0.00693815039799755,0.00917126322023125,0.00532120849159337));
#8878=CARTESIAN_POINT('',(-0.00861690605614174,0.00667524756242253,0.00761334754729775));
#8879=CARTESIAN_POINT('',(-0.00801543483357338,0.00745167135373183,0.00647803080465662));
#8880=CARTESIAN_POINT('',(-0.00728485943286762,0.00810807147497848,0.00532120849159337));
#8881=CARTESIAN_POINT('',(-0.00807880733411273,0.00818430644943641,0.007));
#8882=CARTESIAN_POINT('',(-0.00827870683121587,0.00769575383020039,0.00720726215906262));
#8883=CARTESIAN_POINT('',(-0.00845589442727874,0.00719537708301627,0.00740822117506276));
#8884=CARTESIAN_POINT('',(-0.00860983065621538,0.00668437103034339,0.0076));
#8885=CARTESIAN_POINT('',(-0.00489085246981797,0.0104081488324523,0.00266147368237538));
#8886=CARTESIAN_POINT('',(-0.00473513531068966,0.0104813212730636,0.00247299651233195));
#8887=CARTESIAN_POINT('',(-0.00457729885786304,0.0105498026126468,0.00228571428571429));
#8888=CARTESIAN_POINT('',(-0.00378591572436136,0.0108931642134379,0.00134669169178494));
#8889=CARTESIAN_POINT('',(-0.00295216352587227,0.0111146178754158,0.000386202967069101));
#8890=CARTESIAN_POINT('',(-0.00545000000000001,0.00943967690125038,0.00266147368237538));
#8891=CARTESIAN_POINT('',(-0.00530877222800959,0.00952121479342609,0.00247299651233195));
#8892=CARTESIAN_POINT('',(-0.00516516842095569,0.00959849129723844,0.00228571428571429));
#8893=CARTESIAN_POINT('',(-0.00444514697613821,0.00998595135882667,0.00134669169178494));
#8894=CARTESIAN_POINT('',(-0.0036753788557942,0.0102616563120376,0.000386202967069101));
#8895=CARTESIAN_POINT('',(-0.0036864332826961,0.0102576902688778,0.000399998385918047));
#8896=CARTESIAN_POINT('',(-0.00361306225948243,0.0104429796141213,0.000549554654878675));
#8897=CARTESIAN_POINT('',(-0.00355541216719398,0.0106280313552231,0.000706539643362126));
#8898=CARTESIAN_POINT('',(-0.00351314481259849,0.0108123479534484,0.000868773814288396));
#8899=CARTESIAN_POINT('',(-0.0036864332826961,0.0102576902688778,0.000399998385918048));
#8900=CARTESIAN_POINT('',(-0.00881828523868693,0.00640685924998796,0.008));
#8901=CARTESIAN_POINT('',(-0.00735596142354101,0.00841957531102923,0.00514285714285714));
#8902=CARTESIAN_POINT('',(-0.00516516842095569,0.00959849129723844,0.00228571428571429));
#8903=CARTESIAN_POINT('',(-0.00297437541837037,0.0107774072834477,-0.000571428571428571));
#8904=CARTESIAN_POINT('',(-0.000489026650820613,0.0108890244253003,-0.00342857142857143));
#8905=CARTESIAN_POINT('',(-0.00489085246981808,0.0104081488324521,0.00266147368237539));
#8906=CARTESIAN_POINT('',(-0.00507723497987872,0.0100853248553849,0.00266147368237539));
#8907=CARTESIAN_POINT('',(-0.00526361748993936,0.00976250087831763,0.00266147368237538));
#8908=CARTESIAN_POINT('',(-0.00545,0.00943967690125038,0.00266147368237538));
#8909=CARTESIAN_POINT('',(-0.00489085246981808,0.0104081488324521,0.00266147368237539));
#8910=CARTESIAN_POINT('',(-0.00870139157454729,0.00751902817300198,0.008));
#8911=CARTESIAN_POINT('',(-0.00698522246030389,0.00950506401800583,0.00514285714285714));
#8912=CARTESIAN_POINT('',(-0.00457729885786316,0.0105498026126466,0.00228571428571429));
#8913=CARTESIAN_POINT('',(-0.00216937525542242,0.0115945412072873,-0.000571428571428571));
#8914=CARTESIAN_POINT('',(0.000453384034507275,0.0114910592600184,-0.00342857142857143));
#8915=CARTESIAN_POINT('',(-0.00546008670405093,0.00943384615012595,0.00267494058324294));
#8916=CARTESIAN_POINT('',(-0.00531390320361257,0.00951845369771506,0.00247968812138718));
#8917=CARTESIAN_POINT('',(-0.00516516842095569,0.00959849129723844,0.00228571428571429));
#8918=CARTESIAN_POINT('',(-0.00444514697613821,0.00998595135882667,0.00134669169178493));
#8919=CARTESIAN_POINT('',(-0.00367537885579418,0.0102616563120376,0.000386202967069084));
#8920=CARTESIAN_POINT('',(-0.00657838112559421,0.00943265083454412,0.00267494058324294));
#8921=CARTESIAN_POINT('',(-0.0064322161473379,0.0095345870718808,0.00247968812138718));
#8922=CARTESIAN_POINT('',(-0.00628296296855298,0.00963194561528416,0.00228571428571429));
#8923=CARTESIAN_POINT('',(-0.00556043198075956,0.0101032559425284,0.00134669169178493));
#8924=CARTESIAN_POINT('',(-0.00477567290309213,0.0104614983784672,0.000386202967069084));
#8925=CARTESIAN_POINT('',(-0.00527256177867622,0.0102200827927187,0.000999998385917143));
#8926=CARTESIAN_POINT('',(-0.00474747166419337,0.010258147323891,0.000793081220009617));
#8927=CARTESIAN_POINT('',(-0.00421834201346705,0.0102706262698788,0.000592066233629619));
#8928=CARTESIAN_POINT('',(-0.00368643328269609,0.0102576902688778,0.00039999838591803));
#8929=CARTESIAN_POINT('',(-0.0106618088479985,0.00226623742991358,0.00266147368237539));
#8930=CARTESIAN_POINT('',(-0.0106957142100544,0.00210672524271244,0.00247299651233195));
#8931=CARTESIAN_POINT('',(-0.0107248325157251,0.00194627015330514,0.00228571428571429));
#8932=CARTESIAN_POINT('',(-0.0108708300693397,0.00114175732266676,0.00134669169178477));
#8933=CARTESIAN_POINT('',(-0.0108951696307514,0.000324466819801632,0.000386202967068749));
#8934=CARTESIAN_POINT('',(-0.0114100942998277,0.00143518224244748,0.00266147368237539));
#8935=CARTESIAN_POINT('',(-0.0114315661777978,0.00126447489589076,0.00247299651233195));
#8936=CARTESIAN_POINT('',(-0.0114479216557977,0.00109320161119233,0.00228571428571429));
#8937=CARTESIAN_POINT('',(-0.011529927106362,0.000234446955329096,0.00134669169178477));
#8938=CARTESIAN_POINT('',(-0.0114828984562129,-0.000626931451037227,0.000386202967068749));
#8939=CARTESIAN_POINT('',(-0.0113687754283707,9.87788000431538E-18,0.00086877381428879));
#8940=CARTESIAN_POINT('',(-0.0112065391167273,9.71568862020865E-5,0.000706537502645427));
#8941=CARTESIAN_POINT('',(-0.0110483633614136,0.000209166652789954,0.000549556515180227));
#8942=CARTESIAN_POINT('',(-0.0108948137053363,0.00033620577927722,0.000399998385917697));
#8943=CARTESIAN_POINT('',(-0.0113687754283707,5.08943401884394E-18,0.000868773814288734));
#8944=CARTESIAN_POINT('',(-0.0108948137053361,0.000336205779277698,0.00039999838591805));
#8945=CARTESIAN_POINT('',(-0.0113687754283707,4.02229462779602E-18,0.000868773814288836));
#8946=CARTESIAN_POINT('',(-0.0114117312047988,3.81202181582017E-18,0.000940599483318613));
#8947=CARTESIAN_POINT('',(-0.011455468638636,3.4760197591609E-18,0.00101194591199137));
#8948=CARTESIAN_POINT('',(-0.0114999999999998,3.17083413749485E-18,0.00108280557739974));
#8949=CARTESIAN_POINT('',(-0.0115,6.16453891972277E-16,0.00108280557739932));
#8950=CARTESIAN_POINT('',(-0.00983989861138519,0.00595200767116789,0.008));
#8951=CARTESIAN_POINT('',(-0.0111984055218494,0.00370611502445852,0.00514285714285714));
#8952=CARTESIAN_POINT('',(-0.011447921655797,0.00109320161119317,0.00228571428571429));
#8953=CARTESIAN_POINT('',(-0.0116974377897446,-0.00151971180207217,-0.000571428571428571));
#8954=CARTESIAN_POINT('',(-0.0107885434167329,-0.00398212643511626,-0.00342857142857143));
#8955=CARTESIAN_POINT('',(-0.0114100942998269,0.0014351822424483,0.00266147368237539));
#8956=CARTESIAN_POINT('',(-0.0114100942998269,0.0014351822424483,0.00266147368237538));
#8957=CARTESIAN_POINT('',(-0.0111606658158841,0.00171220063827005,0.00266147368237538));
#8958=CARTESIAN_POINT('',(-0.0109112373319413,0.00198921903409181,0.00266147368237538));
#8959=CARTESIAN_POINT('',(-0.0106618088479985,0.00226623742991357,0.00266147368237538));
#8960=CARTESIAN_POINT('',(-0.0106618088479985,0.00226623742991358,0.00266147368237539));
#8961=CARTESIAN_POINT('',(-0.00881828523868693,0.00640685924998796,0.008));
#8962=CARTESIAN_POINT('',(-0.0102806090538328,0.00439414318894668,0.00514285714285714));
#8963=CARTESIAN_POINT('',(-0.0107248325157251,0.00194627015330514,0.00228571428571429));
#8964=CARTESIAN_POINT('',(-0.0111690559776173,-0.000501602882336397,-0.000571428571428571));
#8965=CARTESIAN_POINT('',(-0.0105071951815848,-0.00289980161667676,-0.00342857142857143));
#8966=CARTESIAN_POINT('',(-0.0110038156054141,0.00334156282629035,0.00267494058324295));
#8967=CARTESIAN_POINT('',(-0.0110555952659162,0.00317105164158588,0.00247968812138718));
#8968=CARTESIAN_POINT('',(-0.0111020669743279,0.00299901798886548,0.00228571428571429));
#8969=CARTESIAN_POINT('',(-0.01132703537806,0.0021662072839565,0.00134669169178494));
#8970=CARTESIAN_POINT('',(-0.0114252402896838,0.00130915404860775,0.000386202967069104));
#8971=CARTESIAN_POINT('',(-0.0106593804371157,0.00227763225671658,0.00267494058324295));
#8972=CARTESIAN_POINT('',(-0.0106946738106454,0.00211245831599242,0.00247968812138718));
#8973=CARTESIAN_POINT('',(-0.0107248325157251,0.00194627015330514,0.00228571428571429));
#8974=CARTESIAN_POINT('',(-0.0108708300693397,0.00114175732266691,0.00134669169178494));
#8975=CARTESIAN_POINT('',(-0.0108951696307514,0.000324466819801932,0.000386202967069104));
#8976=CARTESIAN_POINT('',(-0.0108948137053361,0.000336205779277697,0.000399998385918049));
#8977=CARTESIAN_POINT('',(-0.0110714854714069,0.000838083772204415,0.000592066299683867));
#8978=CARTESIAN_POINT('',(-0.0112231272455352,0.00134517186020626,0.000793081160071352));
#8979=CARTESIAN_POINT('',(-0.0113491875305943,0.00185632497031171,0.000999998385918016));
#8980=CARTESIAN_POINT('',(-0.0106618088479985,0.00226623742991358,0.00266147368237539));
#8981=CARTESIAN_POINT('',(-0.0108394699331812,0.00230400045932258,0.00229787875121929));
#8982=CARTESIAN_POINT('',(-0.0110362333568669,0.00234582381612363,0.00194442357855001));
#8983=CARTESIAN_POINT('',(-0.0112486974084388,0.00239098444440423,0.00160091117584766));
#8984=CARTESIAN_POINT('',(-0.010587003171761,0.00259333064631633,0.00761334754729776));
#8985=CARTESIAN_POINT('',(-0.010354729327908,0.00354156450345325,0.00648482047779226));
#8986=CARTESIAN_POINT('',(-0.00995764548830435,0.00443342940952622,0.00533493418541146));
#8987=CARTESIAN_POINT('',(-0.0113605136868796,0.00178570119846737,0.00761334754729776));
#8988=CARTESIAN_POINT('',(-0.0112005758548373,0.00280321517646449,0.00648482047779226));
#8989=CARTESIAN_POINT('',(-0.0108623651968635,0.00377611206533342,0.00533493418541146));
#8990=CARTESIAN_POINT('',(-0.0105842503210126,0.00260454317340784,0.0076));
#8991=CARTESIAN_POINT('',(-0.0107705281850192,0.00250919684972692,0.00744190110775624));
#8992=CARTESIAN_POINT('',(-0.010958229408181,0.00243106609453789,0.00727578713389251));
#8993=CARTESIAN_POINT('',(-0.0111467396302842,0.00236931264964369,0.00710423557557018));
#8994=CARTESIAN_POINT('',(-0.0105842503210126,0.00260454317340784,0.0076));
#8995=CARTESIAN_POINT('',(-0.0106618088479985,0.00226623742991358,0.008));
#8996=CARTESIAN_POINT('',(-0.010144554943202,0.0046997257246644,0.00514285714285714));
#8997=CARTESIAN_POINT('',(-0.00862267427775412,0.00666779486035357,0.00228571428571429));
#8998=CARTESIAN_POINT('',(-0.00710079361230624,0.00863586399604275,-0.000571428571428571));
#8999=CARTESIAN_POINT('',(-0.00487571331664039,0.00974871374356307,-0.00342857142857143));
#9000=CARTESIAN_POINT('',(-0.0108623651968631,0.00377611206533366,0.00533493418541146));
#9001=CARTESIAN_POINT('',(-0.0105607919606769,0.00399521784673118,0.00533493418541146));
#9002=CARTESIAN_POINT('',(-0.0102592187244906,0.00421432362812871,0.00533493418541146));
#9003=CARTESIAN_POINT('',(-0.00995764548830434,0.00443342940952623,0.00533493418541146));
#9004=CARTESIAN_POINT('',(-0.0108623651968631,0.00377611206533366,0.00533493418541146));
#9005=CARTESIAN_POINT('',(-0.0114100942998269,0.0014351822424483,0.008));
#9006=CARTESIAN_POINT('',(-0.0110825233184275,0.00403946180856004,0.00514285714285714));
#9007=CARTESIAN_POINT('',(-0.00965743750630631,0.00624370889870514,0.00228571428571429));
#9008=CARTESIAN_POINT('',(-0.00823235169418516,0.00844795598885024,-0.000571428571428571));
#9009=CARTESIAN_POINT('',(-0.0059920067739634,0.00981559243350896,-0.00342857142857143));
#9010=CARTESIAN_POINT('',(-0.0108996755328835,0.0036670251264289,0.00761334754729776));
#9011=CARTESIAN_POINT('',(-0.0105692593100608,0.00464913719149555,0.00647803080465663));
#9012=CARTESIAN_POINT('',(-0.0100686045954933,0.00555636585365036,0.00532120849159338));
#9013=CARTESIAN_POINT('',(-0.010587003171761,0.00259333064631632,0.00761334754729776));
#9014=CARTESIAN_POINT('',(-0.0103533318749622,0.00354726946004674,0.00647803080465663));
#9015=CARTESIAN_POINT('',(-0.00995290001801246,0.00444407259520448,0.00532120849159338));
#9016=CARTESIAN_POINT('',(-0.0107092150743958,0.00419078900570451,0.007));
#9017=CARTESIAN_POINT('',(-0.0106931200996455,0.00366316752917777,0.00720726215906262));
#9018=CARTESIAN_POINT('',(-0.0106514674647565,0.00313398193666046,0.00740822117506277));
#9019=CARTESIAN_POINT('',(-0.0105842503210126,0.00260454317340784,0.00760000000000001));
#9020=CARTESIAN_POINT('',(-0.00870139157454727,0.0075190281730022,0.00266147368237539));
#9021=CARTESIAN_POINT('',(-0.00858889878400847,0.00764921039832038,0.00247299651233195));
#9022=CARTESIAN_POINT('',(-0.0084725618796537,0.00777596908400759,0.00228571428571429));
#9023=CARTESIAN_POINT('',(-0.00788925515765521,0.00841153003384654,0.00134669169178494));
#9024=CARTESIAN_POINT('',(-0.00721765794299568,0.00895295559119525,0.000386202967069102));
#9025=CARTESIAN_POINT('',(-0.00881828523868693,0.00640685924998796,0.00266147368237539));
#9026=CARTESIAN_POINT('',(-0.00872243169763913,0.00653879033089929,0.00247299651233195));
#9027=CARTESIAN_POINT('',(-0.00862267427775412,0.00666779486035357,0.00228571428571429));
#9028=CARTESIAN_POINT('',(-0.00812249616221219,0.00731461634504307,0.00134669169178494));
#9029=CARTESIAN_POINT('',(-0.00753141729958221,0.00787957825391396,0.000386202967069102));
#9030=CARTESIAN_POINT('',(-0.00753990288598419,0.00787145885271132,0.000399998385918052));
#9031=CARTESIAN_POINT('',(-0.00754823908728681,0.00807057177608907,0.000549554654878681));
#9032=CARTESIAN_POINT('',(-0.00757084043131507,0.00826307335861183,0.000706539643362131));
#9033=CARTESIAN_POINT('',(-0.00760719559594311,0.00844864663160857,0.000868773814288401));
#9034=CARTESIAN_POINT('',(-0.00753990288598419,0.00787145885271132,0.000399998385918048));
#9035=CARTESIAN_POINT('',(-0.0106618088479985,0.00226623742991358,0.008));
#9036=CARTESIAN_POINT('',(-0.010144554943202,0.0046997257246644,0.00514285714285714));
#9037=CARTESIAN_POINT('',(-0.00862267427775412,0.00666779486035357,0.00228571428571429));
#9038=CARTESIAN_POINT('',(-0.00710079361230624,0.00863586399604275,-0.000571428571428571));
#9039=CARTESIAN_POINT('',(-0.00487571331664039,0.00974871374356307,-0.00342857142857143));
#9040=CARTESIAN_POINT('',(-0.00870139157454729,0.00751902817300198,0.00266147368237538));
#9041=CARTESIAN_POINT('',(-0.0087403561292605,0.00714830519866397,0.00266147368237538));
#9042=CARTESIAN_POINT('',(-0.00877932068397371,0.00677758222432596,0.00266147368237538));
#9043=CARTESIAN_POINT('',(-0.00881828523868692,0.00640685924998795,0.00266147368237538));
#9044=CARTESIAN_POINT('',(-0.00870139157454729,0.00751902817300198,0.00266147368237539));
#9045=CARTESIAN_POINT('',(-0.0110073810263765,0.00332979923421329,0.008));
#9046=CARTESIAN_POINT('',(-0.010247376080138,0.00584216212360966,0.00514285714285714));
#9047=CARTESIAN_POINT('',(-0.00847256187965373,0.00777596908400738,0.00228571428571429));
#9048=CARTESIAN_POINT('',(-0.00669774767916949,0.00970977604440508,-0.000571428571428571));
#9049=CARTESIAN_POINT('',(-0.00425964794351316,0.0106820128907114,-0.00342857142857143));
#9050=CARTESIAN_POINT('',(-0.00882512832121628,0.00639742996163822,0.00267494058324295));
#9051=CARTESIAN_POINT('',(-0.00872599603829379,0.0065341809886619,0.00247968812138718));
#9052=CARTESIAN_POINT('',(-0.00862267427775412,0.00666779486035357,0.00228571428571429));
#9053=CARTESIAN_POINT('',(-0.00812249616221219,0.00731461634504307,0.00134669169178493));
#9054=CARTESIAN_POINT('',(-0.0075314172995822,0.00787957825391397,0.00038620296706909));
#9055=CARTESIAN_POINT('',(-0.00984625493167702,0.00594148666752908,0.00267494058324295));
#9056=CARTESIAN_POINT('',(-0.00975418778270665,0.0060940607067084,0.00247968812138718));
#9057=CARTESIAN_POINT('',(-0.0096574375063076,0.00624370889870461,0.00228571428571429));
#9058=CARTESIAN_POINT('',(-0.00918907178475317,0.00696815213579196,0.00134669169178493));
#9059=CARTESIAN_POINT('',(-0.00861786901980733,0.00761461315875238,0.00038620296706909));
#9060=CARTESIAN_POINT('',(-0.00897360703011679,0.00719196613375093,0.000999998385917145));
#9061=CARTESIAN_POINT('',(-0.00850939558080722,0.0074403132037777,0.000793081220009621));
#9062=CARTESIAN_POINT('',(-0.00803108723648237,0.00766692970608931,0.000592066233629623));
#9063=CARTESIAN_POINT('',(-0.00753990288598418,0.00787145885271132,0.000399998385918035));
#9064=CARTESIAN_POINT('',(-0.0106618088479985,-0.00226623742991357,0.00266147368237538));
#9065=CARTESIAN_POINT('',(-0.0106279034859425,-0.00242574961711471,0.00247299651233195));
#9066=CARTESIAN_POINT('',(-0.0105892414173923,-0.00258417611709892,0.00228571428571429));
#9067=CARTESIAN_POINT('',(-0.0103953919712786,-0.0033785177139983,0.00134669169178477));
#9068=CARTESIAN_POINT('',(-0.0100852052714942,-0.0041350495319677,0.00038620296706876));
#9069=CARTESIAN_POINT('',(-0.0110073810263764,-0.00332979923421301,0.00266147368237538));
#9070=CARTESIAN_POINT('',(-0.0109575636298762,-0.00349448155481222,0.00247299651233195));
#9071=CARTESIAN_POINT('',(-0.0109028419816438,-0.0036575998582816,0.00228571428571429));
#9072=CARTESIAN_POINT('',(-0.0106284707025572,-0.00447546589505133,0.00134669169178477));
#9073=CARTESIAN_POINT('',(-0.010235153731411,-0.00524324595020866,0.00038620296706876));
#9074=CARTESIAN_POINT('',(-0.0103858931515469,-0.00462409755361812,0.000868773814288783));
#9075=CARTESIAN_POINT('',(-0.0102772001717259,-0.0044693528687667,0.000706537502645426));
#9076=CARTESIAN_POINT('',(-0.0101782579054035,-0.00430269097955644,0.000549556515180233));
#9077=CARTESIAN_POINT('',(-0.0100896547824182,-0.00412418069095279,0.000399998385917707));
#9078=CARTESIAN_POINT('',(-0.0103858931515469,-0.00462409755361812,0.000868773814288732));
#9079=CARTESIAN_POINT('',(-0.0100896547824183,-0.00412418069095231,0.00039999838591805));
#9080=CARTESIAN_POINT('',(-0.0103858931515469,-0.00462409755361814,0.000868773814288828));
#9081=CARTESIAN_POINT('',(-0.0104251352059823,-0.00464156924192322,0.000940599483318609));
#9082=CARTESIAN_POINT('',(-0.0104650913399932,-0.0046593588589389,0.00101194591199136));
#9083=CARTESIAN_POINT('',(-0.0105057727628898,-0.00467747139537163,0.00108280557739974));
#9084=CARTESIAN_POINT('',(-0.0105057727628902,-0.00467747139537114,0.00108280557739932));
#9085=CARTESIAN_POINT('',(-0.0114100942998269,0.0014351822424483,0.008));
#9086=CARTESIAN_POINT('',(-0.0117376652812264,-0.00116909732366344,0.00514285714285714));
#9087=CARTESIAN_POINT('',(-0.0109028419816435,-0.00365759985828054,0.00228571428571429));
#9088=CARTESIAN_POINT('',(-0.0100680186820606,-0.00614610239289763,-0.000571428571428571));
#9089=CARTESIAN_POINT('',(-0.0082361480944137,-0.00802594944955843,-0.00342857142857143));
#9090=CARTESIAN_POINT('',(-0.011007381026376,-0.00332979923421196,0.00266147368237539));
#9091=CARTESIAN_POINT('',(-0.011007381026376,-0.00332979923421196,0.00266147368237538));
#9092=CARTESIAN_POINT('',(-0.0108921903002502,-0.00297527863277917,0.00266147368237538));
#9093=CARTESIAN_POINT('',(-0.0107769995741243,-0.00262075803134637,0.00266147368237538));
#9094=CARTESIAN_POINT('',(-0.0106618088479985,-0.00226623742991358,0.00266147368237538));
#9095=CARTESIAN_POINT('',(-0.0106618088479985,-0.00226623742991358,0.00266147368237539));
#9096=CARTESIAN_POINT('',(-0.0106618088479985,0.00226623742991358,0.008));
#9097=CARTESIAN_POINT('',(-0.011179062752795,-0.000167250864837235,0.00514285714285714));
#9098=CARTESIAN_POINT('',(-0.0105892414173923,-0.00258417611709892,0.00228571428571429));
#9099=CARTESIAN_POINT('',(-0.00999942008198954,-0.0050011013693606,-0.000571428571428571));
#9100=CARTESIAN_POINT('',(-0.00841934485554814,-0.00692276189127975,-0.00342857142857143));
#9101=CARTESIAN_POINT('',(-0.0114116218096551,-0.00142298547898634,0.00267494058324295));
#9102=CARTESIAN_POINT('',(-0.0113895717364314,-0.00159981588254256,0.00247968812138718));
#9103=CARTESIAN_POINT('',(-0.0113620533641563,-0.00177587819122434,0.00228571428571429));
#9104=CARTESIAN_POINT('',(-0.0112288375970666,-0.0026281915211022,0.00134669169178494));
#9105=CARTESIAN_POINT('',(-0.0109699572921157,-0.00345109214730037,0.0003862029670691));
#9106=CARTESIAN_POINT('',(-0.0106642250778695,-0.00225484001395658,0.00267494058324295));
#9107=CARTESIAN_POINT('',(-0.0106292848847687,-0.00242008902549836,0.00247968812138718));
#9108=CARTESIAN_POINT('',(-0.0105892414173923,-0.00258417611709892,0.00228571428571429));
#9109=CARTESIAN_POINT('',(-0.0103953919712786,-0.00337851771399816,0.00134669169178494));
#9110=CARTESIAN_POINT('',(-0.0100852052714943,-0.00413504953196744,0.0003862029670691));
#9111=CARTESIAN_POINT('',(-0.0100896547824183,-0.00412418069095231,0.000399998385918052));
#9112=CARTESIAN_POINT('',(-0.0104551846418825,-0.0037375512112812,0.000592066299683869));
#9113=CARTESIAN_POINT('',(-0.0107999676024839,-0.00333598145802147,0.000793081160071356));
#9114=CARTESIAN_POINT('',(-0.0111230341033908,-0.00292029319329485,0.000999998385918017));
#9115=CARTESIAN_POINT('',(-0.0106618088479985,-0.00226623742991357,0.00266147368237539));
#9116=CARTESIAN_POINT('',(-0.0108394699331812,-0.00230400045932258,0.00229787875121929));
#9117=CARTESIAN_POINT('',(-0.0110362333568669,-0.00234582381612363,0.00194442357855));
#9118=CARTESIAN_POINT('',(-0.0112486974084388,-0.00239098444440423,0.00160091117584766));
#9119=CARTESIAN_POINT('',(-0.0107265112590783,-0.00193699669820727,0.00761334754729776));
#9120=CARTESIAN_POINT('',(-0.0109,-0.000976267681713865,0.00648482047779226));
#9121=CARTESIAN_POINT('',(-0.0109,5.14642920161191E-18,0.00533493418541145));
#9122=CARTESIAN_POINT('',(-0.0111046557861365,-0.00298941798205129,0.00761334754729776));
#9123=CARTESIAN_POINT('',(-0.0113724055258623,-0.00199482013245844,0.00648482047779226));
#9124=CARTESIAN_POINT('',(-0.0114591475301814,-0.000968471931200875,0.00533493418541145));
#9125=CARTESIAN_POINT('',(-0.0107285569504112,-0.00192563385974184,0.0076));
#9126=CARTESIAN_POINT('',(-0.0108599494033102,-0.00208850309372885,0.00744190110775625));
#9127=CARTESIAN_POINT('',(-0.010999644362037,-0.00223622405564401,0.00727578713389251));
#9128=CARTESIAN_POINT('',(-0.011146739630284,-0.00236931264964465,0.00710423557557019));
#9129=CARTESIAN_POINT('',(-0.0107285569504112,-0.00192563385974184,0.0076));
#9130=CARTESIAN_POINT('',(-0.0106618088479985,-0.00226623742991358,0.008));
#9131=CARTESIAN_POINT('',(-0.011179062752795,0.00016725086483724,0.00514285714285714));
#9132=CARTESIAN_POINT('',(-0.0105892414173922,0.00258417611709893,0.00228571428571429));
#9133=CARTESIAN_POINT('',(-0.00999942008198954,0.00500110136936061,-0.000571428571428571));
#9134=CARTESIAN_POINT('',(-0.00841934485554813,0.00692276189127975,-0.00342857142857143));
#9135=CARTESIAN_POINT('',(-0.0114591475301812,-0.000968471931200524,0.00533493418541146));
#9136=CARTESIAN_POINT('',(-0.0112727650201208,-0.000645647954133683,0.00533493418541146));
#9137=CARTESIAN_POINT('',(-0.0110863825100604,-0.000322823977066842,0.00533493418541145));
#9138=CARTESIAN_POINT('',(-0.0109,-1.22828110278471E-18,0.00533493418541145));
#9139=CARTESIAN_POINT('',(-0.0114591475301812,-0.000968471931200524,0.00533493418541146));
#9140=CARTESIAN_POINT('',(-0.011007381026376,-0.00332979923421195,0.008));
#9141=CARTESIAN_POINT('',(-0.0117673859726142,-0.000817436344815675,0.00514285714285714));
#9142=CARTESIAN_POINT('',(-0.0113620533641552,0.00177587819122541,0.00228571428571429));
#9143=CARTESIAN_POINT('',(-0.0109567207556963,0.00436919272726649,-0.000571428571428571));
#9144=CARTESIAN_POINT('',(-0.00946633168672362,0.00652982116117386,-0.00342857142857143));
#9145=CARTESIAN_POINT('',(-0.0114488625628422,-0.00108330328955007,0.00761334754729776));
#9146=CARTESIAN_POINT('',(-0.0115464732878206,-5.17068883237454E-5,0.00647803080465662));
#9147=CARTESIAN_POINT('',(-0.011458105588027,0.000980722352974223,0.00532120849159337));
#9148=CARTESIAN_POINT('',(-0.0107265112590783,-0.00193699669820727,0.00761334754729776));
#9149=CARTESIAN_POINT('',(-0.0109010437781028,-0.000970487549211798,0.00647803080465662));
#9150=CARTESIAN_POINT('',(-0.0108999937707849,1.16531905875569E-5,0.00532120849159337));
#9151=CARTESIAN_POINT('',(-0.0114879022381512,-0.0005273539292366,0.007));
#9152=CARTESIAN_POINT('',(-0.0112585957588999,-0.00100281371647194,0.00720726215906262));
#9153=CARTESIAN_POINT('',(-0.0110053050120337,-0.00146930715787603,0.00740822117506277));
#9154=CARTESIAN_POINT('',(-0.0107285569504112,-0.00192563385974184,0.00760000000000001));
#9155=CARTESIAN_POINT('',(-0.0110073810263765,0.00332979923421332,0.00266147368237539));
#9156=CARTESIAN_POINT('',(-0.0109575636298763,0.00349448155481254,0.00247299651233195));
#9157=CARTESIAN_POINT('',(-0.0109028419816439,0.00365759985828193,0.00228571428571429));
#9158=CARTESIAN_POINT('',(-0.0106284707025573,0.00447546589505152,0.00134669169178494));
#9159=CARTESIAN_POINT('',(-0.0102351537314112,0.00524324595020872,0.000386202967069104));
#9160=CARTESIAN_POINT('',(-0.0106618088479985,0.00226623742991357,0.00266147368237539));
#9161=CARTESIAN_POINT('',(-0.0106279034859425,0.00242574961711471,0.00247299651233195));
#9162=CARTESIAN_POINT('',(-0.0105892414173922,0.00258417611709893,0.00228571428571429));
#9163=CARTESIAN_POINT('',(-0.0103953919712786,0.00337851771399816,0.00134669169178494));
#9164=CARTESIAN_POINT('',(-0.0100852052714943,0.00413504953196744,0.000386202967069104));
#9165=CARTESIAN_POINT('',(-0.0100896547824183,0.00412418069095232,0.000399998385918051));
#9166=CARTESIAN_POINT('',(-0.0101782568033,0.00430268875912817,0.000549554654878677));
#9167=CARTESIAN_POINT('',(-0.0102772016059357,0.0044693549106318,0.000706539643362123));
#9168=CARTESIAN_POINT('',(-0.0103858931515467,0.00462409755361856,0.000868773814288392));
#9169=CARTESIAN_POINT('',(-0.0100896547824183,0.00412418069095232,0.000399998385918048));
#9170=CARTESIAN_POINT('',(-0.0106618088479985,-0.00226623742991358,0.008));
#9171=CARTESIAN_POINT('',(-0.011179062752795,0.00016725086483724,0.00514285714285714));
#9172=CARTESIAN_POINT('',(-0.0105892414173922,0.00258417611709893,0.00228571428571429));
#9173=CARTESIAN_POINT('',(-0.00999942008198954,0.00500110136936061,-0.000571428571428571));
#9174=CARTESIAN_POINT('',(-0.00841934485554813,0.00692276189127975,-0.00342857142857143));
#9175=CARTESIAN_POINT('',(-0.0110073810263765,0.00332979923421329,0.00266147368237539));
#9176=CARTESIAN_POINT('',(-0.0108921903002505,0.00297527863278006,0.00266147368237539));
#9177=CARTESIAN_POINT('',(-0.0107769995741245,0.00262075803134682,0.00266147368237539));
#9178=CARTESIAN_POINT('',(-0.0106618088479985,0.00226623742991359,0.00266147368237539));
#9179=CARTESIAN_POINT('',(-0.0110073810263765,0.00332979923421329,0.00266147368237539));
#9180=CARTESIAN_POINT('',(-0.0114100942998278,-0.00143518224244726,0.008));
#9181=CARTESIAN_POINT('',(-0.0117376652812271,0.00116909732366469,0.00514285714285714));
#9182=CARTESIAN_POINT('',(-0.0109028419816439,0.00365759985828188,0.00228571428571429));
#9183=CARTESIAN_POINT('',(-0.0100680186820607,0.00614610239289907,-0.000571428571428571));
#9184=CARTESIAN_POINT('',(-0.00823614809441347,0.00802594944955981,-0.00342857142857143));
#9185=CARTESIAN_POINT('',(-0.0106642250778695,0.00225484001395659,0.00267494058324295));
#9186=CARTESIAN_POINT('',(-0.0106292848847687,0.00242008902549837,0.00247968812138718));
#9187=CARTESIAN_POINT('',(-0.0105892414173922,0.00258417611709893,0.00228571428571429));
#9188=CARTESIAN_POINT('',(-0.0103953919712786,0.00337851771399817,0.00134669169178493));
#9189=CARTESIAN_POINT('',(-0.0100852052714943,0.00413504953196745,0.000386202967069086));
#9190=CARTESIAN_POINT('',(-0.011411621809655,0.00142298547898639,0.00267494058324295));
#9191=CARTESIAN_POINT('',(-0.0113895717364313,0.00159981588254262,0.00247968812138718));
#9192=CARTESIAN_POINT('',(-0.0113620533641562,0.0017758781912244,0.00228571428571429));
#9193=CARTESIAN_POINT('',(-0.0112288375970665,0.00262819152110227,0.00134669169178493));
#9194=CARTESIAN_POINT('',(-0.0109699572921156,0.00345109214730043,0.000386202967069086));
#9195=CARTESIAN_POINT('',(-0.0111230341033896,0.00292029319329647,0.000999998385917143));
#9196=CARTESIAN_POINT('',(-0.0107999676960675,0.00333598133760781,0.000793081220009618));
#9197=CARTESIAN_POINT('',(-0.0104551845161728,0.00373755134424727,0.000592066233629619));
#9198=CARTESIAN_POINT('',(-0.0100896547824183,0.00412418069095233,0.000399998385918031));
#9199=CARTESIAN_POINT('',(-0.00881828523868693,-0.00640685924998795,0.00266147368237539));
#9200=CARTESIAN_POINT('',(-0.00872243169763913,-0.00653879033089929,0.00247299651233195));
#9201=CARTESIAN_POINT('',(-0.00862267427775412,-0.00666779486035357,0.00228571428571429));
#9202=CARTESIAN_POINT('',(-0.0081224961622121,-0.00731461634504318,0.00134669169178477));
#9203=CARTESIAN_POINT('',(-0.007531417299582,-0.00787957825391416,0.000386202967068754));
#9204=CARTESIAN_POINT('',(-0.00870139157454732,-0.00751902817300169,0.00266147368237539));
#9205=CARTESIAN_POINT('',(-0.00858889878400854,-0.00764921039831988,0.00247299651233195));
#9206=CARTESIAN_POINT('',(-0.00847256187965377,-0.00777596908400709,0.00228571428571429));
#9207=CARTESIAN_POINT('',(-0.00788925515765521,-0.00841153003384615,0.00134669169178477));
#9208=CARTESIAN_POINT('',(-0.00721765794299559,-0.00895295559119495,0.000386202967068754));
#9209=CARTESIAN_POINT('',(-0.00760719559594339,-0.00844864663160822,0.000868773814288775));
#9210=CARTESIAN_POINT('',(-0.00757083995160061,-0.00826307090992959,0.000706537502645417));
#9211=CARTESIAN_POINT('',(-0.00754823919097895,-0.00807057425281713,0.000549556515180228));
#9212=CARTESIAN_POINT('',(-0.00753990288598391,-0.00787145885271171,0.000399998385917702));
#9213=CARTESIAN_POINT('',(-0.00760719559594337,-0.00844864663160821,0.000868773814288724));
#9214=CARTESIAN_POINT('',(-0.00753990288598419,-0.00787145885271131,0.000399998385918048));
#9215=CARTESIAN_POINT('',(-0.0076071955959434,-0.00844864663160825,0.000868773814288821));
#9216=CARTESIAN_POINT('',(-0.00763593862067135,-0.00848056899458515,0.000940599483318604));
#9217=CARTESIAN_POINT('',(-0.00766520467629537,-0.00851307224222089,0.00101194591199136));
#9218=CARTESIAN_POINT('',(-0.00769500197312676,-0.00854616549298991,0.00108280557739974));
#9219=CARTESIAN_POINT('',(-0.00769500197312733,-0.00854616549298962,0.00108280557739932));
#9220=CARTESIAN_POINT('',(-0.011007381026376,-0.00332979923421195,0.008));
#9221=CARTESIAN_POINT('',(-0.0102473760801378,-0.00584216212360824,0.00514285714285714));
#9222=CARTESIAN_POINT('',(-0.00847256187965392,-0.00777596908400599,0.00228571428571429));
#9223=CARTESIAN_POINT('',(-0.00669774767917001,-0.00970977604440373,-0.000571428571428571));
#9224=CARTESIAN_POINT('',(-0.00425964794351393,-0.0106820128907102,-0.00342857142857143));
#9225=CARTESIAN_POINT('',(-0.00870139157454743,-0.00751902817300059,0.00266147368237539));
#9226=CARTESIAN_POINT('',(-0.00870139157454743,-0.00751902817300059,0.00266147368237538));
#9227=CARTESIAN_POINT('',(-0.0087403561292606,-0.00714830519866305,0.00266147368237539));
#9228=CARTESIAN_POINT('',(-0.00877932068397376,-0.0067775822243255,0.00266147368237539));
#9229=CARTESIAN_POINT('',(-0.00881828523868693,-0.00640685924998795,0.00266147368237539));
#9230=CARTESIAN_POINT('',(-0.00881828523868693,-0.00640685924998796,0.00266147368237539));
#9231=CARTESIAN_POINT('',(-0.0106618088479985,-0.00226623742991358,0.008));
#9232=CARTESIAN_POINT('',(-0.010144554943202,-0.00469972572466439,0.00514285714285714));
#9233=CARTESIAN_POINT('',(-0.00862267427775412,-0.00666779486035357,0.00228571428571429));
#9234=CARTESIAN_POINT('',(-0.00710079361230624,-0.00863586399604274,-0.000571428571428571));
#9235=CARTESIAN_POINT('',(-0.0048757133166404,-0.00974871374356307,-0.00342857142857143));
#9236=CARTESIAN_POINT('',(-0.00984625493167711,-0.00594148666752904,0.00267494058324295));
#9237=CARTESIAN_POINT('',(-0.00975418778270674,-0.00609406070670836,0.00247968812138718));
#9238=CARTESIAN_POINT('',(-0.00965743750630769,-0.00624370889870458,0.00228571428571429));
#9239=CARTESIAN_POINT('',(-0.00918907178475326,-0.00696815213579192,0.00134669169178494));
#9240=CARTESIAN_POINT('',(-0.00861786901980744,-0.00761461315875234,0.000386202967069102));
#9241=CARTESIAN_POINT('',(-0.00882512832121628,-0.00639742996163821,0.00267494058324295));
#9242=CARTESIAN_POINT('',(-0.00872599603829379,-0.0065341809886619,0.00247968812138718));
#9243=CARTESIAN_POINT('',(-0.00862267427775412,-0.00666779486035357,0.00228571428571429));
#9244=CARTESIAN_POINT('',(-0.00812249616221219,-0.00731461634504306,0.00134669169178494));
#9245=CARTESIAN_POINT('',(-0.00753141729958221,-0.00787957825391396,0.000386202967069102));
#9246=CARTESIAN_POINT('',(-0.00753990288598419,-0.00787145885271131,0.000399998385918049));
#9247=CARTESIAN_POINT('',(-0.00803108740540604,-0.00766692963574949,0.000592066299683866));
#9248=CARTESIAN_POINT('',(-0.00850939544633769,-0.00744031327571718,0.000793081160071353));
#9249=CARTESIAN_POINT('',(-0.00897360703011856,-0.00719196613374995,0.000999998385918016));
#9250=CARTESIAN_POINT('',(-0.00881828523868693,-0.00640685924998796,0.00266147368237539));
#9251=CARTESIAN_POINT('',(-0.00896522710824128,-0.00651361876736381,0.0022978787512193));
#9252=CARTESIAN_POINT('',(-0.00912796834843211,-0.00663185719942278,0.00194442357855001));
#9253=CARTESIAN_POINT('',(-0.00930369543531189,-0.00675953040136344,0.00160091117584766));
#9254=CARTESIAN_POINT('',(-0.00901130810240549,-0.00613239971654827,0.00761334754729776));
#9255=CARTESIAN_POINT('',(-0.00956056164870065,-0.0053252943155992,0.00648482047779226));
#9256=CARTESIAN_POINT('',(-0.00995764548830434,-0.00443342940952622,0.00533493418541145));
#9257=CARTESIAN_POINT('',(-0.00892870201733968,-0.0072476396354635,0.00761334754729776));
#9258=CARTESIAN_POINT('',(-0.00957784296640495,-0.00644793291810734,0.00648482047779226));
#9259=CARTESIAN_POINT('',(-0.0100745391524439,-0.00554559833253926,0.00533493418541145));
#9260=CARTESIAN_POINT('',(-0.00901779861720358,-0.00612285130470773,0.0076));
#9261=CARTESIAN_POINT('',(-0.00907158671022579,-0.00632508187882394,0.00744190110775625));
#9262=CARTESIAN_POINT('',(-0.00913912087706498,-0.0065168507511473,0.00727578713389251));
#9263=CARTESIAN_POINT('',(-0.00921936708325724,-0.00669826226727974,0.00710423557557019));
#9264=CARTESIAN_POINT('',(-0.00901779861720358,-0.00612285130470773,0.0076));
#9265=CARTESIAN_POINT('',(-0.00881828523868693,-0.00640685924998796,0.008));
#9266=CARTESIAN_POINT('',(-0.0102806090538328,-0.00439414318894668,0.00514285714285714));
#9267=CARTESIAN_POINT('',(-0.0107248325157251,-0.00194627015330514,0.00228571428571429));
#9268=CARTESIAN_POINT('',(-0.0111690559776173,0.000501602882336402,-0.000571428571428571));
#9269=CARTESIAN_POINT('',(-0.0105071951815848,0.00289980161667676,-0.00342857142857143));
#9270=CARTESIAN_POINT('',(-0.0100745391524438,-0.00554559833253886,0.00533493418541146));
#9271=CARTESIAN_POINT('',(-0.0100355745977307,-0.00517487535820131,0.00533493418541146));
#9272=CARTESIAN_POINT('',(-0.00999661004301751,-0.00480415238386377,0.00533493418541145));
#9273=CARTESIAN_POINT('',(-0.00995764548830435,-0.00443342940952622,0.00533493418541145));
#9274=CARTESIAN_POINT('',(-0.0100745391524438,-0.00554559833253886,0.00533493418541146));
#9275=CARTESIAN_POINT('',(-0.00870139157454744,-0.00751902817300059,0.008));
#9276=CARTESIAN_POINT('',(-0.0104175606887905,-0.00553299232799671,0.00514285714285714));
#9277=CARTESIAN_POINT('',(-0.0111020669743274,-0.00299901798886407,0.00228571428571429));
#9278=CARTESIAN_POINT('',(-0.0117865732598643,-0.000465043649731452,-0.000571428571428571));
#9279=CARTESIAN_POINT('',(-0.0113038418519258,0.00211498448850887,-0.00342857142857143));
#9280=CARTESIAN_POINT('',(-0.0100184372460344,-0.00564631872526439,0.00761334754729776));
#9281=CARTESIAN_POINT('',(-0.0105271971376994,-0.00474361037740952,0.00647803080465662));
#9282=CARTESIAN_POINT('',(-0.0108663960307695,-0.00376449695211402,0.00532120849159337));
#9283=CARTESIAN_POINT('',(-0.00901130810240548,-0.00613239971654827,0.00761334754729776));
#9284=CARTESIAN_POINT('',(-0.00956386617913568,-0.00532043844460901,0.00647803080465662));
#9285=CARTESIAN_POINT('',(-0.00996237957725387,-0.00442278115654787,0.00532120849159337));
#9286=CARTESIAN_POINT('',(-0.0102802267406147,-0.00515431257895265,0.007));
#9287=CARTESIAN_POINT('',(-0.00987735793030913,-0.00549539936026705,0.00720726215906262));
#9288=CARTESIAN_POINT('',(-0.00945622534267298,-0.00581853969657926,0.00740822117506276));
#9289=CARTESIAN_POINT('',(-0.00901779861720359,-0.00612285130470773,0.0076));
#9290=CARTESIAN_POINT('',(-0.0114100942998279,-0.00143518224244724,0.00266147368237539));
#9291=CARTESIAN_POINT('',(-0.011431566177798,-0.00126447489589052,0.00247299651233195));
#9292=CARTESIAN_POINT('',(-0.0114479216557979,-0.00109320161119208,0.00228571428571429));
#9293=CARTESIAN_POINT('',(-0.0115299271063622,-0.000234446955328985,0.00134669169178494));
#9294=CARTESIAN_POINT('',(-0.0114828984562131,0.000626931451037193,0.000386202967069101));
#9295=CARTESIAN_POINT('',(-0.0106618088479985,-0.00226623742991358,0.00266147368237539));
#9296=CARTESIAN_POINT('',(-0.0106957142100544,-0.00210672524271244,0.00247299651233195));
#9297=CARTESIAN_POINT('',(-0.0107248325157251,-0.00194627015330514,0.00228571428571429));
#9298=CARTESIAN_POINT('',(-0.0108708300693397,-0.0011417573226669,0.00134669169178494));
#9299=CARTESIAN_POINT('',(-0.0108951696307514,-0.000324466819801929,0.000386202967069101));
#9300=CARTESIAN_POINT('',(-0.0108948137053361,-0.000336205779277693,0.000399998385918048));
#9301=CARTESIAN_POINT('',(-0.0110483614514623,-0.000209168232986227,0.00054955465487868));
#9302=CARTESIAN_POINT('',(-0.0112065412574445,-9.7155604211165E-5,0.000706539643362134));
#9303=CARTESIAN_POINT('',(-0.0113687754283708,4.37253524844765E-16,0.000868773814288409));
#9304=CARTESIAN_POINT('',(-0.0108948137053361,-0.000336205779277691,0.000399998385918048));
#9305=CARTESIAN_POINT('',(-0.00881828523868693,-0.00640685924998796,0.008));
#9306=CARTESIAN_POINT('',(-0.0102806090538328,-0.00439414318894668,0.00514285714285714));
#9307=CARTESIAN_POINT('',(-0.0107248325157251,-0.00194627015330514,0.00228571428571429));
#9308=CARTESIAN_POINT('',(-0.0111690559776173,0.000501602882336402,-0.000571428571428571));
#9309=CARTESIAN_POINT('',(-0.0105071951815848,0.00289980161667676,-0.00342857142857143));
#9310=CARTESIAN_POINT('',(-0.0114100942998278,-0.00143518224244726,0.00266147368237539));
#9311=CARTESIAN_POINT('',(-0.0111606658158847,-0.00171220063826937,0.00266147368237539));
#9312=CARTESIAN_POINT('',(-0.0109112373319416,-0.00198921903409147,0.00266147368237539));
#9313=CARTESIAN_POINT('',(-0.0106618088479985,-0.00226623742991357,0.00266147368237539));
#9314=CARTESIAN_POINT('',(-0.0114100942998278,-0.00143518224244726,0.00266147368237539));
#9315=CARTESIAN_POINT('',(-0.00983989861138647,-0.00595200767116732,0.008));
#9316=CARTESIAN_POINT('',(-0.0111984055218505,-0.00370611502445766,0.00514285714285714));
#9317=CARTESIAN_POINT('',(-0.0114479216557979,-0.00109320161119211,0.00228571428571429));
#9318=CARTESIAN_POINT('',(-0.0116974377897453,0.00151971180207345,-0.000571428571428571));
#9319=CARTESIAN_POINT('',(-0.0107885434167332,0.00398212643511761,-0.00342857142857143));
#9320=CARTESIAN_POINT('',(-0.0106593804371157,-0.00227763225671657,0.00267494058324295));
#9321=CARTESIAN_POINT('',(-0.0106946738106454,-0.00211245831599241,0.00247968812138718));
#9322=CARTESIAN_POINT('',(-0.0107248325157251,-0.00194627015330514,0.00228571428571429));
#9323=CARTESIAN_POINT('',(-0.0108708300693397,-0.00114175732266689,0.00134669169178493));
#9324=CARTESIAN_POINT('',(-0.0108951696307514,-0.000324466819801912,0.000386202967069084));
#9325=CARTESIAN_POINT('',(-0.0110038156054141,-0.00334156282629026,0.00267494058324295));
#9326=CARTESIAN_POINT('',(-0.0110555952659161,-0.00317105164158579,0.00247968812138718));
#9327=CARTESIAN_POINT('',(-0.0111020669743279,-0.0029990179888654,0.00228571428571429));
#9328=CARTESIAN_POINT('',(-0.01132703537806,-0.0021662072839564,0.00134669169178493));
#9329=CARTESIAN_POINT('',(-0.0114252402896838,-0.00130915404860766,0.000386202967069084));
#9330=CARTESIAN_POINT('',(-0.0113491875305939,-0.00185632497031054,0.000999998385917819));
#9331=CARTESIAN_POINT('',(-0.0112231272820515,-0.001345172008274,0.000793081220010175));
#9332=CARTESIAN_POINT('',(-0.0110714854106476,-0.000838083599603429,0.000592066233629731));
#9333=CARTESIAN_POINT('',(-0.0108948137053361,-0.000336205779277676,0.00039999838591803));
#9334=CARTESIAN_POINT('',(-0.00545000000000001,-0.00943967690125038,0.00266147368237539));
#9335=CARTESIAN_POINT('',(-0.0053087722280096,-0.00952121479342609,0.00247299651233195));
#9336=CARTESIAN_POINT('',(-0.00516516842095569,-0.00959849129723844,0.00228571428571429));
#9337=CARTESIAN_POINT('',(-0.00444514697613808,-0.00998595135882674,0.00134669169178477));
#9338=CARTESIAN_POINT('',(-0.00367537885579392,-0.0102616563120377,0.000386202967068755));
#9339=CARTESIAN_POINT('',(-0.00489085246981823,-0.0104081488324519,0.00266147368237539));
#9340=CARTESIAN_POINT('',(-0.00473513531068992,-0.0104813212730631,0.00247299651233195));
#9341=CARTESIAN_POINT('',(-0.0045772988578633,-0.0105498026126463,0.00228571428571429));
#9342=CARTESIAN_POINT('',(-0.00378591572436152,-0.0108931642134376,0.00134669169178477));
#9343=CARTESIAN_POINT('',(-0.0029521635258723,-0.0111146178754155,0.000386202967068755));
#9344=CARTESIAN_POINT('',(-0.00351314481259889,-0.0108123479534482,0.000868773814288782));
#9345=CARTESIAN_POINT('',(-0.00355541272492181,-0.0106280289231231,0.000706537502645422));
#9346=CARTESIAN_POINT('',(-0.00361306134683386,-0.0104429819189004,0.000549556515180231));
#9347=CARTESIAN_POINT('',(-0.0036864332826957,-0.0102576902688781,0.000399998385917703));
#9348=CARTESIAN_POINT('',(-0.00351314481259887,-0.0108123479534482,0.000868773814288733));
#9349=CARTESIAN_POINT('',(-0.0036864332826961,-0.0102576902688778,0.000399998385918048));
#9350=CARTESIAN_POINT('',(-0.00351314481259888,-0.0108123479534482,0.000868773814288827));
#9351=CARTESIAN_POINT('',(-0.00352641887752173,-0.0108532013245327,0.000940599483318609));
#9352=CARTESIAN_POINT('',(-0.00353993448786775,-0.0108947980959895,0.00101194591199136));
#9353=CARTESIAN_POINT('',(-0.00355369543531184,-0.0109371499373941,0.00108280557739974));
#9354=CARTESIAN_POINT('',(-0.00355369543531248,-0.0109371499373941,0.00108280557739932));
#9355=CARTESIAN_POINT('',(-0.00870139157454744,-0.00751902817300059,0.008));
#9356=CARTESIAN_POINT('',(-0.00698522246030436,-0.00950506401800447,0.00514285714285714));
#9357=CARTESIAN_POINT('',(-0.00457729885786389,-0.0105498026126454,0.00228571428571429));
#9358=CARTESIAN_POINT('',(-0.00216937525542343,-0.0115945412072863,-0.000571428571428571));
#9359=CARTESIAN_POINT('',(0.000453384034506097,-0.0114910592600176,-0.00342857142857143));
#9360=CARTESIAN_POINT('',(-0.00489085246981878,-0.0104081488324509,0.00266147368237539));
#9361=CARTESIAN_POINT('',(-0.00489085246981878,-0.0104081488324509,0.00266147368237539));
#9362=CARTESIAN_POINT('',(-0.00507723497987919,-0.0100853248553841,0.00266147368237539));
#9363=CARTESIAN_POINT('',(-0.0052636174899396,-0.00976250087831722,0.00266147368237539));
#9364=CARTESIAN_POINT('',(-0.00545000000000001,-0.00943967690125038,0.00266147368237539));
#9365=CARTESIAN_POINT('',(-0.00545,-0.00943967690125038,0.00266147368237539));
#9366=CARTESIAN_POINT('',(-0.00881828523868693,-0.00640685924998796,0.008));
#9367=CARTESIAN_POINT('',(-0.00735596142354101,-0.00841957531102923,0.00514285714285714));
#9368=CARTESIAN_POINT('',(-0.00516516842095569,-0.00959849129723844,0.00228571428571429));
#9369=CARTESIAN_POINT('',(-0.00297437541837037,-0.0107774072834477,-0.000571428571428571));
#9370=CARTESIAN_POINT('',(-0.000489026650820616,-0.0108890244253003,-0.00342857142857143));
#9371=CARTESIAN_POINT('',(-0.00657838112559431,-0.00943265083454412,0.00267494058324295));
#9372=CARTESIAN_POINT('',(-0.00643221614733801,-0.0095345870718808,0.00247968812138718));
#9373=CARTESIAN_POINT('',(-0.00628296296855309,-0.00963194561528417,0.00228571428571429));
#9374=CARTESIAN_POINT('',(-0.00556043198075966,-0.0101032559425284,0.00134669169178494));
#9375=CARTESIAN_POINT('',(-0.00477567290309224,-0.0104614983784672,0.000386202967069101));
#9376=CARTESIAN_POINT('',(-0.00546008670405094,-0.00943384615012595,0.00267494058324295));
#9377=CARTESIAN_POINT('',(-0.00531390320361258,-0.00951845369771506,0.00247968812138718));
#9378=CARTESIAN_POINT('',(-0.00516516842095569,-0.00959849129723844,0.00228571428571429));
#9379=CARTESIAN_POINT('',(-0.00444514697613822,-0.00998595135882667,0.00134669169178494));
#9380=CARTESIAN_POINT('',(-0.0036753788557942,-0.0102616563120376,0.000386202967069101));
#9381=CARTESIAN_POINT('',(-0.0036864332826961,-0.0102576902688778,0.000399998385918047));
#9382=CARTESIAN_POINT('',(-0.00421834219639628,-0.0102706262743276,0.000592066299683865));
#9383=CARTESIAN_POINT('',(-0.00474747151208891,-0.0102581473349173,0.000793081160071353));
#9384=CARTESIAN_POINT('',(-0.00527256177867823,-0.0102200827927185,0.000999998385918017));
#9385=CARTESIAN_POINT('',(-0.00545000000000001,-0.00943967690125038,0.00266147368237539));
#9386=CARTESIAN_POINT('',(-0.00554081506975505,-0.00959697321615903,0.0022978787512193));
#9387=CARTESIAN_POINT('',(-0.00564139468756429,-0.00977118222441049,0.00194442357855001));
#9388=CARTESIAN_POINT('',(-0.00575000000000001,-0.00995929214352104,0.00160091117584767));
#9389=CARTESIAN_POINT('',(-0.00573796790966267,-0.0092674551127956,0.00761334754729775));
#9390=CARTESIAN_POINT('',(-0.00656801533336508,-0.00875352918353735,0.00648482047779226));
#9391=CARTESIAN_POINT('',(-0.00729352360931155,-0.00810027859770359,0.00533493418541145));
#9392=CARTESIAN_POINT('',(-0.00520889455503345,-0.010252678553165,0.00761334754729775));
#9393=CARTESIAN_POINT('',(-0.00612718434608445,-0.00978613952458387,0.00648482047779226));
#9394=CARTESIAN_POINT('',(-0.00694795143093387,-0.00916384040200237,0.00533493418541145));
#9395=CARTESIAN_POINT('',(-0.00574778097895296,-0.0092613721347318,0.0076));
#9396=CARTESIAN_POINT('',(-0.00571466426216534,-0.00946799654550541,0.00744190110775624));
#9397=CARTESIAN_POINT('',(-0.00569836036614171,-0.00967065474804676,0.00727578713389251));
#9398=CARTESIAN_POINT('',(-0.00569788221221471,-0.00986902148709981,0.00710423557557019));
#9399=CARTESIAN_POINT('',(-0.00574778097895296,-0.0092613721347318,0.0076));
#9400=CARTESIAN_POINT('',(-0.00545,-0.00943967690125038,0.008));
#9401=CARTESIAN_POINT('',(-0.00760454465306183,-0.00819574996582405,0.00514285714285714));
#9402=CARTESIAN_POINT('',(-0.00900600264004435,-0.00614018863289348,0.00228571428571429));
#9403=CARTESIAN_POINT('',(-0.0104074606270268,-0.00408462729996289,-0.000571428571428571));
#9404=CARTESIAN_POINT('',(-0.0107782560058539,-0.0016245607013203,-0.00342857142857143));
#9405=CARTESIAN_POINT('',(-0.006947951430934,-0.00916384040200198,0.00533493418541146));
#9406=CARTESIAN_POINT('',(-0.00706314215705985,-0.00880931980056919,0.00533493418541146));
#9407=CARTESIAN_POINT('',(-0.0071783328831857,-0.00845479919913639,0.00533493418541145));
#9408=CARTESIAN_POINT('',(-0.00729352360931155,-0.0081002785977036,0.00533493418541145));
#9409=CARTESIAN_POINT('',(-0.00694795143093401,-0.00916384040200198,0.00533493418541146));
#9410=CARTESIAN_POINT('',(-0.00489085246981878,-0.0104081488324509,0.008));
#9411=CARTESIAN_POINT('',(-0.00726644452130716,-0.00929184367200982,0.00514285714285714));
#9412=CARTESIAN_POINT('',(-0.00892243234552623,-0.00725535671345586,0.00228571428571429));
#9413=CARTESIAN_POINT('',(-0.0105784201697453,-0.0052188697549019,-0.000571428571428571));
#9414=CARTESIAN_POINT('',(-0.0111868150687506,-0.00266555221625018,-0.00342857142857143));
#9415=CARTESIAN_POINT('',(-0.00685573311474208,-0.00923303435818522,0.00761334754729776));
#9416=CARTESIAN_POINT('',(-0.00768767296588641,-0.0086153005378938,0.00647803080465662));
#9417=CARTESIAN_POINT('',(-0.00839578788168318,-0.00785880053480058,0.00532120849159338));
#9418=CARTESIAN_POINT('',(-0.00573796790966267,-0.0092674551127956,0.00761334754729776));
#9419=CARTESIAN_POINT('',(-0.0065730092327994,-0.00875043719826745,0.00647803080465662));
#9420=CARTESIAN_POINT('',(-0.0073021794494385,-0.00809247646201074,0.00532120849159338));
#9421=CARTESIAN_POINT('',(-0.00729500664669803,-0.00889004375830803,0.007));
#9422=CARTESIAN_POINT('',(-0.00678823518258812,-0.00903778053053609,0.00720726215906262));
#9423=CARTESIAN_POINT('',(-0.00627207840445381,-0.00916169386197025,0.00740822117506277));
#9424=CARTESIAN_POINT('',(-0.00574778097895296,-0.0092613721347318,0.0076));
#9425=CARTESIAN_POINT('',(-0.00983989861138651,-0.00595200767116731,0.00266147368237539));
#9426=CARTESIAN_POINT('',(-0.00992894708106003,-0.0058047921497003,0.00247299651233195));
#9427=CARTESIAN_POINT('',(-0.0100135516745613,-0.00565497859066611,0.00228571428571429));
#9428=CARTESIAN_POINT('',(-0.0104377543673776,-0.00490382179724937,0.00134669169178494));
#9429=CARTESIAN_POINT('',(-0.0107451457190782,-0.00409778519151209,0.000386202967069101));
#9430=CARTESIAN_POINT('',(-0.00881828523868693,-0.00640685924998796,0.00266147368237539));
#9431=CARTESIAN_POINT('',(-0.00891413877973473,-0.00627492816907663,0.00247299651233195));
#9432=CARTESIAN_POINT('',(-0.00900600264004435,-0.00614018863289348,0.00228571428571429));
#9433=CARTESIAN_POINT('',(-0.00946660289002111,-0.00546461214570321,0.00134669169178494));
#9434=CARTESIAN_POINT('',(-0.00982126018134284,-0.00472787991073902,0.000386202967069101));
#9435=CARTESIAN_POINT('',(-0.00981616036232609,-0.00473845921593697,0.000399998385918049));
#9436=CARTESIAN_POINT('',(-0.0100081040334541,-0.00468485813738357,0.000549554654878679));
#9437=CARTESIAN_POINT('',(-0.01019816811731,-0.00464686703245507,0.000706539643362135));
#9438=CARTESIAN_POINT('',(-0.0103858931515471,-0.00462409755361778,0.000868773814288408));
#9439=CARTESIAN_POINT('',(-0.0098161603623261,-0.00473845921593697,0.000399998385918047));
#9440=CARTESIAN_POINT('',(-0.00545,-0.00943967690125038,0.008));
#9441=CARTESIAN_POINT('',(-0.00760454465306183,-0.00819574996582405,0.00514285714285714));
#9442=CARTESIAN_POINT('',(-0.00900600264004435,-0.00614018863289348,0.00228571428571429));
#9443=CARTESIAN_POINT('',(-0.0104074606270268,-0.00408462729996289,-0.000571428571428571));
#9444=CARTESIAN_POINT('',(-0.0107782560058539,-0.0016245607013203,-0.00342857142857143));
#9445=CARTESIAN_POINT('',(-0.00983989861138647,-0.00595200767116732,0.00266147368237539));
#9446=CARTESIAN_POINT('',(-0.00949936082048662,-0.00610362486410753,0.00266147368237539));
#9447=CARTESIAN_POINT('',(-0.00915882302958677,-0.00625524205704774,0.00266147368237539));
#9448=CARTESIAN_POINT('',(-0.00881828523868693,-0.00640685924998795,0.00266147368237539));
#9449=CARTESIAN_POINT('',(-0.00983989861138647,-0.00595200767116732,0.00266147368237539));
#9450=CARTESIAN_POINT('',(-0.00656829506036384,-0.00943967690125038,0.008));
#9451=CARTESIAN_POINT('',(-0.00872283971342567,-0.00794050641585327,0.00514285714285714));
#9452=CARTESIAN_POINT('',(-0.0100135516745612,-0.00565497859066612,0.00228571428571429));
#9453=CARTESIAN_POINT('',(-0.0113042636356968,-0.00336945076547896,-0.000571428571428571));
#9454=CARTESIAN_POINT('',(-0.0114755015714597,-0.000750242416439365,-0.00342857142857143));
#9455=CARTESIAN_POINT('',(-0.00881143208135336,-0.00641628121856398,0.00267494058324295));
#9456=CARTESIAN_POINT('',(-0.00891085647660005,-0.00627974242356678,0.00247968812138718));
#9457=CARTESIAN_POINT('',(-0.00900600264004435,-0.00614018863289348,0.00228571428571429));
#9458=CARTESIAN_POINT('',(-0.00946660289002111,-0.0054646121457032,0.00134669169178493));
#9459=CARTESIAN_POINT('',(-0.00982126018134284,-0.00472787991073901,0.000386202967069087));
#9460=CARTESIAN_POINT('',(-0.00869334971647064,-0.00752832456175607,0.00267494058324295));
#9461=CARTESIAN_POINT('',(-0.00881000593699412,-0.00739361552878424,0.00247968812138718));
#9462=CARTESIAN_POINT('',(-0.00892243234552613,-0.00725535671345725,0.00228571428571429));
#9463=CARTESIAN_POINT('',(-0.00946668583930099,-0.00658604917024364,0.00134669169178493));
#9464=CARTESIAN_POINT('',(-0.00990499544611611,-0.00584303561622031,0.000386202967069087));
#9465=CARTESIAN_POINT('',(-0.00961296332962622,-0.00631196768236723,0.000999998385917819));
#9466=CARTESIAN_POINT('',(-0.00970570620205799,-0.00579373289342075,0.000793081220010175));
#9467=CARTESIAN_POINT('',(-0.00977342589633389,-0.00526880627533199,0.000592066233629735));
#9468=CARTESIAN_POINT('',(-0.0098161603623261,-0.00473845921593696,0.000399998385918032));
#9469=CARTESIAN_POINT('',(-0.00113936024961743,-0.0108402886595142,0.00266147368237538));
#9470=CARTESIAN_POINT('',(-0.000977177811475576,-0.0108573347206486,0.00247299651233195));
#9471=CARTESIAN_POINT('',(-0.00081455802009203,-0.0108695213892749,0.00228571428571429));
#9472=CARTESIAN_POINT('',(8.08505002723121E-7,-0.0109306246631491,0.00134669169178477));
#9473=CARTESIAN_POINT('',(0.00081616598192961,-0.0108694007695889,0.000386202967068754));
#9474=CARTESIAN_POINT('',(-0.000234640541057762,-0.0114976060037074,0.00266147368237538));
#9475=CARTESIAN_POINT('',(-6.26239247992029E-5,-0.0115011164798793,0.00247299651233195));
#9476=CARTESIAN_POINT('',(0.000109420719906377,-0.0114994794276111,0.00228571428571429));
#9477=CARTESIAN_POINT('',(0.000972042931638866,-0.0114912713392355,0.00134669169178477));
#9478=CARTESIAN_POINT('',(0.00182378678443796,-0.0113544617558432,0.000386202967068754));
#9479=CARTESIAN_POINT('',(0.00118836062476263,-0.0113064960870395,0.000868773814288776));
#9480=CARTESIAN_POINT('',(0.00107477766180657,-0.0111553041828969,0.000706537502645417));
#9481=CARTESIAN_POINT('',(0.000946847627810691,-0.0110097031396934,0.000549556515180229));
#9482=CARTESIAN_POINT('',(0.000804454125365609,-0.0108702738493648,0.000399998385917702));
#9483=CARTESIAN_POINT('',(0.00118836062476264,-0.0113064960870395,0.000868773814288728));
#9484=CARTESIAN_POINT('',(0.000804454125365132,-0.0108702738493647,0.000399998385918048));
#9485=CARTESIAN_POINT('',(0.00118836062476265,-0.0113064960870395,0.000868773814288823));
#9486=CARTESIAN_POINT('',(0.00119285072606114,-0.0113492165472298,0.000940599483318604));
#9487=CARTESIAN_POINT('',(0.00119742253280741,-0.0113927143828281,0.00101194591199136));
#9488=CARTESIAN_POINT('',(0.00120207732757799,-0.011437001796735,0.00108280557739973));
#9489=CARTESIAN_POINT('',(0.0012020773275774,-0.0114370017967352,0.00108280557739932));
#9490=CARTESIAN_POINT('',(-0.00489085246981878,-0.0104081488324509,0.008));
#9491=CARTESIAN_POINT('',(-0.00251526041833041,-0.011524453992892,0.00514285714285714));
#9492=CARTESIAN_POINT('',(0.000109420719905467,-0.0114994794276105,0.00228571428571429));
#9493=CARTESIAN_POINT('',(0.00273410185814134,-0.011474504862329,-0.000571428571428571));
#9494=CARTESIAN_POINT('',(0.00508802179409537,-0.0103131970902719,-0.00342857142857143));
#9495=CARTESIAN_POINT('',(-0.000234640541058097,-0.0114976060037075,0.00266147368237475));
#9496=CARTESIAN_POINT('',(-0.000234640541057952,-0.0114976060037073,0.00266147368237489));
#9497=CARTESIAN_POINT('',(-0.000536213777244454,-0.0112785002223096,0.00266147368237486));
#9498=CARTESIAN_POINT('',(-0.00083778701343091,-0.0110593944409119,0.00266147368237539));
#9499=CARTESIAN_POINT('',(-0.00113936024961741,-0.0108402886595142,0.00266147368237539));
#9500=CARTESIAN_POINT('',(-0.00113936024961743,-0.0108402886595142,0.00266147368237539));
#9501=CARTESIAN_POINT('',(-0.00545,-0.00943967690125038,0.008));
#9502=CARTESIAN_POINT('',(-0.00329545534693817,-0.0106836038366767,0.00514285714285714));
#9503=CARTESIAN_POINT('',(-0.000814558020092029,-0.0108695213892749,0.00228571428571429));
#9504=CARTESIAN_POINT('',(0.00166633930675411,-0.011055438941873,-0.000571428571428571));
#9505=CARTESIAN_POINT('',(0.0039822171655937,-0.0101465238602218,-0.00342857142857143));
#9506=CARTESIAN_POINT('',(-0.00217304546017988,-0.0112928239793239,0.00267494058324294));
#9507=CARTESIAN_POINT('',(-0.0019980559052453,-0.0113264967133208,0.00247968812138718));
#9508=CARTESIAN_POINT('',(-0.00182210705460899,-0.0113547314315023,0.00228571428571429));
#9509=CARTESIAN_POINT('',(-0.000970342972354017,-0.0114914150116029,0.00134669169178494));
#9510=CARTESIAN_POINT('',(-0.000107719555806101,-0.0114994954888159,0.000386202967069102));
#9511=CARTESIAN_POINT('',(-0.0011509464924247,-0.0108390646354552,0.00267494058324294));
#9512=CARTESIAN_POINT('',(-0.000982988229731669,-0.0108568992899961,0.00247968812138718));
#9513=CARTESIAN_POINT('',(-0.000814558020092028,-0.0108695213892749,0.00228571428571429));
#9514=CARTESIAN_POINT('',(8.08505002575885E-7,-0.0109306246631491,0.00134669169178494));
#9515=CARTESIAN_POINT('',(0.000816165981929315,-0.010869400769589,0.000386202967069102));
#9516=CARTESIAN_POINT('',(0.000804454125365132,-0.0108702738493647,0.000399998385918047));
#9517=CARTESIAN_POINT('',(0.000323792700806182,-0.0110984383243639,0.000592066299683865));
#9518=CARTESIAN_POINT('',(-0.000164666623975262,-0.0113022545275672,0.000793081160071352));
#9519=CARTESIAN_POINT('',(-0.000659842695984418,-0.0114810542902886,0.000999998385918016));
#9520=CARTESIAN_POINT('',(-0.00113936024961742,-0.0108402886595142,0.00266147368237539));
#9521=CARTESIAN_POINT('',(-0.0011583457689835,-0.0110209238101158,0.00229787875121929));
#9522=CARTESIAN_POINT('',(-0.00117937263475481,-0.0112209810743939,0.00194442357855001));
#9523=CARTESIAN_POINT('',(-0.00120207732757802,-0.0114370017967351,0.00160091117584766));
#9524=CARTESIAN_POINT('',(-0.0014724809375372,-0.010800083327854,0.00761334754729776));
#9525=CARTESIAN_POINT('',(-0.00243979949834459,-0.0106681993323258,0.00648482047779226));
#9526=CARTESIAN_POINT('',(-0.00336828523868693,-0.0103665160276172,0.00533493418541146));
#9527=CARTESIAN_POINT('',(-0.000588421902840505,-0.0114849362063637,0.00761334754729776));
#9528=CARTESIAN_POINT('',(-0.00161707988860366,-0.0114322337029733,0.00648482047779226));
#9529=CARTESIAN_POINT('',(-0.00261999978685823,-0.0111975712150828,0.00533493418541146));
#9530=CARTESIAN_POINT('',(-0.00148391979249046,-0.0107985175857362,0.0076));
#9531=CARTESIAN_POINT('',(-0.00136962444708152,-0.0109738085954207,0.00744190110775625));
#9532=CARTESIAN_POINT('',(-0.00127230157993382,-0.0111523146838686,0.00727578713389251));
#9533=CARTESIAN_POINT('',(-0.00119118174304542,-0.0113333372345548,0.00710423557557018));
#9534=CARTESIAN_POINT('',(-0.00148391979249046,-0.0107985175857362,0.0076));
#9535=CARTESIAN_POINT('',(-0.00113936024961743,-0.0108402886595142,0.008));
#9536=CARTESIAN_POINT('',(-0.00361358539665709,-0.0105802371175595,0.00514285714285714));
#9537=CARTESIAN_POINT('',(-0.00572995309093451,-0.009272412715992,0.00228571428571429));
#9538=CARTESIAN_POINT('',(-0.00784632078521192,-0.00796458831442453,-0.000571428571428571));
#9539=CARTESIAN_POINT('',(-0.00918565844932903,-0.00586802171538843,-0.00342857142857143));
#9540=CARTESIAN_POINT('',(-0.0026199997868585,-0.0111975712150824,0.00533493418541146));
#9541=CARTESIAN_POINT('',(-0.00286942827080131,-0.0109205528192607,0.00533493418541146));
#9542=CARTESIAN_POINT('',(-0.00311885675474411,-0.0106435344234389,0.00533493418541147));
#9543=CARTESIAN_POINT('',(-0.00336828523868692,-0.0103665160276172,0.00533493418541147));
#9544=CARTESIAN_POINT('',(-0.0026199997868585,-0.0111975712150824,0.00533493418541146));
#9545=CARTESIAN_POINT('',(-0.00023464054105866,-0.0114976060037067,0.008));
#9546=CARTESIAN_POINT('',(-0.00285889408251373,-0.0114440508313827,0.00514285714285714));
#9547=CARTESIAN_POINT('',(-0.0052000281064304,-0.0102571783494446,0.00228571428571429));
#9548=CARTESIAN_POINT('',(-0.00754116213034705,-0.00907030586750651,-0.000571428571428571));
#9549=CARTESIAN_POINT('',(-0.00913548633116405,-0.00698519072703791,-0.00342857142857143));
#9550=CARTESIAN_POINT('',(-0.0025076104455308,-0.011223274471092,0.00761334754729775));
#9551=CARTESIAN_POINT('',(-0.00351888029795529,-0.010997326967828,0.00647803080465662));
#9552=CARTESIAN_POINT('',(-0.00447347173451536,-0.0105942461100586,0.00532120849159337));
#9553=CARTESIAN_POINT('',(-0.0014724809375372,-0.010800083327854,0.00761334754729775));
#9554=CARTESIAN_POINT('',(-0.00244561927619786,-0.0106674058651192,0.00647803080465662));
#9555=CARTESIAN_POINT('',(-0.00337936615659753,-0.0103629090693513,0.00532120849159337));
#9556=CARTESIAN_POINT('',(-0.00304841363051239,-0.0110886056083399,0.007));
#9557=CARTESIAN_POINT('',(-0.002525364902617,-0.0110174473414169,0.00720726215906262));
#9558=CARTESIAN_POINT('',(-0.00200343213006109,-0.0109207079272508,0.00740822117506276));
#9559=CARTESIAN_POINT('',(-0.00148391979249046,-0.0107985175857363,0.0076));
#9560=CARTESIAN_POINT('',(-0.00656829506036387,-0.00943967690125038,0.00266147368237539));
#9561=CARTESIAN_POINT('',(-0.00670952283235429,-0.00934140810594575,0.00247299651233195));
#9562=CARTESIAN_POINT('',(-0.00684774763853184,-0.00923895839794628,0.00228571428571429));
#9563=CARTESIAN_POINT('',(-0.00754079907425192,-0.0087252813006029,0.00134669169178494));
#9564=CARTESIAN_POINT('',(-0.00814945967053038,-0.00811395754723916,0.000386202967069099));
#9565=CARTESIAN_POINT('',(-0.00545,-0.00943967690125039,0.00266147368237539));
#9566=CARTESIAN_POINT('',(-0.00559122777199042,-0.00935813900907467,0.00247299651233195));
#9567=CARTESIAN_POINT('',(-0.00572995309093451,-0.009272412715992,0.00228571428571429));
#9568=CARTESIAN_POINT('',(-0.00642551406963054,-0.00884258588430461,0.00134669169178494));
#9569=CARTESIAN_POINT('',(-0.0070491656232324,-0.00831379961366875,0.000386202967069099));
#9570=CARTESIAN_POINT('',(-0.00704020371565257,-0.00832139000661018,0.000399998385918049));
#9571=CARTESIAN_POINT('',(-0.00723735450729088,-0.00835049350922724,0.000549554654878676));
#9572=CARTESIAN_POINT('',(-0.00742643906224374,-0.0083930929353258,0.000706539643362133));
#9573=CARTESIAN_POINT('',(-0.00760719559594374,-0.008448646631608,0.000868773814288402));
#9574=CARTESIAN_POINT('',(-0.00704020371565257,-0.00832139000661018,0.00039999838591805));
#9575=CARTESIAN_POINT('',(-0.00113936024961743,-0.0108402886595142,0.008));
#9576=CARTESIAN_POINT('',(-0.00361358539665709,-0.0105802371175595,0.00514285714285714));
#9577=CARTESIAN_POINT('',(-0.00572995309093451,-0.009272412715992,0.00228571428571429));
#9578=CARTESIAN_POINT('',(-0.00784632078521192,-0.00796458831442453,-0.000571428571428571));
#9579=CARTESIAN_POINT('',(-0.00918565844932903,-0.00586802171538843,-0.00342857142857143));
#9580=CARTESIAN_POINT('',(-0.00656829506036384,-0.00943967690125038,0.00266147368237539));
#9581=CARTESIAN_POINT('',(-0.00619553004024256,-0.00943967690125038,0.00266147368237539));
#9582=CARTESIAN_POINT('',(-0.00582276502012128,-0.00943967690125038,0.00266147368237538));
#9583=CARTESIAN_POINT('',(-0.00545,-0.00943967690125038,0.00266147368237538));
#9584=CARTESIAN_POINT('',(-0.00656829506036384,-0.00943967690125038,0.00266147368237539));
#9585=CARTESIAN_POINT('',(-0.00216097362231697,-0.0112951402383348,0.008));
#9586=CARTESIAN_POINT('',(-0.0047390156740385,-0.0108019121107117,0.00514285714285714));
#9587=CARTESIAN_POINT('',(-0.00684774763853181,-0.00923895839794628,0.00228571428571429));
#9588=CARTESIAN_POINT('',(-0.00895647960302512,-0.00767600468518083,-0.000571428571428571));
#9589=CARTESIAN_POINT('',(-0.010178241252822,-0.0053528875384556,-0.00342857142857143));
#9590=CARTESIAN_POINT('',(-0.00543990706937764,-0.00944549686763673,0.00267494058324295));
#9591=CARTESIAN_POINT('',(-0.00558627110516089,-0.00936120201643753,0.00247968812138718));
#9592=CARTESIAN_POINT('',(-0.00572995309093451,-0.009272412715992,0.00228571428571429));
#9593=CARTESIAN_POINT('',(-0.00642551406963054,-0.00884258588430461,0.00134669169178494));
#9594=CARTESIAN_POINT('',(-0.0070491656232324,-0.00831379961366874,0.000386202967069091));
#9595=CARTESIAN_POINT('',(-0.00487972468494659,-0.0104133705878127,0.00267494058324295));
#9596=CARTESIAN_POINT('',(-0.00504108654517451,-0.0103377561221675,0.00247968812138718));
#9597=CARTESIAN_POINT('',(-0.00520002810642974,-0.0102571783494459,0.00228571428571429));
#9598=CARTESIAN_POINT('',(-0.0059694603167859,-0.0098671033226174,0.00134669169178494));
#9599=CARTESIAN_POINT('',(-0.00667208690585623,-0.00936660324347636,0.000386202967069091));
#9600=CARTESIAN_POINT('',(-0.00621457043793595,-0.0096762138397164,0.000999998385917819));
#9601=CARTESIAN_POINT('',(-0.00651008034615591,-0.00924050472688408,0.000793081220010176));
#9602=CARTESIAN_POINT('',(-0.00678545225575715,-0.00878850448045331,0.000592066233629737));
#9603=CARTESIAN_POINT('',(-0.00704020371565257,-0.00832139000661018,0.000399998385918036));
#9604=CARTESIAN_POINT('',(0.00336828523868692,-0.0103665160276172,0.00266147368237539));
#9605=CARTESIAN_POINT('',(0.00352337952604429,-0.0103161228388816,0.00247299651233195));
#9606=CARTESIAN_POINT('',(0.00367689686247284,-0.0102611124866038,0.00228571428571429));
#9607=CARTESIAN_POINT('',(0.00444662418828352,-0.0099852936616053,0.00134669169178477));
#9608=CARTESIAN_POINT('',(0.00516658830674234,-0.00959772708867226,0.000386202967068753));
#9609=CARTESIAN_POINT('',(0.004462142868894,-0.0105990226444505,0.00266147368237539));
#9610=CARTESIAN_POINT('',(0.00462071570660981,-0.0105322641629612,0.00247299651233195));
#9611=CARTESIAN_POINT('',(0.00477722046114823,-0.010460791780051,0.00228571428571429));
#9612=CARTESIAN_POINT('',(0.00556192653402611,-0.0101024332555569,0.00134669169178477));
#9613=CARTESIAN_POINT('',(0.00628438779113613,-0.00963101604663887,0.000386202967068753));
#9614=CARTESIAN_POINT('',(0.00568438771418533,-0.00984564833088936,0.000868773814288785));
#9615=CARTESIAN_POINT('',(0.00551912922676006,-0.00975372600669095,0.000706537502645426));
#9616=CARTESIAN_POINT('',(0.00534303804576613,-0.00967274666762038,0.000549556515180228));
#9617=CARTESIAN_POINT('',(0.00515624410691491,-0.00960328832795869,0.000399998385917701));
#9618=CARTESIAN_POINT('',(0.00568438771418533,-0.00984564833088934,0.000868773814288731));
#9619=CARTESIAN_POINT('',(0.00515624410691444,-0.00960328832795882,0.00039999838591805));
#9620=CARTESIAN_POINT('',(0.00568438771418535,-0.00984564833088937,0.00086877381428883));
#9621=CARTESIAN_POINT('',(0.0057058656023994,-0.00988284912451539,0.000940599483318611));
#9622=CARTESIAN_POINT('',(0.00572773431931798,-0.00992072685331469,0.00101194591199137));
#9623=CARTESIAN_POINT('',(0.00574999999999991,-0.0099592921435209,0.00108280557739974));
#9624=CARTESIAN_POINT('',(0.00574999999999946,-0.00995929214352136,0.00108280557739932));
#9625=CARTESIAN_POINT('',(-0.00023464054105866,-0.0114976060037067,0.008));
#9626=CARTESIAN_POINT('',(0.00238961300039641,-0.0115511611760307,0.00514285714285714));
#9627=CARTESIAN_POINT('',(0.00477722046114713,-0.0104607917800508,0.00228571428571429));
#9628=CARTESIAN_POINT('',(0.00716482792189785,-0.00937042238407088,-0.000571428571428571));
#9629=CARTESIAN_POINT('',(0.00884289436225867,-0.0073520894511639,-0.00342857142857143));
#9630=CARTESIAN_POINT('',(0.00446214286889375,-0.0105990226444508,0.00266147368237475));
#9631=CARTESIAN_POINT('',(0.00446214286889381,-0.0105990226444505,0.00266147368237489));
#9632=CARTESIAN_POINT('',(0.00409752365882484,-0.0105215204388394,0.00266147368237487));
#9633=CARTESIAN_POINT('',(0.0037329044487559,-0.0104440182332283,0.0026614736823754));
#9634=CARTESIAN_POINT('',(0.00336828523868694,-0.0103665160276172,0.0026614736823754));
#9635=CARTESIAN_POINT('',(0.00336828523868692,-0.0103665160276172,0.00266147368237539));
#9636=CARTESIAN_POINT('',(-0.00113936024961743,-0.0108402886595142,0.008));
#9637=CARTESIAN_POINT('',(0.00133486489742223,-0.0111003402014689,0.00514285714285714));
#9638=CARTESIAN_POINT('',(0.00367689686247284,-0.0102611124866038,0.00228571428571429));
#9639=CARTESIAN_POINT('',(0.00601892882752345,-0.0094218847717388,-0.000571428571428571));
#9640=CARTESIAN_POINT('',(0.00776489945676965,-0.00764959714143551,-0.00342857142857143));
#9641=CARTESIAN_POINT('',(0.0026080295067979,-0.0112003652659934,0.00267494058324295));
#9642=CARTESIAN_POINT('',(0.00278158635463237,-0.0111599521750353,0.00247968812138718));
#9643=CARTESIAN_POINT('',(0.00295380772239993,-0.0111141810287169,0.00228571428571429));
#9644=CARTESIAN_POINT('',(0.00378752715126081,-0.0108926040289433,0.00134669169178494));
#9645=CARTESIAN_POINT('',(0.00457885948128037,-0.0105491253595116,0.000386202967069102));
#9646=CARTESIAN_POINT('',(0.00335720282376239,-0.0103701103755033,0.00267494058324295));
#9647=CARTESIAN_POINT('',(0.00351789433923755,-0.0103180883632032,0.00247968812138718));
#9648=CARTESIAN_POINT('',(0.00367689686247284,-0.0102611124866038,0.00228571428571429));
#9649=CARTESIAN_POINT('',(0.00444662418828338,-0.00998529366160535,0.00134669169178494));
#9650=CARTESIAN_POINT('',(0.00516658830674207,-0.0095977270886724,0.000386202967069102));
#9651=CARTESIAN_POINT('',(0.00515624410691444,-0.00960328832795882,0.000399998385918049));
#9652=CARTESIAN_POINT('',(0.00480994089847491,-0.0100072295619709,0.000592066299683867));
#9653=CARTESIAN_POINT('',(0.00444661061937303,-0.0103920992346419,0.00079308116007135));
#9654=CARTESIAN_POINT('',(0.00406696918332781,-0.0107568471989641,0.000999998385918013));
#9655=CARTESIAN_POINT('',(0.00336828523868692,-0.0103665160276172,0.00266147368237538));
#9656=CARTESIAN_POINT('',(0.00342441203848623,-0.0105392565553538,0.00229787875121929));
#9657=CARTESIAN_POINT('',(0.00348657366086781,-0.0107305703572018,0.00194442357855001));
#9658=CARTESIAN_POINT('',(0.00355369543531188,-0.0109371499373943,0.00160091117584766));
#9659=CARTESIAN_POINT('',(0.00304761136575783,-0.0104652790198496,0.00761334754729776));
#9660=CARTESIAN_POINT('',(0.00211027983482205,-0.0107382408990068,0.00648482047779198));
#9661=CARTESIAN_POINT('',(0.00113936024961694,-0.0108402886595142,0.00533493418541088));
#9662=CARTESIAN_POINT('',(0.00413379424200011,-0.0107313440521126,0.00761334754729776));
#9663=CARTESIAN_POINT('',(0.0031726323723274,-0.0111015908155365,0.00648482047779198));
#9664=CARTESIAN_POINT('',(0.00216097362231684,-0.0112951402383351,0.00533493418541088));
#9665=CARTESIAN_POINT('',(0.00303652460708176,-0.0104685012447144,0.0076));
#9666=CARTESIAN_POINT('',(0.0032122358775502,-0.0105821494452664,0.00744190110775625));
#9667=CARTESIAN_POINT('',(0.00337374970794165,-0.0107056380952514,0.00727578713389252));
#9668=CARTESIAN_POINT('',(0.00352148487104286,-0.0108380160140187,0.00710423557557019));
#9669=CARTESIAN_POINT('',(0.00303652460708175,-0.0104685012447144,0.0076));
#9670=CARTESIAN_POINT('',(0.00336828523868692,-0.0103665160276172,0.008));
#9671=CARTESIAN_POINT('',(0.00100219560322241,-0.0111353051532321,0.00514285714285714));
#9672=CARTESIAN_POINT('',(-0.00146314259741245,-0.0108013524032705,0.00228571428571429));
#9673=CARTESIAN_POINT('',(-0.00392848079804729,-0.0104673996533088,-0.000571428571428571));
#9674=CARTESIAN_POINT('',(-0.00600477709782792,-0.0090968484655622,-0.00342857142857143));
#9675=CARTESIAN_POINT('',(0.00216097362231568,-0.0112951402383342,0.00533493418541146));
#9676=CARTESIAN_POINT('',(0.00182043583141626,-0.0111435230453942,0.00533493418541146));
#9677=CARTESIAN_POINT('',(0.00147989804051684,-0.0109919058524542,0.00533493418541145));
#9678=CARTESIAN_POINT('',(0.00113936024961742,-0.0108402886595142,0.00533493418541145));
#9679=CARTESIAN_POINT('',(0.00216097362231568,-0.0112951402383342,0.00533493418541146));
#9680=CARTESIAN_POINT('',(0.00446214286889428,-0.0105990226444506,0.008));
#9681=CARTESIAN_POINT('',(0.002042985115385,-0.0116174776360722,0.00514285714285714));
#9682=CARTESIAN_POINT('',(-0.000578491766959351,-0.0114854406652753,0.00228571428571429));
#9683=CARTESIAN_POINT('',(-0.0031999686493037,-0.0113534036944784,-0.000571428571428572));
#9684=CARTESIAN_POINT('',(-0.00550454901363075,-0.0100970263026565,-0.00342857142857143));
#9685=CARTESIAN_POINT('',(0.00227410085063848,-0.0112729084676992,0.00761334754729775));
#9686=CARTESIAN_POINT('',(0.00125835874151623,-0.0114778156574456,0.00647803080465662));
#9687=CARTESIAN_POINT('',(0.000222348315765033,-0.0114978502871831,0.00532120849159337));
#9688=CARTESIAN_POINT('',(0.00304761136575782,-0.0104652790198496,0.00761334754729775));
#9689=CARTESIAN_POINT('',(0.00210464047101193,-0.0107398831475518,0.00647803080465662));
#9690=CARTESIAN_POINT('',(0.00112777024529692,-0.0108415005545276,0.00532120849159337));
#9691=CARTESIAN_POINT('',(0.00172527779635727,-0.0113698468118703,0.007));
#9692=CARTESIAN_POINT('',(0.00217416391123651,-0.0110920974165998,0.00720726215906262));
#9693=CARTESIAN_POINT('',(0.00261162576022872,-0.0107914323803927,0.00740822117506276));
#9694=CARTESIAN_POINT('',(0.00303652460708175,-0.0104685012447144,0.0076));
#9695=CARTESIAN_POINT('',(-0.002160973622317,-0.0112951402383348,0.00266147368237538));
#9696=CARTESIAN_POINT('',(-0.00232996113183313,-0.0112628097366447,0.00247299651233195));
#9697=CARTESIAN_POINT('',(-0.00249790582596596,-0.0112254383649195,0.00228571428571429));
#9698=CARTESIAN_POINT('',(-0.00333997111517909,-0.01103806040039,0.00134669169178494));
#9699=CARTESIAN_POINT('',(-0.00414465800943099,-0.0107271529300584,0.000386202967069099));
#9700=CARTESIAN_POINT('',(-0.00113936024961742,-0.0108402886595142,0.00266147368237538));
#9701=CARTESIAN_POINT('',(-0.00130154268775928,-0.0108232425983798,0.00247299651233195));
#9702=CARTESIAN_POINT('',(-0.00146314259741245,-0.0108013524032705,0.00228571428571429));
#9703=CARTESIAN_POINT('',(-0.00227339549263808,-0.0106915961911389,0.00134669169178494));
#9704=CARTESIAN_POINT('',(-0.00305820628920582,-0.0104621878348968,0.000386202967069099));
#9705=CARTESIAN_POINT('',(-0.00304693188829982,-0.0104654768676856,0.000399998385918046));
#9706=CARTESIAN_POINT('',(-0.00321520063751543,-0.0105722526914736,0.000549554654878675));
#9707=CARTESIAN_POINT('',(-0.0033706112262347,-0.0106880768208231,0.000706539643362137));
#9708=CARTESIAN_POINT('',(-0.00351314481259929,-0.0108123479534481,0.000868773814288408));
#9709=CARTESIAN_POINT('',(-0.00304693188829982,-0.0104654768676856,0.000399998385918049));
#9710=CARTESIAN_POINT('',(0.00336828523868692,-0.0103665160276172,0.008));
#9711=CARTESIAN_POINT('',(0.00100219560322241,-0.0111353051532321,0.00514285714285714));
#9712=CARTESIAN_POINT('',(-0.00146314259741245,-0.0108013524032705,0.00228571428571429));
#9713=CARTESIAN_POINT('',(-0.00392848079804729,-0.0104673996533088,-0.000571428571428571));
#9714=CARTESIAN_POINT('',(-0.00600477709782792,-0.0090968484655622,-0.00342857142857143));
#9715=CARTESIAN_POINT('',(-0.00216097362231697,-0.0112951402383348,0.00266147368237538));
#9716=CARTESIAN_POINT('',(-0.00182043583141713,-0.0111435230453946,0.00266147368237538));
#9717=CARTESIAN_POINT('',(-0.00147989804051728,-0.0109919058524544,0.00266147368237537));
#9718=CARTESIAN_POINT('',(-0.00113936024961744,-0.0108402886595142,0.00266147368237537));
#9719=CARTESIAN_POINT('',(-0.00216097362231697,-0.0112951402383348,0.00266147368237539));
#9720=CARTESIAN_POINT('',(0.00261999978685756,-0.0111975712150835,0.008));
#9721=CARTESIAN_POINT('',(6.42272279957697E-5,-0.0117955690693373,0.00514285714285714));
#9722=CARTESIAN_POINT('',(-0.00249790582596593,-0.0112254383649194,0.00228571428571429));
#9723=CARTESIAN_POINT('',(-0.00506003887992763,-0.0106553076605016,-0.000571428571428571));
#9724=CARTESIAN_POINT('',(-0.00712107055515232,-0.00902996977561623,-0.00342857142857143));
#9725=CARTESIAN_POINT('',(-0.00112777270510226,-0.0108415002986499,0.00267494058324295));
#9726=CARTESIAN_POINT('',(-0.00129576870995963,-0.0108240247368157,0.00247968812138718));
#9727=CARTESIAN_POINT('',(-0.00146314259741245,-0.0108013524032705,0.00228571428571429));
#9728=CARTESIAN_POINT('',(-0.00227339549263809,-0.0106915961911389,0.00134669169178494));
#9729=CARTESIAN_POINT('',(-0.00305820628920582,-0.0104621878348968,0.000386202967069092));
#9730=CARTESIAN_POINT('',(-0.000222350924488175,-0.0114978502367347,0.00267494058324295));
#9731=CARTESIAN_POINT('',(-0.000400517492860661,-0.011494404766462,0.00247968812138718));
#9732=CARTESIAN_POINT('',(-0.000578491766959316,-0.0114854406652754,0.00228571428571429));
#9733=CARTESIAN_POINT('',(-0.001440060874654,-0.0114420456706911,0.00134669169178494));
#9734=CARTESIAN_POINT('',(-0.00228551392556712,-0.0112706000770163,0.000386202967069092));
#9735=CARTESIAN_POINT('',(-0.00174162185992548,-0.0113673547185363,0.000999998385918018));
#9736=CARTESIAN_POINT('',(-0.00218880245617951,-0.0110895093457197,0.000793081220010203));
#9737=CARTESIAN_POINT('',(-0.00262421227626115,-0.0107885904198478,0.000592066233629882));
#9738=CARTESIAN_POINT('',(-0.00304693188829983,-0.0104654768676856,0.000399998385918037));
#9739=CARTESIAN_POINT('',(0.00729352360931114,-0.00810027859770396,0.00266147368237602));
#9740=CARTESIAN_POINT('',(0.00741471253461279,-0.00799115959923827,0.00247299651233226));
#9741=CARTESIAN_POINT('',(0.00753258287395682,-0.00787846401571857,0.00228571428571429));
#9742=CARTESIAN_POINT('',(0.00812357815309754,-0.00731341467242488,0.00134669169178477));
#9743=CARTESIAN_POINT('',(0.00862366057633807,-0.00666651920151083,0.000386202967068755));
#9744=CARTESIAN_POINT('',(0.00838738123951881,-0.00786777198087056,0.00266147368237602));
#9745=CARTESIAN_POINT('',(0.00850509161446201,-0.00774228768965118,0.00247299651233226));
#9746=CARTESIAN_POINT('',(0.00861899538497271,-0.00761333820041006,0.00228571428571429));
#9747=CARTESIAN_POINT('',(0.00919010251016451,-0.00696679268426736,0.00134669169178477));
#9748=CARTESIAN_POINT('',(0.00965836105687663,-0.00624228016793646,0.000386202967068755));
#9749=CARTESIAN_POINT('',(0.00919753252678424,-0.00668239853342143,0.000868773814288878));
#9750=CARTESIAN_POINT('',(0.0090091732086918,-0.00666563999410916,0.000706537502645502));
#9751=CARTESIAN_POINT('',(0.00881536864563181,-0.006663284422571,0.00054955651518025));
#9752=CARTESIAN_POINT('',(0.00861647263937147,-0.00667580701151292,0.000399998385917706));
#9753=CARTESIAN_POINT('',(0.00861647263937111,-0.00667580701151323,0.00039999838591805));
#9754=CARTESIAN_POINT('',(0.00446214286889428,-0.0105990226444506,0.008));
#9755=CARTESIAN_POINT('',(0.00688130062240355,-0.0095805676528289,0.00514285714285714));
#9756=CARTESIAN_POINT('',(0.00861899538497241,-0.00761333820041014,0.00228571428571429));
#9757=CARTESIAN_POINT('',(0.0103566901475413,-0.00564610874799137,-0.000571428571428572));
#9758=CARTESIAN_POINT('',(0.0110687501600153,-0.00311973875431295,-0.00342857142857143));
#9759=CARTESIAN_POINT('',(0.00838738123951795,-0.00786777198087006,0.00266147368237605));
#9760=CARTESIAN_POINT('',(0.00838738123951801,-0.00786777198087032,0.0026614736823759));
#9761=CARTESIAN_POINT('',(0.00802276202944918,-0.00794527418648139,0.00266147368237593));
#9762=CARTESIAN_POINT('',(0.00765814281938037,-0.00802277639209253,0.00266147368237539));
#9763=CARTESIAN_POINT('',(0.00729352360931154,-0.0081002785977036,0.00266147368237539));
#9764=CARTESIAN_POINT('',(0.00729352360931155,-0.0081002785977036,0.00266147368237539));
#9765=CARTESIAN_POINT('',(0.00336828523868692,-0.0103665160276172,0.008));
#9766=CARTESIAN_POINT('',(0.00573437487415145,-0.00959772690200221,0.00514285714285714));
#9767=CARTESIAN_POINT('',(0.00753258287395683,-0.00787846401571857,0.00228571428571429));
#9768=CARTESIAN_POINT('',(0.0093307908737622,-0.00615920112943492,-0.000571428571428571));
#9769=CARTESIAN_POINT('',(0.0102049600899731,-0.00382998558248664,-0.00342857142857143));
#9770=CARTESIAN_POINT('',(0.00693815247884606,-0.0091712616460487,0.00267494058324295));
#9771=CARTESIAN_POINT('',(0.00708026706387537,-0.00906375052070357,0.00247968812138718));
#9772=CARTESIAN_POINT('',(0.00721898230970517,-0.00895188775690164,0.00228571428571429));
#9773=CARTESIAN_POINT('',(0.00789049942181867,-0.00841036285347841,0.00134669169178494));
#9774=CARTESIAN_POINT('',(0.00847371211642097,-0.0077747156197524,0.000386202967069102));
#9775=CARTESIAN_POINT('',(0.0072848612724908,-0.00810806982213176,0.00267494058324295));
#9776=CARTESIAN_POINT('',(0.00741050101788585,-0.00799518622152244,0.00247968812138718));
#9777=CARTESIAN_POINT('',(0.00753258287395683,-0.00787846401571857,0.00228571428571429));
#9778=CARTESIAN_POINT('',(0.00812357815309744,-0.00731341467242499,0.00134669169178494));
#9779=CARTESIAN_POINT('',(0.00862366057633789,-0.00666651920151106,0.000386202967069102));
#9780=CARTESIAN_POINT('',(0.0086164726393711,-0.00667580701151323,0.00039999838591805));
#9781=CARTESIAN_POINT('',(0.00846440661785608,-0.00718567989548655,0.000592066299683864));
#9782=CARTESIAN_POINT('',(0.00828902849044244,-0.00768505557478925,0.000793081160071348));
#9783=CARTESIAN_POINT('',(0.00809056514358755,-0.00817268350404965,0.000999998385918005));
#9784=CARTESIAN_POINT('',(0.00729352360931155,-0.0081002785977036,0.00266147368237539));
#9785=CARTESIAN_POINT('',(0.00741505789469498,-0.00823525609603126,0.0022978787512193));
#9786=CARTESIAN_POINT('',(0.00754965969599907,-0.00838474654107812,0.00194442357855001));
#9787=CARTESIAN_POINT('',(0.00769500197312687,-0.00854616549299004,0.00160091117584766));
#9788=CARTESIAN_POINT('',(0.00704074397723324,-0.008320932895238,0.00761334754729775));
#9789=CARTESIAN_POINT('',(0.00629547261325795,-0.00895154306039344,0.00648482047779226));
#9790=CARTESIAN_POINT('',(0.00545,-0.00943967690125038,0.00533493418541146));
#9791=CARTESIAN_POINT('',(0.00814123980805607,-0.0081222050200502,0.00761334754729775));
#9792=CARTESIAN_POINT('',(0.00741376767362221,-0.00885138202130593,0.00648482047779226));
#9793=CARTESIAN_POINT('',(0.00656829506036426,-0.00943967690125038,0.00533493418541146));
#9794=CARTESIAN_POINT('',(0.00703192631612949,-0.00832838593513326,0.0076));
#9795=CARTESIAN_POINT('',(0.00723867143670666,-0.00836074052021585,0.00744190110775625));
#9796=CARTESIAN_POINT('',(0.00743644902176009,-0.00840785942229634,0.00727578713389252));
#9797=CARTESIAN_POINT('',(0.00762525475924209,-0.0084687033643744,0.0071042355755702));
#9798=CARTESIAN_POINT('',(0.00703192631612949,-0.00832838593513326,0.0076));
#9799=CARTESIAN_POINT('',(0.00729352360931155,-0.0081002785977036,0.008));
#9800=CARTESIAN_POINT('',(0.00544468787864351,-0.00976497776683946,0.00514285714285714));
#9801=CARTESIAN_POINT('',(0.00305665854343542,-0.0104626401328175,0.00228571428571429));
#9802=CARTESIAN_POINT('',(0.000668629208227342,-0.0111603024987955,-0.000571428571428571));
#9803=CARTESIAN_POINT('',(-0.00178561523442501,-0.0107527474737664,-0.00342857142857143));
#9804=CARTESIAN_POINT('',(0.00656829506036389,-0.00943967690125038,0.00533493418541146));
#9805=CARTESIAN_POINT('',(0.00619553004024259,-0.00943967690125038,0.00533493418541146));
#9806=CARTESIAN_POINT('',(0.00582276502012129,-0.00943967690125038,0.00533493418541146));
#9807=CARTESIAN_POINT('',(0.00545,-0.00943967690125038,0.00533493418541146));
#9808=CARTESIAN_POINT('',(0.00656829506036389,-0.00943967690125038,0.00533493418541146));
#9809=CARTESIAN_POINT('',(0.00838738123951891,-0.00786777198087021,0.008));
#9810=CARTESIAN_POINT('',(0.00659161362689562,-0.00978213701601276,0.00514285714285714));
#9811=CARTESIAN_POINT('',(0.00414307105445101,-0.0107277659481259,0.00228571428571429));
#9812=CARTESIAN_POINT('',(0.00169452848200642,-0.0116733948802391,-0.000571428571428571));
#9813=CARTESIAN_POINT('',(-0.000921825164382879,-0.0114629943019401,-0.00342857142857143));
#9814=CARTESIAN_POINT('',(0.0066625994501747,-0.00937335417908295,0.00761334754729776));
#9815=CARTESIAN_POINT('',(0.00581801612274929,-0.00997368574720917,0.00647803080465663));
#9816=CARTESIAN_POINT('',(0.0048797223222786,-0.010413371694963,0.00532120849159338));
#9817=CARTESIAN_POINT('',(0.00704074397723324,-0.008320932895238,0.00761334754729776));
#9818=CARTESIAN_POINT('',(0.00629098876072532,-0.00895533706499743,0.00647803080465663));
#9819=CARTESIAN_POINT('',(0.00543990492630848,-0.00944549810188562,0.00532120849159338));
#9820=CARTESIAN_POINT('',(0.00620065301858002,-0.00968513820981273,0.007));
#9821=CARTESIAN_POINT('',(0.00649776003317816,-0.00924882307991113,0.00720726215906262));
#9822=CARTESIAN_POINT('',(0.00677510983069978,-0.00879622013787936,0.00740822117506277));
#9823=CARTESIAN_POINT('',(0.00703192631612949,-0.00832838593513326,0.0076));
#9824=CARTESIAN_POINT('',(0.00261999978685753,-0.0111975712150835,0.00266147368237538));
#9825=CARTESIAN_POINT('',(0.00245247201541434,-0.0112367692444636,0.00247299651233195));
#9826=CARTESIAN_POINT('',(0.00228384659667145,-0.011270938058692,0.00228571428571429));
#9827=CARTESIAN_POINT('',(0.00143836819239321,-0.0114422585793191,0.00134669169178494));
#9828=CARTESIAN_POINT('',(0.000576792674534979,-0.0114855261181455,0.000386202967069104));
#9829=CARTESIAN_POINT('',(0.00336828523868692,-0.0103665160276172,0.00266147368237538));
#9830=CARTESIAN_POINT('',(0.00321319095132955,-0.0104169092163528,0.00247299651233195));
#9831=CARTESIAN_POINT('',(0.00305665854343542,-0.0104626401328175,0.00228571428571429));
#9832=CARTESIAN_POINT('',(0.00227181381818116,-0.0106919323864231,0.00134669169178494));
#9833=CARTESIAN_POINT('',(0.00146154469515638,-0.0108015687334785,0.000386202967069104));
#9834=CARTESIAN_POINT('',(0.00147318214304717,-0.0107999877024655,0.000399998385918049));
#9835=CARTESIAN_POINT('',(0.00136289063166724,-0.0109659733374636,0.000549554654878677));
#9836=CARTESIAN_POINT('',(0.00126802591183198,-0.0111349951258704,0.000706539643362128));
#9837=CARTESIAN_POINT('',(0.00118836062476223,-0.0113064960870396,0.000868773814288399));
#9838=CARTESIAN_POINT('',(0.00147318214304717,-0.0107999877024655,0.00039999838591805));
#9839=CARTESIAN_POINT('',(0.00729352360931155,-0.0081002785977036,0.008));
#9840=CARTESIAN_POINT('',(0.00544468787864351,-0.00976497776683946,0.00514285714285714));
#9841=CARTESIAN_POINT('',(0.00305665854343542,-0.0104626401328175,0.00228571428571429));
#9842=CARTESIAN_POINT('',(0.000668629208227342,-0.0111603024987955,-0.000571428571428571));
#9843=CARTESIAN_POINT('',(-0.00178561523442501,-0.0107527474737664,-0.00342857142857143));
#9844=CARTESIAN_POINT('',(0.00261999978685755,-0.0111975712150835,0.00266147368237538));
#9845=CARTESIAN_POINT('',(0.00286942827080067,-0.0109205528192614,0.00266147368237538));
#9846=CARTESIAN_POINT('',(0.00311885675474379,-0.0106435344234393,0.00266147368237537));
#9847=CARTESIAN_POINT('',(0.00336828523868691,-0.0103665160276172,0.00266147368237537));
#9848=CARTESIAN_POINT('',(0.00261999978685755,-0.0111975712150835,0.00266147368237539));
#9849=CARTESIAN_POINT('',(0.00694795143093357,-0.00916384040200331,0.008));
#9850=CARTESIAN_POINT('',(0.0048563646588235,-0.0107496649764936,0.00514285714285714));
#9851=CARTESIAN_POINT('',(0.00228384659667147,-0.011270938058692,0.00228571428571429));
#9852=CARTESIAN_POINT('',(-0.00028867146548057,-0.0117922111408904,-0.000571428571428571));
#9853=CARTESIAN_POINT('',(-0.0028326020656018,-0.0111456882038728,-0.00342857142857143));
#9854=CARTESIAN_POINT('',(0.00337936380537867,-0.0103629098360884,0.00267494058324295));
#9855=CARTESIAN_POINT('',(0.00321878386688282,-0.0104152752470208,0.00247968812138718));
#9856=CARTESIAN_POINT('',(0.00305665854343542,-0.0104626401328175,0.00228571428571429));
#9857=CARTESIAN_POINT('',(0.00227181381818116,-0.0106919323864231,0.00134669169178493));
#9858=CARTESIAN_POINT('',(0.00146154469515636,-0.0108015687334785,0.000386202967069087));
#9859=CARTESIAN_POINT('',(0.00447346933080896,-0.010594247125035,0.00267494058324295));
#9860=CARTESIAN_POINT('',(0.00430930467255598,-0.0106635664032461,0.00247968812138718));
#9861=CARTESIAN_POINT('',(0.00414307105445107,-0.0107277659481259,0.00228571428571429));
#9862=CARTESIAN_POINT('',(0.00333833817524788,-0.0110385543745806,0.00134669169178493));
#9863=CARTESIAN_POINT('',(0.00249624517569471,-0.0112258077670527,0.000386202967069087));
#9864=CARTESIAN_POINT('',(0.00303246895980335,-0.0110929766973446,0.000999998385918019));
#9865=CARTESIAN_POINT('',(0.00251093926311599,-0.0110210370536499,0.000793081220010203));
#9866=CARTESIAN_POINT('',(0.00199077784602029,-0.0109232310643832,0.000592066233629877));
#9867=CARTESIAN_POINT('',(0.00147318214304716,-0.0107999877024655,0.000399998385918032));
#9868=CARTESIAN_POINT('',(0.00995764548830413,-0.00443342940952671,0.00266147368237599));
#9869=CARTESIAN_POINT('',(0.0100239743853983,-0.00428445226748072,0.00247299651233225));
#9870=CARTESIAN_POINT('',(0.0100858168751666,-0.00413355754291693,0.00228571428571429));
#9871=CARTESIAN_POINT('',(0.0103958916548503,-0.0033769798460957,0.00134669169178477));
#9872=CARTESIAN_POINT('',(0.0105896235887881,-0.00258260958098253,0.000386202967068749));
#9873=CARTESIAN_POINT('',(0.0108623651968643,-0.00377611206533321,0.00266147368237599));
#9874=CARTESIAN_POINT('',(0.0109188599158417,-0.00361359933832466,0.00247299651233225));
#9875=CARTESIAN_POINT('',(0.0109704677056199,-0.00344946928091192,0.00228571428571429));
#9876=CARTESIAN_POINT('',(0.0112292262728346,-0.00262653036654337,0.00134669169178477));
#9877=CARTESIAN_POINT('',(0.0113623159524269,-0.00177419733886283,0.000386202967068749));
#9878=CARTESIAN_POINT('',(0.0111203404085423,-0.00236370132184001,0.000868773814288879));
#9879=CARTESIAN_POINT('',(0.0109414492970716,-0.00242500427110754,0.0007065375026455));
#9880=CARTESIAN_POINT('',(0.0107634419215578,-0.0025016797668205,0.000549556515180248));
#9881=CARTESIAN_POINT('',(0.0105868347742842,-0.00259401801497382,0.000399998385917701));
#9882=CARTESIAN_POINT('',(0.010586834774284,-0.00259401801497425,0.000399998385918048));
#9883=CARTESIAN_POINT('',(0.00838738123951891,-0.00786777198087021,0.008));
#9884=CARTESIAN_POINT('',(0.0101831488521422,-0.00595340694572765,0.00514285714285714));
#9885=CARTESIAN_POINT('',(0.0109704677056197,-0.00344946928091208,0.00228571428571429));
#9886=CARTESIAN_POINT('',(0.0117577865590971,-0.000945531616096515,-0.000571428571428571));
#9887=CARTESIAN_POINT('',(0.0113807184986655,0.00165204311509514,-0.00342857142857143));
#9888=CARTESIAN_POINT('',(0.0108623651968641,-0.00377611206533336,0.00266147368237599));
#9889=CARTESIAN_POINT('',(0.00995764548830435,-0.00443342940952622,0.00266147368237538));
#9890=CARTESIAN_POINT('',(0.0102592187244909,-0.00421432362812852,0.00266147368237538));
#9891=CARTESIAN_POINT('',(0.0105607919606774,-0.00399521784673082,0.00266147368237538));
#9892=CARTESIAN_POINT('',(0.0108623651968639,-0.00377611206533311,0.00266147368237538));
#9893=CARTESIAN_POINT('',(0.00729352360931155,-0.0081002785977036,0.008));
#9894=CARTESIAN_POINT('',(0.00914235933997959,-0.00643557942856775,0.00514285714285714));
#9895=CARTESIAN_POINT('',(0.0100858168751666,-0.00413355754291693,0.00228571428571429));
#9896=CARTESIAN_POINT('',(0.0110292744103535,-0.00183153565726611,-0.000571428571428571));
#9897=CARTESIAN_POINT('',(0.0108804904144683,0.000651865278000866,-0.00342857142857143));
#9898=CARTESIAN_POINT('',(0.0100686058561652,-0.0055563635692057,0.00267494058324295));
#9899=CARTESIAN_POINT('',(0.0101547052755674,-0.00540034405975369,0.00247968812138718));
#9900=CARTESIAN_POINT('',(0.010235929273267,-0.00524173176657084,0.00228571428571429));
#9901=CARTESIAN_POINT('',(0.0106291326594072,-0.0044738935348992,0.00134669169178494));
#9902=CARTESIAN_POINT('',(0.0109033829453745,-0.003655986918264,0.000386202967069101));
#9903=CARTESIAN_POINT('',(0.00995290102631854,-0.00444407033701171,0.00267494058324295));
#9904=CARTESIAN_POINT('',(0.0100217647482534,-0.00428984374815385,0.00247968812138718));
#9905=CARTESIAN_POINT('',(0.0100858168751666,-0.00413355754291693,0.00228571428571429));
#9906=CARTESIAN_POINT('',(0.0103958916548503,-0.00337697984609584,0.00134669169178494));
#9907=CARTESIAN_POINT('',(0.010589623588788,-0.00258260958098282,0.000386202967069101));
#9908=CARTESIAN_POINT('',(0.010586834774284,-0.00259401801497426,0.000399998385918048));
#9909=CARTESIAN_POINT('',(0.0106552995362899,-0.00312166089522014,0.000592066299683863));
#9910=CARTESIAN_POINT('',(0.0106981980320545,-0.00364919598951745,0.000793081160071346));
#9911=CARTESIAN_POINT('',(0.0107152288900441,-0.00417538858478631,0.000999998385918007));
#9912=CARTESIAN_POINT('',(0.00981646799189403,-0.00473782187973757,0.00761334754729776));
#9913=CARTESIAN_POINT('',(0.00939212098428809,-0.00561704210442241,0.00648482047779226));
#9914=CARTESIAN_POINT('',(0.00881828523868692,-0.00640685924998797,0.00533493418541146));
#9915=CARTESIAN_POINT('',(0.010740991050457,-0.00410866295210523,0.00761334754729776));
#9916=CARTESIAN_POINT('',(0.0103729951921822,-0.00507068886331065,0.00648482047779226));
#9917=CARTESIAN_POINT('',(0.00983989861138647,-0.00595200767116733,0.00533493418541146));
#9918=CARTESIAN_POINT('',(0.00981144408207337,-0.00474821703635663,0.0076));
#9919=CARTESIAN_POINT('',(0.010013474943191,-0.00469368360427689,0.00744190110775625));
#9920=CARTESIAN_POINT('',(0.0102133187416977,-0.00465628547222135,0.00727578713389253));
#9921=CARTESIAN_POINT('',(0.0104105488263036,-0.00463507496727496,0.0071042355755702));
#9922=CARTESIAN_POINT('',(0.00981144408207337,-0.00474821703635663,0.0076));
#9923=CARTESIAN_POINT('',(0.0104105488263033,-0.00463507496727537,0.00710423557556985));
#9924=CARTESIAN_POINT('',(0.00995764548830435,-0.00443342940952623,0.008));
#9925=CARTESIAN_POINT('',(0.0089457441564106,-0.00670619701252222,0.00514285714285714));
#9926=CARTESIAN_POINT('',(0.00704793565325221,-0.00831484233329871,0.00228571428571429));
#9927=CARTESIAN_POINT('',(0.00515012715009381,-0.0099234876540752,-0.000571428571428571));
#9928=CARTESIAN_POINT('',(0.00274229572481513,-0.0105493987581123,-0.00342857142857143));
#9929=CARTESIAN_POINT('',(0.00983989861138647,-0.00595200767116733,0.00533493418541146));
#9930=CARTESIAN_POINT('',(0.00949936082048662,-0.00610362486410754,0.00533493418541146));
#9931=CARTESIAN_POINT('',(0.00915882302958677,-0.00625524205704775,0.00533493418541146));
#9932=CARTESIAN_POINT('',(0.00881828523868692,-0.00640685924998796,0.00533493418541146));
#9933=CARTESIAN_POINT('',(0.00983989861138647,-0.00595200767116733,0.00533493418541146));
#9934=CARTESIAN_POINT('',(0.0108623651968631,-0.00377611206533366,0.008));
#9935=CARTESIAN_POINT('',(0.0100004922593848,-0.00625537603796035,0.00514285714285714));
#9936=CARTESIAN_POINT('',(0.00814825925192651,-0.00811516303985174,0.00228571428571429));
#9937=CARTESIAN_POINT('',(0.00629602624446822,-0.00997495004174312,-0.000571428571428571));
#9938=CARTESIAN_POINT('',(0.00382029063030416,-0.0108469064483839,-0.00342857142857143));
#9939=CARTESIAN_POINT('',(0.0105057727628892,-0.00467747139537139,0.00693565087143352));
#9940=CARTESIAN_POINT('',(0.0105057727628894,-0.00467747139537149,0.00693565087143317));
#9941=CARTESIAN_POINT('',(0.0104736221954081,-0.00466315704047986,0.0069915687841861));
#9942=CARTESIAN_POINT('',(0.0104418820069983,-0.00464902539812272,0.00704776444615615));
#9943=CARTESIAN_POINT('',(0.0104105488263033,-0.00463507496727535,0.00710423557556985));
#9944=CARTESIAN_POINT('',(0.00989907407695991,-0.00585306179865379,0.00761334754729776));
#9945=CARTESIAN_POINT('',(0.00937168566134183,-0.00674501496318976,0.00647803080465662));
#9946=CARTESIAN_POINT('',(0.0086933480083846,-0.00752832653417181,0.00532120849159337));
#9947=CARTESIAN_POINT('',(0.00981646799189403,-0.00473782187973757,0.00761334754729776));
#9948=CARTESIAN_POINT('',(0.00938956794187061,-0.00562233184722182,0.00647803080465662));
#9949=CARTESIAN_POINT('',(0.0088114306255765,-0.0064162832177712,0.00532120849159337));
#9950=CARTESIAN_POINT('',(0.00960387900272605,-0.00632578122456015,0.007));
#9951=CARTESIAN_POINT('',(0.00969783441508658,-0.00580634320978588,0.00720726215906262));
#9952=CARTESIAN_POINT('',(0.00976711586150233,-0.00528006152237538,0.00740822117506277));
#9953=CARTESIAN_POINT('',(0.00981144408207338,-0.00474821703635663,0.0076));
#9954=CARTESIAN_POINT('',(0.00694795143093356,-0.00916384040200335,0.00266147368237539));
#9955=CARTESIAN_POINT('',(0.00681085047118787,-0.00926778926707079,0.00247299651233195));
#9956=CARTESIAN_POINT('',(0.00667070119464938,-0.009367590168859,0.00228571428571429));
#9957=CARTESIAN_POINT('',(0.00596800057233592,-0.009867986300228,0.00134669169178494));
#9958=CARTESIAN_POINT('',(0.00519851066507689,-0.0102579474976762,0.0003862029670691));
#9959=CARTESIAN_POINT('',(0.00729352360931155,-0.00810027859770359,0.00266147368237539));
#9960=CARTESIAN_POINT('',(0.00717233468401012,-0.00820939759616912,0.00247299651233195));
#9961=CARTESIAN_POINT('',(0.00704793565325221,-0.00831484233329871,0.00228571428571429));
#9962=CARTESIAN_POINT('',(0.00642420588105627,-0.00884353633893846,0.00134669169178494));
#9963=CARTESIAN_POINT('',(0.00572858132400931,-0.00927326026887047,0.0003862029670691));
#9964=CARTESIAN_POINT('',(0.00573856959842169,-0.00926708254868113,0.000399998385918049));
#9965=CARTESIAN_POINT('',(0.00570532572916195,-0.009463577570666,0.000549554654878679));
#9966=CARTESIAN_POINT('',(0.00568740985008915,-0.00965657161539976,0.000706539643362138));
#9967=CARTESIAN_POINT('',(0.00568438771418501,-0.00984564833088962,0.00086877381428841));
#9968=CARTESIAN_POINT('',(0.00573856959842169,-0.00926708254868113,0.000399998385918048));
#9969=CARTESIAN_POINT('',(0.00995764548830435,-0.00443342940952623,0.008));
#9970=CARTESIAN_POINT('',(0.0089457441564106,-0.00670619701252222,0.00514285714285714));
#9971=CARTESIAN_POINT('',(0.00704793565325221,-0.00831484233329871,0.00228571428571429));
#9972=CARTESIAN_POINT('',(0.00515012715009381,-0.0099234876540752,-0.000571428571428571));
#9973=CARTESIAN_POINT('',(0.00274229572481513,-0.0105493987581123,-0.00342857142857143));
#9974=CARTESIAN_POINT('',(0.00694795143093357,-0.00916384040200331,0.00266147368237539));
#9975=CARTESIAN_POINT('',(0.00706314215705956,-0.00880931980057007,0.00266147368237539));
#9976=CARTESIAN_POINT('',(0.00717833288318556,-0.00845479919913684,0.00266147368237539));
#9977=CARTESIAN_POINT('',(0.00729352360931155,-0.0081002785977036,0.00266147368237539));
#9978=CARTESIAN_POINT('',(0.00694795143093357,-0.00916384040200331,0.00266147368237539));
#9979=CARTESIAN_POINT('',(0.010074539152444,-0.00554559833254025,0.008));
#9980=CARTESIAN_POINT('',(0.00880879252145278,-0.00784504615157366,0.00514285714285714));
#9981=CARTESIAN_POINT('',(0.0066707011946494,-0.00936759016885896,0.00228571428571429));
#9982=CARTESIAN_POINT('',(0.00453260986784602,-0.0108901341861443,-0.000571428571428571));
#9983=CARTESIAN_POINT('',(0.00194564905447318,-0.0113342158862811,-0.00342857142857143));
#9984=CARTESIAN_POINT('',(0.00730217761335326,-0.00809247811878676,0.00267494058324295));
#9985=CARTESIAN_POINT('',(0.00717677947140781,-0.00820563004721082,0.00247968812138718));
#9986=CARTESIAN_POINT('',(0.00704793565325221,-0.00831484233329871,0.00228571428571429));
#9987=CARTESIAN_POINT('',(0.00642420588105627,-0.00884353633893846,0.00134669169178493));
#9988=CARTESIAN_POINT('',(0.0057285813240093,-0.00927326026887048,0.000386202967069088));
#9989=CARTESIAN_POINT('',(0.00839578609861615,-0.00785880243970313,0.00267494058324295));
#9990=CARTESIAN_POINT('',(0.00827400891128371,-0.00798890053344945,0.00247968812138718));
#9991=CARTESIAN_POINT('',(0.00814825925192789,-0.00811516303985149,0.00228571428571429));
#9992=CARTESIAN_POINT('',(0.00753950822679914,-0.00872639674498684,0.00134669169178493));
#9993=CARTESIAN_POINT('',(0.00684638080840338,-0.00923997131090383,0.000386202967069088));
#9994=CARTESIAN_POINT('',(0.00728221834726527,-0.00890052222865264,0.000999998385917819));
#9995=CARTESIAN_POINT('',(0.00677651677265076,-0.0090469273320258,0.000793081220010175));
#9996=CARTESIAN_POINT('',(0.00626154439307549,-0.00916914582344793,0.000592066233629735));
#9997=CARTESIAN_POINT('',(0.00573856959842168,-0.00926708254868113,0.000399998385918034));
#9998=CARTESIAN_POINT('',(0.0102404574669749,-0.00523287978718014,0.00761334754729817));
#9999=CARTESIAN_POINT('',(0.0107091447530775,-0.00431568458800814,0.00648482047779247));
#10000=CARTESIAN_POINT('',(0.0110073810263765,-0.00332979923421329,0.00533493418541145));
#10001=CARTESIAN_POINT('',(0.0100893869936788,-0.00412483576543179,0.00761334754729817));
#10002=CARTESIAN_POINT('',(0.0104588313836026,-0.00322117132045613,0.00648482047779247));
#10003=CARTESIAN_POINT('',(0.0106618088479985,-0.00226623742991358,0.00533493418541145));
#10004=CARTESIAN_POINT('',(0.0104105488263033,-0.00463507496727537,0.00710423557556985));
#10005=CARTESIAN_POINT('',(0.0102943358270539,-0.00447430799260446,0.00727579125274824));
#10006=CARTESIAN_POINT('',(0.010188411481681,-0.00430077914577809,0.00744189736945696));
#10007=CARTESIAN_POINT('',(0.0100937504487057,-0.00411414655539351,0.00760000000000041));
#10008=CARTESIAN_POINT('',(0.0100937504487058,-0.00411414655539288,0.0076));
#10009=CARTESIAN_POINT('',(0.010074539152444,-0.00554559833254025,0.008));
#10010=CARTESIAN_POINT('',(0.0113402857834352,-0.00324615051350684,0.00514285714285714));
#10011=CARTESIAN_POINT('',(0.0114829910749827,-0.0006252327341617,0.00228571428571429));
#10012=CARTESIAN_POINT('',(0.0116256963665302,0.00199568504518343,-0.000571428571428571));
#10013=CARTESIAN_POINT('',(0.0106170957854775,0.00441896787519385,-0.00342857142857143));
#10014=CARTESIAN_POINT('',(0.0110073810263765,-0.00332979923421329,0.00533493418541145));
#10015=CARTESIAN_POINT('',(0.0106618088479985,-0.00226623742991358,0.00533493418541146));
#10016=CARTESIAN_POINT('',(0.0107769995741245,-0.00262075803134682,0.00533493418541146));
#10017=CARTESIAN_POINT('',(0.0108921903002505,-0.00297527863278005,0.00533493418541145));
#10018=CARTESIAN_POINT('',(0.0110073810263765,-0.00332979923421329,0.00533493418541145));
#10019=CARTESIAN_POINT('',(0.00995764548830435,-0.00443342940952623,0.008));
#10020=CARTESIAN_POINT('',(0.0109695468201981,-0.00216066180653025,0.00514285714285714));
#10021=CARTESIAN_POINT('',(0.0108951215118902,0.000326078581246436,0.00228571428571429));
#10022=CARTESIAN_POINT('',(0.0108206962035823,0.00281281896902311,-0.000571428571428571));
#10023=CARTESIAN_POINT('',(0.00967468510014964,0.00502100270991188,-0.00342857142857143));
#10024=CARTESIAN_POINT('',(0.0100893869936789,-0.00412483576543146,0.00761334754729775));
#10025=CARTESIAN_POINT('',(0.0104610541097712,-0.00321573451138733,0.00647803080465662));
#10026=CARTESIAN_POINT('',(0.0106642255894651,-0.00225483759437282,0.00532120849159337));
#10027=CARTESIAN_POINT('',(0.0109734460283764,-0.00343998288692111,0.00761334754729775));
#10028=CARTESIAN_POINT('',(0.0112834046768403,-0.00245122375300815,0.00647803080465662));
#10029=CARTESIAN_POINT('',(0.0114116221325129,-0.00142298288982738,0.00532120849159337));
#10030=CARTESIAN_POINT('',(0.0100937504487058,-0.00411414655539287,0.0076));
#10031=CARTESIAN_POINT('',(0.010459326740066,-0.0037253306498925,0.00740822107920582));
#10032=CARTESIAN_POINT('',(0.0108040715871156,-0.00332169370072331,0.00720726225316448));
#10033=CARTESIAN_POINT('',(0.0111272209646251,-0.00290429915890348,0.007));
#10034=CARTESIAN_POINT('',(0.0109,-8.76211531382791E-18,0.00266147368237538));
#10035=CARTESIAN_POINT('',(0.0109,0.000163075784351422,0.00247299651233195));
#10036=CARTESIAN_POINT('',(0.0108951215118902,0.000326078581246435,0.00228571428571429));
#10037=CARTESIAN_POINT('',(0.0108706610457687,0.0011433654745222,0.00134669169178477));
#10038=CARTESIAN_POINT('',(0.0107245444790265,0.00194785669836912,0.000386202967068757));
#10039=CARTESIAN_POINT('',(0.0114591475301821,0.000968471931201948,0.00266147368237538));
#10040=CARTESIAN_POINT('',(0.0114446581430442,0.00113991316711784,0.00247299651233195));
#10041=CARTESIAN_POINT('',(0.0114250464963951,0.00131084421470052,0.00228571428571429));
#10042=CARTESIAN_POINT('',(0.0113267147986135,0.00216788291283524,0.00134669169178477));
#10043=CARTESIAN_POINT('',(0.0111016231964028,0.00300066032817699,0.000386202967068757));
#10044=CARTESIAN_POINT('',(0.0111203404085423,0.00236370132184001,0.000868773814288866));
#10045=CARTESIAN_POINT('',(0.0109818494020413,0.00223493672084086,0.000706537502645474));
#10046=CARTESIAN_POINT('',(0.0108504183064463,0.00209248804766047,0.00054955651518026));
#10047=CARTESIAN_POINT('',(0.0107266369983487,0.00193630026226809,0.000399998385917705));
#10048=CARTESIAN_POINT('',(0.0107266369983487,0.00193630026226761,0.000399998385918051));
#10049=CARTESIAN_POINT('',(0.0108623651968631,-0.00377611206533366,0.008));
#10050=CARTESIAN_POINT('',(0.0117242381343414,-0.00129684809270698,0.00514285714285714));
#10051=CARTESIAN_POINT('',(0.0114250464963943,0.00131084421469906,0.00228571428571429));
#10052=CARTESIAN_POINT('',(0.0111258548584472,0.0039185365221051,-0.000571428571428571));
#10053=CARTESIAN_POINT('',(0.00972485721831463,0.00613817172156136,-0.00342857142857143));
#10054=CARTESIAN_POINT('',(0.0114591475301812,0.000968471931201111,0.00266147368237473));
#10055=CARTESIAN_POINT('',(0.0109,-2.44373968605208E-18,0.00266147368237538));
#10056=CARTESIAN_POINT('',(0.0110863825100605,0.000322823977066976,0.00266147368237538));
#10057=CARTESIAN_POINT('',(0.011272765020121,0.000645647954133953,0.00266147368237538));
#10058=CARTESIAN_POINT('',(0.0114591475301815,0.000968471931200931,0.00266147368237538));
#10059=CARTESIAN_POINT('',(0.00995764548830435,-0.00443342940952623,0.008));
#10060=CARTESIAN_POINT('',(0.0109695468201981,-0.00216066180653025,0.00514285714285714));
#10061=CARTESIAN_POINT('',(0.0108951215118902,0.000326078581246436,0.00228571428571429));
#10062=CARTESIAN_POINT('',(0.0108206962035823,0.00281281896902311,-0.000571428571428571));
#10063=CARTESIAN_POINT('',(0.00967468510014964,0.00502100270991188,-0.00342857142857143));
#10064=CARTESIAN_POINT('',(0.0114581058105409,-0.000980719753268698,0.00267494058324296));
#10065=CARTESIAN_POINT('',(0.0114733026925125,-0.00080316905028679,0.00247968812138718));
#10066=CARTESIAN_POINT('',(0.0114829910749828,-0.000625232734161785,0.00228571428571429));
#10067=CARTESIAN_POINT('',(0.0115298922975455,0.00023615261991089,0.00134669169178494));
#10068=CARTESIAN_POINT('',(0.0114477598089484,0.00109489513499072,0.000386202967069105));
#10069=CARTESIAN_POINT('',(0.0108999937734286,-1.16507175107897E-5,0.00267494058324296));
#10070=CARTESIAN_POINT('',(0.0109001743087735,0.000157251681277523,0.00247968812138718));
#10071=CARTESIAN_POINT('',(0.0108951215118902,0.000326078581246437,0.00228571428571429));
#10072=CARTESIAN_POINT('',(0.0108706610457687,0.00114336547452206,0.00134669169178494));
#10073=CARTESIAN_POINT('',(0.0107245444790266,0.00194785669836883,0.000386202967069105));
#10074=CARTESIAN_POINT('',(0.0107266369983487,0.00193630026226761,0.000399998385918051));
#10075=CARTESIAN_POINT('',(0.0110037943645417,0.00148212163322877,0.000592066299683865));
#10076=CARTESIAN_POINT('',(0.0112575519438464,0.00101764273424672,0.000793081160071349));
#10077=CARTESIAN_POINT('',(0.0114871322166135,0.000543868953001061,0.000999998385918009));
#10078=CARTESIAN_POINT('',(0.,7.04171909509728E-19,0.008));
#10079=CARTESIAN_POINT('',(0.010074539152444,-0.00554559833254025,0.008));
#10080=CARTESIAN_POINT('',(0.0113402857834352,-0.00324615051350684,0.00514285714285714));
#10081=CARTESIAN_POINT('',(0.0114829910749827,-0.0006252327341617,0.00228571428571429));
#10082=CARTESIAN_POINT('',(0.0116256963665302,0.00199568504518343,-0.000571428571428571));
#10083=CARTESIAN_POINT('',(0.0106170957854775,0.00441896787519385,-0.00342857142857143));
#10084=CARTESIAN_POINT('',(0.0112486974084391,-0.00239098444440432,0.00425306270009128));
#10085=CARTESIAN_POINT('',(0.0114591475301812,0.000968471931200527,0.008));
#10086=CARTESIAN_POINT('',(0.0116801949286078,-0.00164700371463734,0.00514285714285714));
#10087=CARTESIAN_POINT('',(0.0107445394001339,-0.00409937471804575,0.00228571428571429));
#10088=CARTESIAN_POINT('',(0.00980888387165996,-0.00655174572145416,-0.000571428571428571));
#10089=CARTESIAN_POINT('',(0.00790184346876187,-0.00835528992885148,-0.00342857142857143));
#10090=CARTESIAN_POINT('',(0.,7.04171909509728E-19,0.008));
#10091=CARTESIAN_POINT('',(0.0114591475301819,-0.000968471931201733,0.008));
#10092=CARTESIAN_POINT('',(0.0112381001317551,-0.00358394757703976,0.00514285714285714));
#10093=CARTESIAN_POINT('',(0.00990413095465459,-0.00584450083694516,0.00228571428571429));
#10094=CARTESIAN_POINT('',(0.00857016177755409,-0.00810505409685056,-0.000571428571428571));
#10095=CARTESIAN_POINT('',(0.006387479777363,-0.00956295467383271,-0.00342857142857143));
#10096=CARTESIAN_POINT('',(0.0105057727628899,-0.0046774713953717,0.00373121422617364));
#10097=CARTESIAN_POINT('',(0.00838738123951891,-0.00786777198087021,0.008));
#10098=CARTESIAN_POINT('',(0.0101831488521422,-0.00595340694572765,0.00514285714285714));
#10099=CARTESIAN_POINT('',(0.0109704677056197,-0.00344946928091208,0.00228571428571429));
#10100=CARTESIAN_POINT('',(0.0117577865590971,-0.000945531616096515,-0.000571428571428571));
#10101=CARTESIAN_POINT('',(0.0113807184986655,0.00165204311509514,-0.00342857142857143));
#10102=CARTESIAN_POINT('',(0.0110073810263765,-0.0033297992342133,0.00533493418541146));
#10103=CARTESIAN_POINT('',(0.0106553035074594,-0.00449366862361118,0.00397745640988808));
#10104=CARTESIAN_POINT('',(0.0100676083192039,-0.00555817080801737,0.00264574880640676));
#10105=CARTESIAN_POINT('',(0.0106618088479985,-0.00226623742991357,0.00533493418541146));
#10106=CARTESIAN_POINT('',(0.0104221874187535,-0.00339356762081566,0.00397745640988808));
#10107=CARTESIAN_POINT('',(0.00995210314935615,-0.00444585682456996,0.00264574880640676));
#10108=CARTESIAN_POINT('',(0.0109,8.70679872618899E-19,0.008));
#10109=CARTESIAN_POINT('',(0.0109,-0.00248785387085263,0.00514285714285714));
#10110=CARTESIAN_POINT('',(0.00982056066013637,-0.00472933275638138,0.00228571428571429));
#10111=CARTESIAN_POINT('',(0.00874112132027274,-0.00697081164191013,-0.000571428571428571));
#10112=CARTESIAN_POINT('',(0.0067960388402602,-0.00852196315890152,-0.00342857142857143));
#10113=CARTESIAN_POINT('',(0.0105057727628899,-0.00467747139537171,0.00373121422617366));
#10114=CARTESIAN_POINT('',(0.010307247757798,-0.00458908236835376,0.00338462738868516));
#10115=CARTESIAN_POINT('',(0.0101246503912825,-0.00450778478291926,0.00302742975868166));
#10116=CARTESIAN_POINT('',(0.00995764548830435,-0.00443342940952622,0.00266147368237538));
#10117=CARTESIAN_POINT('',(0.0106646564150688,-0.00225279904752563,0.00535111373122652));
#10118=CARTESIAN_POINT('',(0.0104264423676972,-0.00338049437891827,0.00399358552237587));
#10119=CARTESIAN_POINT('',(0.00995764548830435,-0.00443342940952622,0.00266147368237538));
#10120=CARTESIAN_POINT('',(0.0114118939323987,-0.00142080149059996,0.00535111373122652));
#10121=CARTESIAN_POINT('',(0.0112616564427481,-0.0026275107373911,0.00399358552237587));
#10122=CARTESIAN_POINT('',(0.0108623651968648,-0.00377611206533245,0.00266147368237538));
#10123=CARTESIAN_POINT('',(0.0112486974084391,-0.00239098444440432,0.00425306270009127));
#10124=CARTESIAN_POINT('',(0.0110348462835909,-0.00234552898459732,0.00460303165824737));
#10125=CARTESIAN_POINT('',(0.0108394603132368,-0.00230399841454027,0.00496441473488057));
#10126=CARTESIAN_POINT('',(0.0106618088479985,-0.00226623742991357,0.00533493418541146));
#10127=CARTESIAN_POINT('',(0.,7.04171909509728E-19,0.008));
#10128=CARTESIAN_POINT('',(0.00446214286889428,-0.0105990226444506,0.008));
#10129=CARTESIAN_POINT('',(0.00688130062240355,-0.0095805676528289,0.00514285714285714));
#10130=CARTESIAN_POINT('',(0.00861899538497241,-0.00761333820041014,0.00228571428571429));
#10131=CARTESIAN_POINT('',(0.0103566901475413,-0.00564610874799137,-0.000571428571428572));
#10132=CARTESIAN_POINT('',(0.0110687501600153,-0.00311973875431295,-0.00342857142857143));
#10133=CARTESIAN_POINT('',(0.00769500197312687,-0.00854616549299003,0.00373121422617365));
#10134=CARTESIAN_POINT('',(0.010074539152444,-0.00554559833254025,0.008));
#10135=CARTESIAN_POINT('',(0.00880879252145278,-0.00784504615157366,0.00514285714285714));
#10136=CARTESIAN_POINT('',(0.0066707011946494,-0.00936759016885896,0.00228571428571429));
#10137=CARTESIAN_POINT('',(0.00453260986784602,-0.0108901341861443,-0.000571428571428571));
#10138=CARTESIAN_POINT('',(0.00194564905447318,-0.0113342158862811,-0.00342857142857143));
#10139=CARTESIAN_POINT('',(0.,7.04171909509728E-19,0.008));
#10140=CARTESIAN_POINT('',(0.00261999978685756,-0.0111975712150835,0.008));
#10141=CARTESIAN_POINT('',(0.00517577234571934,-0.0105995733608297,0.00514285714285714));
#10142=CARTESIAN_POINT('',(0.0072189823097052,-0.00895188775690152,0.00228571428571429));
#10143=CARTESIAN_POINT('',(0.00926219227369104,-0.00730420215297338,-0.000571428571428571));
#10144=CARTESIAN_POINT('',(0.0103881568511078,-0.0049331731407667,-0.00342857142857143));
#10145=CARTESIAN_POINT('',(0.00575,-0.00995929214352105,0.00425306270009189));
#10146=CARTESIAN_POINT('',(0.00838738123951891,-0.00786777198087021,0.008));
#10147=CARTESIAN_POINT('',(0.00659161362689562,-0.00978213701601276,0.00514285714285714));
#10148=CARTESIAN_POINT('',(0.00414307105445101,-0.0107277659481259,0.00228571428571429));
#10149=CARTESIAN_POINT('',(0.00169452848200642,-0.0116733948802391,-0.000571428571428571));
#10150=CARTESIAN_POINT('',(-0.000921825164382879,-0.0114629943019401,-0.00342857142857143));
#10151=CARTESIAN_POINT('',(0.00544999999999999,-0.00943967690125039,0.00533493418541146));
#10152=CARTESIAN_POINT('',(0.00644810763022057,-0.00886341919226232,0.00397745640988809));
#10153=CARTESIAN_POINT('',(0.00730363010644602,-0.00809116723768674,0.00264574880640677));
#10154=CARTESIAN_POINT('',(0.00656829506036389,-0.00943967690125039,0.00533493418541146));
#10155=CARTESIAN_POINT('',(0.00756640269058447,-0.00874517586208654,0.00397745640988809));
#10156=CARTESIAN_POINT('',(0.00839719662899105,-0.00785729525817007,0.00264574880640677));
#10157=CARTESIAN_POINT('',(0.00336828523868692,-0.0103665160276172,0.008));
#10158=CARTESIAN_POINT('',(0.00573437487415145,-0.00959772690200221,0.00514285714285714));
#10159=CARTESIAN_POINT('',(0.00753258287395683,-0.00787846401571857,0.00228571428571429));
#10160=CARTESIAN_POINT('',(0.0093307908737622,-0.00615920112943492,-0.000571428571428571));
#10161=CARTESIAN_POINT('',(0.0102049600899731,-0.00382998558248664,-0.00342857142857143));
#10162=CARTESIAN_POINT('',(0.00729352360931155,-0.0081002785977036,0.00266147368237539));
#10163=CARTESIAN_POINT('',(0.00741584713017081,-0.00823613263082786,0.00302742977456185));
#10164=CARTESIAN_POINT('',(0.0075495914065642,-0.00838467069797713,0.00338462737422565));
#10165=CARTESIAN_POINT('',(0.00769500197312687,-0.00854616549299004,0.00373121422617367));
#10166=CARTESIAN_POINT('',(0.00487773167911282,-0.0104143042814477,0.00535111373122652));
#10167=CARTESIAN_POINT('',(0.00597895443405285,-0.00989852627339583,0.00399358552237588));
#10168=CARTESIAN_POINT('',(0.00694795143093357,-0.00916384040200333,0.00266147368237539));
#10169=CARTESIAN_POINT('',(0.00543809928547882,-0.00944653778700296,0.00535111373122652));
#10170=CARTESIAN_POINT('',(0.00643698908985877,-0.0088715057430996,0.00399358552237588));
#10171=CARTESIAN_POINT('',(0.00729352360931155,-0.0081002785977036,0.00266147368237539));
#10172=CARTESIAN_POINT('',(0.00545,-0.00943967690125038,0.00533493418541147));
#10173=CARTESIAN_POINT('',(0.00554081015901378,-0.00959696471050567,0.00496441470759008));
#10174=CARTESIAN_POINT('',(0.0056406856491762,-0.00976995413389784,0.00460303168299191));
#10175=CARTESIAN_POINT('',(0.00574999999999999,-0.00995929214352106,0.00425306270009188));
#10176=CARTESIAN_POINT('',(0.,7.04171909509728E-19,0.008));
#10177=CARTESIAN_POINT('',(0.00694795143093357,-0.00916384040200331,0.008));
#10178=CARTESIAN_POINT('',(0.00903953820304363,-0.00757801582751301,0.00514285714285714));
#10179=CARTESIAN_POINT('',(0.0102359292732669,-0.00524173176657073,0.00228571428571429));
#10180=CARTESIAN_POINT('',(0.0114323203434903,-0.00290544770562844,-0.000571428571428571));
#10181=CARTESIAN_POINT('',(0.0114965557875955,-0.000281433869147443,-0.00342857142857143));
#10182=CARTESIAN_POINT('',(0.00930369543531214,-0.00675953040136336,0.00425306270009158));
#10183=CARTESIAN_POINT('',(0.0108623651968631,-0.00377611206533366,0.008));
#10184=CARTESIAN_POINT('',(0.0100004922593848,-0.00625537603796035,0.00514285714285714));
#10185=CARTESIAN_POINT('',(0.00814825925192651,-0.00811516303985174,0.00228571428571429));
#10186=CARTESIAN_POINT('',(0.00629602624446822,-0.00997495004174312,-0.000571428571428571));
#10187=CARTESIAN_POINT('',(0.00382029063030416,-0.0108469064483839,-0.00342857142857143));
#10188=CARTESIAN_POINT('',(0.,7.04171909509728E-19,0.008));
#10189=CARTESIAN_POINT('',(-0.00023464054105866,-0.0114976060037067,0.008));
#10190=CARTESIAN_POINT('',(0.00238961300039641,-0.0115511611760307,0.00514285714285714));
#10191=CARTESIAN_POINT('',(0.00477722046114713,-0.0104607917800508,0.00228571428571429));
#10192=CARTESIAN_POINT('',(0.00716482792189785,-0.00937042238407088,-0.000571428571428571));
#10193=CARTESIAN_POINT('',(0.00884289436225867,-0.0073520894511639,-0.00342857142857143));
#10194=CARTESIAN_POINT('',(0.00355369543531139,-0.0109371499373944,0.00373121422617308));
#10195=CARTESIAN_POINT('',(0.00694795143093357,-0.00916384040200331,0.008));
#10196=CARTESIAN_POINT('',(0.0048563646588235,-0.0107496649764936,0.00514285714285714));
#10197=CARTESIAN_POINT('',(0.00228384659667147,-0.011270938058692,0.00228571428571429));
#10198=CARTESIAN_POINT('',(-0.00028867146548057,-0.0117922111408904,-0.000571428571428571));
#10199=CARTESIAN_POINT('',(-0.0028326020656018,-0.0111456882038728,-0.00342857142857143));
#10200=CARTESIAN_POINT('',(0.,7.04171909509728E-19,0.008));
#10201=CARTESIAN_POINT('',(-0.00216097362231697,-0.0112951402383348,0.008));
#10202=CARTESIAN_POINT('',(0.000417068429404553,-0.0117883683659579,0.00514285714285714));
#10203=CARTESIAN_POINT('',(0.00295380772239999,-0.0111141810287169,0.00228571428571429));
#10204=CARTESIAN_POINT('',(0.00549054701539542,-0.0104399936914758,-0.000571428571428571));
#10205=CARTESIAN_POINT('',(0.00748355122162125,-0.00873192195987637,-0.00342857142857143));
#10206=CARTESIAN_POINT('',(0.00120207732757801,-0.0114370017967351,0.00425306270009188));
#10207=CARTESIAN_POINT('',(0.00446214286889428,-0.0105990226444506,0.008));
#10208=CARTESIAN_POINT('',(0.002042985115385,-0.0116174776360722,0.00514285714285714));
#10209=CARTESIAN_POINT('',(-0.000578491766959351,-0.0114854406652753,0.00228571428571429));
#10210=CARTESIAN_POINT('',(-0.0031999686493037,-0.0113534036944784,-0.000571428571428572));
#10211=CARTESIAN_POINT('',(-0.00550454901363075,-0.0100970263026565,-0.00342857142857143));
#10212=CARTESIAN_POINT('',(0.00113936024961741,-0.0108402886595142,0.00533493418541146));
#10213=CARTESIAN_POINT('',(0.0022855620675442,-0.0107198179939808,0.00397745640988809));
#10214=CARTESIAN_POINT('',(0.00338122390722391,-0.0103623030687785,0.00264574880640677));
#10215=CARTESIAN_POINT('',(0.00216097362231656,-0.0112951402383346,0.00533493418541146));
#10216=CARTESIAN_POINT('',(0.00335526933542513,-0.0110666489156227,0.00397745640988809));
#10217=CARTESIAN_POINT('',(0.00447537094038257,-0.0105934439605812,0.00264574880640677));
#10218=CARTESIAN_POINT('',(-0.00113936024961743,-0.0108402886595142,0.008));
#10219=CARTESIAN_POINT('',(0.00133486489742223,-0.0111003402014689,0.00514285714285714));
#10220=CARTESIAN_POINT('',(0.00367689686247284,-0.0102611124866038,0.00228571428571429));
#10221=CARTESIAN_POINT('',(0.00601892882752345,-0.0094218847717388,-0.000571428571428571));
#10222=CARTESIAN_POINT('',(0.00776489945676965,-0.00764959714143551,-0.00342857142857143));
#10223=CARTESIAN_POINT('',(0.00336828523868692,-0.0103665160276172,0.00266147368237539));
#10224=CARTESIAN_POINT('',(0.00342477652214945,-0.0105403783207237,0.0030274297745617));
#10225=CARTESIAN_POINT('',(0.00348654212353305,-0.0107304732952657,0.00338462737422536));
#10226=CARTESIAN_POINT('',(0.00355369543531182,-0.010937149937394,0.00373121422617324));
#10227=CARTESIAN_POINT('',(0.000220150455646968,-0.0114978925798112,0.00535111373122651));
#10228=CARTESIAN_POINT('',(0.00143595331684243,-0.0114746135700265,0.00399358552237586));
#10229=CARTESIAN_POINT('',(0.00261999978685755,-0.0111975712150835,0.00266147368237537));
#10230=CARTESIAN_POINT('',(0.00112569783228437,-0.0108417159338543,0.00535111373122651));
#10231=CARTESIAN_POINT('',(0.00227211567895944,-0.0107226831079836,0.00399358552237586));
#10232=CARTESIAN_POINT('',(0.00336828523868693,-0.0103665160276172,0.00266147368237537));
#10233=CARTESIAN_POINT('',(0.00113936024961742,-0.0108402886595142,0.00533493418541146));
#10234=CARTESIAN_POINT('',(0.00115834474235902,-0.0110209140424363,0.00496441470759007));
#10235=CARTESIAN_POINT('',(0.00117922440536858,-0.0112195707659907,0.0046030316829919));
#10236=CARTESIAN_POINT('',(0.001202077327578,-0.0114370017967351,0.00425306270009187));
#10237=CARTESIAN_POINT('',(0.,7.04171909509728E-19,0.008));
#10238=CARTESIAN_POINT('',(-0.00489085246981878,-0.0104081488324509,0.008));
#10239=CARTESIAN_POINT('',(-0.00251526041833041,-0.011524453992892,0.00514285714285714));
#10240=CARTESIAN_POINT('',(0.000109420719905467,-0.0114994794276105,0.00228571428571429));
#10241=CARTESIAN_POINT('',(0.00273410185814134,-0.011474504862329,-0.000571428571428571));
#10242=CARTESIAN_POINT('',(0.00508802179409537,-0.0103131970902719,-0.00342857142857143));
#10243=CARTESIAN_POINT('',(-0.00120207732757853,-0.0114370017967351,0.00373121422617308));
#10244=CARTESIAN_POINT('',(0.00261999978685756,-0.0111975712150835,0.008));
#10245=CARTESIAN_POINT('',(6.42272279957697E-5,-0.0117955690693373,0.00514285714285714));
#10246=CARTESIAN_POINT('',(-0.00249790582596593,-0.0112254383649194,0.00228571428571429));
#10247=CARTESIAN_POINT('',(-0.00506003887992763,-0.0106553076605016,-0.000571428571428571));
#10248=CARTESIAN_POINT('',(-0.00712107055515232,-0.00902996977561623,-0.00342857142857143));
#10249=CARTESIAN_POINT('',(0.,7.04171909509728E-19,0.008));
#10250=CARTESIAN_POINT('',(-0.00656829506036384,-0.00943967690125038,0.008));
#10251=CARTESIAN_POINT('',(-0.00441375040730201,-0.0109388473866475,0.00514285714285714));
#10252=CARTESIAN_POINT('',(-0.0018221070546089,-0.0113547314315022,0.00228571428571429));
#10253=CARTESIAN_POINT('',(0.000769536298084204,-0.0117706154763569,-0.000571428571428571));
#10254=CARTESIAN_POINT('',(0.00328497159998786,-0.0110208421451028,-0.00342857142857143));
#10255=CARTESIAN_POINT('',(-0.0035536954353119,-0.0109371499373943,0.00425306270009188));
#10256=CARTESIAN_POINT('',(-0.00023464054105866,-0.0114976060037067,0.008));
#10257=CARTESIAN_POINT('',(-0.00285889408251373,-0.0114440508313827,0.00514285714285714));
#10258=CARTESIAN_POINT('',(-0.0052000281064304,-0.0102571783494446,0.00228571428571429));
#10259=CARTESIAN_POINT('',(-0.00754116213034705,-0.00907030586750651,-0.000571428571428571));
#10260=CARTESIAN_POINT('',(-0.00913548633116405,-0.00698519072703791,-0.00342857142857143));
#10261=CARTESIAN_POINT('',(-0.00336828523868694,-0.0103665160276172,0.00533493418541147));
#10262=CARTESIAN_POINT('',(-0.00227217794029009,-0.0107226628780509,0.00397745640988809));
#10263=CARTESIAN_POINT('',(-0.00112582662301208,-0.0108417025607105,0.00264574880640676));
#10264=CARTESIAN_POINT('',(-0.00261999978685785,-0.0111975712150832,0.00533493418541147));
#10265=CARTESIAN_POINT('',(-0.0014360205694937,-0.0114745978342986,0.00397745640988809));
#10266=CARTESIAN_POINT('',(-0.000220287041286195,-0.0114978899637906,0.00264574880640676));
#10267=CARTESIAN_POINT('',(-0.00545,-0.00943967690125038,0.008));
#10268=CARTESIAN_POINT('',(-0.00329545534693817,-0.0106836038366767,0.00514285714285714));
#10269=CARTESIAN_POINT('',(-0.000814558020092029,-0.0108695213892749,0.00228571428571429));
#10270=CARTESIAN_POINT('',(0.00166633930675411,-0.011055438941873,-0.000571428571428571));
#10271=CARTESIAN_POINT('',(0.0039822171655937,-0.0101465238602218,-0.00342857142857143));
#10272=CARTESIAN_POINT('',(-0.00113936024961743,-0.0108402886595142,0.00266147368237538));
#10273=CARTESIAN_POINT('',(-0.00115846905966944,-0.0110220968426356,0.0030274297745617));
#10274=CARTESIAN_POINT('',(-0.00117936196689768,-0.0112208795765134,0.00338462737422536));
#10275=CARTESIAN_POINT('',(-0.00120207732757798,-0.0114370017967349,0.00373121422617325));
#10276=CARTESIAN_POINT('',(-0.00447549678160435,-0.0105933907960506,0.00535111373122652));
#10277=CARTESIAN_POINT('',(-0.00335533717407639,-0.0110666359368079,0.00399358552237587));
#10278=CARTESIAN_POINT('',(-0.00216097362231698,-0.0112951402383348,0.00266147368237538));
#10279=CARTESIAN_POINT('',(-0.0033813470027558,-0.010362262901845,0.00535111373122652));
#10280=CARTESIAN_POINT('',(-0.0022856271743549,-0.0107198111509793,0.00399358552237587));
#10281=CARTESIAN_POINT('',(-0.00113936024961742,-0.0108402886595142,0.00266147368237538));
#10282=CARTESIAN_POINT('',(-0.00336828523868693,-0.0103665160276172,0.00533493418541146));
#10283=CARTESIAN_POINT('',(-0.00342440900348123,-0.0105392472145689,0.00496441470759007));
#10284=CARTESIAN_POINT('',(-0.00348613545104468,-0.0107292216860432,0.0046030316829919));
#10285=CARTESIAN_POINT('',(-0.00355369543531191,-0.0109371499373943,0.00425306270009188));
#10286=CARTESIAN_POINT('',(0.,7.04171909509728E-19,0.008));
#10287=CARTESIAN_POINT('',(-0.00870139157454744,-0.00751902817300059,0.008));
#10288=CARTESIAN_POINT('',(-0.00698522246030436,-0.00950506401800447,0.00514285714285714));
#10289=CARTESIAN_POINT('',(-0.00457729885786389,-0.0105498026126454,0.00228571428571429));
#10290=CARTESIAN_POINT('',(-0.00216937525542343,-0.0115945412072863,-0.000571428571428571));
#10291=CARTESIAN_POINT('',(0.000453384034506097,-0.0114910592600176,-0.00342857142857143));
#10292=CARTESIAN_POINT('',(-0.00575000000000045,-0.00995929214352078,0.00373121422617308));
#10293=CARTESIAN_POINT('',(-0.00216097362231697,-0.0112951402383348,0.008));
#10294=CARTESIAN_POINT('',(-0.0047390156740385,-0.0108019121107117,0.00514285714285714));
#10295=CARTESIAN_POINT('',(-0.00684774763853181,-0.00923895839794628,0.00228571428571429));
#10296=CARTESIAN_POINT('',(-0.00895647960302512,-0.00767600468518083,-0.000571428571428571));
#10297=CARTESIAN_POINT('',(-0.010178241252822,-0.0053528875384556,-0.00342857142857143));
#10298=CARTESIAN_POINT('',(0.,7.04171909509728E-19,0.008));
#10299=CARTESIAN_POINT('',(-0.00983989861138647,-0.00595200767116732,0.008));
#10300=CARTESIAN_POINT('',(-0.00848139170092242,-0.00819790031787698,0.00514285714285714));
#10301=CARTESIAN_POINT('',(-0.00628296296855299,-0.00963194561528417,0.00228571428571429));
#10302=CARTESIAN_POINT('',(-0.00408453423618356,-0.0110659909126913,-0.000571428571428571));
#10303=CARTESIAN_POINT('',(-0.00148160945431355,-0.0114041586022332,-0.00342857142857143));
#10304=CARTESIAN_POINT('',(-0.00769500197312687,-0.00854616549299003,0.00425306270009188));
#10305=CARTESIAN_POINT('',(-0.00489085246981878,-0.0104081488324509,0.008));
#10306=CARTESIAN_POINT('',(-0.00726644452130716,-0.00929184367200982,0.00514285714285714));
#10307=CARTESIAN_POINT('',(-0.00892243234552623,-0.00725535671345586,0.00228571428571429));
#10308=CARTESIAN_POINT('',(-0.0105784201697453,-0.0052188697549019,-0.000571428571428571));
#10309=CARTESIAN_POINT('',(-0.0111868150687506,-0.00266555221625018,-0.00342857142857143));
#10310=CARTESIAN_POINT('',(-0.00729352360931156,-0.00810027859770359,0.00533493418541146));
#10311=CARTESIAN_POINT('',(-0.00643703774015967,-0.0088714619381719,0.00397745640988809));
#10312=CARTESIAN_POINT('',(-0.0054382115023155,-0.00944647318611996,0.00264574880640676));
#10313=CARTESIAN_POINT('',(-0.00694795143093371,-0.00916384040200289,0.00533493418541146));
#10314=CARTESIAN_POINT('',(-0.00597900947210976,-0.00989848454397541,0.00397745640988809));
#10315=CARTESIAN_POINT('',(-0.00487785539227165,-0.0104142463372095,0.00264574880640676));
#10316=CARTESIAN_POINT('',(-0.00881828523868693,-0.00640685924998796,0.008));
#10317=CARTESIAN_POINT('',(-0.00735596142354101,-0.00841957531102923,0.00514285714285714));
#10318=CARTESIAN_POINT('',(-0.00516516842095569,-0.00959849129723844,0.00228571428571429));
#10319=CARTESIAN_POINT('',(-0.00297437541837037,-0.0107774072834477,-0.000571428571428571));
#10320=CARTESIAN_POINT('',(-0.000489026650820616,-0.0108890244253003,-0.00342857142857143));
#10321=CARTESIAN_POINT('',(-0.00545000000000001,-0.00943967690125038,0.00266147368237539));
#10322=CARTESIAN_POINT('',(-0.00554140481671048,-0.00959799468784945,0.0030274297745617));
#10323=CARTESIAN_POINT('',(-0.00564134365908471,-0.00977109384049123,0.00338462737422536));
#10324=CARTESIAN_POINT('',(-0.00574999999999988,-0.00995929214352083,0.00373121422617325));
#10325=CARTESIAN_POINT('',(-0.00839728996670441,-0.00785719550571866,0.00535111373122652));
#10326=CARTESIAN_POINT('',(-0.0075664593853161,-0.00874513641288399,0.00399358552237587));
#10327=CARTESIAN_POINT('',(-0.00656829506036384,-0.00943967690125038,0.00266147368237538));
#10328=CARTESIAN_POINT('',(-0.00730372622244634,-0.00809108047590368,0.00535111373122652));
#10329=CARTESIAN_POINT('',(-0.00644816432495226,-0.00886338645954371,0.00399358552237587));
#10330=CARTESIAN_POINT('',(-0.00545000000000001,-0.00943967690125038,0.00266147368237538));
#10331=CARTESIAN_POINT('',(-0.00729352360931155,-0.00810027859770359,0.00533493418541146));
#10332=CARTESIAN_POINT('',(-0.00741505132284043,-0.00823524879724734,0.00496441470759007));
#10333=CARTESIAN_POINT('',(-0.00754871081742597,-0.00838369270465979,0.0046030316829919));
#10334=CARTESIAN_POINT('',(-0.00769500197312687,-0.00854616549299003,0.00425306270009188));
#10335=CARTESIAN_POINT('',(0.,7.04171909509728E-19,0.008));
#10336=CARTESIAN_POINT('',(-0.011007381026376,-0.00332979923421195,0.008));
#10337=CARTESIAN_POINT('',(-0.0102473760801378,-0.00584216212360824,0.00514285714285714));
#10338=CARTESIAN_POINT('',(-0.00847256187965392,-0.00777596908400599,0.00228571428571429));
#10339=CARTESIAN_POINT('',(-0.00669774767917001,-0.00970977604440373,-0.000571428571428571));
#10340=CARTESIAN_POINT('',(-0.00425964794351393,-0.0106820128907102,-0.00342857142857143));
#10341=CARTESIAN_POINT('',(-0.0093036954353122,-0.00675953040136302,0.00373121422617308));
#10342=CARTESIAN_POINT('',(-0.00656829506036384,-0.00943967690125038,0.008));
#10343=CARTESIAN_POINT('',(-0.00872283971342567,-0.00794050641585327,0.00514285714285714));
#10344=CARTESIAN_POINT('',(-0.0100135516745612,-0.00565497859066612,0.00228571428571429));
#10345=CARTESIAN_POINT('',(-0.0113042636356968,-0.00336945076547896,-0.000571428571428571));
#10346=CARTESIAN_POINT('',(-0.0114755015714597,-0.000750242416439365,-0.00342857142857143));
#10347=CARTESIAN_POINT('',(0.,7.04171909509728E-19,0.008));
#10348=CARTESIAN_POINT('',(-0.0114100942998278,-0.00143518224244726,0.008));
#10349=CARTESIAN_POINT('',(-0.0110825233184286,-0.00403946180855921,0.00514285714285714));
#10350=CARTESIAN_POINT('',(-0.0096574375063076,-0.00624370889870461,0.00228571428571429));
#10351=CARTESIAN_POINT('',(-0.00823235169418656,-0.00844795598884999,-0.000571428571428571));
#10352=CARTESIAN_POINT('',(-0.0059920067739648,-0.00981559243350904,-0.00342857142857143));
#10353=CARTESIAN_POINT('',(-0.0105057727628899,-0.0046774713953717,0.00425306270009189));
#10354=CARTESIAN_POINT('',(-0.00870139157454744,-0.00751902817300059,0.008));
#10355=CARTESIAN_POINT('',(-0.0104175606887905,-0.00553299232799671,0.00514285714285714));
#10356=CARTESIAN_POINT('',(-0.0111020669743274,-0.00299901798886407,0.00228571428571429));
#10357=CARTESIAN_POINT('',(-0.0117865732598643,-0.000465043649731452,-0.000571428571428571));
#10358=CARTESIAN_POINT('',(-0.0113038418519258,0.00211498448850887,-0.00342857142857143));
#10359=CARTESIAN_POINT('',(-0.00995764548830435,-0.00443342940952622,0.00533493418541146));
#10360=CARTESIAN_POINT('',(-0.00948887523610363,-0.00548630463448139,0.00397745640988809));
#10361=CARTESIAN_POINT('',(-0.00881028020826806,-0.00641786277913451,0.00264574880640677));
#10362=CARTESIAN_POINT('',(-0.0100745391524439,-0.0055455983325398,0.00533493418541146));
#10363=CARTESIAN_POINT('',(-0.00948817331940221,-0.00661083335108988,0.00397745640988809));
#10364=CARTESIAN_POINT('',(-0.00869199823200826,-0.00752988490846703,0.00264574880640677));
#10365=CARTESIAN_POINT('',(-0.0106618088479985,-0.00226623742991358,0.008));
#10366=CARTESIAN_POINT('',(-0.010144554943202,-0.00469972572466439,0.00514285714285714));
#10367=CARTESIAN_POINT('',(-0.00862267427775412,-0.00666779486035357,0.00228571428571429));
#10368=CARTESIAN_POINT('',(-0.00710079361230624,-0.00863586399604274,-0.000571428571428571));
#10369=CARTESIAN_POINT('',(-0.0048757133166404,-0.00974871374356307,-0.00342857142857143));
#10370=CARTESIAN_POINT('',(-0.00881828523868693,-0.00640685924998796,0.00266147368237539));
#10371=CARTESIAN_POINT('',(-0.00896618133885994,-0.00651431205648979,0.0030274297745617));
#10372=CARTESIAN_POINT('',(-0.00912788578261775,-0.00663179721184729,0.00338462737422536));
#10373=CARTESIAN_POINT('',(-0.0093036954353117,-0.00675953040136329,0.00373121422617325));
#10374=CARTESIAN_POINT('',(-0.0108671154295769,-0.00376241973206769,0.00535111373122652));
#10375=CARTESIAN_POINT('',(-0.0104692720297091,-0.00491152335610223,0.00399358552237587));
#10376=CARTESIAN_POINT('',(-0.00983989861138647,-0.00595200767116732,0.00266147368237539));
#10377=CARTESIAN_POINT('',(-0.00996322482600622,-0.00442087673052001,0.00535111373122652));
#10378=CARTESIAN_POINT('',(-0.00949575528403152,-0.00547440172791487,0.00399358552237587));
#10379=CARTESIAN_POINT('',(-0.00881828523868693,-0.00640685924998796,0.00266147368237539));
#10380=CARTESIAN_POINT('',(-0.00995764548830434,-0.00443342940952622,0.00533493418541146));
#10381=CARTESIAN_POINT('',(-0.010123563904854,-0.00450730104799511,0.00496441470759007));
#10382=CARTESIAN_POINT('',(-0.0103060455055895,-0.00458854709118354,0.0046030316829919));
#10383=CARTESIAN_POINT('',(-0.0105057727628899,-0.0046774713953717,0.00425306270009188));
#10384=CARTESIAN_POINT('',(0.,7.04171909509728E-19,0.008));
#10385=CARTESIAN_POINT('',(-0.0114100942998269,0.0014351822424483,0.008));
#10386=CARTESIAN_POINT('',(-0.0117376652812264,-0.00116909732366344,0.00514285714285714));
#10387=CARTESIAN_POINT('',(-0.0109028419816435,-0.00365759985828054,0.00228571428571429));
#10388=CARTESIAN_POINT('',(-0.0100680186820606,-0.00614610239289763,-0.000571428571428571));
#10389=CARTESIAN_POINT('',(-0.0082361480944137,-0.00802594944955843,-0.00342857142857143));
#10390=CARTESIAN_POINT('',(-0.0112486974084389,-0.00239098444440373,0.00373121422617308));
#10391=CARTESIAN_POINT('',(-0.00983989861138647,-0.00595200767116732,0.008));
#10392=CARTESIAN_POINT('',(-0.0111984055218505,-0.00370611502445766,0.00514285714285714));
#10393=CARTESIAN_POINT('',(-0.0114479216557979,-0.00109320161119211,0.00228571428571429));
#10394=CARTESIAN_POINT('',(-0.0116974377897453,0.00151971180207345,-0.000571428571428571));
#10395=CARTESIAN_POINT('',(-0.0107885434167332,0.00398212643511761,-0.00342857142857143));
#10396=CARTESIAN_POINT('',(0.,7.04171909509728E-19,0.008));
#10397=CARTESIAN_POINT('',(-0.0110073810263765,0.00332979923421329,0.008));
#10398=CARTESIAN_POINT('',(-0.011767385972615,0.000817436344816912,0.00514285714285714));
#10399=CARTESIAN_POINT('',(-0.0113620533641562,-0.00177587819122439,0.00228571428571429));
#10400=CARTESIAN_POINT('',(-0.0109567207556975,-0.0043691927272657,-0.000571428571428571));
#10401=CARTESIAN_POINT('',(-0.00946633168672493,-0.00652982116117337,-0.00342857142857143));
#10402=CARTESIAN_POINT('',(-0.0115,3.61893353290774E-18,0.00425306270009188));
#10403=CARTESIAN_POINT('',(-0.011007381026376,-0.00332979923421195,0.008));
#10404=CARTESIAN_POINT('',(-0.0117673859726142,-0.000817436344815675,0.00514285714285714));
#10405=CARTESIAN_POINT('',(-0.0113620533641552,0.00177587819122541,0.00228571428571429));
#10406=CARTESIAN_POINT('',(-0.0109567207556963,0.00436919272726649,-0.000571428571428571));
#10407=CARTESIAN_POINT('',(-0.00946633168672362,0.00652982116117386,-0.00342857142857143));
#10408=CARTESIAN_POINT('',(-0.0109,5.61303878255806E-18,0.00533493418541146));
#10409=CARTESIAN_POINT('',(-0.0109,-0.00115251541797614,0.00397745640988809));
#10410=CARTESIAN_POINT('',(-0.0106589714273281,-0.00227954559318374,0.00264574880640676));
#10411=CARTESIAN_POINT('',(-0.0114591475301817,-0.000968471931201343,0.00533493418541146));
#10412=CARTESIAN_POINT('',(-0.0113567458024215,-0.00218010901426535,0.00397745640988809));
#10413=CARTESIAN_POINT('',(-0.0110032156131057,-0.0033435379721938,0.00264574880640676));
#10414=CARTESIAN_POINT('',(-0.0106618088479985,0.00226623742991358,0.008));
#10415=CARTESIAN_POINT('',(-0.011179062752795,-0.000167250864837235,0.00514285714285714));
#10416=CARTESIAN_POINT('',(-0.0105892414173923,-0.00258417611709892,0.00228571428571429));
#10417=CARTESIAN_POINT('',(-0.00999942008198954,-0.0050011013693606,-0.000571428571428571));
#10418=CARTESIAN_POINT('',(-0.00841934485554814,-0.00692276189127975,-0.00342857142857143));
#10419=CARTESIAN_POINT('',(-0.0106618088479985,-0.00226623742991358,0.00266147368237539));
#10420=CARTESIAN_POINT('',(-0.0108406236523202,-0.0023042456898959,0.0030274297745617));
#10421=CARTESIAN_POINT('',(-0.0110361335300971,-0.00234580259728869,0.00338462737422535));
#10422=CARTESIAN_POINT('',(-0.0112486974084385,-0.00239098444440417,0.00373121422617324));
#10423=CARTESIAN_POINT('',(-0.0114579179100311,0.000982912593767999,0.00535111373122652));
#10424=CARTESIAN_POINT('',(-0.0115618524298149,-0.00022866329126147,0.00399358552237587));
#10425=CARTESIAN_POINT('',(-0.0114100942998279,-0.00143518224244726,0.00266147368237538));
#10426=CARTESIAN_POINT('',(-0.0108999913440936,1.3736763974812E-5,0.00535111373122652));
#10427=CARTESIAN_POINT('',(-0.0109014438882732,-0.00113884320415117,0.00399358552237587));
#10428=CARTESIAN_POINT('',(-0.0106618088479985,-0.00226623742991358,0.00266147368237538));
#10429=CARTESIAN_POINT('',(-0.0109,3.55961353111491E-18,0.00533493418541146));
#10430=CARTESIAN_POINT('',(-0.0110816203180276,3.68602904402279E-18,0.00496441470759007));
#10431=CARTESIAN_POINT('',(-0.0112813712983524,-1.76566902506736E-18,0.0046030316829919));
#10432=CARTESIAN_POINT('',(-0.0115,-8.77317220098847E-19,0.00425306270009187));
#10433=CARTESIAN_POINT('',(0.,7.04171909509728E-19,0.008));
#10434=CARTESIAN_POINT('',(-0.00983989861138519,0.00595200767116789,0.008));
#10435=CARTESIAN_POINT('',(-0.0111984055218494,0.00370611502445852,0.00514285714285714));
#10436=CARTESIAN_POINT('',(-0.011447921655797,0.00109320161119317,0.00228571428571429));
#10437=CARTESIAN_POINT('',(-0.0116974377897446,-0.00151971180207217,-0.000571428571428571));
#10438=CARTESIAN_POINT('',(-0.0107885434167329,-0.00398212643511626,-0.00342857142857143));
#10439=CARTESIAN_POINT('',(-0.0112486974084387,0.00239098444440474,0.00373121422617308));
#10440=CARTESIAN_POINT('',(-0.0114100942998278,-0.00143518224244726,0.008));
#10441=CARTESIAN_POINT('',(-0.0117376652812271,0.00116909732366469,0.00514285714285714));
#10442=CARTESIAN_POINT('',(-0.0109028419816439,0.00365759985828188,0.00228571428571429));
#10443=CARTESIAN_POINT('',(-0.0100680186820607,0.00614610239289907,-0.000571428571428571));
#10444=CARTESIAN_POINT('',(-0.00823614809441347,0.00802594944955981,-0.00342857142857143));
#10445=CARTESIAN_POINT('',(0.,7.04171909509728E-19,0.008));
#10446=CARTESIAN_POINT('',(-0.00870139157454729,0.00751902817300198,0.008));
#10447=CARTESIAN_POINT('',(-0.0104175606887907,0.00553299232799812,0.00514285714285714));
#10448=CARTESIAN_POINT('',(-0.0111020669743279,0.0029990179888654,0.00228571428571429));
#10449=CARTESIAN_POINT('',(-0.0117865732598651,0.000465043649732662,-0.000571428571428571));
#10450=CARTESIAN_POINT('',(-0.0113038418519268,-0.00211498448850789,-0.00342857142857143));
#10451=CARTESIAN_POINT('',(-0.0105057727628899,0.0046774713953717,0.00425306270009188));
#10452=CARTESIAN_POINT('',(-0.0114100942998269,0.0014351822424483,0.008));
#10453=CARTESIAN_POINT('',(-0.0110825233184275,0.00403946180856004,0.00514285714285714));
#10454=CARTESIAN_POINT('',(-0.00965743750630631,0.00624370889870514,0.00228571428571429));
#10455=CARTESIAN_POINT('',(-0.00823235169418516,0.00844795598885024,-0.000571428571428571));
#10456=CARTESIAN_POINT('',(-0.0059920067739634,0.00981559243350896,-0.00342857142857143));
#10457=CARTESIAN_POINT('',(-0.00995764548830434,0.00443342940952623,0.00533493418541146));
#10458=CARTESIAN_POINT('',(-0.0104264157405051,0.00338055418457106,0.00397745640988809));
#10459=CARTESIAN_POINT('',(-0.0106646296528876,0.00225292573485009,0.00264574880640677));
#10460=CARTESIAN_POINT('',(-0.0108623651968639,0.0037761120653331,0.00533493418541146));
#10461=CARTESIAN_POINT('',(-0.0112616337634054,0.00262757597679428,0.00397745640988809));
#10462=CARTESIAN_POINT('',(-0.0114118770536214,0.00142093705456062,0.00264574880640677));
#10463=CARTESIAN_POINT('',(-0.00881828523868693,0.00640685924998796,0.008));
#10464=CARTESIAN_POINT('',(-0.0102806090538328,0.00439414318894668,0.00514285714285714));
#10465=CARTESIAN_POINT('',(-0.0107248325157251,0.00194627015330514,0.00228571428571429));
#10466=CARTESIAN_POINT('',(-0.0111690559776173,-0.000501602882336397,-0.000571428571428571));
#10467=CARTESIAN_POINT('',(-0.0105071951815848,-0.00289980161667676,-0.00342857142857143));
#10468=CARTESIAN_POINT('',(-0.0106618088479985,0.00226623742991358,0.00266147368237539));
#10469=CARTESIAN_POINT('',(-0.0108406236523202,0.0023042456898959,0.0030274297745617));
#10470=CARTESIAN_POINT('',(-0.0110361335300971,0.00234580259728869,0.00338462737422536));
#10471=CARTESIAN_POINT('',(-0.0112486974084385,0.00239098444440418,0.00373121422617325));
#10472=CARTESIAN_POINT('',(-0.0100675422919246,0.00555829040266062,0.00535111373122651));
#10473=CARTESIAN_POINT('',(-0.0106552835086738,0.00449373473397919,0.00399358552237587));
#10474=CARTESIAN_POINT('',(-0.0110073810263765,0.0033297992342133,0.00266147368237539));
#10475=CARTESIAN_POINT('',(-0.00995205033547453,0.0044459750471838,0.00535111373122651));
#10476=CARTESIAN_POINT('',(-0.0104221738077238,0.00339363165567598,0.00399358552237587));
#10477=CARTESIAN_POINT('',(-0.0106618088479985,0.00226623742991358,0.00266147368237539));
#10478=CARTESIAN_POINT('',(-0.00995764548830434,0.00443342940952622,0.00533493418541146));
#10479=CARTESIAN_POINT('',(-0.010123563904854,0.00450730104799512,0.00496441470759007));
#10480=CARTESIAN_POINT('',(-0.0103060455055895,0.00458854709118356,0.0046030316829919));
#10481=CARTESIAN_POINT('',(-0.0105057727628899,0.00467747139537171,0.00425306270009188));
#10482=CARTESIAN_POINT('',(0.,7.04171909509728E-19,0.008));
#10483=CARTESIAN_POINT('',(-0.00656829506036244,0.00943967690125038,0.008));
#10484=CARTESIAN_POINT('',(-0.00872283971342427,0.0079405064158536,0.00514285714285714));
#10485=CARTESIAN_POINT('',(-0.01001355167456,0.00565497859066673,0.00228571428571429));
#10486=CARTESIAN_POINT('',(-0.0113042636356956,0.00336945076547986,-0.000571428571428571));
#10487=CARTESIAN_POINT('',(-0.0114755015714589,0.000750242416440462,-0.00342857142857143));
#10488=CARTESIAN_POINT('',(-0.00930369543531159,0.00675953040136386,0.00373121422617308));
#10489=CARTESIAN_POINT('',(-0.0110073810263765,0.00332979923421329,0.008));
#10490=CARTESIAN_POINT('',(-0.010247376080138,0.00584216212360966,0.00514285714285714));
#10491=CARTESIAN_POINT('',(-0.00847256187965373,0.00777596908400738,0.00228571428571429));
#10492=CARTESIAN_POINT('',(-0.00669774767916949,0.00970977604440508,-0.000571428571428571));
#10493=CARTESIAN_POINT('',(-0.00425964794351316,0.0106820128907114,-0.00342857142857143));
#10494=CARTESIAN_POINT('',(0.,7.04171909509728E-19,0.008));
#10495=CARTESIAN_POINT('',(-0.00489085246981808,0.0104081488324521,0.008));
#10496=CARTESIAN_POINT('',(-0.00726644452130674,0.00929184367201119,0.00514285714285714));
#10497=CARTESIAN_POINT('',(-0.00892243234552612,0.00725535671345726,0.00228571428571429));
#10498=CARTESIAN_POINT('',(-0.0105784201697455,0.00521886975490332,-0.000571428571428571));
#10499=CARTESIAN_POINT('',(-0.0111868150687511,0.00266555221625148,-0.00342857142857143));
#10500=CARTESIAN_POINT('',(-0.00769500197312687,0.00854616549299003,0.00425306270009188));
#10501=CARTESIAN_POINT('',(-0.00983989861138519,0.00595200767116789,0.008));
#10502=CARTESIAN_POINT('',(-0.00848139170092101,0.00819790031787725,0.00514285714285714));
#10503=CARTESIAN_POINT('',(-0.00628296296855159,0.00963194561528412,0.00228571428571429));
#10504=CARTESIAN_POINT('',(-0.00408453423618217,0.011065990912691,-0.000571428571428571));
#10505=CARTESIAN_POINT('',(-0.0014816094543123,0.0114041586022325,-0.00342857142857143));
#10506=CARTESIAN_POINT('',(-0.00729352360931155,0.0081002785977036,0.00533493418541146));
#10507=CARTESIAN_POINT('',(-0.00815000947846343,0.00732909525723529,0.00397745640988809));
#10508=CARTESIAN_POINT('',(-0.00882627652634408,0.00639584573614057,0.00264574880640676));
#10509=CARTESIAN_POINT('',(-0.00838738123951847,0.0078677719808703,0.00533493418541146));
#10510=CARTESIAN_POINT('',(-0.00921928293796561,0.00698092921068783,0.00397745640988809));
#10511=CARTESIAN_POINT('',(-0.00984732127791766,0.00593971915577364,0.00264574880640676));
#10512=CARTESIAN_POINT('',(-0.00545,0.00943967690125038,0.008));
#10513=CARTESIAN_POINT('',(-0.00760454465306183,0.00819574996582406,0.00514285714285714));
#10514=CARTESIAN_POINT('',(-0.00900600264004434,0.00614018863289348,0.00228571428571429));
#10515=CARTESIAN_POINT('',(-0.0104074606270268,0.0040846272999629,-0.000571428571428571));
#10516=CARTESIAN_POINT('',(-0.0107782560058539,0.0016245607013203,-0.00342857142857143));
#10517=CARTESIAN_POINT('',(-0.00881828523868692,0.00640685924998796,0.00266147368237539));
#10518=CARTESIAN_POINT('',(-0.00896618133885994,0.00651431205648979,0.0030274297745617));
#10519=CARTESIAN_POINT('',(-0.00912788578261775,0.00663179721184729,0.00338462737422536));
#10520=CARTESIAN_POINT('',(-0.00930369543531169,0.00675953040136329,0.00373121422617325));
#10521=CARTESIAN_POINT('',(-0.0069363971507939,0.00917258930545013,0.00535111373122651));
#10522=CARTESIAN_POINT('',(-0.00790631926867128,0.00843912519941639,0.00399358552237587));
#10523=CARTESIAN_POINT('',(-0.00870139157454728,0.00751902817300198,0.00266147368237538));
#10524=CARTESIAN_POINT('',(-0.00728330941231297,0.00810946385431942,0.00535111373122651));
#10525=CARTESIAN_POINT('',(-0.00814081519334233,0.00733931677206103,0.00399358552237587));
#10526=CARTESIAN_POINT('',(-0.00881828523868692,0.00640685924998795,0.00266147368237538));
#10527=CARTESIAN_POINT('',(-0.00729352360931155,0.0081002785977036,0.00533493418541146));
#10528=CARTESIAN_POINT('',(-0.00741505132284043,0.00823524879724735,0.00496441470759007));
#10529=CARTESIAN_POINT('',(-0.00754871081742597,0.0083836927046598,0.0046030316829919));
#10530=CARTESIAN_POINT('',(-0.00769500197312687,0.00854616549299004,0.00425306270009188));
#10531=CARTESIAN_POINT('',(0.,7.04171909509728E-19,0.008));
#10532=CARTESIAN_POINT('',(-0.00216097362231697,0.0112951402383348,0.008));
#10533=CARTESIAN_POINT('',(-0.00473901567403849,0.0108019121107117,0.00514285714285714));
#10534=CARTESIAN_POINT('',(-0.0068477476385318,0.00923895839794628,0.00228571428571429));
#10535=CARTESIAN_POINT('',(-0.00895647960302511,0.00767600468518083,-0.000571428571428571));
#10536=CARTESIAN_POINT('',(-0.010178241252822,0.00535288753845561,-0.00342857142857143));
#10537=CARTESIAN_POINT('',(-0.00575,0.00995929214352103,0.00373121422617367));
#10538=CARTESIAN_POINT('',(-0.00870139157454729,0.00751902817300198,0.008));
#10539=CARTESIAN_POINT('',(-0.00698522246030389,0.00950506401800583,0.00514285714285714));
#10540=CARTESIAN_POINT('',(-0.00457729885786316,0.0105498026126466,0.00228571428571429));
#10541=CARTESIAN_POINT('',(-0.00216937525542242,0.0115945412072873,-0.000571428571428571));
#10542=CARTESIAN_POINT('',(0.000453384034507275,0.0114910592600184,-0.00342857142857143));
#10543=CARTESIAN_POINT('',(0.,7.04171909509728E-19,0.008));
#10544=CARTESIAN_POINT('',(-0.000234640541057522,0.0114976060037076,0.008));
#10545=CARTESIAN_POINT('',(-0.00285889408251278,0.0114440508313838,0.00514285714285714));
#10546=CARTESIAN_POINT('',(-0.00520002810642973,0.0102571783494459,0.00228571428571429));
#10547=CARTESIAN_POINT('',(-0.00754116213034667,0.00907030586750791,-0.000571428571428571));
#10548=CARTESIAN_POINT('',(-0.00913548633116399,0.00698519072703931,-0.00342857142857143));
#10549=CARTESIAN_POINT('',(-0.00355369543531189,0.0109371499373943,0.00425306270009188));
#10550=CARTESIAN_POINT('',(-0.00656829506036244,0.00943967690125038,0.008));
#10551=CARTESIAN_POINT('',(-0.00441375040730061,0.0109388473866472,0.00514285714285714));
#10552=CARTESIAN_POINT('',(-0.00182210705460764,0.0113547314315016,0.00228571428571429));
#10553=CARTESIAN_POINT('',(0.000769536298085328,0.0117706154763561,-0.000571428571428571));
#10554=CARTESIAN_POINT('',(0.00328497159998873,0.0110208421451017,-0.00342857142857143));
#10555=CARTESIAN_POINT('',(-0.00336828523868692,0.0103665160276172,0.00533493418541146));
#10556=CARTESIAN_POINT('',(-0.00446439253708376,0.0100103691771834,0.00397745640988809));
#10557=CARTESIAN_POINT('',(-0.00546178000419066,0.00943286590521794,0.00264574880640676));
#10558=CARTESIAN_POINT('',(-0.00446214286889431,0.0105990226444506,0.00533493418541146));
#10559=CARTESIAN_POINT('',(-0.00558283433799592,0.0101272163643026,0.00397745640988808));
#10560=CARTESIAN_POINT('',(-0.00658007419315708,0.00943146985429888,0.00264574880640676));
#10561=CARTESIAN_POINT('',(-0.00113936024961742,0.0108402886595142,0.008));
#10562=CARTESIAN_POINT('',(-0.00361358539665708,0.0105802371175595,0.00514285714285714));
#10563=CARTESIAN_POINT('',(-0.0057299530909345,0.009272412715992,0.00228571428571429));
#10564=CARTESIAN_POINT('',(-0.00784632078521191,0.00796458831442453,-0.000571428571428571));
#10565=CARTESIAN_POINT('',(-0.00918565844932902,0.00586802171538844,-0.00342857142857143));
#10566=CARTESIAN_POINT('',(-0.00545,0.00943967690125038,0.00266147368237538));
#10567=CARTESIAN_POINT('',(-0.00554140481671052,0.00959799468784952,0.00302742977456185));
#10568=CARTESIAN_POINT('',(-0.00564134365908478,0.00977109384049137,0.00338462737422565));
#10569=CARTESIAN_POINT('',(-0.00575000000000001,0.00995929214352106,0.00373121422617367));
#10570=CARTESIAN_POINT('',(-0.00260588592710108,0.0112008641869695,0.00535111373122652));
#10571=CARTESIAN_POINT('',(-0.00379028060045981,0.0109253142508289,0.00399358552237587));
#10572=CARTESIAN_POINT('',(-0.00489085246981809,0.0104081488324521,0.00266147368237538));
#10573=CARTESIAN_POINT('',(-0.0033552181249737,0.0103707526888769,0.00535111373122652));
#10574=CARTESIAN_POINT('',(-0.00445183567504774,0.0100159673429571,0.00399358552237587));
#10575=CARTESIAN_POINT('',(-0.00545,0.00943967690125038,0.00266147368237538));
#10576=CARTESIAN_POINT('',(-0.00336828523868693,0.0103665160276172,0.00533493418541146));
#10577=CARTESIAN_POINT('',(-0.00342440900348123,0.0105392472145689,0.00496441470759007));
#10578=CARTESIAN_POINT('',(-0.00348613545104467,0.0107292216860432,0.0046030316829919));
#10579=CARTESIAN_POINT('',(-0.0035536954353119,0.0109371499373943,0.00425306270009188));
#10580=CARTESIAN_POINT('',(0.,7.04171909509728E-19,0.008));
#10581=CARTESIAN_POINT('',(0.00261999978685755,0.0111975712150835,0.008));
#10582=CARTESIAN_POINT('',(6.42272279957654E-5,0.0117955690693373,0.00514285714285714));
#10583=CARTESIAN_POINT('',(-0.00249790582596594,0.0112254383649194,0.00228571428571429));
#10584=CARTESIAN_POINT('',(-0.00506003887992763,0.0106553076605016,-0.000571428571428571));
#10585=CARTESIAN_POINT('',(-0.00712107055515232,0.00902996977561623,-0.00342857142857143));
#10586=CARTESIAN_POINT('',(-0.00120207732757804,0.0114370017967351,0.00373121422617367));
#10587=CARTESIAN_POINT('',(-0.00489085246981808,0.0104081488324521,0.008));
#10588=CARTESIAN_POINT('',(-0.00251526041832943,0.011524453992893,0.00514285714285714));
#10589=CARTESIAN_POINT('',(0.000109420719906625,0.0114994794276113,0.00228571428571429));
#10590=CARTESIAN_POINT('',(0.00273410185814267,0.0114745048623295,-0.000571428571428571));
#10591=CARTESIAN_POINT('',(0.00508802179409676,0.0103131970902721,-0.00342857142857143));
#10592=CARTESIAN_POINT('',(0.,7.04171909509728E-19,0.008));
#10593=CARTESIAN_POINT('',(0.00446214286889428,0.0105990226444506,0.008));
#10594=CARTESIAN_POINT('',(0.00204298511538501,0.0116174776360722,0.00514285714285714));
#10595=CARTESIAN_POINT('',(-0.00057849176695935,0.0114854406652753,0.00228571428571429));
#10596=CARTESIAN_POINT('',(-0.0031999686493037,0.0113534036944784,-0.000571428571428571));
#10597=CARTESIAN_POINT('',(-0.00550454901363075,0.0100970263026565,-0.00342857142857143));
#10598=CARTESIAN_POINT('',(0.00120207732757802,0.0114370017967351,0.00425306270009188));
#10599=CARTESIAN_POINT('',(-0.00216097362231697,0.0112951402383348,0.008));
#10600=CARTESIAN_POINT('',(0.00041706842940456,0.0117883683659579,0.00514285714285714));
#10601=CARTESIAN_POINT('',(0.00295380772239999,0.0111141810287169,0.00228571428571429));
#10602=CARTESIAN_POINT('',(0.00549054701539542,0.0104399936914758,-0.000571428571428571));
#10603=CARTESIAN_POINT('',(0.00748355122162125,0.00873192195987636,-0.00342857142857143));
#10604=CARTESIAN_POINT('',(0.00113936024961743,0.0108402886595142,0.00533493418541146));
#10605=CARTESIAN_POINT('',(-6.8415683093655E-6,0.0109607593250475,0.00397745640988809));
#10606=CARTESIAN_POINT('',(-0.00115289210059905,0.0108388578643867,0.00264574880640676));
#10607=CARTESIAN_POINT('',(0.000234640541057497,0.0114976060037076,0.00533493418541146));
#10608=CARTESIAN_POINT('',(-0.000981062962528563,0.0115224158056572,0.00397745640988809));
#10609=CARTESIAN_POINT('',(-0.00217507250230182,0.0112924337328023,0.00264574880640676));
#10610=CARTESIAN_POINT('',(0.00336828523868692,0.0103665160276172,0.008));
#10611=CARTESIAN_POINT('',(0.00100219560322241,0.0111353051532321,0.00514285714285714));
#10612=CARTESIAN_POINT('',(-0.00146314259741244,0.0108013524032705,0.00228571428571429));
#10613=CARTESIAN_POINT('',(-0.00392848079804729,0.0104673996533088,-0.000571428571428571));
#10614=CARTESIAN_POINT('',(-0.00600477709782792,0.0090968484655622,-0.00342857142857143));
#10615=CARTESIAN_POINT('',(-0.00113936024961742,0.0108402886595142,0.00266147368237539));
#10616=CARTESIAN_POINT('',(-0.00115846905966945,0.0110220968426356,0.00302742977456185));
#10617=CARTESIAN_POINT('',(-0.0011793619668977,0.0112208795765136,0.00338462737422566));
#10618=CARTESIAN_POINT('',(-0.00120207732757801,0.0114370017967352,0.00373121422617368));
#10619=CARTESIAN_POINT('',(0.00217520664711796,0.0112924078939053,0.00535111373122652));
#10620=CARTESIAN_POINT('',(0.000981132017189427,0.0115224172149091,0.00399358552237587));
#10621=CARTESIAN_POINT('',(-0.000234640541057522,0.0114976060037076,0.00266147368237539));
#10622=CARTESIAN_POINT('',(0.00115302085737328,0.0108388441681972,0.00535111373122652));
#10623=CARTESIAN_POINT('',(6.90667512004776E-6,0.010960766168049,0.00399358552237587));
#10624=CARTESIAN_POINT('',(-0.00113936024961742,0.0108402886595142,0.00266147368237539));
#10625=CARTESIAN_POINT('',(0.00113936024961742,0.0108402886595142,0.00533493418541146));
#10626=CARTESIAN_POINT('',(0.00115834474235902,0.0110209140424363,0.00496441470759007));
#10627=CARTESIAN_POINT('',(0.00117922440536859,0.0112195707659907,0.0046030316829919));
#10628=CARTESIAN_POINT('',(0.00120207732757801,0.0114370017967351,0.00425306270009188));
#10629=CARTESIAN_POINT('',(0.,7.04171909509728E-19,0.008));
#10630=CARTESIAN_POINT('',(0.006947951430934,0.00916384040200198,0.008));
#10631=CARTESIAN_POINT('',(0.00485636465882425,0.0107496649764924,0.00514285714285714));
#10632=CARTESIAN_POINT('',(0.00228384659667244,0.011270938058691,0.00228571428571429));
#10633=CARTESIAN_POINT('',(-0.000288671465479367,0.0117922111408896,-0.000571428571428572));
#10634=CARTESIAN_POINT('',(-0.00283260206560048,0.0111456882038723,-0.00342857142857143));
#10635=CARTESIAN_POINT('',(0.00355369543531239,0.0109371499373941,0.00373121422617308));
#10636=CARTESIAN_POINT('',(-0.000234640541057522,0.0114976060037076,0.008));
#10637=CARTESIAN_POINT('',(0.00238961300039774,0.0115511611760313,0.00514285714285714));
#10638=CARTESIAN_POINT('',(0.00477722046114852,0.0104607917800511,0.00228571428571429));
#10639=CARTESIAN_POINT('',(0.00716482792189929,0.00937042238407082,-0.000571428571428571));
#10640=CARTESIAN_POINT('',(0.00884289436226002,0.00735208945116352,-0.00342857142857143));
#10641=CARTESIAN_POINT('',(0.,7.04171909509728E-19,0.008));
#10642=CARTESIAN_POINT('',(0.00838738123951891,0.00786777198087021,0.008));
#10643=CARTESIAN_POINT('',(0.00659161362689561,0.00978213701601276,0.00514285714285714));
#10644=CARTESIAN_POINT('',(0.00414307105445101,0.0107277659481259,0.00228571428571429));
#10645=CARTESIAN_POINT('',(0.00169452848200642,0.0116733948802391,-0.000571428571428572));
#10646=CARTESIAN_POINT('',(-0.000921825164382878,0.0114629943019401,-0.00342857142857143));
#10647=CARTESIAN_POINT('',(0.00575,0.00995929214352105,0.00425306270009188));
#10648=CARTESIAN_POINT('',(0.00261999978685755,0.0111975712150835,0.008));
#10649=CARTESIAN_POINT('',(0.00517577234571934,0.0105995733608297,0.00514285714285714));
#10650=CARTESIAN_POINT('',(0.0072189823097052,0.00895188775690153,0.00228571428571429));
#10651=CARTESIAN_POINT('',(0.00926219227369104,0.00730420215297339,-0.000571428571428571));
#10652=CARTESIAN_POINT('',(0.0103881568511078,0.0049331731407667,-0.00342857142857143));
#10653=CARTESIAN_POINT('',(0.00545,0.00943967690125038,0.00533493418541146));
#10654=CARTESIAN_POINT('',(0.00445189236977942,0.0100159346102385,0.00397745640988808));
#10655=CARTESIAN_POINT('',(0.00335534132088206,0.0103707128308705,0.00264574880640676));
#10656=CARTESIAN_POINT('',(0.00489085246981831,0.0104081488324517,0.00533493418541146));
#10657=CARTESIAN_POINT('',(0.00379034311183748,0.0109252848763519,0.00397745640988808));
#10658=CARTESIAN_POINT('',(0.00260601898411509,0.011200833230364,0.00264574880640676));
#10659=CARTESIAN_POINT('',(0.00729352360931156,0.0081002785977036,0.008));
#10660=CARTESIAN_POINT('',(0.00544468787864351,0.00976497776683946,0.00514285714285714));
#10661=CARTESIAN_POINT('',(0.00305665854343543,0.0104626401328175,0.00228571428571429));
#10662=CARTESIAN_POINT('',(0.000668629208227349,0.0111603024987955,-0.000571428571428572));
#10663=CARTESIAN_POINT('',(-0.001785615234425,0.0107527474737664,-0.00342857142857143));
#10664=CARTESIAN_POINT('',(0.00336828523868693,0.0103665160276172,0.00266147368237538));
#10665=CARTESIAN_POINT('',(0.00342477652214946,0.0105403783207237,0.00302742977456169));
#10666=CARTESIAN_POINT('',(0.00348654212353305,0.0107304732952657,0.00338462737422536));
#10667=CARTESIAN_POINT('',(0.00355369543531182,0.010937149937394,0.00373121422617324));
#10668=CARTESIAN_POINT('',(0.00658018623091831,0.00943139168767967,0.00535111373122652));
#10669=CARTESIAN_POINT('',(0.00558289799576206,0.0101271895646573,0.00399358552237587));
#10670=CARTESIAN_POINT('',(0.00446214286889428,0.0105990226444506,0.00266147368237539));
#10671=CARTESIAN_POINT('',(0.00546189205861478,0.00943280102302815,0.00535111373122652));
#10672=CARTESIAN_POINT('',(0.00446445479841441,0.0100103489472508,0.00399358552237587));
#10673=CARTESIAN_POINT('',(0.00336828523868693,0.0103665160276172,0.00266147368237539));
#10674=CARTESIAN_POINT('',(0.00545,0.00943967690125038,0.00533493418541146));
#10675=CARTESIAN_POINT('',(0.00554081015901379,0.00959696471050566,0.00496441470759007));
#10676=CARTESIAN_POINT('',(0.00564068564917621,0.00976995413389783,0.0046030316829919));
#10677=CARTESIAN_POINT('',(0.00575,0.00995929214352105,0.00425306270009188));
#10678=CARTESIAN_POINT('',(0.,7.04171909509728E-19,0.008));
#10679=CARTESIAN_POINT('',(0.010074539152444,0.00554559833254025,0.008));
#10680=CARTESIAN_POINT('',(0.00880879252145278,0.00784504615157366,0.00514285714285714));
#10681=CARTESIAN_POINT('',(0.0066707011946494,0.00936759016885896,0.00228571428571429));
#10682=CARTESIAN_POINT('',(0.00453260986784602,0.0108901341861443,-0.000571428571428571));
#10683=CARTESIAN_POINT('',(0.00194564905447318,0.0113342158862811,-0.00342857142857143));
#10684=CARTESIAN_POINT('',(0.00769500197312685,0.00854616549299005,0.00373121422617367));
#10685=CARTESIAN_POINT('',(0.00446214286889428,0.0105990226444506,0.008));
#10686=CARTESIAN_POINT('',(0.00688130062240355,0.0095805676528289,0.00514285714285714));
#10687=CARTESIAN_POINT('',(0.00861899538497241,0.00761333820041013,0.00228571428571429));
#10688=CARTESIAN_POINT('',(0.0103566901475413,0.00564610874799136,-0.000571428571428571));
#10689=CARTESIAN_POINT('',(0.0110687501600153,0.00311973875431295,-0.00342857142857143));
#10690=CARTESIAN_POINT('',(0.,7.04171909509728E-19,0.008));
#10691=CARTESIAN_POINT('',(0.0108623651968642,0.00377611206533284,0.008));
#10692=CARTESIAN_POINT('',(0.0100004922593861,0.00625537603795978,0.00514285714285714));
#10693=CARTESIAN_POINT('',(0.00814825925192789,0.00811516303985149,0.00228571428571429));
#10694=CARTESIAN_POINT('',(0.00629602624446965,0.00997495004174319,-0.000571428571428571));
#10695=CARTESIAN_POINT('',(0.00382029063030551,0.0108469064483843,-0.00342857142857143));
#10696=CARTESIAN_POINT('',(0.0093036954353119,0.00675953040136344,0.00425306270009188));
#10697=CARTESIAN_POINT('',(0.006947951430934,0.00916384040200198,0.008));
#10698=CARTESIAN_POINT('',(0.00903953820304376,0.00757801582751159,0.00514285714285714));
#10699=CARTESIAN_POINT('',(0.0102359292732668,0.00524173176656934,0.00228571428571429));
#10700=CARTESIAN_POINT('',(0.0114323203434898,0.00290544770562709,-0.000571428571428572));
#10701=CARTESIAN_POINT('',(0.0114965557875948,0.000281433869146269,-0.00342857142857143));
#10702=CARTESIAN_POINT('',(0.00881828523868693,0.00640685924998795,0.00533493418541146));
#10703=CARTESIAN_POINT('',(0.00814085367296085,0.0073392638094098,0.00397745640988808));
#10704=CARTESIAN_POINT('',(0.00728340574566372,0.00810937733392847,0.00264574880640676));
#10705=CARTESIAN_POINT('',(0.00870139157454728,0.00751902817300201,0.00533493418541146));
#10706=CARTESIAN_POINT('',(0.00790636442798015,0.00843907293882894,0.00397745640988808));
#10707=CARTESIAN_POINT('',(0.00693650611323869,0.00917250690602099,0.00264574880640676));
#10708=CARTESIAN_POINT('',(0.00995764548830435,0.00443342940952623,0.008));
#10709=CARTESIAN_POINT('',(0.00894574415641061,0.00670619701252221,0.00514285714285714));
#10710=CARTESIAN_POINT('',(0.00704793565325222,0.0083148423332987,0.00228571428571429));
#10711=CARTESIAN_POINT('',(0.00515012715009381,0.0099234876540752,-0.000571428571428571));
#10712=CARTESIAN_POINT('',(0.00274229572481514,0.0105493987581123,-0.00342857142857143));
#10713=CARTESIAN_POINT('',(0.00729352360931155,0.0081002785977036,0.00266147368237538));
#10714=CARTESIAN_POINT('',(0.00741584713017081,0.00823613263082786,0.00302742977456185));
#10715=CARTESIAN_POINT('',(0.00754959140656421,0.00838467069797713,0.00338462737422566));
#10716=CARTESIAN_POINT('',(0.00769500197312688,0.00854616549299005,0.00373121422617368));
#10717=CARTESIAN_POINT('',(0.00984739183627764,0.00593960217715063,0.00535111373122652));
#10718=CARTESIAN_POINT('',(0.00921933019183139,0.00698087883604735,0.00399358552237587));
#10719=CARTESIAN_POINT('',(0.00838738123951891,0.00786777198087021,0.00266147368237538));
#10720=CARTESIAN_POINT('',(0.00882635250319017,0.0063957408866705,0.00535111373122652));
#10721=CARTESIAN_POINT('',(0.00815005812876434,0.00732905145230761,0.00399358552237587));
#10722=CARTESIAN_POINT('',(0.00729352360931156,0.0081002785977036,0.00266147368237538));
#10723=CARTESIAN_POINT('',(0.00881828523868693,0.00640685924998796,0.00533493418541146));
#10724=CARTESIAN_POINT('',(0.00896521916249502,0.00651361299444123,0.00496441470759007));
#10725=CARTESIAN_POINT('',(0.00912682110022087,0.00663102367480715,0.0046030316829919));
#10726=CARTESIAN_POINT('',(0.0093036954353119,0.00675953040136345,0.00425306270009188));
#10727=CARTESIAN_POINT('',(0.,7.04171909509728E-19,0.008));
#10728=CARTESIAN_POINT('',(0.0114591475301812,0.000968471931200527,0.008));
#10729=CARTESIAN_POINT('',(0.0112381001317547,0.00358394757703839,0.00514285714285714));
#10730=CARTESIAN_POINT('',(0.00990413095465449,0.00584450083694377,0.00228571428571429));
#10731=CARTESIAN_POINT('',(0.00857016177755431,0.00810505409684914,-0.000571428571428571));
#10732=CARTESIAN_POINT('',(0.0063874797773635,0.00956295467383141,-0.00342857142857143));
#10733=CARTESIAN_POINT('',(0.0105057727628901,0.00467747139537123,0.00373121422617308));
#10734=CARTESIAN_POINT('',(0.00838738123951891,0.00786777198087021,0.008));
#10735=CARTESIAN_POINT('',(0.0101831488521422,0.00595340694572764,0.00514285714285714));
#10736=CARTESIAN_POINT('',(0.0109704677056197,0.00344946928091208,0.00228571428571429));
#10737=CARTESIAN_POINT('',(0.0117577865590971,0.000945531616096514,-0.000571428571428572));
#10738=CARTESIAN_POINT('',(0.0113807184986655,-0.00165204311509515,-0.00342857142857143));
#10739=CARTESIAN_POINT('',(0.,7.04171909509728E-19,0.008));
#10740=CARTESIAN_POINT('',(0.010074539152444,0.00554559833254025,0.008));
#10741=CARTESIAN_POINT('',(0.0113402857834352,0.00324615051350684,0.00514285714285714));
#10742=CARTESIAN_POINT('',(0.0114829910749827,0.000625232734161696,0.00228571428571429));
#10743=CARTESIAN_POINT('',(0.0116256963665302,-0.00199568504518344,-0.000571428571428571));
#10744=CARTESIAN_POINT('',(0.0106170957854775,-0.00441896787519385,-0.00342857142857143));
#10745=CARTESIAN_POINT('',(0.0112486974084388,0.00239098444440423,0.00425306270009188));
#10746=CARTESIAN_POINT('',(0.0114591475301819,-0.000968471931201733,0.008));
#10747=CARTESIAN_POINT('',(0.0116801949286087,0.00164700371463629,0.00514285714285714));
#10748=CARTESIAN_POINT('',(0.010744539400135,0.00409937471804497,0.00228571428571429));
#10749=CARTESIAN_POINT('',(0.00980888387166129,0.00655174572145363,-0.000571428571428571));
#10750=CARTESIAN_POINT('',(0.00790184346876325,0.00835528992885128,-0.00342857142857143));
#10751=CARTESIAN_POINT('',(0.0106618088479985,0.00226623742991357,0.00533493418541146));
#10752=CARTESIAN_POINT('',(0.0104221874187535,0.00339356762081565,0.00397745640988809));
#10753=CARTESIAN_POINT('',(0.00995210314935616,0.00444585682456996,0.00264574880640676));
#10754=CARTESIAN_POINT('',(0.0110073810263763,0.00332979923421287,0.00533493418541146));
#10755=CARTESIAN_POINT('',(0.0106553035074593,0.00449366862361073,0.00397745640988809));
#10756=CARTESIAN_POINT('',(0.0100676083192039,0.00555817080801691,0.00264574880640676));
#10757=CARTESIAN_POINT('',(0.0109,8.70679872618899E-19,0.008));
#10758=CARTESIAN_POINT('',(0.0109,0.00248785387085264,0.00514285714285714));
#10759=CARTESIAN_POINT('',(0.00982056066013637,0.00472933275638139,0.00228571428571429));
#10760=CARTESIAN_POINT('',(0.00874112132027274,0.00697081164191013,-0.000571428571428571));
#10761=CARTESIAN_POINT('',(0.0067960388402602,0.00852196315890152,-0.00342857142857143));
#10762=CARTESIAN_POINT('',(0.00995764548830435,0.00443342940952622,0.00266147368237538));
#10763=CARTESIAN_POINT('',(0.0101246503985294,0.00450778478614578,0.0030274297745617));
#10764=CARTESIAN_POINT('',(0.0103072477495154,0.00458908236466613,0.00338462737422536));
#10765=CARTESIAN_POINT('',(0.0105057727628897,0.0046774713953716,0.00373121422617324));
#10766=CARTESIAN_POINT('',(0.0114118939323982,0.00142080149060045,0.00535111373122652));
#10767=CARTESIAN_POINT('',(0.0112616564427477,0.00262751073739154,0.00399358552237587));
#10768=CARTESIAN_POINT('',(0.0108623651968643,0.00377611206533284,0.00266147368237538));
#10769=CARTESIAN_POINT('',(0.0106646564150688,0.00225279904752564,0.00535111373122652));
#10770=CARTESIAN_POINT('',(0.0104264423676972,0.00338049437891827,0.00399358552237587));
#10771=CARTESIAN_POINT('',(0.00995764548830435,0.00443342940952623,0.00266147368237538));
#10772=CARTESIAN_POINT('',(0.0106618088479985,0.00226623742991358,0.00533493418541146));
#10773=CARTESIAN_POINT('',(0.0108394603263217,0.00230399841732155,0.00496441470759007));
#10774=CARTESIAN_POINT('',(0.0110348462684706,0.00234552898138339,0.0046030316829919));
#10775=CARTESIAN_POINT('',(0.0112486974084388,0.00239098444440423,0.00425306270009188));
#10776=CARTESIAN_POINT('',(0.,7.04171909509728E-19,0.008));
#10777=CARTESIAN_POINT('',(0.0108623651968631,-0.00377611206533366,0.008));
#10778=CARTESIAN_POINT('',(0.0117242381343414,-0.00129684809270698,0.00514285714285714));
#10779=CARTESIAN_POINT('',(0.0114250464963943,0.00131084421469906,0.00228571428571429));
#10780=CARTESIAN_POINT('',(0.0111258548584472,0.0039185365221051,-0.000571428571428571));
#10781=CARTESIAN_POINT('',(0.00972485721831463,0.00613817172156136,-0.00342857142857143));
#10782=CARTESIAN_POINT('',(0.0115,-6.7593920639801E-18,0.00373121422617367));
#10783=CARTESIAN_POINT('',(0.0108623651968642,0.00377611206533284,0.008));
#10784=CARTESIAN_POINT('',(0.0117242381343424,0.0012968480927059,0.00514285714285714));
#10785=CARTESIAN_POINT('',(0.011425046496395,-0.0013108442147003,0.00228571428571429));
#10786=CARTESIAN_POINT('',(0.0111258548584475,-0.00391853652210649,-0.000571428571428571));
#10787=CARTESIAN_POINT('',(0.00972485721831468,-0.00613817172156277,-0.00342857142857143));
#10788=CARTESIAN_POINT('',(0.01065894434742,0.00227967221297325,0.00535111373122652));
#10789=CARTESIAN_POINT('',(0.0109000000000001,0.00115258088341307,0.00399358552237554));
#10790=CARTESIAN_POINT('',(0.0109,-5.49654495171545E-16,0.00266147368237475));
#10791=CARTESIAN_POINT('',(0.0110031758938055,0.00334366868125088,0.00535111373122652));
#10792=CARTESIAN_POINT('',(0.011356739985776,0.00218017783794466,0.00399358552237554));
#10793=CARTESIAN_POINT('',(0.011459147530182,0.000968471931201165,0.00266147368237475));
#10794=CARTESIAN_POINT('',(0.00995764548830435,0.00443342940952623,0.008));
#10795=CARTESIAN_POINT('',(0.0109695468201981,0.00216066180653024,0.00514285714285714));
#10796=CARTESIAN_POINT('',(0.0108951215118902,-0.000326078581246444,0.00228571428571429));
#10797=CARTESIAN_POINT('',(0.0108206962035823,-0.00281281896902312,-0.000571428571428571));
#10798=CARTESIAN_POINT('',(0.00967468510014964,-0.00502100270991189,-0.00342857142857143));
#10799=CARTESIAN_POINT('',(0.0114100942998279,0.00143518224244723,0.00533493418541146));
#10800=CARTESIAN_POINT('',(0.0115618438101055,0.000228731820326741,0.00397745640988809));
#10801=CARTESIAN_POINT('',(0.0114579295854285,-0.000982776482910999,0.00264574880640676));
#10802=CARTESIAN_POINT('',(0.0106618088479985,0.00226623742991358,0.00533493418541146));
#10803=CARTESIAN_POINT('',(0.0109014302772434,0.00113890723901149,0.00397745640988808));
#10804=CARTESIAN_POINT('',(0.0108999915065062,-1.36072809020281E-5,0.00264574880640676));
#10805=CARTESIAN_POINT('',(0.0115,-6.8141239835265E-18,0.00373121422617368));
#10806=CARTESIAN_POINT('',(0.0112826873272358,-6.92531257533488E-18,0.00338462738868518));
#10807=CARTESIAN_POINT('',(0.0110828096254883,-4.38332057096817E-18,0.00302742975868167));
#10808=CARTESIAN_POINT('',(0.0109,-3.48037474063607E-18,0.00266147368237538));
#10809=CARTESIAN_POINT('',(0.00881020396863293,0.00641796743767717,0.00535111373122652));
#10810=CARTESIAN_POINT('',(0.00948884860891146,0.00548636444013417,0.00399358552237587));
#10811=CARTESIAN_POINT('',(0.00995764548830435,0.00443342940952622,0.00266147368237538));
#10812=CARTESIAN_POINT('',(0.00869190878245889,0.00752998816183757,0.00535111373122652));
#10813=CARTESIAN_POINT('',(0.0094881400125197,0.00661089385880687,0.00399358552237587));
#10814=CARTESIAN_POINT('',(0.010074539152444,0.00554559833254025,0.00266147368237538));
#10815=CARTESIAN_POINT('',(0.00729352360931156,0.0081002785977036,0.008));
#10816=CARTESIAN_POINT('',(0.00914235933997959,0.00643557942856774,0.00514285714285714));
#10817=CARTESIAN_POINT('',(0.0100858168751666,0.00413355754291692,0.00228571428571429));
#10818=CARTESIAN_POINT('',(0.0110292744103535,0.0018315356572661,-0.000571428571428572));
#10819=CARTESIAN_POINT('',(0.0108804904144683,-0.000651865278000872,-0.00342857142857143));
#10820=CARTESIAN_POINT('',(0.0098398986113865,0.00595200767116731,0.00533493418541146));
#10821=CARTESIAN_POINT('',(0.0104692362819308,0.00491158245456685,0.00397745640988809));
#10822=CARTESIAN_POINT('',(0.01086707073431,0.00376254882433478,0.00264574880640676));
#10823=CARTESIAN_POINT('',(0.00881828523868692,0.00640685924998796,0.00533493418541146));
#10824=CARTESIAN_POINT('',(0.009495716804413,0.00547445469056611,0.00397745640988809));
#10825=CARTESIAN_POINT('',(0.00996317230886711,0.00442099508525214,0.00264574880640676));
#10826=CARTESIAN_POINT('',(0.00543809928547883,0.00944653778700295,0.00535111373122652));
#10827=CARTESIAN_POINT('',(0.00643698908985877,0.00887150574309959,0.00399358552237587));
#10828=CARTESIAN_POINT('',(0.00729352360931156,0.0081002785977036,0.00266147368237539));
#10829=CARTESIAN_POINT('',(0.00487773167911282,0.0104143042814477,0.00535111373122652));
#10830=CARTESIAN_POINT('',(0.00597895443405285,0.00989852627339583,0.00399358552237587));
#10831=CARTESIAN_POINT('',(0.00694795143093357,0.00916384040200333,0.00266147368237539));
#10832=CARTESIAN_POINT('',(0.00336828523868692,0.0103665160276172,0.008));
#10833=CARTESIAN_POINT('',(0.00573437487415145,0.00959772690200221,0.00514285714285714));
#10834=CARTESIAN_POINT('',(0.00753258287395683,0.00787846401571857,0.00228571428571429));
#10835=CARTESIAN_POINT('',(0.0093307908737622,0.00615920112943492,-0.000571428571428571));
#10836=CARTESIAN_POINT('',(0.0102049600899731,0.00382998558248664,-0.00342857142857143));
#10837=CARTESIAN_POINT('',(0.00656829506036387,0.00943967690125038,0.00533493418541147));
#10838=CARTESIAN_POINT('',(0.00756640269058445,0.00874517586208654,0.00397745640988809));
#10839=CARTESIAN_POINT('',(0.00839719662899105,0.00785729525817007,0.00264574880640676));
#10840=CARTESIAN_POINT('',(0.00544999999999999,0.00943967690125038,0.00533493418541147));
#10841=CARTESIAN_POINT('',(0.00644810763022057,0.00886341919226231,0.00397745640988809));
#10842=CARTESIAN_POINT('',(0.00730363010644602,0.00809116723768674,0.00264574880640676));
#10843=CARTESIAN_POINT('',(0.00112569783228437,0.0108417159338543,0.00535111373122652));
#10844=CARTESIAN_POINT('',(0.00227211567895972,0.0107226831079836,0.00399358552237555));
#10845=CARTESIAN_POINT('',(0.00336828523868744,0.010366516027617,0.00266147368237476));
#10846=CARTESIAN_POINT('',(0.000220150455646974,0.0114978925798112,0.00535111373122652));
#10847=CARTESIAN_POINT('',(0.00143595331684272,0.0114746135700265,0.00399358552237555));
#10848=CARTESIAN_POINT('',(0.00261999978685811,0.0111975712150834,0.00266147368237476));
#10849=CARTESIAN_POINT('',(-0.00113936024961742,0.0108402886595142,0.008));
#10850=CARTESIAN_POINT('',(0.00133486489742223,0.0111003402014689,0.00514285714285714));
#10851=CARTESIAN_POINT('',(0.00367689686247285,0.0102611124866038,0.00228571428571429));
#10852=CARTESIAN_POINT('',(0.00601892882752346,0.0094218847717388,-0.000571428571428571));
#10853=CARTESIAN_POINT('',(0.00776489945676966,0.00764959714143551,-0.00342857142857143));
#10854=CARTESIAN_POINT('',(0.002160973622317,0.0112951402383348,0.00533493418541146));
#10855=CARTESIAN_POINT('',(0.00335526933542559,0.0110666489156229,0.00397745640988809));
#10856=CARTESIAN_POINT('',(0.00447537094038304,0.0105934439605813,0.00264574880640676));
#10857=CARTESIAN_POINT('',(0.00113936024961742,0.0108402886595142,0.00533493418541146));
#10858=CARTESIAN_POINT('',(0.00228556206754421,0.0107198179939809,0.00397745640988809));
#10859=CARTESIAN_POINT('',(0.00338122390722392,0.0103623030687785,0.00264574880640676));
#10860=CARTESIAN_POINT('',(-0.00338134700275579,0.0103622629018451,0.00535111373122651));
#10861=CARTESIAN_POINT('',(-0.00228562717435489,0.0107198111509793,0.00399358552237587));
#10862=CARTESIAN_POINT('',(-0.00113936024961742,0.0108402886595142,0.00266147368237539));
#10863=CARTESIAN_POINT('',(-0.00447549678160433,0.0105933907960506,0.00535111373122652));
#10864=CARTESIAN_POINT('',(-0.00335533717407638,0.0110666359368079,0.00399358552237587));
#10865=CARTESIAN_POINT('',(-0.00216097362231697,0.0112951402383348,0.00266147368237539));
#10866=CARTESIAN_POINT('',(-0.00545,0.00943967690125038,0.008));
#10867=CARTESIAN_POINT('',(-0.00329545534693817,0.0106836038366767,0.00514285714285714));
#10868=CARTESIAN_POINT('',(-0.000814558020092022,0.0108695213892749,0.00228571428571429));
#10869=CARTESIAN_POINT('',(0.00166633930675412,0.011055438941873,-0.000571428571428571));
#10870=CARTESIAN_POINT('',(0.00398221716559371,0.0101465238602218,-0.00342857142857143));
#10871=CARTESIAN_POINT('',(-0.00261999978685753,0.0111975712150835,0.00533493418541147));
#10872=CARTESIAN_POINT('',(-0.00143602056949334,0.0114745978342989,0.00397745640988809));
#10873=CARTESIAN_POINT('',(-0.000220287041285812,0.0114978899637908,0.00264574880640677));
#10874=CARTESIAN_POINT('',(-0.00336828523868693,0.0103665160276172,0.00533493418541147));
#10875=CARTESIAN_POINT('',(-0.00227217794029009,0.0107226628780509,0.00397745640988809));
#10876=CARTESIAN_POINT('',(-0.00112582662301208,0.0108417025607105,0.00264574880640677));
#10877=CARTESIAN_POINT('',(-0.00730372622244634,0.00809108047590368,0.00535111373122651));
#10878=CARTESIAN_POINT('',(-0.00644816432495226,0.00886338645954371,0.00399358552237587));
#10879=CARTESIAN_POINT('',(-0.00545000000000001,0.00943967690125038,0.00266147368237538));
#10880=CARTESIAN_POINT('',(-0.00839728996670441,0.00785719550571866,0.00535111373122651));
#10881=CARTESIAN_POINT('',(-0.00756645938531611,0.00874513641288399,0.00399358552237587));
#10882=CARTESIAN_POINT('',(-0.00656829506036385,0.00943967690125038,0.00266147368237538));
#10883=CARTESIAN_POINT('',(-0.00881828523868693,0.00640685924998796,0.008));
#10884=CARTESIAN_POINT('',(-0.00735596142354101,0.00841957531102923,0.00514285714285714));
#10885=CARTESIAN_POINT('',(-0.00516516842095569,0.00959849129723844,0.00228571428571429));
#10886=CARTESIAN_POINT('',(-0.00297437541837037,0.0107774072834477,-0.000571428571428571));
#10887=CARTESIAN_POINT('',(-0.000489026650820613,0.0108890244253003,-0.00342857142857143));
#10888=CARTESIAN_POINT('',(-0.00694795143093356,0.00916384040200335,0.00533493418541146));
#10889=CARTESIAN_POINT('',(-0.00597900947210956,0.00989848454397585,0.00397745640988808));
#10890=CARTESIAN_POINT('',(-0.00487785539227141,0.0104142463372099,0.00264574880640676));
#10891=CARTESIAN_POINT('',(-0.00729352360931156,0.0081002785977036,0.00533493418541146));
#10892=CARTESIAN_POINT('',(-0.00643703774015967,0.0088714619381719,0.00397745640988808));
#10893=CARTESIAN_POINT('',(-0.0054382115023155,0.00944647318611996,0.00264574880640676));
#10894=CARTESIAN_POINT('',(-0.00996322482600622,0.00442087673052002,0.00535111373122652));
#10895=CARTESIAN_POINT('',(-0.00949575528403151,0.00547440172791488,0.00399358552237587));
#10896=CARTESIAN_POINT('',(-0.00881828523868693,0.00640685924998796,0.00266147368237538));
#10897=CARTESIAN_POINT('',(-0.0108671154295769,0.00376241973206769,0.00535111373122652));
#10898=CARTESIAN_POINT('',(-0.0104692720297091,0.00491152335610223,0.00399358552237587));
#10899=CARTESIAN_POINT('',(-0.00983989861138648,0.00595200767116732,0.00266147368237538));
#10900=CARTESIAN_POINT('',(-0.0106618088479985,0.00226623742991358,0.008));
#10901=CARTESIAN_POINT('',(-0.010144554943202,0.0046997257246644,0.00514285714285714));
#10902=CARTESIAN_POINT('',(-0.00862267427775412,0.00666779486035357,0.00228571428571429));
#10903=CARTESIAN_POINT('',(-0.00710079361230624,0.00863586399604275,-0.000571428571428571));
#10904=CARTESIAN_POINT('',(-0.00487571331664039,0.00974871374356307,-0.00342857142857143));
#10905=CARTESIAN_POINT('',(-0.010074539152444,0.00554559833254028,0.00533493418541146));
#10906=CARTESIAN_POINT('',(-0.00948817331940221,0.00661083335109038,0.00397745640988809));
#10907=CARTESIAN_POINT('',(-0.0086919982320082,0.00752988490846752,0.00264574880640676));
#10908=CARTESIAN_POINT('',(-0.00995764548830435,0.00443342940952622,0.00533493418541146));
#10909=CARTESIAN_POINT('',(-0.00948887523610363,0.00548630463448139,0.00397745640988809));
#10910=CARTESIAN_POINT('',(-0.00881028020826806,0.00641786277913451,0.00264574880640676));
#10911=CARTESIAN_POINT('',(-0.0108999913440936,-1.37367639748048E-5,0.00535111373122651));
#10912=CARTESIAN_POINT('',(-0.0109014438882732,0.00113884320415117,0.00399358552237587));
#10913=CARTESIAN_POINT('',(-0.0106618088479985,0.00226623742991358,0.00266147368237538));
#10914=CARTESIAN_POINT('',(-0.0114579179100311,-0.000982912593768004,0.00535111373122651));
#10915=CARTESIAN_POINT('',(-0.0115618524298149,0.000228663291261465,0.00399358552237587));
#10916=CARTESIAN_POINT('',(-0.0114100942998279,0.00143518224244726,0.00266147368237538));
#10917=CARTESIAN_POINT('',(-0.0106618088479985,-0.00226623742991358,0.008));
#10918=CARTESIAN_POINT('',(-0.011179062752795,0.00016725086483724,0.00514285714285714));
#10919=CARTESIAN_POINT('',(-0.0105892414173922,0.00258417611709893,0.00228571428571429));
#10920=CARTESIAN_POINT('',(-0.00999942008198954,0.00500110136936061,-0.000571428571428571));
#10921=CARTESIAN_POINT('',(-0.00841934485554813,0.00692276189127975,-0.00342857142857143));
#10922=CARTESIAN_POINT('',(-0.0114591475301819,0.000968471931201771,0.00533493418541146));
#10923=CARTESIAN_POINT('',(-0.0113567458024216,0.0021801090142658,0.00397745640988809));
#10924=CARTESIAN_POINT('',(-0.0110032156131058,0.00334353797219426,0.00264574880640677));
#10925=CARTESIAN_POINT('',(-0.0109,-1.35865730922554E-18,0.00533493418541146));
#10926=CARTESIAN_POINT('',(-0.0109,0.00115251541797614,0.00397745640988809));
#10927=CARTESIAN_POINT('',(-0.0106589714273281,0.00227954559318373,0.00264574880640677));
#10928=CARTESIAN_POINT('',(-0.00995205033547454,-0.0044459750471838,0.00535111373122651));
#10929=CARTESIAN_POINT('',(-0.0104221738077238,-0.00339363165567598,0.00399358552237587));
#10930=CARTESIAN_POINT('',(-0.0106618088479985,-0.00226623742991357,0.00266147368237538));
#10931=CARTESIAN_POINT('',(-0.0100675422919246,-0.00555829040266061,0.00535111373122651));
#10932=CARTESIAN_POINT('',(-0.0106552835086738,-0.00449373473397918,0.00399358552237587));
#10933=CARTESIAN_POINT('',(-0.0110073810263765,-0.00332979923421328,0.00266147368237538));
#10934=CARTESIAN_POINT('',(-0.00881828523868693,-0.00640685924998796,0.008));
#10935=CARTESIAN_POINT('',(-0.0102806090538328,-0.00439414318894668,0.00514285714285714));
#10936=CARTESIAN_POINT('',(-0.0107248325157251,-0.00194627015330514,0.00228571428571429));
#10937=CARTESIAN_POINT('',(-0.0111690559776173,0.000501602882336402,-0.000571428571428571));
#10938=CARTESIAN_POINT('',(-0.0105071951815848,0.00289980161667676,-0.00342857142857143));
#10939=CARTESIAN_POINT('',(-0.0108623651968643,-0.00377611206533281,0.00533493418541146));
#10940=CARTESIAN_POINT('',(-0.0112616337634057,-0.00262757597679396,0.00397745640988809));
#10941=CARTESIAN_POINT('',(-0.0114118770536217,-0.00142093705456027,0.00264574880640677));
#10942=CARTESIAN_POINT('',(-0.00995764548830434,-0.00443342940952623,0.00533493418541146));
#10943=CARTESIAN_POINT('',(-0.0104264157405051,-0.00338055418457106,0.00397745640988809));
#10944=CARTESIAN_POINT('',(-0.0106646296528876,-0.00225292573485009,0.00264574880640677));
#10945=CARTESIAN_POINT('',(-0.00728330941231297,-0.00810946385431942,0.00535111373122652));
#10946=CARTESIAN_POINT('',(-0.00814081519334233,-0.00733931677206104,0.00399358552237587));
#10947=CARTESIAN_POINT('',(-0.00881828523868693,-0.00640685924998796,0.00266147368237539));
#10948=CARTESIAN_POINT('',(-0.0069363971507939,-0.00917258930545014,0.00535111373122652));
#10949=CARTESIAN_POINT('',(-0.00790631926867128,-0.0084391251994164,0.00399358552237587));
#10950=CARTESIAN_POINT('',(-0.00870139157454729,-0.00751902817300199,0.00266147368237539));
#10951=CARTESIAN_POINT('',(-0.00545,-0.00943967690125038,0.008));
#10952=CARTESIAN_POINT('',(-0.00760454465306183,-0.00819574996582405,0.00514285714285714));
#10953=CARTESIAN_POINT('',(-0.00900600264004435,-0.00614018863289348,0.00228571428571429));
#10954=CARTESIAN_POINT('',(-0.0104074606270268,-0.00408462729996289,-0.000571428571428571));
#10955=CARTESIAN_POINT('',(-0.0107782560058539,-0.0016245607013203,-0.00342857142857143));
#10956=CARTESIAN_POINT('',(-0.00838738123951895,-0.00786777198087019,0.00533493418541146));
#10957=CARTESIAN_POINT('',(-0.00921928293796606,-0.00698092921068768,0.00397745640988809));
#10958=CARTESIAN_POINT('',(-0.00984732127791811,-0.00593971915577345,0.00264574880640677));
#10959=CARTESIAN_POINT('',(-0.00729352360931155,-0.00810027859770359,0.00533493418541146));
#10960=CARTESIAN_POINT('',(-0.00815000947846343,-0.00732909525723529,0.00397745640988809));
#10961=CARTESIAN_POINT('',(-0.00882627652634408,-0.00639584573614057,0.00264574880640677));
#10962=CARTESIAN_POINT('',(-0.0033552181249737,-0.0103707526888769,0.00535111373122652));
#10963=CARTESIAN_POINT('',(-0.00445183567504774,-0.0100159673429571,0.00399358552237587));
#10964=CARTESIAN_POINT('',(-0.00545,-0.00943967690125038,0.00266147368237539));
#10965=CARTESIAN_POINT('',(-0.00260588592710108,-0.0112008641869695,0.00535111373122652));
#10966=CARTESIAN_POINT('',(-0.00379028060045981,-0.0109253142508289,0.00399358552237587));
#10967=CARTESIAN_POINT('',(-0.00489085246981808,-0.0104081488324521,0.00266147368237539));
#10968=CARTESIAN_POINT('',(-0.00113936024961743,-0.0108402886595142,0.008));
#10969=CARTESIAN_POINT('',(-0.00361358539665709,-0.0105802371175595,0.00514285714285714));
#10970=CARTESIAN_POINT('',(-0.00572995309093451,-0.009272412715992,0.00228571428571429));
#10971=CARTESIAN_POINT('',(-0.00784632078521192,-0.00796458831442453,-0.000571428571428571));
#10972=CARTESIAN_POINT('',(-0.00918565844932903,-0.00586802171538843,-0.00342857142857143));
#10973=CARTESIAN_POINT('',(-0.00446214286889432,-0.0105990226444506,0.00533493418541146));
#10974=CARTESIAN_POINT('',(-0.00558283433799593,-0.0101272163643026,0.00397745640988809));
#10975=CARTESIAN_POINT('',(-0.00658007419315709,-0.00943146985429888,0.00264574880640677));
#10976=CARTESIAN_POINT('',(-0.00336828523868693,-0.0103665160276172,0.00533493418541146));
#10977=CARTESIAN_POINT('',(-0.00446439253708377,-0.0100103691771834,0.00397745640988809));
#10978=CARTESIAN_POINT('',(-0.00546178000419067,-0.00943286590521794,0.00264574880640677));
#10979=CARTESIAN_POINT('',(0.00115302085737328,-0.0108388441681972,0.00535111373122652));
#10980=CARTESIAN_POINT('',(6.90667511977558E-6,-0.0109607661680491,0.00399358552237555));
#10981=CARTESIAN_POINT('',(-0.00113936024961797,-0.0108402886595141,0.00266147368237476));
#10982=CARTESIAN_POINT('',(0.00217520664711798,-0.0112924078939053,0.00535111373122652));
#10983=CARTESIAN_POINT('',(0.000981132017189153,-0.0115224172149092,0.00399358552237555));
#10984=CARTESIAN_POINT('',(-0.00023464054105809,-0.0114976060037076,0.00266147368237476));
#10985=CARTESIAN_POINT('',(0.00336828523868692,-0.0103665160276172,0.008));
#10986=CARTESIAN_POINT('',(0.00100219560322241,-0.0111353051532321,0.00514285714285714));
#10987=CARTESIAN_POINT('',(-0.00146314259741245,-0.0108013524032705,0.00228571428571429));
#10988=CARTESIAN_POINT('',(-0.00392848079804729,-0.0104673996533088,-0.000571428571428571));
#10989=CARTESIAN_POINT('',(-0.00600477709782792,-0.0090968484655622,-0.00342857142857143));
#10990=CARTESIAN_POINT('',(0.000234640541057481,-0.0114976060037076,0.00533493418541146));
#10991=CARTESIAN_POINT('',(-0.00098106296252858,-0.0115224158056572,0.00397745640988808));
#10992=CARTESIAN_POINT('',(-0.00217507250230184,-0.0112924337328023,0.00264574880640676));
#10993=CARTESIAN_POINT('',(0.00113936024961742,-0.0108402886595142,0.00533493418541146));
#10994=CARTESIAN_POINT('',(-6.84156830936873E-6,-0.0109607593250475,0.00397745640988808));
#10995=CARTESIAN_POINT('',(-0.00115289210059906,-0.0108388578643867,0.00264574880640676));
#10996=CARTESIAN_POINT('',(0.00546189205861478,-0.00943280102302815,0.00535111373122653));
#10997=CARTESIAN_POINT('',(0.00446445479841417,-0.0100103489472509,0.00399358552237555));
#10998=CARTESIAN_POINT('',(0.0033682852386864,-0.0103665160276174,0.00266147368237475));
#10999=CARTESIAN_POINT('',(0.00658018623091832,-0.00943139168767967,0.00535111373122653));
#11000=CARTESIAN_POINT('',(0.00558289799576184,-0.0101271895646575,0.00399358552237555));
#11001=CARTESIAN_POINT('',(0.00446214286889376,-0.0105990226444508,0.00266147368237475));
#11002=CARTESIAN_POINT('',(0.00729352360931155,-0.0081002785977036,0.008));
#11003=CARTESIAN_POINT('',(0.00544468787864351,-0.00976497776683946,0.00514285714285714));
#11004=CARTESIAN_POINT('',(0.00305665854343542,-0.0104626401328175,0.00228571428571429));
#11005=CARTESIAN_POINT('',(0.000668629208227342,-0.0111603024987955,-0.000571428571428571));
#11006=CARTESIAN_POINT('',(-0.00178561523442501,-0.0107527474737664,-0.00342857142857143));
#11007=CARTESIAN_POINT('',(0.00489085246981808,-0.0104081488324521,0.00533493418541147));
#11008=CARTESIAN_POINT('',(0.0037903431118372,-0.0109252848763523,0.00397745640988809));
#11009=CARTESIAN_POINT('',(0.00260601898411477,-0.0112008332303643,0.00264574880640676));
#11010=CARTESIAN_POINT('',(0.00545,-0.00943967690125038,0.00533493418541147));
#11011=CARTESIAN_POINT('',(0.00445189236977942,-0.0100159346102385,0.00397745640988809));
#11012=CARTESIAN_POINT('',(0.00335534132088205,-0.0103707128308705,0.00264574880640676));
#11013=CARTESIAN_POINT('',(0.00869190878245886,-0.00752998816183789,0.00535111373122652));
#11014=CARTESIAN_POINT('',(0.0094881400125197,-0.00661089385880719,0.00399358552237587));
#11015=CARTESIAN_POINT('',(0.010074539152444,-0.00554559833254056,0.00266147368237538));
#11016=CARTESIAN_POINT('',(0.00881020396863293,-0.00641796743767717,0.00535111373122652));
#11017=CARTESIAN_POINT('',(0.00948884860891146,-0.00548636444013418,0.00399358552237587));
#11018=CARTESIAN_POINT('',(0.00995764548830435,-0.00443342940952622,0.00266147368237538));
#11019=CARTESIAN_POINT('',(0.00729352360931155,-0.0081002785977036,0.008));
#11020=CARTESIAN_POINT('',(0.00914235933997959,-0.00643557942856775,0.00514285714285714));
#11021=CARTESIAN_POINT('',(0.0100858168751666,-0.00413355754291693,0.00228571428571429));
#11022=CARTESIAN_POINT('',(0.0110292744103535,-0.00183153565726611,-0.000571428571428571));
#11023=CARTESIAN_POINT('',(0.0108804904144683,0.000651865278000866,-0.00342857142857143));
#11024=CARTESIAN_POINT('',(0.00881828523868692,-0.00640685924998796,0.00533493418541146));
#11025=CARTESIAN_POINT('',(0.00896521916249505,-0.00651361299444127,0.00496441470758997));
#11026=CARTESIAN_POINT('',(0.00912682110022096,-0.00663102367480721,0.0046030316829917));
#11027=CARTESIAN_POINT('',(0.00930369543531204,-0.00675953040136355,0.00425306270009159));
#11028=CARTESIAN_POINT('',(0.00881828523868692,-0.00640685924998796,0.00533493418541146));
#11029=CARTESIAN_POINT('',(0.00949571680441299,-0.00547445469056612,0.00397745640988808));
#11030=CARTESIAN_POINT('',(0.00996317230886711,-0.00442099508525214,0.00264574880640676));
#11031=CARTESIAN_POINT('',(0.00983989861138647,-0.00595200767116732,0.00533493418541146));
#11032=CARTESIAN_POINT('',(0.0104692362819308,-0.00491158245456687,0.00397745640988808));
#11033=CARTESIAN_POINT('',(0.01086707073431,-0.00376254882433479,0.00264574880640676));
#11034=CARTESIAN_POINT('',(0.00882635250319016,-0.0063957408866705,0.00535111373122652));
#11035=CARTESIAN_POINT('',(0.00815005812876433,-0.00732905145230761,0.00399358552237587));
#11036=CARTESIAN_POINT('',(0.00729352360931155,-0.0081002785977036,0.00266147368237539));
#11037=CARTESIAN_POINT('',(0.00984739183627805,-0.00593960217715045,0.00535111373122652));
#11038=CARTESIAN_POINT('',(0.00921933019183182,-0.00698087883604721,0.00399358552237587));
#11039=CARTESIAN_POINT('',(0.00838738123951935,-0.00786777198087011,0.00266147368237539));
#11040=CARTESIAN_POINT('',(0.00995764548830435,-0.00443342940952623,0.008));
#11041=CARTESIAN_POINT('',(0.0089457441564106,-0.00670619701252222,0.00514285714285714));
#11042=CARTESIAN_POINT('',(0.00704793565325221,-0.00831484233329871,0.00228571428571429));
#11043=CARTESIAN_POINT('',(0.00515012715009381,-0.0099234876540752,-0.000571428571428571));
#11044=CARTESIAN_POINT('',(0.00274229572481513,-0.0105493987581123,-0.00342857142857143));
#11045=CARTESIAN_POINT('',(0.00870139157454728,-0.007519028173002,0.00533493418541146));
#11046=CARTESIAN_POINT('',(0.00790636442798014,-0.00843907293882892,0.00397745640988809));
#11047=CARTESIAN_POINT('',(0.00693650611323869,-0.00917250690602098,0.00264574880640677));
#11048=CARTESIAN_POINT('',(0.00881828523868692,-0.00640685924998795,0.00533493418541146));
#11049=CARTESIAN_POINT('',(0.00814085367296085,-0.0073392638094098,0.00397745640988809));
#11050=CARTESIAN_POINT('',(0.00728340574566371,-0.00810937733392847,0.00264574880640677));
#11051=CARTESIAN_POINT('',(0.0106618088479985,-0.00226623742991358,0.00533493418541146));
#11052=CARTESIAN_POINT('',(0.0109014302772434,-0.0011389072390115,0.00397745640988808));
#11053=CARTESIAN_POINT('',(0.0108999915065062,1.36072809020202E-5,0.00264574880640676));
#11054=CARTESIAN_POINT('',(0.0114100942998279,-0.00143518224244725,0.00533493418541146));
#11055=CARTESIAN_POINT('',(0.0115618438101055,-0.000228731820326756,0.00397745640988808));
#11056=CARTESIAN_POINT('',(0.0114579295854285,0.000982776482910983,0.00264574880640676));
#11057=CARTESIAN_POINT('',(0.00995764548830435,-0.00443342940952623,0.008));
#11058=CARTESIAN_POINT('',(0.0109695468201981,-0.00216066180653025,0.00514285714285714));
#11059=CARTESIAN_POINT('',(0.0108951215118902,0.000326078581246436,0.00228571428571429));
#11060=CARTESIAN_POINT('',(0.0108206962035823,0.00281281896902311,-0.000571428571428571));
#11061=CARTESIAN_POINT('',(0.00967468510014964,0.00502100270991188,-0.00342857142857143));
#11062=CARTESIAN_POINT('',(0.0110031758938057,-0.0033436686812515,0.00535111373122652));
#11063=CARTESIAN_POINT('',(0.0113567399857762,-0.00218017783794555,0.00399358552237587));
#11064=CARTESIAN_POINT('',(0.0114591475301823,-0.000968471931202312,0.00266147368237538));
#11065=CARTESIAN_POINT('',(0.01065894434742,-0.00227967221297326,0.00535111373122652));
#11066=CARTESIAN_POINT('',(0.0109,-0.00115258088341335,0.00399358552237587));
#11067=CARTESIAN_POINT('',(0.0109,-4.60877748857667E-18,0.00266147368237538));
#11068=CARTESIAN_POINT('',(0.,0.,0.00230180195437195));
#11069=CARTESIAN_POINT('',(0.,0.,-1.61408195142876E-9));
#11070=CARTESIAN_POINT('',(0.0105,0.,-1.61408195142876E-9));
#11071=CARTESIAN_POINT('',(0.,0.,0.008));
#11072=CARTESIAN_POINT('',(0.,0.,0.008));
#11073=CARTESIAN_POINT('',(0.0105,0.,0.008));
#11074=CARTESIAN_POINT('',(0.,0.,0.));
#11075=CARTESIAN_POINT('',(0.,-4.28626379701574E-19,0.));
#11076=CARTESIAN_POINT('',(0.0073,-4.28626379701574E-19,0.));
#11077=CARTESIAN_POINT('',(0.,0.,0.013));
#11078=CARTESIAN_POINT('',(0.,0.,0.013));
#11079=CARTESIAN_POINT('',(0.0075,0.,0.013));
#11080=CARTESIAN_POINT('',(0.,0.,0.013));
#11081=CARTESIAN_POINT('',(0.,0.,0.006));
#11082=CARTESIAN_POINT('',(0.00206853385595079,-0.00188672606488197,0.006));
#11083=CARTESIAN_POINT('',(0.00496160599408482,-0.00163361505003253,0.006));
#11084=CARTESIAN_POINT('',(0.0025536476104784,-0.00184428411084031,0.006));
#11085=CARTESIAN_POINT('',(0.,-1.80635402874234E-19,0.006));
#11086=CARTESIAN_POINT('',(0.00303970417027113,-0.00082625574566011,0.006));
#11087=CARTESIAN_POINT('',(0.0059308264792084,0.000842934497664954,0.006));
#11088=CARTESIAN_POINT('',(0.0059308264792084,0.000842934497664954,0.006));
#11089=CARTESIAN_POINT('',(0.0055808264792084,0.00144915228031406,0.006));
#11090=CARTESIAN_POINT('',(0.00611705758939168,0.00189910360709464,0.006));
#11091=CARTESIAN_POINT('',(0.00573598774408617,0.00235324496426679,0.006));
#11092=CARTESIAN_POINT('',(0.00573598774408618,0.00235324496426679,0.006));
#11093=CARTESIAN_POINT('',(0.00519975663390289,0.00190329363748622,0.006));
#11094=CARTESIAN_POINT('',(0.00466352552371961,0.0023532449642668,0.006));
#11095=CARTESIAN_POINT('',(0.0027967911113762,0.000128557521937308,0.006));
#11096=CARTESIAN_POINT('',(0.00310980734333987,0.000501595740920314,0.006));
#11097=CARTESIAN_POINT('',(0.,-1.80635402874234E-19,0.006));
#11098=CARTESIAN_POINT('',(0.00273364647235036,0.00156514439084913,0.006));
#11099=CARTESIAN_POINT('',(0.00359768292209403,0.00478977232088396,0.006));
#11100=CARTESIAN_POINT('',(0.00359768292209403,0.00478977232088396,0.006));
#11101=CARTESIAN_POINT('',(0.00292153484369168,0.00497094565245572,0.006));
#11102=CARTESIAN_POINT('',(0.00298254386361504,0.00566828194111995,0.006));
#11103=CARTESIAN_POINT('',(0.00239196035862012,0.00571995130267241,0.006));
#11104=CARTESIAN_POINT('',(0.00239196035862012,0.00571995130267241,0.006));
#11105=CARTESIAN_POINT('',(0.00233095133869676,0.00502261501400819,0.006));
#11106=CARTESIAN_POINT('',(0.00163361505003253,0.00496160599408483,0.006));
#11107=CARTESIAN_POINT('',(0.00188672606488197,0.00206853385595079,0.006));
#11108=CARTESIAN_POINT('',(0.0018442841108403,0.0025536476104784,0.006));
#11109=CARTESIAN_POINT('',(0.,-1.80635402874234E-19,0.006));
#11110=CARTESIAN_POINT('',(0.00082625574566011,0.00303970417027113,0.006));
#11111=CARTESIAN_POINT('',(-0.000842934497664953,0.0059308264792084,0.006));
#11112=CARTESIAN_POINT('',(-0.000842934497664954,0.0059308264792084,0.006));
#11113=CARTESIAN_POINT('',(-0.00144915228031406,0.0055808264792084,0.006));
#11114=CARTESIAN_POINT('',(-0.00189910360709464,0.00611705758939168,0.006));
#11115=CARTESIAN_POINT('',(-0.00235324496426679,0.00573598774408617,0.006));
#11116=CARTESIAN_POINT('',(-0.00235324496426679,0.00573598774408618,0.006));
#11117=CARTESIAN_POINT('',(-0.00190329363748622,0.00519975663390289,0.006));
#11118=CARTESIAN_POINT('',(-0.00235324496426679,0.0046635255237196,0.006));
#11119=CARTESIAN_POINT('',(-0.000128557521937308,0.0027967911113762,0.006));
#11120=CARTESIAN_POINT('',(-0.000501595740920314,0.00310980734333987,0.006));
#11121=CARTESIAN_POINT('',(0.,-1.80635402874234E-19,0.006));
#11122=CARTESIAN_POINT('',(-0.00156514439084913,0.00273364647235036,0.006));
#11123=CARTESIAN_POINT('',(-0.00478977232088396,0.00359768292209403,0.006));
#11124=CARTESIAN_POINT('',(-0.00478977232088396,0.00359768292209403,0.006));
#11125=CARTESIAN_POINT('',(-0.00497094565245572,0.00292153484369168,0.006));
#11126=CARTESIAN_POINT('',(-0.00566828194111994,0.00298254386361504,0.006));
#11127=CARTESIAN_POINT('',(-0.0057199513026724,0.00239196035862012,0.006));
#11128=CARTESIAN_POINT('',(-0.00571995130267241,0.00239196035862012,0.006));
#11129=CARTESIAN_POINT('',(-0.00502261501400818,0.00233095133869676,0.006));
#11130=CARTESIAN_POINT('',(-0.00496160599408483,0.00163361505003253,0.006));
#11131=CARTESIAN_POINT('',(-0.00206853385595079,0.00188672606488197,0.006));
#11132=CARTESIAN_POINT('',(-0.00255364761047839,0.0018442841108403,0.006));
#11133=CARTESIAN_POINT('',(0.,-1.80635402874234E-19,0.006));
#11134=CARTESIAN_POINT('',(-0.00303970417027113,0.000826255745660111,0.006));
#11135=CARTESIAN_POINT('',(-0.0059308264792084,-0.000842934497664953,0.006));
#11136=CARTESIAN_POINT('',(-0.0059308264792084,-0.000842934497664953,0.006));
#11137=CARTESIAN_POINT('',(-0.0055808264792084,-0.00144915228031406,0.006));
#11138=CARTESIAN_POINT('',(-0.00611705758939168,-0.00189910360709464,0.006));
#11139=CARTESIAN_POINT('',(-0.00573598774408617,-0.00235324496426679,0.006));
#11140=CARTESIAN_POINT('',(-0.00573598774408618,-0.00235324496426679,0.006));
#11141=CARTESIAN_POINT('',(-0.00519975663390289,-0.00190329363748621,0.006));
#11142=CARTESIAN_POINT('',(-0.00466352552371961,-0.00235324496426679,0.006));
#11143=CARTESIAN_POINT('',(-0.0027967911113762,-0.000128557521937308,0.006));
#11144=CARTESIAN_POINT('',(-0.00310980734333987,-0.000501595740920314,0.006));
#11145=CARTESIAN_POINT('',(0.,-1.80635402874234E-19,0.006));
#11146=CARTESIAN_POINT('',(-0.00273364647235036,-0.00156514439084913,0.006));
#11147=CARTESIAN_POINT('',(-0.00359768292209403,-0.00478977232088396,0.006));
#11148=CARTESIAN_POINT('',(-0.00359768292209403,-0.00478977232088396,0.006));
#11149=CARTESIAN_POINT('',(-0.00292153484369168,-0.00497094565245572,0.006));
#11150=CARTESIAN_POINT('',(-0.00298254386361504,-0.00566828194111994,0.006));
#11151=CARTESIAN_POINT('',(-0.00239196035862012,-0.0057199513026724,0.006));
#11152=CARTESIAN_POINT('',(-0.00239196035862012,-0.00571995130267241,0.006));
#11153=CARTESIAN_POINT('',(-0.00233095133869676,-0.00502261501400818,0.006));
#11154=CARTESIAN_POINT('',(-0.00163361505003253,-0.00496160599408483,0.006));
#11155=CARTESIAN_POINT('',(-0.00188672606488197,-0.00206853385595079,0.006));
#11156=CARTESIAN_POINT('',(-0.0018442841108403,-0.00255364761047839,0.006));
#11157=CARTESIAN_POINT('',(0.,-1.80635402874234E-19,0.006));
#11158=CARTESIAN_POINT('',(-0.000826255745660112,-0.00303970417027113,0.006));
#11159=CARTESIAN_POINT('',(0.000842934497664952,-0.0059308264792084,0.006));
#11160=CARTESIAN_POINT('',(0.000842934497664953,-0.0059308264792084,0.006));
#11161=CARTESIAN_POINT('',(0.00144915228031406,-0.0055808264792084,0.006));
#11162=CARTESIAN_POINT('',(0.00189910360709464,-0.00611705758939168,0.006));
#11163=CARTESIAN_POINT('',(0.00235324496426679,-0.00573598774408617,0.006));
#11164=CARTESIAN_POINT('',(0.00235324496426679,-0.00573598774408618,0.006));
#11165=CARTESIAN_POINT('',(0.00190329363748621,-0.00519975663390289,0.006));
#11166=CARTESIAN_POINT('',(0.00235324496426679,-0.0046635255237196,0.006));
#11167=CARTESIAN_POINT('',(0.000128557521937308,-0.0027967911113762,0.006));
#11168=CARTESIAN_POINT('',(0.000501595740920314,-0.00310980734333987,0.006));
#11169=CARTESIAN_POINT('',(0.,-1.80635402874234E-19,0.006));
#11170=CARTESIAN_POINT('',(0.00156514439084913,-0.00273364647235036,0.006));
#11171=CARTESIAN_POINT('',(0.00478977232088396,-0.00359768292209403,0.006));
#11172=CARTESIAN_POINT('',(0.00478977232088396,-0.00359768292209403,0.006));
#11173=CARTESIAN_POINT('',(0.00497094565245572,-0.00292153484369168,0.006));
#11174=CARTESIAN_POINT('',(0.00566828194111994,-0.00298254386361504,0.006));
#11175=CARTESIAN_POINT('',(0.00571995130267241,-0.00239196035862012,0.006));
#11176=CARTESIAN_POINT('',(0.00571995130267241,-0.00239196035862012,0.006));
#11177=CARTESIAN_POINT('',(0.00502261501400818,-0.00233095133869676,0.006));
#11178=CARTESIAN_POINT('',(0.,-4.28626379701574E-19,0.006));
#11179=CARTESIAN_POINT('',(-0.0068,-4.28626379701574E-19,0.006));
#11180=CARTESIAN_POINT('',(0.,-4.28626379701574E-19,0.006));
#11181=CARTESIAN_POINT('',(0.,-4.28626379701574E-19,0.0058));
#11182=CARTESIAN_POINT('',(-0.007,-4.28626379701574E-19,0.0058));
#11183=CARTESIAN_POINT('',(0.,-4.28626379701574E-19,0.0003));
#11184=CARTESIAN_POINT('',(0.007,-4.28626379701574E-19,0.0003));
#11185=CARTESIAN_POINT('',(0.,0.,0.012));
#11186=CARTESIAN_POINT('',(0.,-3.80933689040954E-19,0.012));
#11187=CARTESIAN_POINT('',(0.,-3.80933689040954E-19,0.012));
#11188=CARTESIAN_POINT('',(0.,-3.80933689040954E-19,0.012));
#11189=CARTESIAN_POINT('',(0.,-3.80933689040954E-19,0.012));
#11190=CARTESIAN_POINT('',(0.,-3.80933689040954E-19,0.012));
#11191=CARTESIAN_POINT('',(0.,-3.80933689040954E-19,0.012));
#11192=CARTESIAN_POINT('',(0.,-3.80933689040954E-19,0.012));
#11193=CARTESIAN_POINT('',(0.,-3.80933689040954E-19,0.012));
#11194=CARTESIAN_POINT('',(0.0019976167637434,-0.00577331377811513,0.012002));
#11195=CARTESIAN_POINT('',(0.0019976167637434,-0.00577331377811513,0.0118));
#11196=CARTESIAN_POINT('',(0.00222468744232949,-0.00558277885546238,0.0118));
#11197=CARTESIAN_POINT('',(0.00222468744232949,-0.00558277885546238,0.012002));
#11198=CARTESIAN_POINT('',(0.00222468744232949,-0.00558277885546238,0.0062));
#11199=CARTESIAN_POINT('',(0.00177054608515733,-0.00596384870076789,0.0062));
#11200=CARTESIAN_POINT('',(0.00190329363748621,-0.00519975663390289,0.012002));
#11201=CARTESIAN_POINT('',(0.00190329363748621,-0.00519975663390289,0.0118));
#11202=CARTESIAN_POINT('',(0.00222468744232949,-0.0048167344123434,0.0118));
#11203=CARTESIAN_POINT('',(0.00222468744232949,-0.0048167344123434,0.012002));
#11204=CARTESIAN_POINT('',(0.00222468744232949,-0.0048167344123434,0.0062));
#11205=CARTESIAN_POINT('',(0.00190329363748621,-0.00519975663390289,0.0062));
#11206=CARTESIAN_POINT('',(0.00111234372116474,-0.0038833672061717,0.012002));
#11207=CARTESIAN_POINT('',(0.00111234372116474,-0.0038833672061717,0.0118));
#11208=CARTESIAN_POINT('',(0.00222468744232949,-0.0048167344123434,0.0062));
#11209=CARTESIAN_POINT('',(0.000160541892224012,-0.00434888781587539,0.012002));
#11210=CARTESIAN_POINT('',(0.000160541892224012,-0.00434888781587539,0.0118));
#11211=CARTESIAN_POINT('',(-0.000695055793973816,-0.00286694915254237,0.0062));
#11212=CARTESIAN_POINT('',(-0.00577331377811513,-0.00199761676374341,0.012002));
#11213=CARTESIAN_POINT('',(-0.00577331377811513,-0.00199761676374341,0.0118));
#11214=CARTESIAN_POINT('',(-0.00558277885546238,-0.00222468744232949,0.0118));
#11215=CARTESIAN_POINT('',(-0.00558277885546238,-0.00222468744232949,0.012002));
#11216=CARTESIAN_POINT('',(-0.00558277885546238,-0.00222468744232949,0.0062));
#11217=CARTESIAN_POINT('',(-0.00596384870076789,-0.00177054608515733,0.0062));
#11218=CARTESIAN_POINT('',(-0.00519975663390289,-0.00190329363748621,0.012002));
#11219=CARTESIAN_POINT('',(-0.00519975663390289,-0.00190329363748621,0.0118));
#11220=CARTESIAN_POINT('',(-0.0048167344123434,-0.00222468744232949,0.0118));
#11221=CARTESIAN_POINT('',(-0.0048167344123434,-0.00222468744232949,0.012002));
#11222=CARTESIAN_POINT('',(-0.0048167344123434,-0.00222468744232949,0.0062));
#11223=CARTESIAN_POINT('',(-0.00519975663390289,-0.00190329363748621,0.0062));
#11224=CARTESIAN_POINT('',(-0.0038833672061717,-0.00111234372116474,0.012002));
#11225=CARTESIAN_POINT('',(-0.0038833672061717,-0.00111234372116474,0.0118));
#11226=CARTESIAN_POINT('',(-0.0048167344123434,-0.00222468744232949,0.0062));
#11227=CARTESIAN_POINT('',(-0.00434888781587539,-0.000160541892224012,0.012002));
#11228=CARTESIAN_POINT('',(-0.00434888781587539,-0.000160541892224012,0.0118));
#11229=CARTESIAN_POINT('',(-0.00286694915254238,0.000695055793973815,0.0062));
#11230=CARTESIAN_POINT('',(-0.00266982096256805,-0.00549487768227783,0.012002));
#11231=CARTESIAN_POINT('',(-0.00266982096256805,-0.00549487768227783,0.0118));
#11232=CARTESIAN_POINT('',(-0.00237452921007058,-0.00552071236305406,0.0118));
#11233=CARTESIAN_POINT('',(-0.00237452921007058,-0.00552071236305406,0.012002));
#11234=CARTESIAN_POINT('',(-0.00237452921007058,-0.00552071236305406,0.0062));
#11235=CARTESIAN_POINT('',(-0.00296511271506551,-0.0054690430015016,0.0062));
#11236=CARTESIAN_POINT('',(-0.00233095133869676,-0.00502261501400818,0.012002));
#11237=CARTESIAN_POINT('',(-0.00233095133869676,-0.00502261501400818,0.0118));
#11238=CARTESIAN_POINT('',(-0.00183285398965088,-0.00497903714263436,0.0118));
#11239=CARTESIAN_POINT('',(-0.00183285398965088,-0.00497903714263436,0.012002));
#11240=CARTESIAN_POINT('',(-0.00183285398965088,-0.00497903714263436,0.0062));
#11241=CARTESIAN_POINT('',(-0.00233095133869676,-0.00502261501400818,0.0062));
#11242=CARTESIAN_POINT('',(-0.0019594094970756,-0.00353250107356733,0.012002));
#11243=CARTESIAN_POINT('',(-0.0019594094970756,-0.00353250107356733,0.0118));
#11244=CARTESIAN_POINT('',(-0.00183285398965088,-0.00497903714263436,0.0062));
#11245=CARTESIAN_POINT('',(-0.00296160780456892,-0.00318864832588116,0.012002));
#11246=CARTESIAN_POINT('',(-0.00296160780456892,-0.00318864832588116,0.0118));
#11247=CARTESIAN_POINT('',(-0.00251871785230162,-0.00153576052185786,0.0062));
#11248=CARTESIAN_POINT('',(-0.00199761676374341,0.00577331377811513,0.012002));
#11249=CARTESIAN_POINT('',(-0.00199761676374341,0.00577331377811513,0.0118));
#11250=CARTESIAN_POINT('',(-0.00222468744232949,0.00558277885546238,0.0118));
#11251=CARTESIAN_POINT('',(-0.00222468744232949,0.00558277885546238,0.012002));
#11252=CARTESIAN_POINT('',(-0.00222468744232949,0.00558277885546238,0.0062));
#11253=CARTESIAN_POINT('',(-0.00177054608515733,0.00596384870076789,0.0062));
#11254=CARTESIAN_POINT('',(-0.00190329363748622,0.00519975663390289,0.012002));
#11255=CARTESIAN_POINT('',(-0.00190329363748622,0.00519975663390289,0.0118));
#11256=CARTESIAN_POINT('',(-0.00222468744232949,0.0048167344123434,0.0118));
#11257=CARTESIAN_POINT('',(-0.00222468744232949,0.0048167344123434,0.012002));
#11258=CARTESIAN_POINT('',(-0.00222468744232949,0.0048167344123434,0.0062));
#11259=CARTESIAN_POINT('',(-0.00190329363748622,0.00519975663390289,0.0062));
#11260=CARTESIAN_POINT('',(-0.00111234372116474,0.0038833672061717,0.012002));
#11261=CARTESIAN_POINT('',(-0.00111234372116474,0.0038833672061717,0.0118));
#11262=CARTESIAN_POINT('',(-0.00222468744232949,0.0048167344123434,0.0062));
#11263=CARTESIAN_POINT('',(-0.000160541892224012,0.00434888781587539,0.012002));
#11264=CARTESIAN_POINT('',(-0.000160541892224012,0.00434888781587539,0.0118));
#11265=CARTESIAN_POINT('',(0.000695055793973815,0.00286694915254238,0.0062));
#11266=CARTESIAN_POINT('',(-0.00549487768227783,0.00266982096256805,0.012002));
#11267=CARTESIAN_POINT('',(-0.00549487768227783,0.00266982096256805,0.0118));
#11268=CARTESIAN_POINT('',(-0.00552071236305406,0.00237452921007058,0.0118));
#11269=CARTESIAN_POINT('',(-0.00552071236305406,0.00237452921007058,0.012002));
#11270=CARTESIAN_POINT('',(-0.00552071236305406,0.00237452921007058,0.0062));
#11271=CARTESIAN_POINT('',(-0.0054690430015016,0.00296511271506551,0.0062));
#11272=CARTESIAN_POINT('',(-0.00502261501400818,0.00233095133869676,0.012002));
#11273=CARTESIAN_POINT('',(-0.00502261501400818,0.00233095133869676,0.0118));
#11274=CARTESIAN_POINT('',(-0.00497903714263436,0.00183285398965088,0.0118));
#11275=CARTESIAN_POINT('',(-0.00497903714263436,0.00183285398965088,0.012002));
#11276=CARTESIAN_POINT('',(-0.00497903714263436,0.00183285398965088,0.0062));
#11277=CARTESIAN_POINT('',(-0.00502261501400818,0.00233095133869676,0.0062));
#11278=CARTESIAN_POINT('',(-0.00353250107356733,0.0019594094970756,0.012002));
#11279=CARTESIAN_POINT('',(-0.00353250107356733,0.0019594094970756,0.0118));
#11280=CARTESIAN_POINT('',(-0.00497903714263436,0.00183285398965088,0.0062));
#11281=CARTESIAN_POINT('',(-0.00318864832588116,0.00296160780456892,0.012002));
#11282=CARTESIAN_POINT('',(-0.00318864832588116,0.00296160780456892,0.0118));
#11283=CARTESIAN_POINT('',(-0.00153576052185786,0.00251871785230162,0.0062));
#11284=CARTESIAN_POINT('',(0.00577331377811513,0.00199761676374341,0.012002));
#11285=CARTESIAN_POINT('',(0.00577331377811513,0.00199761676374341,0.0118));
#11286=CARTESIAN_POINT('',(0.00558277885546238,0.00222468744232949,0.0118));
#11287=CARTESIAN_POINT('',(0.00558277885546238,0.00222468744232949,0.012002));
#11288=CARTESIAN_POINT('',(0.00558277885546238,0.00222468744232949,0.0062));
#11289=CARTESIAN_POINT('',(0.00596384870076789,0.00177054608515733,0.0062));
#11290=CARTESIAN_POINT('',(0.00519975663390289,0.00190329363748622,0.012002));
#11291=CARTESIAN_POINT('',(0.00519975663390289,0.00190329363748622,0.0118));
#11292=CARTESIAN_POINT('',(0.0048167344123434,0.00222468744232949,0.0118));
#11293=CARTESIAN_POINT('',(0.0048167344123434,0.00222468744232949,0.012002));
#11294=CARTESIAN_POINT('',(0.0048167344123434,0.00222468744232949,0.0062));
#11295=CARTESIAN_POINT('',(0.00519975663390289,0.00190329363748622,0.0062));
#11296=CARTESIAN_POINT('',(0.0038833672061717,0.00111234372116474,0.012002));
#11297=CARTESIAN_POINT('',(0.0038833672061717,0.00111234372116474,0.0118));
#11298=CARTESIAN_POINT('',(0.0048167344123434,0.00222468744232949,0.0062));
#11299=CARTESIAN_POINT('',(0.00434888781587539,0.000160541892224013,0.012002));
#11300=CARTESIAN_POINT('',(0.00434888781587539,0.000160541892224013,0.0118));
#11301=CARTESIAN_POINT('',(0.00286694915254238,-0.000695055793973815,0.0062));
#11302=CARTESIAN_POINT('',(0.00266982096256805,0.00549487768227783,0.012002));
#11303=CARTESIAN_POINT('',(0.00266982096256805,0.00549487768227783,0.0118));
#11304=CARTESIAN_POINT('',(0.00237452921007058,0.00552071236305406,0.0118));
#11305=CARTESIAN_POINT('',(0.00237452921007058,0.00552071236305406,0.012002));
#11306=CARTESIAN_POINT('',(0.00237452921007058,0.00552071236305406,0.0062));
#11307=CARTESIAN_POINT('',(0.00296511271506551,0.0054690430015016,0.0062));
#11308=CARTESIAN_POINT('',(0.00233095133869676,0.00502261501400819,0.012002));
#11309=CARTESIAN_POINT('',(0.00233095133869676,0.00502261501400819,0.0118));
#11310=CARTESIAN_POINT('',(0.00183285398965088,0.00497903714263436,0.0118));
#11311=CARTESIAN_POINT('',(0.00183285398965088,0.00497903714263436,0.012002));
#11312=CARTESIAN_POINT('',(0.00183285398965088,0.00497903714263436,0.0062));
#11313=CARTESIAN_POINT('',(0.00233095133869676,0.00502261501400819,0.0062));
#11314=CARTESIAN_POINT('',(0.0019594094970756,0.00353250107356734,0.012002));
#11315=CARTESIAN_POINT('',(0.0019594094970756,0.00353250107356734,0.0118));
#11316=CARTESIAN_POINT('',(0.00183285398965088,0.00497903714263436,0.0062));
#11317=CARTESIAN_POINT('',(0.00296160780456892,0.00318864832588116,0.012002));
#11318=CARTESIAN_POINT('',(0.00296160780456892,0.00318864832588116,0.0118));
#11319=CARTESIAN_POINT('',(0.00251871785230162,0.00153576052185786,0.0062));
#11320=CARTESIAN_POINT('',(0.00549487768227783,-0.00266982096256805,0.012002));
#11321=CARTESIAN_POINT('',(0.00549487768227783,-0.00266982096256805,0.0118));
#11322=CARTESIAN_POINT('',(0.00552071236305406,-0.00237452921007058,0.0118));
#11323=CARTESIAN_POINT('',(0.00552071236305406,-0.00237452921007058,0.012002));
#11324=CARTESIAN_POINT('',(0.00552071236305406,-0.00237452921007058,0.0062));
#11325=CARTESIAN_POINT('',(0.00546904300150159,-0.00296511271506551,0.0062));
#11326=CARTESIAN_POINT('',(0.00502261501400818,-0.00233095133869676,0.012002));
#11327=CARTESIAN_POINT('',(0.00502261501400818,-0.00233095133869676,0.0118));
#11328=CARTESIAN_POINT('',(0.00497903714263435,-0.00183285398965088,0.0118));
#11329=CARTESIAN_POINT('',(0.00497903714263435,-0.00183285398965088,0.012002));
#11330=CARTESIAN_POINT('',(0.00497903714263435,-0.00183285398965088,0.0062));
#11331=CARTESIAN_POINT('',(0.00502261501400818,-0.00233095133869676,0.0062));
#11332=CARTESIAN_POINT('',(0.00353250107356733,-0.0019594094970756,0.012002));
#11333=CARTESIAN_POINT('',(0.00353250107356733,-0.0019594094970756,0.0118));
#11334=CARTESIAN_POINT('',(0.00497903714263435,-0.00183285398965088,0.0062));
#11335=CARTESIAN_POINT('',(0.00318864832588116,-0.00296160780456892,0.012002));
#11336=CARTESIAN_POINT('',(0.00318864832588116,-0.00296160780456892,0.0118));
#11337=CARTESIAN_POINT('',(0.00153576052185786,-0.00251871785230162,0.0062));
#11338=CARTESIAN_POINT('',(0.,-4.28626379701574E-19,0.0003));
#11339=CARTESIAN_POINT('',(0.,-1.80635402874234E-19,0.006));
#11340=CARTESIAN_POINT('',(-0.00255364761047839,0.0018442841108403,0.006));
#11341=CARTESIAN_POINT('',(-0.00240274622354026,0.0019299428916831,0.00607218090086035));
#11342=CARTESIAN_POINT('',(-0.00224714713089196,0.00201080454460618,0.00613917349629064));
#11343=CARTESIAN_POINT('',(-0.00208596500450032,0.00208596500450032,0.0062));
#11344=CARTESIAN_POINT('',(-0.00303970417027113,0.000826255745660106,0.006));
#11345=CARTESIAN_POINT('',(-0.00298249038515473,0.000782189804712165,0.00606676911686078));
#11346=CARTESIAN_POINT('',(-0.00292491877884075,0.000738444481088802,0.00613343948157237));
#11347=CARTESIAN_POINT('',(-0.00286694915254239,0.000695055793973804,0.0062));
#11348=CARTESIAN_POINT('',(-0.00434888781587539,-0.000160541892224012,0.0062));
#11349=CARTESIAN_POINT('',(-0.0059308264792084,-0.000842934497664953,0.006));
#11350=CARTESIAN_POINT('',(-0.00353250107356733,0.0019594094970756,0.0062));
#11351=CARTESIAN_POINT('',(-0.00497903714263436,0.00183285398965088,0.0062));
#11352=CARTESIAN_POINT('',(-0.0055808264792084,-0.00144915228031406,0.0062));
#11353=CARTESIAN_POINT('',(-0.00611705758939168,-0.00189910360709464,0.006));
#11354=CARTESIAN_POINT('',(-0.00502261501400818,0.00233095133869676,0.0062));
#11355=CARTESIAN_POINT('',(-0.00552071236305406,0.00237452921007058,0.0062));
#11356=CARTESIAN_POINT('',(-0.00577331377811513,-0.00199761676374341,0.0062));
#11357=CARTESIAN_POINT('',(-0.00573598774408617,-0.00235324496426679,0.006));
#11358=CARTESIAN_POINT('',(-0.00549487768227783,0.00266982096256805,0.0062));
#11359=CARTESIAN_POINT('',(-0.0054690430015016,0.00296511271506551,0.0062));
#11360=CARTESIAN_POINT('',(-0.00519975663390289,-0.00190329363748621,0.0062));
#11361=CARTESIAN_POINT('',(-0.0046635255237196,-0.00235324496426679,0.006));
#11362=CARTESIAN_POINT('',(-0.00497094565245572,0.00292153484369168,0.0062));
#11363=CARTESIAN_POINT('',(-0.00484153612990446,0.00340449775683622,0.0062));
#11364=CARTESIAN_POINT('',(-0.0038833672061717,-0.00111234372116474,0.0062));
#11365=CARTESIAN_POINT('',(-0.00310980734333987,-0.000501595740920314,0.006));
#11366=CARTESIAN_POINT('',(-0.00306367385414758,-0.000334322442123793,0.00607218090086035));
#11367=CARTESIAN_POINT('',(-0.00301082650370936,-0.000167119445445839,0.00613917349629064));
#11368=CARTESIAN_POINT('',(-0.00295,4.6567315153065E-19,0.0062));
#11369=CARTESIAN_POINT('',(-0.00318864832588116,0.00296160780456892,0.0062));
#11370=CARTESIAN_POINT('',(-0.00156514439084914,0.00273364647235035,0.006));
#11371=CARTESIAN_POINT('',(-0.00155584746107964,0.00266203089125354,0.00606676911686078));
#11372=CARTESIAN_POINT('',(-0.0015460708028305,0.00259038900304584,0.00613343948157237));
#11373=CARTESIAN_POINT('',(-0.00153576052185787,0.00251871785230162,0.0062));
#11374=CARTESIAN_POINT('',(0.,-1.80635402874234E-19,0.006));
#11375=CARTESIAN_POINT('',(-0.00273364647235035,-0.00156514439084914,0.006));
#11376=CARTESIAN_POINT('',(-0.00266203089125354,-0.00155584746107964,0.00606676911686078));
#11377=CARTESIAN_POINT('',(-0.00259038900304585,-0.0015460708028305,0.00613343948157237));
#11378=CARTESIAN_POINT('',(-0.00251871785230162,-0.00153576052185787,0.0062));
#11379=CARTESIAN_POINT('',(0.,-1.80635402874234E-19,0.006));
#11380=CARTESIAN_POINT('',(-0.000501595740920314,0.00310980734333988,0.006));
#11381=CARTESIAN_POINT('',(-0.000334322442123793,0.00306367385414758,0.00607218090086035));
#11382=CARTESIAN_POINT('',(-0.000167119445445839,0.00301082650370936,0.00613917349629064));
#11383=CARTESIAN_POINT('',(2.63186362554424E-19,0.00295,0.0062));
#11384=CARTESIAN_POINT('',(-0.00296160780456892,-0.00318864832588116,0.0062));
#11385=CARTESIAN_POINT('',(-0.00359768292209403,-0.00478977232088396,0.006));
#11386=CARTESIAN_POINT('',(-0.00111234372116474,0.0038833672061717,0.0062));
#11387=CARTESIAN_POINT('',(-0.00222468744232949,0.0048167344123434,0.0062));
#11388=CARTESIAN_POINT('',(-0.00292153484369168,-0.00497094565245572,0.0062));
#11389=CARTESIAN_POINT('',(-0.00298254386361504,-0.00566828194111995,0.006));
#11390=CARTESIAN_POINT('',(-0.00190329363748622,0.00519975663390289,0.0062));
#11391=CARTESIAN_POINT('',(-0.00222468744232949,0.00558277885546238,0.0062));
#11392=CARTESIAN_POINT('',(-0.00266982096256805,-0.00549487768227783,0.0062));
#11393=CARTESIAN_POINT('',(-0.00239196035862012,-0.0057199513026724,0.006));
#11394=CARTESIAN_POINT('',(-0.00199761676374341,0.00577331377811513,0.0062));
#11395=CARTESIAN_POINT('',(-0.00177054608515733,0.00596384870076789,0.0062));
#11396=CARTESIAN_POINT('',(-0.00233095133869676,-0.00502261501400818,0.0062));
#11397=CARTESIAN_POINT('',(-0.00163361505003253,-0.00496160599408483,0.006));
#11398=CARTESIAN_POINT('',(-0.00144915228031406,0.0055808264792084,0.0062));
#11399=CARTESIAN_POINT('',(-0.00101613957842184,0.0058308264792084,0.0062));
#11400=CARTESIAN_POINT('',(-0.0019594094970756,-0.00353250107356733,0.0062));
#11401=CARTESIAN_POINT('',(-0.0018442841108403,-0.00255364761047839,0.006));
#11402=CARTESIAN_POINT('',(-0.0019299428916831,-0.00240274622354026,0.00607218090086035));
#11403=CARTESIAN_POINT('',(-0.00201080454460618,-0.00224714713089196,0.00613917349629064));
#11404=CARTESIAN_POINT('',(-0.00208596500450032,-0.00208596500450032,0.0062));
#11405=CARTESIAN_POINT('',(-0.000160541892224012,0.00434888781587539,0.0062));
#11406=CARTESIAN_POINT('',(0.000826255745660105,0.00303970417027113,0.006));
#11407=CARTESIAN_POINT('',(0.000782189804712164,0.00298249038515473,0.00606676911686078));
#11408=CARTESIAN_POINT('',(0.000738444481088801,0.00292491877884075,0.00613343948157237));
#11409=CARTESIAN_POINT('',(0.000695055793973803,0.00286694915254239,0.0062));
#11410=CARTESIAN_POINT('',(0.,-1.80635402874234E-19,0.006));
#11411=CARTESIAN_POINT('',(-0.000826255745660107,-0.00303970417027113,0.006));
#11412=CARTESIAN_POINT('',(-0.000782189804712166,-0.00298249038515473,0.00606676911686078));
#11413=CARTESIAN_POINT('',(-0.000738444481088802,-0.00292491877884075,0.00613343948157237));
#11414=CARTESIAN_POINT('',(-0.000695055793973804,-0.00286694915254239,0.0062));
#11415=CARTESIAN_POINT('',(0.,-1.80635402874234E-19,0.006));
#11416=CARTESIAN_POINT('',(0.0018442841108403,0.0025536476104784,0.006));
#11417=CARTESIAN_POINT('',(0.0019299428916831,0.00240274622354026,0.00607218090086035));
#11418=CARTESIAN_POINT('',(0.00201080454460618,0.00224714713089196,0.00613917349629064));
#11419=CARTESIAN_POINT('',(0.00208596500450032,0.00208596500450032,0.0062));
#11420=CARTESIAN_POINT('',(0.000160541892224012,-0.00434888781587539,0.0062));
#11421=CARTESIAN_POINT('',(0.000842934497664952,-0.0059308264792084,0.006));
#11422=CARTESIAN_POINT('',(0.0019594094970756,0.00353250107356734,0.0062));
#11423=CARTESIAN_POINT('',(0.00183285398965088,0.00497903714263436,0.0062));
#11424=CARTESIAN_POINT('',(0.00144915228031406,-0.0055808264792084,0.0062));
#11425=CARTESIAN_POINT('',(0.00189910360709464,-0.00611705758939168,0.006));
#11426=CARTESIAN_POINT('',(0.00233095133869676,0.00502261501400819,0.0062));
#11427=CARTESIAN_POINT('',(0.00237452921007058,0.00552071236305406,0.0062));
#11428=CARTESIAN_POINT('',(0.0019976167637434,-0.00577331377811513,0.0062));
#11429=CARTESIAN_POINT('',(0.00235324496426679,-0.00573598774408617,0.006));
#11430=CARTESIAN_POINT('',(0.00266982096256805,0.00549487768227783,0.0062));
#11431=CARTESIAN_POINT('',(0.00296511271506551,0.0054690430015016,0.0062));
#11432=CARTESIAN_POINT('',(0.00190329363748621,-0.00519975663390289,0.0062));
#11433=CARTESIAN_POINT('',(0.00235324496426679,-0.00466352552371961,0.006));
#11434=CARTESIAN_POINT('',(0.00292153484369168,0.00497094565245572,0.0062));
#11435=CARTESIAN_POINT('',(0.00340449775683622,0.00484153612990446,0.0062));
#11436=CARTESIAN_POINT('',(0.00111234372116474,-0.0038833672061717,0.0062));
#11437=CARTESIAN_POINT('',(0.000501595740920314,-0.00310980734333987,0.006));
#11438=CARTESIAN_POINT('',(0.000334322442123793,-0.00306367385414758,0.00607218090086035));
#11439=CARTESIAN_POINT('',(0.000167119445445839,-0.00301082650370936,0.00613917349629064));
#11440=CARTESIAN_POINT('',(-8.45906724694438E-19,-0.00295,0.0062));
#11441=CARTESIAN_POINT('',(0.00296160780456892,0.00318864832588116,0.0062));
#11442=CARTESIAN_POINT('',(0.00273364647235035,0.00156514439084914,0.006));
#11443=CARTESIAN_POINT('',(0.00266203089125354,0.00155584746107964,0.00606676911686078));
#11444=CARTESIAN_POINT('',(0.00259038900304585,0.0015460708028305,0.00613343948157237));
#11445=CARTESIAN_POINT('',(0.00251871785230162,0.00153576052185787,0.0062));
#11446=CARTESIAN_POINT('',(0.,-1.80635402874234E-19,0.006));
#11447=CARTESIAN_POINT('',(0.00156514439084914,-0.00273364647235035,0.006));
#11448=CARTESIAN_POINT('',(0.00155584746107964,-0.00266203089125354,0.00606676911686078));
#11449=CARTESIAN_POINT('',(0.0015460708028305,-0.00259038900304585,0.00613343948157237));
#11450=CARTESIAN_POINT('',(0.00153576052185787,-0.00251871785230162,0.0062));
#11451=CARTESIAN_POINT('',(0.,-1.80635402874234E-19,0.006));
#11452=CARTESIAN_POINT('',(0.00310980734333987,0.000501595740920314,0.006));
#11453=CARTESIAN_POINT('',(0.00306367385414758,0.000334322442123793,0.00607218090086035));
#11454=CARTESIAN_POINT('',(0.00301082650370936,0.000167119445445839,0.00613917349629064));
#11455=CARTESIAN_POINT('',(0.00295,-9.01395187237142E-19,0.0062));
#11456=CARTESIAN_POINT('',(0.00318864832588116,-0.00296160780456892,0.0062));
#11457=CARTESIAN_POINT('',(0.00478977232088396,-0.00359768292209403,0.006));
#11458=CARTESIAN_POINT('',(0.0038833672061717,0.00111234372116474,0.0062));
#11459=CARTESIAN_POINT('',(0.0048167344123434,0.00222468744232949,0.0062));
#11460=CARTESIAN_POINT('',(0.00497094565245572,-0.00292153484369168,0.0062));
#11461=CARTESIAN_POINT('',(0.00566828194111995,-0.00298254386361504,0.006));
#11462=CARTESIAN_POINT('',(0.00519975663390289,0.00190329363748622,0.0062));
#11463=CARTESIAN_POINT('',(0.00558277885546238,0.00222468744232949,0.0062));
#11464=CARTESIAN_POINT('',(0.00549487768227783,-0.00266982096256805,0.0062));
#11465=CARTESIAN_POINT('',(0.00571995130267241,-0.00239196035862012,0.006));
#11466=CARTESIAN_POINT('',(0.00577331377811513,0.00199761676374341,0.0062));
#11467=CARTESIAN_POINT('',(0.00596384870076789,0.00177054608515733,0.0062));
#11468=CARTESIAN_POINT('',(0.00502261501400818,-0.00233095133869676,0.0062));
#11469=CARTESIAN_POINT('',(0.00496160599408482,-0.00163361505003253,0.006));
#11470=CARTESIAN_POINT('',(0.0055808264792084,0.00144915228031406,0.0062));
#11471=CARTESIAN_POINT('',(0.0058308264792084,0.00101613957842184,0.0062));
#11472=CARTESIAN_POINT('',(0.00353250107356733,-0.0019594094970756,0.0062));
#11473=CARTESIAN_POINT('',(0.00208596500450032,-0.00208596500450032,0.0062));
#11474=CARTESIAN_POINT('',(0.00224714713089196,-0.00201080454460618,0.00613917349629064));
#11475=CARTESIAN_POINT('',(0.00240274622354027,-0.00192994289168312,0.00607218090086035));
#11476=CARTESIAN_POINT('',(0.00255364761047841,-0.00184428411084032,0.006));
#11477=CARTESIAN_POINT('',(0.00434888781587539,0.000160541892224013,0.0062));
#11478=CARTESIAN_POINT('',(0.00303970417027113,-0.000826255745660105,0.006));
#11479=CARTESIAN_POINT('',(0.00298249038515473,-0.000782189804712164,0.00606676911686078));
#11480=CARTESIAN_POINT('',(0.00292491877884075,-0.000738444481088801,0.00613343948157237));
#11481=CARTESIAN_POINT('',(0.00286694915254239,-0.000695055793973803,0.0062));
#11482=CARTESIAN_POINT('',(0.,-1.80635402874234E-19,0.006));
#11483=CARTESIAN_POINT('',(0.,-4.28626379701574E-19,0.006));
#11484=CARTESIAN_POINT('',(0.,0.,0.0118));
#11485=CARTESIAN_POINT('',(0.,-3.80933689040954E-19,0.0118));
#11486=CARTESIAN_POINT('',(0.,-3.80933689040954E-19,0.0118));
#11487=CARTESIAN_POINT('',(0.,0.,0.0118));
#11488=CARTESIAN_POINT('',(0.,-3.80933689040954E-19,0.0118));
#11489=CARTESIAN_POINT('',(0.,-3.80933689040954E-19,0.0118));
#11490=CARTESIAN_POINT('',(0.,0.,0.0118));
#11491=CARTESIAN_POINT('',(0.,-3.80933689040954E-19,0.0118));
#11492=CARTESIAN_POINT('',(0.,-3.80933689040954E-19,0.0118));
#11493=CARTESIAN_POINT('',(0.,0.,0.0118));
#11494=CARTESIAN_POINT('',(0.,-3.80933689040954E-19,0.0118));
#11495=CARTESIAN_POINT('',(0.,-3.80933689040954E-19,0.0118));
#11496=CARTESIAN_POINT('',(0.,0.,0.0118));
#11497=CARTESIAN_POINT('',(0.,-3.80933689040954E-19,0.0118));
#11498=CARTESIAN_POINT('',(0.,-3.80933689040954E-19,0.0118));
#11499=CARTESIAN_POINT('',(0.,0.,0.0118));
#11500=CARTESIAN_POINT('',(0.,-3.80933689040954E-19,0.0118));
#11501=CARTESIAN_POINT('',(0.,-3.80933689040954E-19,0.0118));
#11502=CARTESIAN_POINT('',(0.,0.,0.0118));
#11503=CARTESIAN_POINT('',(0.,-3.80933689040954E-19,0.0118));
#11504=CARTESIAN_POINT('',(0.,-3.80933689040954E-19,0.0118));
#11505=CARTESIAN_POINT('',(0.,-3.80933689040954E-19,0.0118));
#11506=CARTESIAN_POINT('',(0.,-3.80933689040954E-19,0.0118));
#11507=CARTESIAN_POINT('',(0.,0.,0.0118));
#11508=MECHANICAL_DESIGN_GEOMETRIC_PRESENTATION_REPRESENTATION('',(#5578),
#11509);
#11509=(
GEOMETRIC_REPRESENTATION_CONTEXT(3)
GLOBAL_UNCERTAINTY_ASSIGNED_CONTEXT((#11510))
GLOBAL_UNIT_ASSIGNED_CONTEXT((#11513,#11512,#11511))
REPRESENTATION_CONTEXT('Part 1','TOP_LEVEL_ASSEMBLY_PART')
);
#11510=UNCERTAINTY_MEASURE_WITH_UNIT(LENGTH_MEASURE(2.E-5),#11513,
'DISTANCE_ACCURACY_VALUE','Maximum Tolerance applied to model');
#11511=(
NAMED_UNIT(*)
SI_UNIT($,.STERADIAN.)
SOLID_ANGLE_UNIT()
);
#11512=(
NAMED_UNIT(*)
PLANE_ANGLE_UNIT()
SI_UNIT($,.RADIAN.)
);
#11513=(
LENGTH_UNIT()
NAMED_UNIT(*)
SI_UNIT($,.METRE.)
);
#11514=PRODUCT_DEFINITION_SHAPE('','',#11515);
#11515=PRODUCT_DEFINITION('','',#11517,#11516);
#11516=PRODUCT_DEFINITION_CONTEXT('',#11523,'design');
#11517=PRODUCT_DEFINITION_FORMATION_WITH_SPECIFIED_SOURCE('','',#11519,
 .NOT_KNOWN.);
#11518=PRODUCT_RELATED_PRODUCT_CATEGORY('','',(#11519));
#11519=PRODUCT('Part 1','Part 1','Part 1',(#11521));
#11520=PRODUCT_CATEGORY('','');
#11521=PRODUCT_CONTEXT('',#11523,'mechanical');
#11522=APPLICATION_PROTOCOL_DEFINITION('international standard',
'ap242_managed_model_based_3d_engineering',2011,#11523);
#11523=APPLICATION_CONTEXT('managed model based 3d engineering');
ENDSEC;
END-ISO-10303-21;
