ISO-10303-21;
HEADER;
/* Generated by software containing ST-Developer
 * from STEP Tools, Inc. (www.steptools.com) 
 */
/* OPTION: using custom renumber hook */

FILE_DESCRIPTION(
/* description */ ('STEP AP242',
'CAx-IF Rec.Pracs.---Representation and Presentation of Product Manufa
cturing Information (PMI)---4.0---2014-10-13',
'CAx-IF Rec.Pracs.---3D Tessellated Geometry---0.4---2014-09-14','2;1'),

/* implementation_level */ '2;1');

FILE_NAME(
/* name */ '6813843c1be8e4047d47c4c9',
/* time_stamp */ '2025-05-01T14:25:01Z',
/* author */ (''),
/* organization */ (''),
/* preprocessor_version */ 'ST-DEVELOPER v20',
/* originating_system */ 'ONSHAPE BY PTC INC, 1.197',
/* authorisation */ '  ');

FILE_SCHEMA (('AP242_MANAGED_MODEL_BASED_3D_ENGINEERING_MIM_LF { 1 0 10303 442 1 1 4 }'));
ENDSEC;

DATA;
#10=SHAPE_REPRESENTATION_RELATIONSHIP('','',#3005,#11);
#11=ADVANCED_BREP_SHAPE_REPRESENTATION('',(#3003),#4864);
#12=B_SPLINE_SURFACE_WITH_KNOTS('',1,3,((#4775,#4776,#4777,#4778),(#4779,
#4780,#4781,#4782)),.RULED_SURF.,.F.,.F.,.F.,(2,2),(4,4),(0.,1.),(0.0808975550893703,
0.12664739160557),.PIECEWISE_BEZIER_KNOTS.);
#13=B_SPLINE_SURFACE_WITH_KNOTS('',1,3,((#4792,#4793,#4794,#4795),(#4796,
#4797,#4798,#4799)),.RULED_SURF.,.F.,.F.,.F.,(2,2),(4,4),(0.,1.),(0.0812503959853084,
0.126998691001515),.PIECEWISE_BEZIER_KNOTS.);
#14=CYLINDRICAL_SURFACE('',#3035,0.118);
#15=CYLINDRICAL_SURFACE('',#3065,0.001);
#16=CYLINDRICAL_SURFACE('',#3068,0.001);
#17=CYLINDRICAL_SURFACE('',#3071,0.001);
#18=ELLIPSE('',#3031,1.79657349529623,0.296395602667358);
#19=ELLIPSE('',#3033,1.79683964824908,0.296414945874407);
#20=ELLIPSE('',#3037,0.279826035258134,0.118);
#21=ELLIPSE('',#3038,0.279826636021134,0.118);
#22=ELLIPSE('',#3165,0.136839102334532,0.0963773236950698);
#23=ELLIPSE('',#3166,0.136837874059556,0.0963769775177503);
#24=ELLIPSE('',#3170,0.118202335891995,0.0858908205621769);
#25=ELLIPSE('',#3171,0.118201411784567,0.0858905831185782);
#26=CONICAL_SURFACE('',#3030,0.118,0.218668945873942);
#27=CONICAL_SURFACE('',#3111,0.0015,0.785398163397448);
#28=CONICAL_SURFACE('',#3116,0.0015,0.78539816339745);
#29=CONICAL_SURFACE('',#3118,0.0015,0.78539816339745);
#30=CONICAL_SURFACE('',#3127,0.0015,0.785398163397449);
#31=CONICAL_SURFACE('',#3133,0.0015,0.785398163397448);
#32=CONICAL_SURFACE('',#3164,0.1185,0.785398163397448);
#33=CONICAL_SURFACE('',#3169,0.108108465228909,0.676063690460488);
#34=B_SPLINE_CURVE_WITH_KNOTS('',3,(#4189,#4190,#4191,#4192),
 .UNSPECIFIED.,.F.,.F.,(4,4),(0.,0.980654688892626),.UNSPECIFIED.);
#35=B_SPLINE_CURVE_WITH_KNOTS('',3,(#4212,#4213,#4214,#4215),
 .UNSPECIFIED.,.F.,.F.,(4,4),(0.0193454662132219,1.),.UNSPECIFIED.);
#36=B_SPLINE_CURVE_WITH_KNOTS('',3,(#4272,#4273,#4274,#4275),
 .UNSPECIFIED.,.F.,.F.,(4,4),(0.,0.983161725351487),.UNSPECIFIED.);
#37=B_SPLINE_CURVE_WITH_KNOTS('',3,(#4284,#4285,#4286,#4287),
 .UNSPECIFIED.,.F.,.F.,(4,4),(0.0168398679735995,1.),.UNSPECIFIED.);
#38=B_SPLINE_CURVE_WITH_KNOTS('',3,(#4361,#4362,#4363,#4364),
 .UNSPECIFIED.,.F.,.F.,(4,4),(0.,0.00124737484109038),.UNSPECIFIED.);
#39=B_SPLINE_CURVE_WITH_KNOTS('',3,(#4365,#4366,#4367,#4368),
 .UNSPECIFIED.,.F.,.F.,(4,4),(4.33680868994202E-19,0.0012372308439648),
 .UNSPECIFIED.);
#40=B_SPLINE_CURVE_WITH_KNOTS('',3,(#4749,#4750,#4751,#4752),
 .UNSPECIFIED.,.F.,.F.,(4,4),(1.59226542015654E-13,0.000240397428380693),
 .UNSPECIFIED.);
#41=B_SPLINE_CURVE_WITH_KNOTS('',3,(#4753,#4754,#4755,#4756),
 .UNSPECIFIED.,.F.,.F.,(4,4),(3.2448873503954E-15,0.000237723145746819),
 .UNSPECIFIED.);
#42=B_SPLINE_CURVE_WITH_KNOTS('',3,(#4763,#4764,#4765,#4766),
 .UNSPECIFIED.,.F.,.F.,(4,4),(0.,1.),.UNSPECIFIED.);
#43=B_SPLINE_CURVE_WITH_KNOTS('',3,(#4771,#4772,#4773,#4774),
 .UNSPECIFIED.,.F.,.F.,(4,4),(0.,1.),.UNSPECIFIED.);
#44=B_SPLINE_CURVE_WITH_KNOTS('',3,(#4783,#4784,#4785,#4786),
 .UNSPECIFIED.,.F.,.F.,(4,4),(0.,1.),.UNSPECIFIED.);
#45=B_SPLINE_CURVE_WITH_KNOTS('',3,(#4788,#4789,#4790,#4791),
 .UNSPECIFIED.,.F.,.F.,(4,4),(0.,1.),.UNSPECIFIED.);
#46=B_SPLINE_CURVE_WITH_KNOTS('',3,(#4800,#4801,#4802,#4803),
 .UNSPECIFIED.,.F.,.F.,(4,4),(0.,1.),.UNSPECIFIED.);
#47=B_SPLINE_CURVE_WITH_KNOTS('',3,(#4805,#4806,#4807,#4808),
 .UNSPECIFIED.,.F.,.F.,(4,4),(0.,1.),.UNSPECIFIED.);
#48=B_SPLINE_CURVE_WITH_KNOTS('',3,(#4810,#4811,#4812,#4813),
 .UNSPECIFIED.,.F.,.F.,(4,4),(4.48727883641741E-14,0.000219193791641094),
 .UNSPECIFIED.);
#49=B_SPLINE_CURVE_WITH_KNOTS('',3,(#4818,#4819,#4820,#4821),
 .UNSPECIFIED.,.F.,.F.,(4,4),(9.8863634187846E-14,0.000216635792213525),
 .UNSPECIFIED.);
#50=CIRCLE('',#3009,0.1085);
#51=CIRCLE('',#3017,0.0015);
#52=CIRCLE('',#3018,0.0015);
#53=CIRCLE('',#3019,0.0015);
#54=CIRCLE('',#3021,0.1185);
#55=CIRCLE('',#3032,0.108108465228909);
#56=CIRCLE('',#3034,0.118);
#57=CIRCLE('',#3036,0.118);
#58=CIRCLE('',#3040,0.0015);
#59=CIRCLE('',#3041,0.0015);
#60=CIRCLE('',#3048,0.001);
#61=CIRCLE('',#3049,0.001);
#62=CIRCLE('',#3066,0.001);
#63=CIRCLE('',#3067,0.001);
#64=CIRCLE('',#3069,0.001);
#65=CIRCLE('',#3070,0.001);
#66=CIRCLE('',#3072,0.001);
#67=ORIENTED_EDGE('',*,*,#907,.T.);
#68=ORIENTED_EDGE('',*,*,#908,.T.);
#69=ORIENTED_EDGE('',*,*,#909,.T.);
#70=ORIENTED_EDGE('',*,*,#910,.F.);
#71=ORIENTED_EDGE('',*,*,#911,.T.);
#72=ORIENTED_EDGE('',*,*,#912,.T.);
#73=ORIENTED_EDGE('',*,*,#913,.F.);
#74=ORIENTED_EDGE('',*,*,#914,.T.);
#75=ORIENTED_EDGE('',*,*,#915,.T.);
#76=ORIENTED_EDGE('',*,*,#916,.T.);
#77=ORIENTED_EDGE('',*,*,#917,.T.);
#78=ORIENTED_EDGE('',*,*,#918,.T.);
#79=ORIENTED_EDGE('',*,*,#919,.T.);
#80=ORIENTED_EDGE('',*,*,#920,.T.);
#81=ORIENTED_EDGE('',*,*,#921,.T.);
#82=ORIENTED_EDGE('',*,*,#922,.T.);
#83=ORIENTED_EDGE('',*,*,#923,.T.);
#84=ORIENTED_EDGE('',*,*,#924,.T.);
#85=ORIENTED_EDGE('',*,*,#925,.T.);
#86=ORIENTED_EDGE('',*,*,#926,.F.);
#87=ORIENTED_EDGE('',*,*,#927,.T.);
#88=ORIENTED_EDGE('',*,*,#928,.T.);
#89=ORIENTED_EDGE('',*,*,#929,.T.);
#90=ORIENTED_EDGE('',*,*,#930,.T.);
#91=ORIENTED_EDGE('',*,*,#931,.T.);
#92=ORIENTED_EDGE('',*,*,#932,.T.);
#93=ORIENTED_EDGE('',*,*,#933,.T.);
#94=ORIENTED_EDGE('',*,*,#934,.T.);
#95=ORIENTED_EDGE('',*,*,#935,.F.);
#96=ORIENTED_EDGE('',*,*,#936,.T.);
#97=ORIENTED_EDGE('',*,*,#937,.F.);
#98=ORIENTED_EDGE('',*,*,#938,.T.);
#99=ORIENTED_EDGE('',*,*,#939,.T.);
#100=ORIENTED_EDGE('',*,*,#940,.F.);
#101=ORIENTED_EDGE('',*,*,#941,.T.);
#102=ORIENTED_EDGE('',*,*,#942,.T.);
#103=ORIENTED_EDGE('',*,*,#943,.T.);
#104=ORIENTED_EDGE('',*,*,#944,.T.);
#105=ORIENTED_EDGE('',*,*,#945,.T.);
#106=ORIENTED_EDGE('',*,*,#946,.T.);
#107=ORIENTED_EDGE('',*,*,#947,.T.);
#108=ORIENTED_EDGE('',*,*,#948,.T.);
#109=ORIENTED_EDGE('',*,*,#949,.T.);
#110=ORIENTED_EDGE('',*,*,#950,.T.);
#111=ORIENTED_EDGE('',*,*,#951,.T.);
#112=ORIENTED_EDGE('',*,*,#952,.T.);
#113=ORIENTED_EDGE('',*,*,#953,.T.);
#114=ORIENTED_EDGE('',*,*,#954,.T.);
#115=ORIENTED_EDGE('',*,*,#955,.T.);
#116=ORIENTED_EDGE('',*,*,#956,.T.);
#117=ORIENTED_EDGE('',*,*,#957,.T.);
#118=ORIENTED_EDGE('',*,*,#958,.T.);
#119=ORIENTED_EDGE('',*,*,#959,.T.);
#120=ORIENTED_EDGE('',*,*,#960,.T.);
#121=ORIENTED_EDGE('',*,*,#961,.T.);
#122=ORIENTED_EDGE('',*,*,#962,.T.);
#123=ORIENTED_EDGE('',*,*,#963,.T.);
#124=ORIENTED_EDGE('',*,*,#964,.T.);
#125=ORIENTED_EDGE('',*,*,#965,.F.);
#126=ORIENTED_EDGE('',*,*,#966,.T.);
#127=ORIENTED_EDGE('',*,*,#967,.T.);
#128=ORIENTED_EDGE('',*,*,#968,.T.);
#129=ORIENTED_EDGE('',*,*,#969,.T.);
#130=ORIENTED_EDGE('',*,*,#970,.T.);
#131=ORIENTED_EDGE('',*,*,#971,.T.);
#132=ORIENTED_EDGE('',*,*,#972,.T.);
#133=ORIENTED_EDGE('',*,*,#973,.T.);
#134=ORIENTED_EDGE('',*,*,#974,.T.);
#135=ORIENTED_EDGE('',*,*,#975,.T.);
#136=ORIENTED_EDGE('',*,*,#976,.T.);
#137=ORIENTED_EDGE('',*,*,#977,.F.);
#138=ORIENTED_EDGE('',*,*,#978,.T.);
#139=ORIENTED_EDGE('',*,*,#979,.T.);
#140=ORIENTED_EDGE('',*,*,#980,.T.);
#141=ORIENTED_EDGE('',*,*,#981,.T.);
#142=ORIENTED_EDGE('',*,*,#982,.T.);
#143=ORIENTED_EDGE('',*,*,#983,.T.);
#144=ORIENTED_EDGE('',*,*,#984,.T.);
#145=ORIENTED_EDGE('',*,*,#985,.T.);
#146=ORIENTED_EDGE('',*,*,#965,.T.);
#147=ORIENTED_EDGE('',*,*,#986,.T.);
#148=ORIENTED_EDGE('',*,*,#987,.T.);
#149=ORIENTED_EDGE('',*,*,#988,.T.);
#150=ORIENTED_EDGE('',*,*,#989,.F.);
#151=ORIENTED_EDGE('',*,*,#990,.T.);
#152=ORIENTED_EDGE('',*,*,#991,.T.);
#153=ORIENTED_EDGE('',*,*,#992,.T.);
#154=ORIENTED_EDGE('',*,*,#993,.T.);
#155=ORIENTED_EDGE('',*,*,#994,.T.);
#156=ORIENTED_EDGE('',*,*,#995,.T.);
#157=ORIENTED_EDGE('',*,*,#996,.T.);
#158=ORIENTED_EDGE('',*,*,#997,.T.);
#159=ORIENTED_EDGE('',*,*,#998,.T.);
#160=ORIENTED_EDGE('',*,*,#999,.T.);
#161=ORIENTED_EDGE('',*,*,#1000,.T.);
#162=ORIENTED_EDGE('',*,*,#1001,.T.);
#163=ORIENTED_EDGE('',*,*,#1002,.T.);
#164=ORIENTED_EDGE('',*,*,#1003,.T.);
#165=ORIENTED_EDGE('',*,*,#1004,.T.);
#166=ORIENTED_EDGE('',*,*,#1005,.T.);
#167=ORIENTED_EDGE('',*,*,#1006,.T.);
#168=ORIENTED_EDGE('',*,*,#1007,.T.);
#169=ORIENTED_EDGE('',*,*,#1008,.T.);
#170=ORIENTED_EDGE('',*,*,#1009,.T.);
#171=ORIENTED_EDGE('',*,*,#1010,.T.);
#172=ORIENTED_EDGE('',*,*,#1011,.T.);
#173=ORIENTED_EDGE('',*,*,#1012,.T.);
#174=ORIENTED_EDGE('',*,*,#1013,.T.);
#175=ORIENTED_EDGE('',*,*,#1014,.T.);
#176=ORIENTED_EDGE('',*,*,#1015,.T.);
#177=ORIENTED_EDGE('',*,*,#1016,.T.);
#178=ORIENTED_EDGE('',*,*,#989,.T.);
#179=ORIENTED_EDGE('',*,*,#1017,.T.);
#180=ORIENTED_EDGE('',*,*,#1018,.T.);
#181=ORIENTED_EDGE('',*,*,#1019,.T.);
#182=ORIENTED_EDGE('',*,*,#1020,.T.);
#183=ORIENTED_EDGE('',*,*,#1021,.T.);
#184=ORIENTED_EDGE('',*,*,#1022,.T.);
#185=ORIENTED_EDGE('',*,*,#1023,.T.);
#186=ORIENTED_EDGE('',*,*,#1024,.T.);
#187=ORIENTED_EDGE('',*,*,#1025,.T.);
#188=ORIENTED_EDGE('',*,*,#1026,.T.);
#189=ORIENTED_EDGE('',*,*,#1027,.T.);
#190=ORIENTED_EDGE('',*,*,#1028,.T.);
#191=ORIENTED_EDGE('',*,*,#1029,.T.);
#192=ORIENTED_EDGE('',*,*,#1030,.T.);
#193=ORIENTED_EDGE('',*,*,#1031,.T.);
#194=ORIENTED_EDGE('',*,*,#1032,.T.);
#195=ORIENTED_EDGE('',*,*,#1033,.T.);
#196=ORIENTED_EDGE('',*,*,#1034,.T.);
#197=ORIENTED_EDGE('',*,*,#1035,.F.);
#198=ORIENTED_EDGE('',*,*,#1036,.T.);
#199=ORIENTED_EDGE('',*,*,#1037,.T.);
#200=ORIENTED_EDGE('',*,*,#1038,.T.);
#201=ORIENTED_EDGE('',*,*,#1035,.T.);
#202=ORIENTED_EDGE('',*,*,#1039,.T.);
#203=ORIENTED_EDGE('',*,*,#1040,.T.);
#204=ORIENTED_EDGE('',*,*,#1041,.T.);
#205=ORIENTED_EDGE('',*,*,#1042,.T.);
#206=ORIENTED_EDGE('',*,*,#1043,.T.);
#207=ORIENTED_EDGE('',*,*,#1044,.T.);
#208=ORIENTED_EDGE('',*,*,#1045,.T.);
#209=ORIENTED_EDGE('',*,*,#1046,.T.);
#210=ORIENTED_EDGE('',*,*,#1047,.T.);
#211=ORIENTED_EDGE('',*,*,#1048,.T.);
#212=ORIENTED_EDGE('',*,*,#1049,.T.);
#213=ORIENTED_EDGE('',*,*,#1050,.T.);
#214=ORIENTED_EDGE('',*,*,#1051,.T.);
#215=ORIENTED_EDGE('',*,*,#1052,.T.);
#216=ORIENTED_EDGE('',*,*,#953,.F.);
#217=ORIENTED_EDGE('',*,*,#1053,.T.);
#218=ORIENTED_EDGE('',*,*,#1054,.T.);
#219=ORIENTED_EDGE('',*,*,#1055,.T.);
#220=ORIENTED_EDGE('',*,*,#1056,.T.);
#221=ORIENTED_EDGE('',*,*,#1057,.T.);
#222=ORIENTED_EDGE('',*,*,#1058,.F.);
#223=ORIENTED_EDGE('',*,*,#1059,.T.);
#224=ORIENTED_EDGE('',*,*,#1060,.T.);
#225=ORIENTED_EDGE('',*,*,#1061,.T.);
#226=ORIENTED_EDGE('',*,*,#1058,.T.);
#227=ORIENTED_EDGE('',*,*,#1062,.T.);
#228=ORIENTED_EDGE('',*,*,#1063,.T.);
#229=ORIENTED_EDGE('',*,*,#1064,.T.);
#230=ORIENTED_EDGE('',*,*,#1065,.T.);
#231=ORIENTED_EDGE('',*,*,#1066,.T.);
#232=ORIENTED_EDGE('',*,*,#1067,.T.);
#233=ORIENTED_EDGE('',*,*,#940,.T.);
#234=ORIENTED_EDGE('',*,*,#1068,.T.);
#235=ORIENTED_EDGE('',*,*,#1069,.T.);
#236=ORIENTED_EDGE('',*,*,#1070,.T.);
#237=ORIENTED_EDGE('',*,*,#1071,.T.);
#238=ORIENTED_EDGE('',*,*,#1072,.T.);
#239=ORIENTED_EDGE('',*,*,#1073,.T.);
#240=ORIENTED_EDGE('',*,*,#1074,.T.);
#241=ORIENTED_EDGE('',*,*,#1075,.T.);
#242=ORIENTED_EDGE('',*,*,#935,.T.);
#243=ORIENTED_EDGE('',*,*,#1067,.F.);
#244=ORIENTED_EDGE('',*,*,#937,.T.);
#245=ORIENTED_EDGE('',*,*,#1076,.T.);
#246=ORIENTED_EDGE('',*,*,#1077,.T.);
#247=ORIENTED_EDGE('',*,*,#977,.T.);
#248=ORIENTED_EDGE('',*,*,#1078,.T.);
#249=ORIENTED_EDGE('',*,*,#1079,.T.);
#250=ORIENTED_EDGE('',*,*,#1080,.T.);
#251=ORIENTED_EDGE('',*,*,#1081,.T.);
#252=ORIENTED_EDGE('',*,*,#1082,.T.);
#253=ORIENTED_EDGE('',*,*,#1083,.T.);
#254=ORIENTED_EDGE('',*,*,#1084,.T.);
#255=ORIENTED_EDGE('',*,*,#1085,.T.);
#256=ORIENTED_EDGE('',*,*,#1086,.T.);
#257=ORIENTED_EDGE('',*,*,#1087,.T.);
#258=ORIENTED_EDGE('',*,*,#1088,.T.);
#259=ORIENTED_EDGE('',*,*,#1089,.T.);
#260=ORIENTED_EDGE('',*,*,#1090,.T.);
#261=ORIENTED_EDGE('',*,*,#1091,.F.);
#262=ORIENTED_EDGE('',*,*,#1092,.T.);
#263=ORIENTED_EDGE('',*,*,#1093,.T.);
#264=ORIENTED_EDGE('',*,*,#1071,.F.);
#265=ORIENTED_EDGE('',*,*,#1094,.T.);
#266=ORIENTED_EDGE('',*,*,#1087,.F.);
#267=ORIENTED_EDGE('',*,*,#1095,.T.);
#268=ORIENTED_EDGE('',*,*,#1091,.T.);
#269=ORIENTED_EDGE('',*,*,#1096,.T.);
#270=ORIENTED_EDGE('',*,*,#910,.T.);
#271=ORIENTED_EDGE('',*,*,#1097,.T.);
#272=ORIENTED_EDGE('',*,*,#1098,.T.);
#273=ORIENTED_EDGE('',*,*,#1099,.T.);
#274=ORIENTED_EDGE('',*,*,#1100,.T.);
#275=ORIENTED_EDGE('',*,*,#1101,.T.);
#276=ORIENTED_EDGE('',*,*,#1102,.T.);
#277=ORIENTED_EDGE('',*,*,#1103,.T.);
#278=ORIENTED_EDGE('',*,*,#1082,.F.);
#279=ORIENTED_EDGE('',*,*,#1104,.T.);
#280=ORIENTED_EDGE('',*,*,#1097,.F.);
#281=ORIENTED_EDGE('',*,*,#909,.F.);
#282=ORIENTED_EDGE('',*,*,#1105,.T.);
#283=ORIENTED_EDGE('',*,*,#1106,.T.);
#284=ORIENTED_EDGE('',*,*,#1107,.T.);
#285=ORIENTED_EDGE('',*,*,#1077,.F.);
#286=ORIENTED_EDGE('',*,*,#1108,.T.);
#287=ORIENTED_EDGE('',*,*,#1109,.T.);
#288=ORIENTED_EDGE('',*,*,#956,.F.);
#289=ORIENTED_EDGE('',*,*,#1110,.T.);
#290=ORIENTED_EDGE('',*,*,#978,.F.);
#291=ORIENTED_EDGE('',*,*,#1111,.T.);
#292=ORIENTED_EDGE('',*,*,#1112,.T.);
#293=ORIENTED_EDGE('',*,*,#1074,.F.);
#294=ORIENTED_EDGE('',*,*,#1066,.F.);
#295=ORIENTED_EDGE('',*,*,#1113,.T.);
#296=ORIENTED_EDGE('',*,*,#958,.F.);
#297=ORIENTED_EDGE('',*,*,#1114,.T.);
#298=ORIENTED_EDGE('',*,*,#1115,.T.);
#299=ORIENTED_EDGE('',*,*,#1116,.T.);
#300=ORIENTED_EDGE('',*,*,#1117,.T.);
#301=ORIENTED_EDGE('',*,*,#1118,.F.);
#302=ORIENTED_EDGE('',*,*,#1119,.T.);
#303=ORIENTED_EDGE('',*,*,#1120,.T.);
#304=ORIENTED_EDGE('',*,*,#1121,.T.);
#305=ORIENTED_EDGE('',*,*,#1122,.T.);
#306=ORIENTED_EDGE('',*,*,#1123,.T.);
#307=ORIENTED_EDGE('',*,*,#1118,.T.);
#308=ORIENTED_EDGE('',*,*,#1124,.T.);
#309=ORIENTED_EDGE('',*,*,#1125,.T.);
#310=ORIENTED_EDGE('',*,*,#1068,.F.);
#311=ORIENTED_EDGE('',*,*,#1126,.T.);
#312=ORIENTED_EDGE('',*,*,#1127,.T.);
#313=ORIENTED_EDGE('',*,*,#1128,.T.);
#314=ORIENTED_EDGE('',*,*,#1129,.T.);
#315=ORIENTED_EDGE('',*,*,#1130,.T.);
#316=ORIENTED_EDGE('',*,*,#1131,.T.);
#317=ORIENTED_EDGE('',*,*,#1132,.T.);
#318=ORIENTED_EDGE('',*,*,#948,.F.);
#319=ORIENTED_EDGE('',*,*,#1133,.T.);
#320=ORIENTED_EDGE('',*,*,#1134,.T.);
#321=ORIENTED_EDGE('',*,*,#1135,.T.);
#322=ORIENTED_EDGE('',*,*,#1136,.T.);
#323=ORIENTED_EDGE('',*,*,#1137,.T.);
#324=ORIENTED_EDGE('',*,*,#1138,.T.);
#325=ORIENTED_EDGE('',*,*,#926,.T.);
#326=ORIENTED_EDGE('',*,*,#1139,.T.);
#327=ORIENTED_EDGE('',*,*,#1140,.T.);
#328=ORIENTED_EDGE('',*,*,#1141,.T.);
#329=ORIENTED_EDGE('',*,*,#1142,.T.);
#330=ORIENTED_EDGE('',*,*,#1143,.T.);
#331=ORIENTED_EDGE('',*,*,#1144,.T.);
#332=ORIENTED_EDGE('',*,*,#1145,.T.);
#333=ORIENTED_EDGE('',*,*,#1146,.T.);
#334=ORIENTED_EDGE('',*,*,#1147,.T.);
#335=ORIENTED_EDGE('',*,*,#1148,.T.);
#336=ORIENTED_EDGE('',*,*,#1149,.T.);
#337=ORIENTED_EDGE('',*,*,#1150,.T.);
#338=ORIENTED_EDGE('',*,*,#1151,.T.);
#339=ORIENTED_EDGE('',*,*,#1152,.T.);
#340=ORIENTED_EDGE('',*,*,#1153,.T.);
#341=ORIENTED_EDGE('',*,*,#1154,.T.);
#342=ORIENTED_EDGE('',*,*,#1155,.T.);
#343=ORIENTED_EDGE('',*,*,#1156,.T.);
#344=ORIENTED_EDGE('',*,*,#1157,.T.);
#345=ORIENTED_EDGE('',*,*,#1158,.T.);
#346=ORIENTED_EDGE('',*,*,#1159,.T.);
#347=ORIENTED_EDGE('',*,*,#1160,.T.);
#348=ORIENTED_EDGE('',*,*,#1161,.T.);
#349=ORIENTED_EDGE('',*,*,#1162,.T.);
#350=ORIENTED_EDGE('',*,*,#1163,.T.);
#351=ORIENTED_EDGE('',*,*,#913,.T.);
#352=ORIENTED_EDGE('',*,*,#1164,.T.);
#353=ORIENTED_EDGE('',*,*,#1160,.F.);
#354=ORIENTED_EDGE('',*,*,#1165,.T.);
#355=ORIENTED_EDGE('',*,*,#1163,.F.);
#356=ORIENTED_EDGE('',*,*,#1166,.T.);
#357=ORIENTED_EDGE('',*,*,#907,.F.);
#358=ORIENTED_EDGE('',*,*,#1165,.F.);
#359=ORIENTED_EDGE('',*,*,#943,.F.);
#360=ORIENTED_EDGE('',*,*,#1167,.T.);
#361=ORIENTED_EDGE('',*,*,#1092,.F.);
#362=ORIENTED_EDGE('',*,*,#1095,.F.);
#363=ORIENTED_EDGE('',*,*,#1086,.F.);
#364=ORIENTED_EDGE('',*,*,#1168,.T.);
#365=ORIENTED_EDGE('',*,*,#1088,.F.);
#366=ORIENTED_EDGE('',*,*,#1169,.T.);
#367=ORIENTED_EDGE('',*,*,#945,.F.);
#368=ORIENTED_EDGE('',*,*,#1170,.T.);
#369=ORIENTED_EDGE('',*,*,#1090,.F.);
#370=ORIENTED_EDGE('',*,*,#1171,.T.);
#371=ORIENTED_EDGE('',*,*,#911,.F.);
#372=ORIENTED_EDGE('',*,*,#1096,.F.);
#373=ORIENTED_EDGE('',*,*,#1048,.F.);
#374=ORIENTED_EDGE('',*,*,#1172,.T.);
#375=ORIENTED_EDGE('',*,*,#1173,.T.);
#376=ORIENTED_EDGE('',*,*,#1174,.T.);
#377=ORIENTED_EDGE('',*,*,#1030,.F.);
#378=ORIENTED_EDGE('',*,*,#1175,.T.);
#379=ORIENTED_EDGE('',*,*,#1020,.F.);
#380=ORIENTED_EDGE('',*,*,#1176,.T.);
#381=ORIENTED_EDGE('',*,*,#1043,.F.);
#382=ORIENTED_EDGE('',*,*,#1177,.T.);
#383=ORIENTED_EDGE('',*,*,#1141,.F.);
#384=ORIENTED_EDGE('',*,*,#1178,.T.);
#385=ORIENTED_EDGE('',*,*,#1144,.F.);
#386=ORIENTED_EDGE('',*,*,#1179,.T.);
#387=ORIENTED_EDGE('',*,*,#1146,.F.);
#388=ORIENTED_EDGE('',*,*,#1180,.T.);
#389=ORIENTED_EDGE('',*,*,#993,.F.);
#390=ORIENTED_EDGE('',*,*,#1181,.T.);
#391=ORIENTED_EDGE('',*,*,#1120,.F.);
#392=ORIENTED_EDGE('',*,*,#1182,.T.);
#393=ORIENTED_EDGE('',*,*,#1114,.F.);
#394=ORIENTED_EDGE('',*,*,#1183,.T.);
#395=ORIENTED_EDGE('',*,*,#1116,.F.);
#396=ORIENTED_EDGE('',*,*,#1184,.T.);
#397=ORIENTED_EDGE('',*,*,#973,.F.);
#398=ORIENTED_EDGE('',*,*,#1185,.T.);
#399=ORIENTED_EDGE('',*,*,#928,.F.);
#400=ORIENTED_EDGE('',*,*,#1186,.T.);
#401=ORIENTED_EDGE('',*,*,#1148,.F.);
#402=ORIENTED_EDGE('',*,*,#1187,.T.);
#403=ORIENTED_EDGE('',*,*,#1156,.F.);
#404=ORIENTED_EDGE('',*,*,#1188,.T.);
#405=ORIENTED_EDGE('',*,*,#924,.F.);
#406=ORIENTED_EDGE('',*,*,#1189,.T.);
#407=ORIENTED_EDGE('',*,*,#939,.F.);
#408=ORIENTED_EDGE('',*,*,#1190,.T.);
#409=ORIENTED_EDGE('',*,*,#1128,.F.);
#410=ORIENTED_EDGE('',*,*,#1191,.T.);
#411=ORIENTED_EDGE('',*,*,#1122,.F.);
#412=ORIENTED_EDGE('',*,*,#1081,.F.);
#413=ORIENTED_EDGE('',*,*,#1192,.T.);
#414=ORIENTED_EDGE('',*,*,#1084,.F.);
#415=ORIENTED_EDGE('',*,*,#1098,.F.);
#416=ORIENTED_EDGE('',*,*,#1104,.F.);
#417=ORIENTED_EDGE('',*,*,#960,.F.);
#418=ORIENTED_EDGE('',*,*,#1193,.T.);
#419=ORIENTED_EDGE('',*,*,#941,.F.);
#420=ORIENTED_EDGE('',*,*,#1194,.T.);
#421=ORIENTED_EDGE('',*,*,#964,.F.);
#422=ORIENTED_EDGE('',*,*,#1195,.T.);
#423=ORIENTED_EDGE('',*,*,#1196,.F.);
#424=ORIENTED_EDGE('',*,*,#1009,.F.);
#425=ORIENTED_EDGE('',*,*,#1197,.T.);
#426=ORIENTED_EDGE('',*,*,#986,.F.);
#427=ORIENTED_EDGE('',*,*,#1196,.T.);
#428=ORIENTED_EDGE('',*,*,#1198,.T.);
#429=ORIENTED_EDGE('',*,*,#954,.F.);
#430=ORIENTED_EDGE('',*,*,#1052,.F.);
#431=ORIENTED_EDGE('',*,*,#1199,.T.);
#432=ORIENTED_EDGE('',*,*,#1010,.F.);
#433=ORIENTED_EDGE('',*,*,#1034,.F.);
#434=ORIENTED_EDGE('',*,*,#1200,.T.);
#435=ORIENTED_EDGE('',*,*,#1201,.F.);
#436=ORIENTED_EDGE('',*,*,#1006,.F.);
#437=ORIENTED_EDGE('',*,*,#1202,.T.);
#438=ORIENTED_EDGE('',*,*,#1039,.F.);
#439=ORIENTED_EDGE('',*,*,#1201,.T.);
#440=ORIENTED_EDGE('',*,*,#1203,.T.);
#441=ORIENTED_EDGE('',*,*,#1014,.F.);
#442=ORIENTED_EDGE('',*,*,#988,.F.);
#443=ORIENTED_EDGE('',*,*,#1204,.T.);
#444=ORIENTED_EDGE('',*,*,#1007,.F.);
#445=ORIENTED_EDGE('',*,*,#1197,.F.);
#446=ORIENTED_EDGE('',*,*,#1008,.F.);
#447=ORIENTED_EDGE('',*,*,#1204,.F.);
#448=ORIENTED_EDGE('',*,*,#987,.F.);
#449=ORIENTED_EDGE('',*,*,#1189,.F.);
#450=ORIENTED_EDGE('',*,*,#1205,.T.);
#451=ORIENTED_EDGE('',*,*,#995,.F.);
#452=ORIENTED_EDGE('',*,*,#1206,.F.);
#453=ORIENTED_EDGE('',*,*,#1206,.T.);
#454=ORIENTED_EDGE('',*,*,#994,.F.);
#455=ORIENTED_EDGE('',*,*,#1207,.F.);
#456=ORIENTED_EDGE('',*,*,#1157,.F.);
#457=ORIENTED_EDGE('',*,*,#1207,.T.);
#458=ORIENTED_EDGE('',*,*,#1180,.F.);
#459=ORIENTED_EDGE('',*,*,#1208,.F.);
#460=ORIENTED_EDGE('',*,*,#1158,.F.);
#461=ORIENTED_EDGE('',*,*,#1208,.T.);
#462=ORIENTED_EDGE('',*,*,#1145,.F.);
#463=ORIENTED_EDGE('',*,*,#1209,.F.);
#464=ORIENTED_EDGE('',*,*,#1159,.F.);
#465=ORIENTED_EDGE('',*,*,#1209,.T.);
#466=ORIENTED_EDGE('',*,*,#1178,.F.);
#467=ORIENTED_EDGE('',*,*,#1210,.F.);
#468=ORIENTED_EDGE('',*,*,#1154,.F.);
#469=ORIENTED_EDGE('',*,*,#1210,.T.);
#470=ORIENTED_EDGE('',*,*,#1140,.F.);
#471=ORIENTED_EDGE('',*,*,#1211,.F.);
#472=ORIENTED_EDGE('',*,*,#1155,.F.);
#473=ORIENTED_EDGE('',*,*,#925,.F.);
#474=ORIENTED_EDGE('',*,*,#1188,.F.);
#475=ORIENTED_EDGE('',*,*,#1211,.T.);
#476=ORIENTED_EDGE('',*,*,#1139,.F.);
#477=ORIENTED_EDGE('',*,*,#1078,.F.);
#478=ORIENTED_EDGE('',*,*,#976,.F.);
#479=ORIENTED_EDGE('',*,*,#1212,.F.);
#480=ORIENTED_EDGE('',*,*,#938,.F.);
#481=ORIENTED_EDGE('',*,*,#1212,.T.);
#482=ORIENTED_EDGE('',*,*,#975,.F.);
#483=ORIENTED_EDGE('',*,*,#1213,.F.);
#484=ORIENTED_EDGE('',*,*,#1190,.F.);
#485=ORIENTED_EDGE('',*,*,#1213,.T.);
#486=ORIENTED_EDGE('',*,*,#974,.F.);
#487=ORIENTED_EDGE('',*,*,#1214,.F.);
#488=ORIENTED_EDGE('',*,*,#1129,.F.);
#489=ORIENTED_EDGE('',*,*,#1214,.T.);
#490=ORIENTED_EDGE('',*,*,#1184,.F.);
#491=ORIENTED_EDGE('',*,*,#1215,.F.);
#492=ORIENTED_EDGE('',*,*,#1130,.F.);
#493=ORIENTED_EDGE('',*,*,#1215,.T.);
#494=ORIENTED_EDGE('',*,*,#1115,.F.);
#495=ORIENTED_EDGE('',*,*,#1216,.F.);
#496=ORIENTED_EDGE('',*,*,#1131,.F.);
#497=ORIENTED_EDGE('',*,*,#1216,.T.);
#498=ORIENTED_EDGE('',*,*,#1182,.F.);
#499=ORIENTED_EDGE('',*,*,#1217,.F.);
#500=ORIENTED_EDGE('',*,*,#1132,.F.);
#501=ORIENTED_EDGE('',*,*,#1217,.T.);
#502=ORIENTED_EDGE('',*,*,#1119,.F.);
#503=ORIENTED_EDGE('',*,*,#1218,.F.);
#504=ORIENTED_EDGE('',*,*,#1126,.F.);
#505=ORIENTED_EDGE('',*,*,#1218,.T.);
#506=ORIENTED_EDGE('',*,*,#1123,.F.);
#507=ORIENTED_EDGE('',*,*,#1191,.F.);
#508=ORIENTED_EDGE('',*,*,#1127,.F.);
#509=ORIENTED_EDGE('',*,*,#1219,.T.);
#510=ORIENTED_EDGE('',*,*,#1220,.T.);
#511=ORIENTED_EDGE('',*,*,#998,.F.);
#512=ORIENTED_EDGE('',*,*,#1221,.T.);
#513=ORIENTED_EDGE('',*,*,#1029,.F.);
#514=ORIENTED_EDGE('',*,*,#1222,.T.);
#515=ORIENTED_EDGE('',*,*,#1223,.T.);
#516=ORIENTED_EDGE('',*,*,#914,.F.);
#517=ORIENTED_EDGE('',*,*,#1224,.T.);
#518=ORIENTED_EDGE('',*,*,#1019,.F.);
#519=ORIENTED_EDGE('',*,*,#1002,.F.);
#520=ORIENTED_EDGE('',*,*,#1225,.T.);
#521=ORIENTED_EDGE('',*,*,#1226,.T.);
#522=ORIENTED_EDGE('',*,*,#1021,.F.);
#523=ORIENTED_EDGE('',*,*,#1227,.T.);
#524=ORIENTED_EDGE('',*,*,#1199,.F.);
#525=ORIENTED_EDGE('',*,*,#1051,.F.);
#526=ORIENTED_EDGE('',*,*,#1228,.T.);
#527=ORIENTED_EDGE('',*,*,#1229,.F.);
#528=ORIENTED_EDGE('',*,*,#1011,.F.);
#529=ORIENTED_EDGE('',*,*,#1044,.F.);
#530=ORIENTED_EDGE('',*,*,#1230,.T.);
#531=ORIENTED_EDGE('',*,*,#1012,.F.);
#532=ORIENTED_EDGE('',*,*,#1229,.T.);
#533=ORIENTED_EDGE('',*,*,#1231,.T.);
#534=ORIENTED_EDGE('',*,*,#1202,.F.);
#535=ORIENTED_EDGE('',*,*,#1005,.F.);
#536=ORIENTED_EDGE('',*,*,#1232,.F.);
#537=ORIENTED_EDGE('',*,*,#1233,.T.);
#538=ORIENTED_EDGE('',*,*,#1036,.F.);
#539=ORIENTED_EDGE('',*,*,#1004,.F.);
#540=ORIENTED_EDGE('',*,*,#1234,.T.);
#541=ORIENTED_EDGE('',*,*,#1042,.F.);
#542=ORIENTED_EDGE('',*,*,#1235,.T.);
#543=ORIENTED_EDGE('',*,*,#1232,.T.);
#544=ORIENTED_EDGE('',*,*,#1093,.F.);
#545=ORIENTED_EDGE('',*,*,#1167,.F.);
#546=ORIENTED_EDGE('',*,*,#1236,.F.);
#547=ORIENTED_EDGE('',*,*,#1072,.F.);
#548=ORIENTED_EDGE('',*,*,#1236,.T.);
#549=ORIENTED_EDGE('',*,*,#942,.F.);
#550=ORIENTED_EDGE('',*,*,#1237,.F.);
#551=ORIENTED_EDGE('',*,*,#1073,.F.);
#552=ORIENTED_EDGE('',*,*,#1237,.T.);
#553=ORIENTED_EDGE('',*,*,#1193,.F.);
#554=ORIENTED_EDGE('',*,*,#1238,.F.);
#555=ORIENTED_EDGE('',*,*,#1064,.F.);
#556=ORIENTED_EDGE('',*,*,#1113,.F.);
#557=ORIENTED_EDGE('',*,*,#1065,.F.);
#558=ORIENTED_EDGE('',*,*,#1238,.T.);
#559=ORIENTED_EDGE('',*,*,#959,.F.);
#560=ORIENTED_EDGE('',*,*,#967,.F.);
#561=ORIENTED_EDGE('',*,*,#1239,.T.);
#562=ORIENTED_EDGE('',*,*,#912,.F.);
#563=ORIENTED_EDGE('',*,*,#1240,.F.);
#564=ORIENTED_EDGE('',*,*,#1240,.T.);
#565=ORIENTED_EDGE('',*,*,#1171,.F.);
#566=ORIENTED_EDGE('',*,*,#1241,.F.);
#567=ORIENTED_EDGE('',*,*,#968,.F.);
#568=ORIENTED_EDGE('',*,*,#1241,.T.);
#569=ORIENTED_EDGE('',*,*,#1089,.F.);
#570=ORIENTED_EDGE('',*,*,#1242,.F.);
#571=ORIENTED_EDGE('',*,*,#969,.F.);
#572=ORIENTED_EDGE('',*,*,#1242,.T.);
#573=ORIENTED_EDGE('',*,*,#1170,.F.);
#574=ORIENTED_EDGE('',*,*,#1243,.F.);
#575=ORIENTED_EDGE('',*,*,#970,.F.);
#576=ORIENTED_EDGE('',*,*,#1243,.T.);
#577=ORIENTED_EDGE('',*,*,#949,.F.);
#578=ORIENTED_EDGE('',*,*,#1244,.F.);
#579=ORIENTED_EDGE('',*,*,#971,.F.);
#580=ORIENTED_EDGE('',*,*,#1244,.T.);
#581=ORIENTED_EDGE('',*,*,#1138,.F.);
#582=ORIENTED_EDGE('',*,*,#1245,.F.);
#583=ORIENTED_EDGE('',*,*,#972,.F.);
#584=ORIENTED_EDGE('',*,*,#1245,.T.);
#585=ORIENTED_EDGE('',*,*,#1137,.F.);
#586=ORIENTED_EDGE('',*,*,#1246,.F.);
#587=ORIENTED_EDGE('',*,*,#1185,.F.);
#588=ORIENTED_EDGE('',*,*,#1246,.T.);
#589=ORIENTED_EDGE('',*,*,#1136,.F.);
#590=ORIENTED_EDGE('',*,*,#1247,.F.);
#591=ORIENTED_EDGE('',*,*,#1117,.F.);
#592=ORIENTED_EDGE('',*,*,#1247,.T.);
#593=ORIENTED_EDGE('',*,*,#1135,.F.);
#594=ORIENTED_EDGE('',*,*,#1248,.F.);
#595=ORIENTED_EDGE('',*,*,#1183,.F.);
#596=ORIENTED_EDGE('',*,*,#1248,.T.);
#597=ORIENTED_EDGE('',*,*,#1134,.F.);
#598=ORIENTED_EDGE('',*,*,#1249,.F.);
#599=ORIENTED_EDGE('',*,*,#1121,.F.);
#600=ORIENTED_EDGE('',*,*,#1133,.F.);
#601=ORIENTED_EDGE('',*,*,#947,.F.);
#602=ORIENTED_EDGE('',*,*,#1250,.F.);
#603=ORIENTED_EDGE('',*,*,#1124,.F.);
#604=ORIENTED_EDGE('',*,*,#1249,.T.);
#605=ORIENTED_EDGE('',*,*,#1250,.T.);
#606=ORIENTED_EDGE('',*,*,#946,.F.);
#607=ORIENTED_EDGE('',*,*,#1251,.F.);
#608=ORIENTED_EDGE('',*,*,#1069,.F.);
#609=ORIENTED_EDGE('',*,*,#1125,.F.);
#610=ORIENTED_EDGE('',*,*,#1251,.T.);
#611=ORIENTED_EDGE('',*,*,#1169,.F.);
#612=ORIENTED_EDGE('',*,*,#1094,.F.);
#613=ORIENTED_EDGE('',*,*,#1070,.F.);
#614=ORIENTED_EDGE('',*,*,#950,.F.);
#615=ORIENTED_EDGE('',*,*,#1252,.T.);
#616=ORIENTED_EDGE('',*,*,#1253,.F.);
#617=ORIENTED_EDGE('',*,*,#1083,.F.);
#618=ORIENTED_EDGE('',*,*,#1103,.F.);
#619=ORIENTED_EDGE('',*,*,#1254,.T.);
#620=ORIENTED_EDGE('',*,*,#1253,.T.);
#621=ORIENTED_EDGE('',*,*,#1255,.T.);
#622=ORIENTED_EDGE('',*,*,#962,.F.);
#623=ORIENTED_EDGE('',*,*,#1256,.F.);
#624=ORIENTED_EDGE('',*,*,#1079,.F.);
#625=ORIENTED_EDGE('',*,*,#1256,.T.);
#626=ORIENTED_EDGE('',*,*,#985,.F.);
#627=ORIENTED_EDGE('',*,*,#1257,.F.);
#628=ORIENTED_EDGE('',*,*,#1080,.F.);
#629=ORIENTED_EDGE('',*,*,#1257,.T.);
#630=ORIENTED_EDGE('',*,*,#984,.F.);
#631=ORIENTED_EDGE('',*,*,#1258,.F.);
#632=ORIENTED_EDGE('',*,*,#1192,.F.);
#633=ORIENTED_EDGE('',*,*,#1258,.T.);
#634=ORIENTED_EDGE('',*,*,#983,.F.);
#635=ORIENTED_EDGE('',*,*,#1259,.F.);
#636=ORIENTED_EDGE('',*,*,#1085,.F.);
#637=ORIENTED_EDGE('',*,*,#1259,.T.);
#638=ORIENTED_EDGE('',*,*,#982,.F.);
#639=ORIENTED_EDGE('',*,*,#1260,.F.);
#640=ORIENTED_EDGE('',*,*,#1168,.F.);
#641=ORIENTED_EDGE('',*,*,#1260,.T.);
#642=ORIENTED_EDGE('',*,*,#981,.F.);
#643=ORIENTED_EDGE('',*,*,#1261,.F.);
#644=ORIENTED_EDGE('',*,*,#944,.F.);
#645=ORIENTED_EDGE('',*,*,#1261,.T.);
#646=ORIENTED_EDGE('',*,*,#980,.F.);
#647=ORIENTED_EDGE('',*,*,#1262,.F.);
#648=ORIENTED_EDGE('',*,*,#1194,.F.);
#649=ORIENTED_EDGE('',*,*,#1262,.T.);
#650=ORIENTED_EDGE('',*,*,#979,.F.);
#651=ORIENTED_EDGE('',*,*,#1110,.F.);
#652=ORIENTED_EDGE('',*,*,#961,.F.);
#653=ORIENTED_EDGE('',*,*,#1040,.F.);
#654=ORIENTED_EDGE('',*,*,#1263,.T.);
#655=ORIENTED_EDGE('',*,*,#933,.F.);
#656=ORIENTED_EDGE('',*,*,#1264,.F.);
#657=ORIENTED_EDGE('',*,*,#1265,.T.);
#658=ORIENTED_EDGE('',*,*,#1264,.T.);
#659=ORIENTED_EDGE('',*,*,#932,.F.);
#660=ORIENTED_EDGE('',*,*,#1266,.F.);
#661=ORIENTED_EDGE('',*,*,#1038,.F.);
#662=ORIENTED_EDGE('',*,*,#1267,.T.);
#663=ORIENTED_EDGE('',*,*,#1268,.F.);
#664=ORIENTED_EDGE('',*,*,#1269,.T.);
#665=ORIENTED_EDGE('',*,*,#1032,.F.);
#666=ORIENTED_EDGE('',*,*,#1266,.T.);
#667=ORIENTED_EDGE('',*,*,#931,.F.);
#668=ORIENTED_EDGE('',*,*,#1016,.F.);
#669=ORIENTED_EDGE('',*,*,#1270,.T.);
#670=ORIENTED_EDGE('',*,*,#1268,.T.);
#671=ORIENTED_EDGE('',*,*,#930,.F.);
#672=ORIENTED_EDGE('',*,*,#1271,.F.);
#673=ORIENTED_EDGE('',*,*,#1271,.T.);
#674=ORIENTED_EDGE('',*,*,#929,.F.);
#675=ORIENTED_EDGE('',*,*,#1272,.F.);
#676=ORIENTED_EDGE('',*,*,#990,.F.);
#677=ORIENTED_EDGE('',*,*,#1272,.T.);
#678=ORIENTED_EDGE('',*,*,#1187,.F.);
#679=ORIENTED_EDGE('',*,*,#1273,.F.);
#680=ORIENTED_EDGE('',*,*,#991,.F.);
#681=ORIENTED_EDGE('',*,*,#1273,.T.);
#682=ORIENTED_EDGE('',*,*,#1153,.F.);
#683=ORIENTED_EDGE('',*,*,#1274,.F.);
#684=ORIENTED_EDGE('',*,*,#992,.F.);
#685=ORIENTED_EDGE('',*,*,#1274,.T.);
#686=ORIENTED_EDGE('',*,*,#1152,.F.);
#687=ORIENTED_EDGE('',*,*,#1275,.F.);
#688=ORIENTED_EDGE('',*,*,#1181,.F.);
#689=ORIENTED_EDGE('',*,*,#1275,.T.);
#690=ORIENTED_EDGE('',*,*,#1151,.F.);
#691=ORIENTED_EDGE('',*,*,#1276,.F.);
#692=ORIENTED_EDGE('',*,*,#1147,.F.);
#693=ORIENTED_EDGE('',*,*,#1276,.T.);
#694=ORIENTED_EDGE('',*,*,#1150,.F.);
#695=ORIENTED_EDGE('',*,*,#1277,.F.);
#696=ORIENTED_EDGE('',*,*,#1179,.F.);
#697=ORIENTED_EDGE('',*,*,#1277,.T.);
#698=ORIENTED_EDGE('',*,*,#1149,.F.);
#699=ORIENTED_EDGE('',*,*,#1278,.F.);
#700=ORIENTED_EDGE('',*,*,#1142,.F.);
#701=ORIENTED_EDGE('',*,*,#1278,.T.);
#702=ORIENTED_EDGE('',*,*,#1186,.F.);
#703=ORIENTED_EDGE('',*,*,#927,.F.);
#704=ORIENTED_EDGE('',*,*,#1143,.F.);
#705=ORIENTED_EDGE('',*,*,#1173,.F.);
#706=ORIENTED_EDGE('',*,*,#1279,.T.);
#707=ORIENTED_EDGE('',*,*,#1099,.F.);
#708=ORIENTED_EDGE('',*,*,#1280,.F.);
#709=ORIENTED_EDGE('',*,*,#1280,.T.);
#710=ORIENTED_EDGE('',*,*,#1107,.F.);
#711=ORIENTED_EDGE('',*,*,#1281,.F.);
#712=ORIENTED_EDGE('',*,*,#1031,.F.);
#713=ORIENTED_EDGE('',*,*,#1174,.F.);
#714=ORIENTED_EDGE('',*,*,#918,.F.);
#715=ORIENTED_EDGE('',*,*,#1282,.T.);
#716=ORIENTED_EDGE('',*,*,#1283,.T.);
#717=ORIENTED_EDGE('',*,*,#1024,.F.);
#718=ORIENTED_EDGE('',*,*,#1284,.F.);
#719=ORIENTED_EDGE('',*,*,#1284,.T.);
#720=ORIENTED_EDGE('',*,*,#1281,.T.);
#721=ORIENTED_EDGE('',*,*,#1285,.F.);
#722=ORIENTED_EDGE('',*,*,#1106,.F.);
#723=ORIENTED_EDGE('',*,*,#1286,.F.);
#724=ORIENTED_EDGE('',*,*,#919,.F.);
#725=ORIENTED_EDGE('',*,*,#1285,.T.);
#726=ORIENTED_EDGE('',*,*,#1105,.F.);
#727=ORIENTED_EDGE('',*,*,#908,.F.);
#728=ORIENTED_EDGE('',*,*,#1287,.F.);
#729=ORIENTED_EDGE('',*,*,#920,.F.);
#730=ORIENTED_EDGE('',*,*,#1286,.T.);
#731=ORIENTED_EDGE('',*,*,#1239,.F.);
#732=ORIENTED_EDGE('',*,*,#966,.F.);
#733=ORIENTED_EDGE('',*,*,#1288,.F.);
#734=ORIENTED_EDGE('',*,*,#1164,.F.);
#735=ORIENTED_EDGE('',*,*,#1287,.T.);
#736=ORIENTED_EDGE('',*,*,#1166,.F.);
#737=ORIENTED_EDGE('',*,*,#1289,.F.);
#738=ORIENTED_EDGE('',*,*,#921,.F.);
#739=ORIENTED_EDGE('',*,*,#1288,.T.);
#740=ORIENTED_EDGE('',*,*,#997,.F.);
#741=ORIENTED_EDGE('',*,*,#1290,.F.);
#742=ORIENTED_EDGE('',*,*,#1161,.F.);
#743=ORIENTED_EDGE('',*,*,#1289,.T.);
#744=ORIENTED_EDGE('',*,*,#1162,.F.);
#745=ORIENTED_EDGE('',*,*,#1291,.F.);
#746=ORIENTED_EDGE('',*,*,#922,.F.);
#747=ORIENTED_EDGE('',*,*,#1291,.T.);
#748=ORIENTED_EDGE('',*,*,#1290,.T.);
#749=ORIENTED_EDGE('',*,*,#1292,.F.);
#750=ORIENTED_EDGE('',*,*,#1292,.T.);
#751=ORIENTED_EDGE('',*,*,#996,.F.);
#752=ORIENTED_EDGE('',*,*,#1205,.F.);
#753=ORIENTED_EDGE('',*,*,#923,.F.);
#754=ORIENTED_EDGE('',*,*,#1230,.F.);
#755=ORIENTED_EDGE('',*,*,#1175,.F.);
#756=ORIENTED_EDGE('',*,*,#1221,.F.);
#757=ORIENTED_EDGE('',*,*,#1013,.F.);
#758=ORIENTED_EDGE('',*,*,#1263,.F.);
#759=ORIENTED_EDGE('',*,*,#1176,.F.);
#760=ORIENTED_EDGE('',*,*,#1224,.F.);
#761=ORIENTED_EDGE('',*,*,#934,.F.);
#762=ORIENTED_EDGE('',*,*,#1227,.F.);
#763=ORIENTED_EDGE('',*,*,#1177,.F.);
#764=ORIENTED_EDGE('',*,*,#1234,.F.);
#765=ORIENTED_EDGE('',*,*,#1003,.F.);
#766=ORIENTED_EDGE('',*,*,#1000,.F.);
#767=ORIENTED_EDGE('',*,*,#1293,.T.);
#768=ORIENTED_EDGE('',*,*,#1294,.T.);
#769=ORIENTED_EDGE('',*,*,#1059,.F.);
#770=ORIENTED_EDGE('',*,*,#1295,.T.);
#771=ORIENTED_EDGE('',*,*,#1296,.T.);
#772=ORIENTED_EDGE('',*,*,#1297,.T.);
#773=ORIENTED_EDGE('',*,*,#1298,.T.);
#774=ORIENTED_EDGE('',*,*,#1027,.F.);
#775=ORIENTED_EDGE('',*,*,#1299,.F.);
#776=ORIENTED_EDGE('',*,*,#1061,.F.);
#777=ORIENTED_EDGE('',*,*,#1023,.F.);
#778=ORIENTED_EDGE('',*,*,#1300,.T.);
#779=ORIENTED_EDGE('',*,*,#1301,.T.);
#780=ORIENTED_EDGE('',*,*,#1062,.F.);
#781=ORIENTED_EDGE('',*,*,#1302,.F.);
#782=ORIENTED_EDGE('',*,*,#1026,.F.);
#783=ORIENTED_EDGE('',*,*,#1303,.T.);
#784=ORIENTED_EDGE('',*,*,#1304,.T.);
#785=ORIENTED_EDGE('',*,*,#1053,.F.);
#786=ORIENTED_EDGE('',*,*,#1299,.T.);
#787=ORIENTED_EDGE('',*,*,#1305,.T.);
#788=ORIENTED_EDGE('',*,*,#1306,.T.);
#789=ORIENTED_EDGE('',*,*,#1017,.F.);
#790=ORIENTED_EDGE('',*,*,#1302,.T.);
#791=ORIENTED_EDGE('',*,*,#1057,.F.);
#792=ORIENTED_EDGE('',*,*,#1307,.T.);
#793=ORIENTED_EDGE('',*,*,#1308,.T.);
#794=ORIENTED_EDGE('',*,*,#916,.F.);
#795=ORIENTED_EDGE('',*,*,#1309,.T.);
#796=ORIENTED_EDGE('',*,*,#1310,.T.);
#797=ORIENTED_EDGE('',*,*,#1055,.F.);
#798=ORIENTED_EDGE('',*,*,#1252,.F.);
#799=ORIENTED_EDGE('',*,*,#955,.F.);
#800=ORIENTED_EDGE('',*,*,#1198,.F.);
#801=ORIENTED_EDGE('',*,*,#1195,.F.);
#802=ORIENTED_EDGE('',*,*,#963,.F.);
#803=ORIENTED_EDGE('',*,*,#1255,.F.);
#804=ORIENTED_EDGE('',*,*,#1270,.F.);
#805=ORIENTED_EDGE('',*,*,#1015,.F.);
#806=ORIENTED_EDGE('',*,*,#1203,.F.);
#807=ORIENTED_EDGE('',*,*,#1200,.F.);
#808=ORIENTED_EDGE('',*,*,#1033,.F.);
#809=ORIENTED_EDGE('',*,*,#1269,.F.);
#810=ORIENTED_EDGE('',*,*,#957,.F.);
#811=ORIENTED_EDGE('',*,*,#1109,.F.);
#812=ORIENTED_EDGE('',*,*,#1311,.F.);
#813=ORIENTED_EDGE('',*,*,#1111,.F.);
#814=ORIENTED_EDGE('',*,*,#1108,.F.);
#815=ORIENTED_EDGE('',*,*,#1076,.F.);
#816=ORIENTED_EDGE('',*,*,#936,.F.);
#817=ORIENTED_EDGE('',*,*,#1075,.F.);
#818=ORIENTED_EDGE('',*,*,#1112,.F.);
#819=ORIENTED_EDGE('',*,*,#1311,.T.);
#820=ORIENTED_EDGE('',*,*,#952,.F.);
#821=ORIENTED_EDGE('',*,*,#1312,.T.);
#822=ORIENTED_EDGE('',*,*,#1101,.F.);
#823=ORIENTED_EDGE('',*,*,#1313,.T.);
#824=ORIENTED_EDGE('',*,*,#1046,.F.);
#825=ORIENTED_EDGE('',*,*,#1314,.T.);
#826=ORIENTED_EDGE('',*,*,#1049,.F.);
#827=ORIENTED_EDGE('',*,*,#1254,.F.);
#828=ORIENTED_EDGE('',*,*,#1102,.F.);
#829=ORIENTED_EDGE('',*,*,#1312,.F.);
#830=ORIENTED_EDGE('',*,*,#951,.F.);
#831=ORIENTED_EDGE('',*,*,#1313,.F.);
#832=ORIENTED_EDGE('',*,*,#1100,.F.);
#833=ORIENTED_EDGE('',*,*,#1279,.F.);
#834=ORIENTED_EDGE('',*,*,#1172,.F.);
#835=ORIENTED_EDGE('',*,*,#1047,.F.);
#836=ORIENTED_EDGE('',*,*,#1060,.F.);
#837=ORIENTED_EDGE('',*,*,#1294,.F.);
#838=ORIENTED_EDGE('',*,*,#1315,.F.);
#839=ORIENTED_EDGE('',*,*,#1297,.F.);
#840=ORIENTED_EDGE('',*,*,#1028,.F.);
#841=ORIENTED_EDGE('',*,*,#1298,.F.);
#842=ORIENTED_EDGE('',*,*,#1316,.F.);
#843=ORIENTED_EDGE('',*,*,#1219,.F.);
#844=ORIENTED_EDGE('',*,*,#1316,.T.);
#845=ORIENTED_EDGE('',*,*,#1315,.T.);
#846=ORIENTED_EDGE('',*,*,#1317,.F.);
#847=ORIENTED_EDGE('',*,*,#1317,.T.);
#848=ORIENTED_EDGE('',*,*,#1293,.F.);
#849=ORIENTED_EDGE('',*,*,#999,.F.);
#850=ORIENTED_EDGE('',*,*,#1220,.F.);
#851=ORIENTED_EDGE('',*,*,#1022,.F.);
#852=ORIENTED_EDGE('',*,*,#1226,.F.);
#853=ORIENTED_EDGE('',*,*,#1318,.F.);
#854=ORIENTED_EDGE('',*,*,#1300,.F.);
#855=ORIENTED_EDGE('',*,*,#1063,.F.);
#856=ORIENTED_EDGE('',*,*,#1301,.F.);
#857=ORIENTED_EDGE('',*,*,#1319,.F.);
#858=ORIENTED_EDGE('',*,*,#1295,.F.);
#859=ORIENTED_EDGE('',*,*,#1319,.T.);
#860=ORIENTED_EDGE('',*,*,#1318,.T.);
#861=ORIENTED_EDGE('',*,*,#1320,.F.);
#862=ORIENTED_EDGE('',*,*,#1001,.F.);
#863=ORIENTED_EDGE('',*,*,#1296,.F.);
#864=ORIENTED_EDGE('',*,*,#1320,.T.);
#865=ORIENTED_EDGE('',*,*,#1225,.F.);
#866=ORIENTED_EDGE('',*,*,#1056,.F.);
#867=ORIENTED_EDGE('',*,*,#1310,.F.);
#868=ORIENTED_EDGE('',*,*,#1321,.F.);
#869=ORIENTED_EDGE('',*,*,#1305,.F.);
#870=ORIENTED_EDGE('',*,*,#1018,.F.);
#871=ORIENTED_EDGE('',*,*,#1306,.F.);
#872=ORIENTED_EDGE('',*,*,#1322,.F.);
#873=ORIENTED_EDGE('',*,*,#1222,.F.);
#874=ORIENTED_EDGE('',*,*,#1322,.T.);
#875=ORIENTED_EDGE('',*,*,#1321,.T.);
#876=ORIENTED_EDGE('',*,*,#1323,.F.);
#877=ORIENTED_EDGE('',*,*,#1323,.T.);
#878=ORIENTED_EDGE('',*,*,#1309,.F.);
#879=ORIENTED_EDGE('',*,*,#915,.F.);
#880=ORIENTED_EDGE('',*,*,#1223,.F.);
#881=ORIENTED_EDGE('',*,*,#1025,.F.);
#882=ORIENTED_EDGE('',*,*,#1283,.F.);
#883=ORIENTED_EDGE('',*,*,#1324,.F.);
#884=ORIENTED_EDGE('',*,*,#1303,.F.);
#885=ORIENTED_EDGE('',*,*,#1054,.F.);
#886=ORIENTED_EDGE('',*,*,#1304,.F.);
#887=ORIENTED_EDGE('',*,*,#1325,.F.);
#888=ORIENTED_EDGE('',*,*,#1307,.F.);
#889=ORIENTED_EDGE('',*,*,#1325,.T.);
#890=ORIENTED_EDGE('',*,*,#1324,.T.);
#891=ORIENTED_EDGE('',*,*,#1326,.F.);
#892=ORIENTED_EDGE('',*,*,#917,.F.);
#893=ORIENTED_EDGE('',*,*,#1308,.F.);
#894=ORIENTED_EDGE('',*,*,#1326,.T.);
#895=ORIENTED_EDGE('',*,*,#1282,.F.);
#896=ORIENTED_EDGE('',*,*,#1314,.F.);
#897=ORIENTED_EDGE('',*,*,#1045,.F.);
#898=ORIENTED_EDGE('',*,*,#1231,.F.);
#899=ORIENTED_EDGE('',*,*,#1228,.F.);
#900=ORIENTED_EDGE('',*,*,#1050,.F.);
#901=ORIENTED_EDGE('',*,*,#1267,.F.);
#902=ORIENTED_EDGE('',*,*,#1037,.F.);
#903=ORIENTED_EDGE('',*,*,#1233,.F.);
#904=ORIENTED_EDGE('',*,*,#1235,.F.);
#905=ORIENTED_EDGE('',*,*,#1041,.F.);
#906=ORIENTED_EDGE('',*,*,#1265,.F.);
#907=EDGE_CURVE('',#1327,#1328,#1582,.T.);
#908=EDGE_CURVE('',#1328,#1329,#1583,.T.);
#909=EDGE_CURVE('',#1329,#1330,#1584,.F.);
#910=EDGE_CURVE('',#1331,#1330,#1585,.T.);
#911=EDGE_CURVE('',#1331,#1332,#1586,.T.);
#912=EDGE_CURVE('',#1332,#1333,#1587,.T.);
#913=EDGE_CURVE('',#1327,#1333,#1588,.T.);
#914=EDGE_CURVE('',#1334,#1335,#1589,.T.);
#915=EDGE_CURVE('',#1335,#1336,#1590,.T.);
#916=EDGE_CURVE('',#1336,#1337,#50,.F.);
#917=EDGE_CURVE('',#1337,#1338,#1591,.T.);
#918=EDGE_CURVE('',#1338,#1339,#1592,.T.);
#919=EDGE_CURVE('',#1339,#1340,#1593,.T.);
#920=EDGE_CURVE('',#1340,#1341,#1594,.T.);
#921=EDGE_CURVE('',#1341,#1342,#1595,.T.);
#922=EDGE_CURVE('',#1342,#1343,#1596,.T.);
#923=EDGE_CURVE('',#1343,#1344,#1597,.T.);
#924=EDGE_CURVE('',#1344,#1345,#1598,.T.);
#925=EDGE_CURVE('',#1345,#1346,#1599,.T.);
#926=EDGE_CURVE('',#1347,#1346,#1600,.T.);
#927=EDGE_CURVE('',#1347,#1348,#1601,.F.);
#928=EDGE_CURVE('',#1348,#1349,#1602,.T.);
#929=EDGE_CURVE('',#1349,#1350,#1603,.T.);
#930=EDGE_CURVE('',#1350,#1351,#1604,.T.);
#931=EDGE_CURVE('',#1351,#1352,#1605,.T.);
#932=EDGE_CURVE('',#1352,#1353,#1606,.T.);
#933=EDGE_CURVE('',#1353,#1354,#1607,.T.);
#934=EDGE_CURVE('',#1354,#1334,#1608,.T.);
#935=EDGE_CURVE('',#1355,#1356,#1609,.T.);
#936=EDGE_CURVE('',#1355,#1357,#1610,.F.);
#937=EDGE_CURVE('',#1358,#1357,#1611,.T.);
#938=EDGE_CURVE('',#1358,#1359,#1612,.T.);
#939=EDGE_CURVE('',#1359,#1360,#1613,.T.);
#940=EDGE_CURVE('',#1356,#1360,#1614,.T.);
#941=EDGE_CURVE('',#1361,#1362,#1615,.T.);
#942=EDGE_CURVE('',#1362,#1363,#1616,.T.);
#943=EDGE_CURVE('',#1363,#1364,#1617,.T.);
#944=EDGE_CURVE('',#1364,#1361,#1618,.T.);
#945=EDGE_CURVE('',#1365,#1366,#1619,.F.);
#946=EDGE_CURVE('',#1366,#1367,#1620,.T.);
#947=EDGE_CURVE('',#1367,#1368,#1621,.F.);
#948=EDGE_CURVE('',#1368,#1369,#1622,.T.);
#949=EDGE_CURVE('',#1369,#1365,#1623,.T.);
#950=EDGE_CURVE('',#1370,#1371,#1624,.T.);
#951=EDGE_CURVE('',#1371,#1372,#1625,.T.);
#952=EDGE_CURVE('',#1372,#1373,#1626,.T.);
#953=EDGE_CURVE('',#1373,#1374,#1627,.T.);
#954=EDGE_CURVE('',#1374,#1375,#1628,.T.);
#955=EDGE_CURVE('',#1375,#1370,#1629,.T.);
#956=EDGE_CURVE('',#1376,#1377,#1630,.T.);
#957=EDGE_CURVE('',#1377,#1378,#1631,.F.);
#958=EDGE_CURVE('',#1378,#1379,#1632,.T.);
#959=EDGE_CURVE('',#1379,#1380,#1633,.T.);
#960=EDGE_CURVE('',#1380,#1381,#1634,.T.);
#961=EDGE_CURVE('',#1381,#1376,#1635,.T.);
#962=EDGE_CURVE('',#1382,#1383,#1636,.T.);
#963=EDGE_CURVE('',#1383,#1384,#1637,.T.);
#964=EDGE_CURVE('',#1384,#1385,#1638,.T.);
#965=EDGE_CURVE('',#1382,#1385,#1639,.T.);
#966=EDGE_CURVE('',#1386,#1387,#1640,.T.);
#967=EDGE_CURVE('',#1387,#1388,#1641,.T.);
#968=EDGE_CURVE('',#1388,#1389,#51,.T.);
#969=EDGE_CURVE('',#1389,#1390,#1642,.T.);
#970=EDGE_CURVE('',#1390,#1391,#52,.T.);
#971=EDGE_CURVE('',#1391,#1392,#1643,.T.);
#972=EDGE_CURVE('',#1392,#1393,#1644,.T.);
#973=EDGE_CURVE('',#1393,#1394,#1645,.T.);
#974=EDGE_CURVE('',#1394,#1395,#1646,.T.);
#975=EDGE_CURVE('',#1395,#1396,#1647,.T.);
#976=EDGE_CURVE('',#1396,#1397,#1648,.T.);
#977=EDGE_CURVE('',#1398,#1397,#1649,.T.);
#978=EDGE_CURVE('',#1398,#1399,#1650,.F.);
#979=EDGE_CURVE('',#1399,#1400,#1651,.T.);
#980=EDGE_CURVE('',#1400,#1401,#1652,.T.);
#981=EDGE_CURVE('',#1401,#1402,#1653,.T.);
#982=EDGE_CURVE('',#1402,#1403,#53,.T.);
#983=EDGE_CURVE('',#1403,#1404,#1654,.T.);
#984=EDGE_CURVE('',#1404,#1405,#1655,.T.);
#985=EDGE_CURVE('',#1405,#1382,#1656,.T.);
#986=EDGE_CURVE('',#1385,#1406,#1657,.F.);
#987=EDGE_CURVE('',#1406,#1407,#1658,.T.);
#988=EDGE_CURVE('',#1407,#1408,#1659,.T.);
#989=EDGE_CURVE('',#1409,#1408,#1660,.T.);
#990=EDGE_CURVE('',#1409,#1410,#1661,.T.);
#991=EDGE_CURVE('',#1410,#1411,#1662,.T.);
#992=EDGE_CURVE('',#1411,#1412,#1663,.T.);
#993=EDGE_CURVE('',#1412,#1413,#1664,.T.);
#994=EDGE_CURVE('',#1413,#1414,#1665,.T.);
#995=EDGE_CURVE('',#1414,#1415,#1666,.T.);
#996=EDGE_CURVE('',#1415,#1416,#1667,.T.);
#997=EDGE_CURVE('',#1416,#1386,#1668,.T.);
#998=EDGE_CURVE('',#1417,#1418,#1669,.T.);
#999=EDGE_CURVE('',#1418,#1419,#1670,.T.);
#1000=EDGE_CURVE('',#1419,#1420,#54,.T.);
#1001=EDGE_CURVE('',#1420,#1421,#1671,.T.);
#1002=EDGE_CURVE('',#1421,#1422,#1672,.T.);
#1003=EDGE_CURVE('',#1422,#1423,#1673,.T.);
#1004=EDGE_CURVE('',#1423,#1424,#1674,.T.);
#1005=EDGE_CURVE('',#1424,#1425,#1675,.T.);
#1006=EDGE_CURVE('',#1425,#1426,#1676,.T.);
#1007=EDGE_CURVE('',#1426,#1427,#1677,.T.);
#1008=EDGE_CURVE('',#1427,#1428,#1678,.T.);
#1009=EDGE_CURVE('',#1428,#1429,#1679,.T.);
#1010=EDGE_CURVE('',#1429,#1430,#1680,.T.);
#1011=EDGE_CURVE('',#1430,#1431,#1681,.T.);
#1012=EDGE_CURVE('',#1431,#1432,#1682,.T.);
#1013=EDGE_CURVE('',#1432,#1417,#1683,.T.);
#1014=EDGE_CURVE('',#1408,#1433,#1684,.T.);
#1015=EDGE_CURVE('',#1433,#1434,#1685,.T.);
#1016=EDGE_CURVE('',#1434,#1409,#1686,.T.);
#1017=EDGE_CURVE('',#1435,#1436,#34,.T.);
#1018=EDGE_CURVE('',#1436,#1437,#1687,.T.);
#1019=EDGE_CURVE('',#1437,#1438,#1688,.T.);
#1020=EDGE_CURVE('',#1438,#1439,#1689,.T.);
#1021=EDGE_CURVE('',#1439,#1440,#1690,.T.);
#1022=EDGE_CURVE('',#1440,#1441,#1691,.T.);
#1023=EDGE_CURVE('',#1441,#1435,#1692,.T.);
#1024=EDGE_CURVE('',#1442,#1443,#1693,.T.);
#1025=EDGE_CURVE('',#1443,#1444,#1694,.T.);
#1026=EDGE_CURVE('',#1444,#1445,#35,.T.);
#1027=EDGE_CURVE('',#1445,#1446,#1695,.T.);
#1028=EDGE_CURVE('',#1446,#1447,#1696,.F.);
#1029=EDGE_CURVE('',#1447,#1448,#1697,.T.);
#1030=EDGE_CURVE('',#1448,#1449,#1698,.T.);
#1031=EDGE_CURVE('',#1449,#1442,#1699,.T.);
#1032=EDGE_CURVE('',#1450,#1451,#1700,.T.);
#1033=EDGE_CURVE('',#1451,#1452,#1701,.T.);
#1034=EDGE_CURVE('',#1452,#1453,#1702,.T.);
#1035=EDGE_CURVE('',#1450,#1453,#1703,.T.);
#1036=EDGE_CURVE('',#1454,#1455,#1704,.T.);
#1037=EDGE_CURVE('',#1455,#1456,#1705,.T.);
#1038=EDGE_CURVE('',#1456,#1450,#1706,.T.);
#1039=EDGE_CURVE('',#1453,#1454,#1707,.T.);
#1040=EDGE_CURVE('',#1457,#1458,#1708,.T.);
#1041=EDGE_CURVE('',#1458,#1459,#1709,.T.);
#1042=EDGE_CURVE('',#1459,#1460,#1710,.T.);
#1043=EDGE_CURVE('',#1460,#1457,#1711,.T.);
#1044=EDGE_CURVE('',#1461,#1462,#1712,.T.);
#1045=EDGE_CURVE('',#1462,#1463,#1713,.T.);
#1046=EDGE_CURVE('',#1463,#1464,#1714,.T.);
#1047=EDGE_CURVE('',#1464,#1465,#1715,.T.);
#1048=EDGE_CURVE('',#1465,#1461,#1716,.T.);
#1049=EDGE_CURVE('',#1373,#1466,#1717,.T.);
#1050=EDGE_CURVE('',#1466,#1467,#1718,.T.);
#1051=EDGE_CURVE('',#1467,#1468,#1719,.T.);
#1052=EDGE_CURVE('',#1468,#1374,#1720,.T.);
#1053=EDGE_CURVE('',#1469,#1470,#36,.T.);
#1054=EDGE_CURVE('',#1470,#1471,#18,.T.);
#1055=EDGE_CURVE('',#1471,#1472,#55,.T.);
#1056=EDGE_CURVE('',#1472,#1473,#19,.T.);
#1057=EDGE_CURVE('',#1473,#1474,#37,.T.);
#1058=EDGE_CURVE('',#1469,#1474,#56,.T.);
#1059=EDGE_CURVE('',#1475,#1476,#57,.F.);
#1060=EDGE_CURVE('',#1476,#1477,#20,.T.);
#1061=EDGE_CURVE('',#1477,#1469,#1721,.T.);
#1062=EDGE_CURVE('',#1474,#1478,#1722,.F.);
#1063=EDGE_CURVE('',#1478,#1475,#21,.T.);
#1064=EDGE_CURVE('',#1479,#1480,#1723,.T.);
#1065=EDGE_CURVE('',#1480,#1481,#1724,.T.);
#1066=EDGE_CURVE('',#1481,#1482,#1725,.F.);
#1067=EDGE_CURVE('',#1482,#1356,#1726,.T.);
#1068=EDGE_CURVE('',#1360,#1483,#1727,.T.);
#1069=EDGE_CURVE('',#1483,#1484,#1728,.T.);
#1070=EDGE_CURVE('',#1484,#1485,#58,.T.);
#1071=EDGE_CURVE('',#1485,#1486,#1729,.T.);
#1072=EDGE_CURVE('',#1486,#1487,#59,.T.);
#1073=EDGE_CURVE('',#1487,#1479,#1730,.T.);
#1074=EDGE_CURVE('',#1482,#1488,#1731,.T.);
#1075=EDGE_CURVE('',#1488,#1355,#1732,.T.);
#1076=EDGE_CURVE('',#1357,#1489,#1733,.T.);
#1077=EDGE_CURVE('',#1489,#1398,#1734,.T.);
#1078=EDGE_CURVE('',#1397,#1358,#1735,.T.);
#1079=EDGE_CURVE('',#1490,#1491,#1736,.T.);
#1080=EDGE_CURVE('',#1491,#1492,#1737,.T.);
#1081=EDGE_CURVE('',#1492,#1493,#1738,.T.);
#1082=EDGE_CURVE('',#1493,#1494,#1739,.F.);
#1083=EDGE_CURVE('',#1494,#1490,#1740,.T.);
#1084=EDGE_CURVE('',#1495,#1496,#1741,.T.);
#1085=EDGE_CURVE('',#1496,#1497,#1742,.T.);
#1086=EDGE_CURVE('',#1497,#1498,#1743,.F.);
#1087=EDGE_CURVE('',#1498,#1495,#1744,.T.);
#1088=EDGE_CURVE('',#1499,#1500,#1745,.T.);
#1089=EDGE_CURVE('',#1500,#1501,#1746,.T.);
#1090=EDGE_CURVE('',#1501,#1502,#1747,.F.);
#1091=EDGE_CURVE('',#1503,#1502,#1748,.T.);
#1092=EDGE_CURVE('',#1503,#1504,#1749,.T.);
#1093=EDGE_CURVE('',#1504,#1486,#38,.T.);
#1094=EDGE_CURVE('',#1485,#1499,#39,.T.);
#1095=EDGE_CURVE('',#1498,#1503,#60,.T.);
#1096=EDGE_CURVE('',#1502,#1331,#61,.T.);
#1097=EDGE_CURVE('',#1330,#1505,#1750,.T.);
#1098=EDGE_CURVE('',#1505,#1495,#1751,.F.);
#1099=EDGE_CURVE('',#1506,#1507,#1752,.F.);
#1100=EDGE_CURVE('',#1507,#1508,#1753,.F.);
#1101=EDGE_CURVE('',#1508,#1509,#1754,.F.);
#1102=EDGE_CURVE('',#1509,#1510,#1755,.F.);
#1103=EDGE_CURVE('',#1510,#1494,#1756,.T.);
#1104=EDGE_CURVE('',#1493,#1505,#1757,.T.);
#1105=EDGE_CURVE('',#1329,#1511,#1758,.F.);
#1106=EDGE_CURVE('',#1511,#1512,#1759,.F.);
#1107=EDGE_CURVE('',#1512,#1506,#1760,.F.);
#1108=EDGE_CURVE('',#1489,#1513,#1761,.T.);
#1109=EDGE_CURVE('',#1513,#1377,#1762,.F.);
#1110=EDGE_CURVE('',#1376,#1399,#1763,.T.);
#1111=EDGE_CURVE('',#1378,#1514,#1764,.F.);
#1112=EDGE_CURVE('',#1514,#1488,#1765,.T.);
#1113=EDGE_CURVE('',#1481,#1379,#1766,.T.);
#1114=EDGE_CURVE('',#1515,#1516,#1767,.T.);
#1115=EDGE_CURVE('',#1516,#1517,#1768,.T.);
#1116=EDGE_CURVE('',#1517,#1518,#1769,.T.);
#1117=EDGE_CURVE('',#1518,#1515,#1770,.T.);
#1118=EDGE_CURVE('',#1519,#1520,#1771,.T.);
#1119=EDGE_CURVE('',#1519,#1521,#1772,.T.);
#1120=EDGE_CURVE('',#1521,#1522,#1773,.T.);
#1121=EDGE_CURVE('',#1522,#1520,#1774,.T.);
#1122=EDGE_CURVE('',#1360,#1523,#1775,.F.);
#1123=EDGE_CURVE('',#1523,#1519,#1776,.T.);
#1124=EDGE_CURVE('',#1520,#1524,#1777,.T.);
#1125=EDGE_CURVE('',#1524,#1483,#1778,.F.);
#1126=EDGE_CURVE('',#1525,#1526,#1779,.T.);
#1127=EDGE_CURVE('',#1526,#1527,#1780,.T.);
#1128=EDGE_CURVE('',#1527,#1528,#1781,.T.);
#1129=EDGE_CURVE('',#1528,#1529,#1782,.T.);
#1130=EDGE_CURVE('',#1529,#1530,#1783,.T.);
#1131=EDGE_CURVE('',#1530,#1531,#1784,.T.);
#1132=EDGE_CURVE('',#1531,#1525,#1785,.T.);
#1133=EDGE_CURVE('',#1368,#1532,#1786,.T.);
#1134=EDGE_CURVE('',#1532,#1533,#1787,.T.);
#1135=EDGE_CURVE('',#1533,#1534,#1788,.T.);
#1136=EDGE_CURVE('',#1534,#1535,#1789,.T.);
#1137=EDGE_CURVE('',#1535,#1536,#1790,.T.);
#1138=EDGE_CURVE('',#1536,#1369,#1791,.T.);
#1139=EDGE_CURVE('',#1346,#1537,#1792,.T.);
#1140=EDGE_CURVE('',#1537,#1538,#1793,.T.);
#1141=EDGE_CURVE('',#1538,#1539,#1794,.T.);
#1142=EDGE_CURVE('',#1539,#1540,#1795,.T.);
#1143=EDGE_CURVE('',#1540,#1347,#1796,.T.);
#1144=EDGE_CURVE('',#1541,#1542,#1797,.T.);
#1145=EDGE_CURVE('',#1542,#1543,#1798,.T.);
#1146=EDGE_CURVE('',#1543,#1544,#1799,.T.);
#1147=EDGE_CURVE('',#1544,#1541,#1800,.T.);
#1148=EDGE_CURVE('',#1545,#1546,#1801,.T.);
#1149=EDGE_CURVE('',#1546,#1547,#1802,.T.);
#1150=EDGE_CURVE('',#1547,#1548,#1803,.T.);
#1151=EDGE_CURVE('',#1548,#1549,#1804,.T.);
#1152=EDGE_CURVE('',#1549,#1550,#1805,.T.);
#1153=EDGE_CURVE('',#1550,#1545,#1806,.T.);
#1154=EDGE_CURVE('',#1551,#1552,#1807,.T.);
#1155=EDGE_CURVE('',#1552,#1553,#1808,.T.);
#1156=EDGE_CURVE('',#1553,#1554,#1809,.T.);
#1157=EDGE_CURVE('',#1554,#1555,#1810,.T.);
#1158=EDGE_CURVE('',#1555,#1556,#1811,.T.);
#1159=EDGE_CURVE('',#1556,#1551,#1812,.T.);
#1160=EDGE_CURVE('',#1557,#1558,#1813,.T.);
#1161=EDGE_CURVE('',#1558,#1559,#1814,.T.);
#1162=EDGE_CURVE('',#1559,#1560,#1815,.T.);
#1163=EDGE_CURVE('',#1560,#1557,#1816,.F.);
#1164=EDGE_CURVE('',#1333,#1558,#1817,.T.);
#1165=EDGE_CURVE('',#1557,#1327,#1818,.F.);
#1166=EDGE_CURVE('',#1560,#1328,#1819,.F.);
#1167=EDGE_CURVE('',#1363,#1504,#62,.F.);
#1168=EDGE_CURVE('',#1497,#1364,#63,.F.);
#1169=EDGE_CURVE('',#1499,#1366,#64,.F.);
#1170=EDGE_CURVE('',#1365,#1500,#65,.F.);
#1171=EDGE_CURVE('',#1501,#1332,#66,.F.);
#1172=EDGE_CURVE('',#1465,#1561,#1820,.F.);
#1173=EDGE_CURVE('',#1561,#1562,#1821,.F.);
#1174=EDGE_CURVE('',#1562,#1449,#1822,.F.);
#1175=EDGE_CURVE('',#1448,#1461,#1823,.F.);
#1176=EDGE_CURVE('',#1438,#1457,#1824,.F.);
#1177=EDGE_CURVE('',#1460,#1439,#1825,.F.);
#1178=EDGE_CURVE('',#1538,#1542,#1826,.F.);
#1179=EDGE_CURVE('',#1541,#1539,#1827,.F.);
#1180=EDGE_CURVE('',#1543,#1413,#1828,.T.);
#1181=EDGE_CURVE('',#1412,#1544,#1829,.T.);
#1182=EDGE_CURVE('',#1521,#1516,#1830,.F.);
#1183=EDGE_CURVE('',#1515,#1522,#1831,.F.);
#1184=EDGE_CURVE('',#1517,#1394,#1832,.F.);
#1185=EDGE_CURVE('',#1393,#1518,#1833,.F.);
#1186=EDGE_CURVE('',#1348,#1546,#1834,.F.);
#1187=EDGE_CURVE('',#1545,#1349,#1835,.F.);
#1188=EDGE_CURVE('',#1553,#1345,#1836,.T.);
#1189=EDGE_CURVE('',#1344,#1554,#1837,.T.);
#1190=EDGE_CURVE('',#1359,#1528,#1838,.F.);
#1191=EDGE_CURVE('',#1527,#1523,#1839,.F.);
#1192=EDGE_CURVE('',#1492,#1496,#1840,.F.);
#1193=EDGE_CURVE('',#1380,#1362,#1841,.T.);
#1194=EDGE_CURVE('',#1361,#1381,#1842,.T.);
#1195=EDGE_CURVE('',#1384,#1563,#1843,.F.);
#1196=EDGE_CURVE('',#1429,#1563,#1844,.T.);
#1197=EDGE_CURVE('',#1428,#1406,#1845,.T.);
#1198=EDGE_CURVE('',#1563,#1375,#1846,.T.);
#1199=EDGE_CURVE('',#1468,#1430,#1847,.T.);
#1200=EDGE_CURVE('',#1452,#1564,#1848,.F.);
#1201=EDGE_CURVE('',#1426,#1564,#1849,.F.);
#1202=EDGE_CURVE('',#1425,#1454,#1850,.F.);
#1203=EDGE_CURVE('',#1564,#1433,#1851,.F.);
#1204=EDGE_CURVE('',#1407,#1427,#1852,.F.);
#1205=EDGE_CURVE('',#1344,#1415,#1853,.F.);
#1206=EDGE_CURVE('',#1554,#1414,#1854,.F.);
#1207=EDGE_CURVE('',#1555,#1413,#1855,.T.);
#1208=EDGE_CURVE('',#1556,#1543,#1856,.F.);
#1209=EDGE_CURVE('',#1551,#1542,#1857,.T.);
#1210=EDGE_CURVE('',#1552,#1538,#1858,.T.);
#1211=EDGE_CURVE('',#1553,#1537,#1859,.F.);
#1212=EDGE_CURVE('',#1359,#1396,#1860,.F.);
#1213=EDGE_CURVE('',#1528,#1395,#1861,.F.);
#1214=EDGE_CURVE('',#1529,#1394,#1862,.F.);
#1215=EDGE_CURVE('',#1530,#1517,#1863,.F.);
#1216=EDGE_CURVE('',#1531,#1516,#1864,.F.);
#1217=EDGE_CURVE('',#1525,#1521,#1865,.F.);
#1218=EDGE_CURVE('',#1526,#1519,#1866,.F.);
#1219=EDGE_CURVE('',#1447,#1565,#1867,.T.);
#1220=EDGE_CURVE('',#1565,#1418,#1868,.T.);
#1221=EDGE_CURVE('',#1417,#1448,#1869,.F.);
#1222=EDGE_CURVE('',#1437,#1566,#1870,.T.);
#1223=EDGE_CURVE('',#1566,#1335,#1871,.T.);
#1224=EDGE_CURVE('',#1334,#1438,#1872,.T.);
#1225=EDGE_CURVE('',#1421,#1567,#1873,.F.);
#1226=EDGE_CURVE('',#1567,#1440,#1874,.F.);
#1227=EDGE_CURVE('',#1439,#1422,#1875,.T.);
#1228=EDGE_CURVE('',#1467,#1568,#1876,.F.);
#1229=EDGE_CURVE('',#1431,#1568,#1877,.F.);
#1230=EDGE_CURVE('',#1461,#1432,#1878,.F.);
#1231=EDGE_CURVE('',#1568,#1462,#1879,.F.);
#1232=EDGE_CURVE('',#1569,#1424,#1880,.F.);
#1233=EDGE_CURVE('',#1569,#1455,#1881,.T.);
#1234=EDGE_CURVE('',#1423,#1460,#1882,.T.);
#1235=EDGE_CURVE('',#1459,#1569,#1883,.T.);
#1236=EDGE_CURVE('',#1487,#1363,#1884,.T.);
#1237=EDGE_CURVE('',#1479,#1362,#1885,.T.);
#1238=EDGE_CURVE('',#1480,#1380,#1886,.F.);
#1239=EDGE_CURVE('',#1387,#1333,#1887,.F.);
#1240=EDGE_CURVE('',#1388,#1332,#1888,.T.);
#1241=EDGE_CURVE('',#1389,#1501,#1889,.T.);
#1242=EDGE_CURVE('',#1390,#1500,#1890,.T.);
#1243=EDGE_CURVE('',#1391,#1365,#1891,.T.);
#1244=EDGE_CURVE('',#1392,#1369,#1892,.F.);
#1245=EDGE_CURVE('',#1393,#1536,#1893,.F.);
#1246=EDGE_CURVE('',#1518,#1535,#1894,.F.);
#1247=EDGE_CURVE('',#1515,#1534,#1895,.F.);
#1248=EDGE_CURVE('',#1522,#1533,#1896,.F.);
#1249=EDGE_CURVE('',#1520,#1532,#1897,.F.);
#1250=EDGE_CURVE('',#1524,#1367,#1898,.F.);
#1251=EDGE_CURVE('',#1484,#1366,#1899,.T.);
#1252=EDGE_CURVE('',#1370,#1570,#1900,.F.);
#1253=EDGE_CURVE('',#1490,#1570,#1901,.T.);
#1254=EDGE_CURVE('',#1510,#1371,#1902,.F.);
#1255=EDGE_CURVE('',#1570,#1383,#1903,.T.);
#1256=EDGE_CURVE('',#1491,#1382,#1904,.F.);
#1257=EDGE_CURVE('',#1492,#1405,#1905,.T.);
#1258=EDGE_CURVE('',#1496,#1404,#1906,.T.);
#1259=EDGE_CURVE('',#1497,#1403,#1907,.T.);
#1260=EDGE_CURVE('',#1364,#1402,#1908,.T.);
#1261=EDGE_CURVE('',#1361,#1401,#1909,.T.);
#1262=EDGE_CURVE('',#1381,#1400,#1910,.F.);
#1263=EDGE_CURVE('',#1457,#1354,#1911,.T.);
#1264=EDGE_CURVE('',#1571,#1353,#1912,.F.);
#1265=EDGE_CURVE('',#1571,#1458,#1913,.F.);
#1266=EDGE_CURVE('',#1450,#1352,#1914,.T.);
#1267=EDGE_CURVE('',#1456,#1571,#1915,.F.);
#1268=EDGE_CURVE('',#1572,#1351,#1916,.F.);
#1269=EDGE_CURVE('',#1572,#1451,#1917,.T.);
#1270=EDGE_CURVE('',#1434,#1572,#1918,.T.);
#1271=EDGE_CURVE('',#1409,#1350,#1919,.T.);
#1272=EDGE_CURVE('',#1410,#1349,#1920,.F.);
#1273=EDGE_CURVE('',#1411,#1545,#1921,.F.);
#1274=EDGE_CURVE('',#1412,#1550,#1922,.T.);
#1275=EDGE_CURVE('',#1544,#1549,#1923,.F.);
#1276=EDGE_CURVE('',#1541,#1548,#1924,.T.);
#1277=EDGE_CURVE('',#1539,#1547,#1925,.T.);
#1278=EDGE_CURVE('',#1540,#1546,#1926,.F.);
#1279=EDGE_CURVE('',#1561,#1507,#1927,.F.);
#1280=EDGE_CURVE('',#1562,#1506,#1928,.F.);
#1281=EDGE_CURVE('',#1442,#1512,#1929,.T.);
#1282=EDGE_CURVE('',#1338,#1573,#1930,.F.);
#1283=EDGE_CURVE('',#1573,#1443,#1931,.F.);
#1284=EDGE_CURVE('',#1339,#1442,#1932,.F.);
#1285=EDGE_CURVE('',#1339,#1512,#1933,.F.);
#1286=EDGE_CURVE('',#1340,#1511,#1934,.F.);
#1287=EDGE_CURVE('',#1341,#1328,#1935,.T.);
#1288=EDGE_CURVE('',#1558,#1386,#1936,.T.);
#1289=EDGE_CURVE('',#1342,#1560,#1937,.F.);
#1290=EDGE_CURVE('',#1559,#1416,#1938,.T.);
#1291=EDGE_CURVE('',#1343,#1559,#1939,.F.);
#1292=EDGE_CURVE('',#1343,#1416,#1940,.F.);
#1293=EDGE_CURVE('',#1419,#1574,#22,.T.);
#1294=EDGE_CURVE('',#1574,#1476,#40,.T.);
#1295=EDGE_CURVE('',#1475,#1575,#41,.T.);
#1296=EDGE_CURVE('',#1575,#1420,#23,.T.);
#1297=EDGE_CURVE('',#1477,#1576,#1941,.T.);
#1298=EDGE_CURVE('',#1576,#1446,#1942,.T.);
#1299=EDGE_CURVE('',#1469,#1445,#42,.T.);
#1300=EDGE_CURVE('',#1441,#1577,#1943,.T.);
#1301=EDGE_CURVE('',#1577,#1478,#1944,.T.);
#1302=EDGE_CURVE('',#1435,#1474,#43,.T.);
#1303=EDGE_CURVE('',#1444,#1578,#44,.F.);
#1304=EDGE_CURVE('',#1578,#1470,#45,.F.);
#1305=EDGE_CURVE('',#1473,#1579,#46,.F.);
#1306=EDGE_CURVE('',#1579,#1436,#47,.F.);
#1307=EDGE_CURVE('',#1471,#1580,#48,.T.);
#1308=EDGE_CURVE('',#1580,#1337,#24,.T.);
#1309=EDGE_CURVE('',#1336,#1581,#25,.T.);
#1310=EDGE_CURVE('',#1581,#1472,#49,.T.);
#1311=EDGE_CURVE('',#1514,#1513,#1945,.F.);
#1312=EDGE_CURVE('',#1372,#1509,#1946,.T.);
#1313=EDGE_CURVE('',#1508,#1464,#1947,.T.);
#1314=EDGE_CURVE('',#1463,#1466,#1948,.F.);
#1315=EDGE_CURVE('',#1576,#1574,#1949,.T.);
#1316=EDGE_CURVE('',#1565,#1576,#1950,.F.);
#1317=EDGE_CURVE('',#1565,#1574,#1951,.T.);
#1318=EDGE_CURVE('',#1577,#1567,#1952,.T.);
#1319=EDGE_CURVE('',#1575,#1577,#1953,.T.);
#1320=EDGE_CURVE('',#1575,#1567,#1954,.T.);
#1321=EDGE_CURVE('',#1579,#1581,#1955,.T.);
#1322=EDGE_CURVE('',#1566,#1579,#1956,.T.);
#1323=EDGE_CURVE('',#1566,#1581,#1957,.T.);
#1324=EDGE_CURVE('',#1578,#1573,#1958,.T.);
#1325=EDGE_CURVE('',#1580,#1578,#1959,.T.);
#1326=EDGE_CURVE('',#1580,#1573,#1960,.T.);
#1327=VERTEX_POINT('',#3961);
#1328=VERTEX_POINT('',#3962);
#1329=VERTEX_POINT('',#3964);
#1330=VERTEX_POINT('',#3966);
#1331=VERTEX_POINT('',#3968);
#1332=VERTEX_POINT('',#3970);
#1333=VERTEX_POINT('',#3972);
#1334=VERTEX_POINT('',#3976);
#1335=VERTEX_POINT('',#3977);
#1336=VERTEX_POINT('',#3979);
#1337=VERTEX_POINT('',#3981);
#1338=VERTEX_POINT('',#3983);
#1339=VERTEX_POINT('',#3985);
#1340=VERTEX_POINT('',#3987);
#1341=VERTEX_POINT('',#3989);
#1342=VERTEX_POINT('',#3991);
#1343=VERTEX_POINT('',#3993);
#1344=VERTEX_POINT('',#3995);
#1345=VERTEX_POINT('',#3997);
#1346=VERTEX_POINT('',#3999);
#1347=VERTEX_POINT('',#4001);
#1348=VERTEX_POINT('',#4003);
#1349=VERTEX_POINT('',#4005);
#1350=VERTEX_POINT('',#4007);
#1351=VERTEX_POINT('',#4009);
#1352=VERTEX_POINT('',#4011);
#1353=VERTEX_POINT('',#4013);
#1354=VERTEX_POINT('',#4015);
#1355=VERTEX_POINT('',#4019);
#1356=VERTEX_POINT('',#4020);
#1357=VERTEX_POINT('',#4022);
#1358=VERTEX_POINT('',#4024);
#1359=VERTEX_POINT('',#4026);
#1360=VERTEX_POINT('',#4028);
#1361=VERTEX_POINT('',#4032);
#1362=VERTEX_POINT('',#4033);
#1363=VERTEX_POINT('',#4035);
#1364=VERTEX_POINT('',#4037);
#1365=VERTEX_POINT('',#4041);
#1366=VERTEX_POINT('',#4042);
#1367=VERTEX_POINT('',#4044);
#1368=VERTEX_POINT('',#4046);
#1369=VERTEX_POINT('',#4048);
#1370=VERTEX_POINT('',#4052);
#1371=VERTEX_POINT('',#4053);
#1372=VERTEX_POINT('',#4055);
#1373=VERTEX_POINT('',#4057);
#1374=VERTEX_POINT('',#4059);
#1375=VERTEX_POINT('',#4061);
#1376=VERTEX_POINT('',#4065);
#1377=VERTEX_POINT('',#4066);
#1378=VERTEX_POINT('',#4068);
#1379=VERTEX_POINT('',#4070);
#1380=VERTEX_POINT('',#4072);
#1381=VERTEX_POINT('',#4074);
#1382=VERTEX_POINT('',#4078);
#1383=VERTEX_POINT('',#4079);
#1384=VERTEX_POINT('',#4081);
#1385=VERTEX_POINT('',#4083);
#1386=VERTEX_POINT('',#4087);
#1387=VERTEX_POINT('',#4088);
#1388=VERTEX_POINT('',#4090);
#1389=VERTEX_POINT('',#4092);
#1390=VERTEX_POINT('',#4094);
#1391=VERTEX_POINT('',#4096);
#1392=VERTEX_POINT('',#4098);
#1393=VERTEX_POINT('',#4100);
#1394=VERTEX_POINT('',#4102);
#1395=VERTEX_POINT('',#4104);
#1396=VERTEX_POINT('',#4106);
#1397=VERTEX_POINT('',#4108);
#1398=VERTEX_POINT('',#4110);
#1399=VERTEX_POINT('',#4112);
#1400=VERTEX_POINT('',#4114);
#1401=VERTEX_POINT('',#4116);
#1402=VERTEX_POINT('',#4118);
#1403=VERTEX_POINT('',#4120);
#1404=VERTEX_POINT('',#4122);
#1405=VERTEX_POINT('',#4124);
#1406=VERTEX_POINT('',#4127);
#1407=VERTEX_POINT('',#4129);
#1408=VERTEX_POINT('',#4131);
#1409=VERTEX_POINT('',#4133);
#1410=VERTEX_POINT('',#4135);
#1411=VERTEX_POINT('',#4137);
#1412=VERTEX_POINT('',#4139);
#1413=VERTEX_POINT('',#4141);
#1414=VERTEX_POINT('',#4143);
#1415=VERTEX_POINT('',#4145);
#1416=VERTEX_POINT('',#4147);
#1417=VERTEX_POINT('',#4151);
#1418=VERTEX_POINT('',#4152);
#1419=VERTEX_POINT('',#4154);
#1420=VERTEX_POINT('',#4156);
#1421=VERTEX_POINT('',#4158);
#1422=VERTEX_POINT('',#4160);
#1423=VERTEX_POINT('',#4162);
#1424=VERTEX_POINT('',#4164);
#1425=VERTEX_POINT('',#4166);
#1426=VERTEX_POINT('',#4168);
#1427=VERTEX_POINT('',#4170);
#1428=VERTEX_POINT('',#4172);
#1429=VERTEX_POINT('',#4174);
#1430=VERTEX_POINT('',#4176);
#1431=VERTEX_POINT('',#4178);
#1432=VERTEX_POINT('',#4180);
#1433=VERTEX_POINT('',#4184);
#1434=VERTEX_POINT('',#4186);
#1435=VERTEX_POINT('',#4193);
#1436=VERTEX_POINT('',#4194);
#1437=VERTEX_POINT('',#4196);
#1438=VERTEX_POINT('',#4198);
#1439=VERTEX_POINT('',#4200);
#1440=VERTEX_POINT('',#4202);
#1441=VERTEX_POINT('',#4204);
#1442=VERTEX_POINT('',#4208);
#1443=VERTEX_POINT('',#4209);
#1444=VERTEX_POINT('',#4211);
#1445=VERTEX_POINT('',#4216);
#1446=VERTEX_POINT('',#4218);
#1447=VERTEX_POINT('',#4220);
#1448=VERTEX_POINT('',#4222);
#1449=VERTEX_POINT('',#4224);
#1450=VERTEX_POINT('',#4228);
#1451=VERTEX_POINT('',#4229);
#1452=VERTEX_POINT('',#4231);
#1453=VERTEX_POINT('',#4233);
#1454=VERTEX_POINT('',#4237);
#1455=VERTEX_POINT('',#4238);
#1456=VERTEX_POINT('',#4240);
#1457=VERTEX_POINT('',#4245);
#1458=VERTEX_POINT('',#4246);
#1459=VERTEX_POINT('',#4248);
#1460=VERTEX_POINT('',#4250);
#1461=VERTEX_POINT('',#4254);
#1462=VERTEX_POINT('',#4255);
#1463=VERTEX_POINT('',#4257);
#1464=VERTEX_POINT('',#4259);
#1465=VERTEX_POINT('',#4261);
#1466=VERTEX_POINT('',#4265);
#1467=VERTEX_POINT('',#4267);
#1468=VERTEX_POINT('',#4269);
#1469=VERTEX_POINT('',#4276);
#1470=VERTEX_POINT('',#4277);
#1471=VERTEX_POINT('',#4279);
#1472=VERTEX_POINT('',#4281);
#1473=VERTEX_POINT('',#4283);
#1474=VERTEX_POINT('',#4288);
#1475=VERTEX_POINT('',#4292);
#1476=VERTEX_POINT('',#4293);
#1477=VERTEX_POINT('',#4295);
#1478=VERTEX_POINT('',#4298);
#1479=VERTEX_POINT('',#4302);
#1480=VERTEX_POINT('',#4303);
#1481=VERTEX_POINT('',#4305);
#1482=VERTEX_POINT('',#4307);
#1483=VERTEX_POINT('',#4310);
#1484=VERTEX_POINT('',#4312);
#1485=VERTEX_POINT('',#4314);
#1486=VERTEX_POINT('',#4316);
#1487=VERTEX_POINT('',#4318);
#1488=VERTEX_POINT('',#4322);
#1489=VERTEX_POINT('',#4326);
#1490=VERTEX_POINT('',#4331);
#1491=VERTEX_POINT('',#4332);
#1492=VERTEX_POINT('',#4334);
#1493=VERTEX_POINT('',#4336);
#1494=VERTEX_POINT('',#4338);
#1495=VERTEX_POINT('',#4342);
#1496=VERTEX_POINT('',#4343);
#1497=VERTEX_POINT('',#4345);
#1498=VERTEX_POINT('',#4347);
#1499=VERTEX_POINT('',#4351);
#1500=VERTEX_POINT('',#4352);
#1501=VERTEX_POINT('',#4354);
#1502=VERTEX_POINT('',#4356);
#1503=VERTEX_POINT('',#4358);
#1504=VERTEX_POINT('',#4360);
#1505=VERTEX_POINT('',#4373);
#1506=VERTEX_POINT('',#4377);
#1507=VERTEX_POINT('',#4378);
#1508=VERTEX_POINT('',#4380);
#1509=VERTEX_POINT('',#4382);
#1510=VERTEX_POINT('',#4384);
#1511=VERTEX_POINT('',#4388);
#1512=VERTEX_POINT('',#4390);
#1513=VERTEX_POINT('',#4394);
#1514=VERTEX_POINT('',#4399);
#1515=VERTEX_POINT('',#4404);
#1516=VERTEX_POINT('',#4405);
#1517=VERTEX_POINT('',#4407);
#1518=VERTEX_POINT('',#4409);
#1519=VERTEX_POINT('',#4413);
#1520=VERTEX_POINT('',#4414);
#1521=VERTEX_POINT('',#4416);
#1522=VERTEX_POINT('',#4418);
#1523=VERTEX_POINT('',#4422);
#1524=VERTEX_POINT('',#4425);
#1525=VERTEX_POINT('',#4429);
#1526=VERTEX_POINT('',#4430);
#1527=VERTEX_POINT('',#4432);
#1528=VERTEX_POINT('',#4434);
#1529=VERTEX_POINT('',#4436);
#1530=VERTEX_POINT('',#4438);
#1531=VERTEX_POINT('',#4440);
#1532=VERTEX_POINT('',#4444);
#1533=VERTEX_POINT('',#4446);
#1534=VERTEX_POINT('',#4448);
#1535=VERTEX_POINT('',#4450);
#1536=VERTEX_POINT('',#4452);
#1537=VERTEX_POINT('',#4456);
#1538=VERTEX_POINT('',#4458);
#1539=VERTEX_POINT('',#4460);
#1540=VERTEX_POINT('',#4462);
#1541=VERTEX_POINT('',#4466);
#1542=VERTEX_POINT('',#4467);
#1543=VERTEX_POINT('',#4469);
#1544=VERTEX_POINT('',#4471);
#1545=VERTEX_POINT('',#4475);
#1546=VERTEX_POINT('',#4476);
#1547=VERTEX_POINT('',#4478);
#1548=VERTEX_POINT('',#4480);
#1549=VERTEX_POINT('',#4482);
#1550=VERTEX_POINT('',#4484);
#1551=VERTEX_POINT('',#4488);
#1552=VERTEX_POINT('',#4489);
#1553=VERTEX_POINT('',#4491);
#1554=VERTEX_POINT('',#4493);
#1555=VERTEX_POINT('',#4495);
#1556=VERTEX_POINT('',#4497);
#1557=VERTEX_POINT('',#4501);
#1558=VERTEX_POINT('',#4502);
#1559=VERTEX_POINT('',#4504);
#1560=VERTEX_POINT('',#4506);
#1561=VERTEX_POINT('',#4523);
#1562=VERTEX_POINT('',#4525);
#1563=VERTEX_POINT('',#4559);
#1564=VERTEX_POINT('',#4567);
#1565=VERTEX_POINT('',#4605);
#1566=VERTEX_POINT('',#4610);
#1567=VERTEX_POINT('',#4615);
#1568=VERTEX_POINT('',#4620);
#1569=VERTEX_POINT('',#4627);
#1570=VERTEX_POINT('',#4667);
#1571=VERTEX_POINT('',#4689);
#1572=VERTEX_POINT('',#4696);
#1573=VERTEX_POINT('',#4723);
#1574=VERTEX_POINT('',#4748);
#1575=VERTEX_POINT('',#4757);
#1576=VERTEX_POINT('',#4761);
#1577=VERTEX_POINT('',#4769);
#1578=VERTEX_POINT('',#4787);
#1579=VERTEX_POINT('',#4804);
#1580=VERTEX_POINT('',#4814);
#1581=VERTEX_POINT('',#4817);
#1582=LINE('',#3960,#1961);
#1583=LINE('',#3963,#1962);
#1584=LINE('',#3965,#1963);
#1585=LINE('',#3967,#1964);
#1586=LINE('',#3969,#1965);
#1587=LINE('',#3971,#1966);
#1588=LINE('',#3973,#1967);
#1589=LINE('',#3975,#1968);
#1590=LINE('',#3978,#1969);
#1591=LINE('',#3982,#1970);
#1592=LINE('',#3984,#1971);
#1593=LINE('',#3986,#1972);
#1594=LINE('',#3988,#1973);
#1595=LINE('',#3990,#1974);
#1596=LINE('',#3992,#1975);
#1597=LINE('',#3994,#1976);
#1598=LINE('',#3996,#1977);
#1599=LINE('',#3998,#1978);
#1600=LINE('',#4000,#1979);
#1601=LINE('',#4002,#1980);
#1602=LINE('',#4004,#1981);
#1603=LINE('',#4006,#1982);
#1604=LINE('',#4008,#1983);
#1605=LINE('',#4010,#1984);
#1606=LINE('',#4012,#1985);
#1607=LINE('',#4014,#1986);
#1608=LINE('',#4016,#1987);
#1609=LINE('',#4018,#1988);
#1610=LINE('',#4021,#1989);
#1611=LINE('',#4023,#1990);
#1612=LINE('',#4025,#1991);
#1613=LINE('',#4027,#1992);
#1614=LINE('',#4029,#1993);
#1615=LINE('',#4031,#1994);
#1616=LINE('',#4034,#1995);
#1617=LINE('',#4036,#1996);
#1618=LINE('',#4038,#1997);
#1619=LINE('',#4040,#1998);
#1620=LINE('',#4043,#1999);
#1621=LINE('',#4045,#2000);
#1622=LINE('',#4047,#2001);
#1623=LINE('',#4049,#2002);
#1624=LINE('',#4051,#2003);
#1625=LINE('',#4054,#2004);
#1626=LINE('',#4056,#2005);
#1627=LINE('',#4058,#2006);
#1628=LINE('',#4060,#2007);
#1629=LINE('',#4062,#2008);
#1630=LINE('',#4064,#2009);
#1631=LINE('',#4067,#2010);
#1632=LINE('',#4069,#2011);
#1633=LINE('',#4071,#2012);
#1634=LINE('',#4073,#2013);
#1635=LINE('',#4075,#2014);
#1636=LINE('',#4077,#2015);
#1637=LINE('',#4080,#2016);
#1638=LINE('',#4082,#2017);
#1639=LINE('',#4084,#2018);
#1640=LINE('',#4086,#2019);
#1641=LINE('',#4089,#2020);
#1642=LINE('',#4093,#2021);
#1643=LINE('',#4097,#2022);
#1644=LINE('',#4099,#2023);
#1645=LINE('',#4101,#2024);
#1646=LINE('',#4103,#2025);
#1647=LINE('',#4105,#2026);
#1648=LINE('',#4107,#2027);
#1649=LINE('',#4109,#2028);
#1650=LINE('',#4111,#2029);
#1651=LINE('',#4113,#2030);
#1652=LINE('',#4115,#2031);
#1653=LINE('',#4117,#2032);
#1654=LINE('',#4121,#2033);
#1655=LINE('',#4123,#2034);
#1656=LINE('',#4125,#2035);
#1657=LINE('',#4126,#2036);
#1658=LINE('',#4128,#2037);
#1659=LINE('',#4130,#2038);
#1660=LINE('',#4132,#2039);
#1661=LINE('',#4134,#2040);
#1662=LINE('',#4136,#2041);
#1663=LINE('',#4138,#2042);
#1664=LINE('',#4140,#2043);
#1665=LINE('',#4142,#2044);
#1666=LINE('',#4144,#2045);
#1667=LINE('',#4146,#2046);
#1668=LINE('',#4148,#2047);
#1669=LINE('',#4150,#2048);
#1670=LINE('',#4153,#2049);
#1671=LINE('',#4157,#2050);
#1672=LINE('',#4159,#2051);
#1673=LINE('',#4161,#2052);
#1674=LINE('',#4163,#2053);
#1675=LINE('',#4165,#2054);
#1676=LINE('',#4167,#2055);
#1677=LINE('',#4169,#2056);
#1678=LINE('',#4171,#2057);
#1679=LINE('',#4173,#2058);
#1680=LINE('',#4175,#2059);
#1681=LINE('',#4177,#2060);
#1682=LINE('',#4179,#2061);
#1683=LINE('',#4181,#2062);
#1684=LINE('',#4183,#2063);
#1685=LINE('',#4185,#2064);
#1686=LINE('',#4187,#2065);
#1687=LINE('',#4195,#2066);
#1688=LINE('',#4197,#2067);
#1689=LINE('',#4199,#2068);
#1690=LINE('',#4201,#2069);
#1691=LINE('',#4203,#2070);
#1692=LINE('',#4205,#2071);
#1693=LINE('',#4207,#2072);
#1694=LINE('',#4210,#2073);
#1695=LINE('',#4217,#2074);
#1696=LINE('',#4219,#2075);
#1697=LINE('',#4221,#2076);
#1698=LINE('',#4223,#2077);
#1699=LINE('',#4225,#2078);
#1700=LINE('',#4227,#2079);
#1701=LINE('',#4230,#2080);
#1702=LINE('',#4232,#2081);
#1703=LINE('',#4234,#2082);
#1704=LINE('',#4236,#2083);
#1705=LINE('',#4239,#2084);
#1706=LINE('',#4241,#2085);
#1707=LINE('',#4242,#2086);
#1708=LINE('',#4244,#2087);
#1709=LINE('',#4247,#2088);
#1710=LINE('',#4249,#2089);
#1711=LINE('',#4251,#2090);
#1712=LINE('',#4253,#2091);
#1713=LINE('',#4256,#2092);
#1714=LINE('',#4258,#2093);
#1715=LINE('',#4260,#2094);
#1716=LINE('',#4262,#2095);
#1717=LINE('',#4264,#2096);
#1718=LINE('',#4266,#2097);
#1719=LINE('',#4268,#2098);
#1720=LINE('',#4270,#2099);
#1721=LINE('',#4296,#2100);
#1722=LINE('',#4297,#2101);
#1723=LINE('',#4301,#2102);
#1724=LINE('',#4304,#2103);
#1725=LINE('',#4306,#2104);
#1726=LINE('',#4308,#2105);
#1727=LINE('',#4309,#2106);
#1728=LINE('',#4311,#2107);
#1729=LINE('',#4315,#2108);
#1730=LINE('',#4319,#2109);
#1731=LINE('',#4321,#2110);
#1732=LINE('',#4323,#2111);
#1733=LINE('',#4325,#2112);
#1734=LINE('',#4327,#2113);
#1735=LINE('',#4328,#2114);
#1736=LINE('',#4330,#2115);
#1737=LINE('',#4333,#2116);
#1738=LINE('',#4335,#2117);
#1739=LINE('',#4337,#2118);
#1740=LINE('',#4339,#2119);
#1741=LINE('',#4341,#2120);
#1742=LINE('',#4344,#2121);
#1743=LINE('',#4346,#2122);
#1744=LINE('',#4348,#2123);
#1745=LINE('',#4350,#2124);
#1746=LINE('',#4353,#2125);
#1747=LINE('',#4355,#2126);
#1748=LINE('',#4357,#2127);
#1749=LINE('',#4359,#2128);
#1750=LINE('',#4372,#2129);
#1751=LINE('',#4374,#2130);
#1752=LINE('',#4376,#2131);
#1753=LINE('',#4379,#2132);
#1754=LINE('',#4381,#2133);
#1755=LINE('',#4383,#2134);
#1756=LINE('',#4385,#2135);
#1757=LINE('',#4386,#2136);
#1758=LINE('',#4387,#2137);
#1759=LINE('',#4389,#2138);
#1760=LINE('',#4391,#2139);
#1761=LINE('',#4393,#2140);
#1762=LINE('',#4395,#2141);
#1763=LINE('',#4396,#2142);
#1764=LINE('',#4398,#2143);
#1765=LINE('',#4400,#2144);
#1766=LINE('',#4401,#2145);
#1767=LINE('',#4403,#2146);
#1768=LINE('',#4406,#2147);
#1769=LINE('',#4408,#2148);
#1770=LINE('',#4410,#2149);
#1771=LINE('',#4412,#2150);
#1772=LINE('',#4415,#2151);
#1773=LINE('',#4417,#2152);
#1774=LINE('',#4419,#2153);
#1775=LINE('',#4421,#2154);
#1776=LINE('',#4423,#2155);
#1777=LINE('',#4424,#2156);
#1778=LINE('',#4426,#2157);
#1779=LINE('',#4428,#2158);
#1780=LINE('',#4431,#2159);
#1781=LINE('',#4433,#2160);
#1782=LINE('',#4435,#2161);
#1783=LINE('',#4437,#2162);
#1784=LINE('',#4439,#2163);
#1785=LINE('',#4441,#2164);
#1786=LINE('',#4443,#2165);
#1787=LINE('',#4445,#2166);
#1788=LINE('',#4447,#2167);
#1789=LINE('',#4449,#2168);
#1790=LINE('',#4451,#2169);
#1791=LINE('',#4453,#2170);
#1792=LINE('',#4455,#2171);
#1793=LINE('',#4457,#2172);
#1794=LINE('',#4459,#2173);
#1795=LINE('',#4461,#2174);
#1796=LINE('',#4463,#2175);
#1797=LINE('',#4465,#2176);
#1798=LINE('',#4468,#2177);
#1799=LINE('',#4470,#2178);
#1800=LINE('',#4472,#2179);
#1801=LINE('',#4474,#2180);
#1802=LINE('',#4477,#2181);
#1803=LINE('',#4479,#2182);
#1804=LINE('',#4481,#2183);
#1805=LINE('',#4483,#2184);
#1806=LINE('',#4485,#2185);
#1807=LINE('',#4487,#2186);
#1808=LINE('',#4490,#2187);
#1809=LINE('',#4492,#2188);
#1810=LINE('',#4494,#2189);
#1811=LINE('',#4496,#2190);
#1812=LINE('',#4498,#2191);
#1813=LINE('',#4500,#2192);
#1814=LINE('',#4503,#2193);
#1815=LINE('',#4505,#2194);
#1816=LINE('',#4507,#2195);
#1817=LINE('',#4509,#2196);
#1818=LINE('',#4510,#2197);
#1819=LINE('',#4512,#2198);
#1820=LINE('',#4522,#2199);
#1821=LINE('',#4524,#2200);
#1822=LINE('',#4526,#2201);
#1823=LINE('',#4527,#2202);
#1824=LINE('',#4529,#2203);
#1825=LINE('',#4530,#2204);
#1826=LINE('',#4532,#2205);
#1827=LINE('',#4533,#2206);
#1828=LINE('',#4535,#2207);
#1829=LINE('',#4536,#2208);
#1830=LINE('',#4538,#2209);
#1831=LINE('',#4539,#2210);
#1832=LINE('',#4541,#2211);
#1833=LINE('',#4542,#2212);
#1834=LINE('',#4544,#2213);
#1835=LINE('',#4545,#2214);
#1836=LINE('',#4547,#2215);
#1837=LINE('',#4548,#2216);
#1838=LINE('',#4550,#2217);
#1839=LINE('',#4551,#2218);
#1840=LINE('',#4553,#2219);
#1841=LINE('',#4555,#2220);
#1842=LINE('',#4556,#2221);
#1843=LINE('',#4558,#2222);
#1844=LINE('',#4560,#2223);
#1845=LINE('',#4561,#2224);
#1846=LINE('',#4563,#2225);
#1847=LINE('',#4564,#2226);
#1848=LINE('',#4566,#2227);
#1849=LINE('',#4568,#2228);
#1850=LINE('',#4569,#2229);
#1851=LINE('',#4571,#2230);
#1852=LINE('',#4572,#2231);
#1853=LINE('',#4575,#2232);
#1854=LINE('',#4576,#2233);
#1855=LINE('',#4578,#2234);
#1856=LINE('',#4580,#2235);
#1857=LINE('',#4582,#2236);
#1858=LINE('',#4584,#2237);
#1859=LINE('',#4586,#2238);
#1860=LINE('',#4589,#2239);
#1861=LINE('',#4591,#2240);
#1862=LINE('',#4593,#2241);
#1863=LINE('',#4595,#2242);
#1864=LINE('',#4597,#2243);
#1865=LINE('',#4599,#2244);
#1866=LINE('',#4601,#2245);
#1867=LINE('',#4604,#2246);
#1868=LINE('',#4606,#2247);
#1869=LINE('',#4607,#2248);
#1870=LINE('',#4609,#2249);
#1871=LINE('',#4611,#2250);
#1872=LINE('',#4612,#2251);
#1873=LINE('',#4614,#2252);
#1874=LINE('',#4616,#2253);
#1875=LINE('',#4617,#2254);
#1876=LINE('',#4619,#2255);
#1877=LINE('',#4621,#2256);
#1878=LINE('',#4623,#2257);
#1879=LINE('',#4624,#2258);
#1880=LINE('',#4626,#2259);
#1881=LINE('',#4628,#2260);
#1882=LINE('',#4630,#2261);
#1883=LINE('',#4631,#2262);
#1884=LINE('',#4633,#2263);
#1885=LINE('',#4635,#2264);
#1886=LINE('',#4637,#2265);
#1887=LINE('',#4640,#2266);
#1888=LINE('',#4641,#2267);
#1889=LINE('',#4643,#2268);
#1890=LINE('',#4645,#2269);
#1891=LINE('',#4647,#2270);
#1892=LINE('',#4649,#2271);
#1893=LINE('',#4651,#2272);
#1894=LINE('',#4653,#2273);
#1895=LINE('',#4655,#2274);
#1896=LINE('',#4657,#2275);
#1897=LINE('',#4659,#2276);
#1898=LINE('',#4661,#2277);
#1899=LINE('',#4663,#2278);
#1900=LINE('',#4666,#2279);
#1901=LINE('',#4668,#2280);
#1902=LINE('',#4669,#2281);
#1903=LINE('',#4671,#2282);
#1904=LINE('',#4672,#2283);
#1905=LINE('',#4674,#2284);
#1906=LINE('',#4676,#2285);
#1907=LINE('',#4678,#2286);
#1908=LINE('',#4680,#2287);
#1909=LINE('',#4682,#2288);
#1910=LINE('',#4684,#2289);
#1911=LINE('',#4687,#2290);
#1912=LINE('',#4688,#2291);
#1913=LINE('',#4690,#2292);
#1914=LINE('',#4692,#2293);
#1915=LINE('',#4693,#2294);
#1916=LINE('',#4695,#2295);
#1917=LINE('',#4697,#2296);
#1918=LINE('',#4699,#2297);
#1919=LINE('',#4700,#2298);
#1920=LINE('',#4702,#2299);
#1921=LINE('',#4704,#2300);
#1922=LINE('',#4706,#2301);
#1923=LINE('',#4708,#2302);
#1924=LINE('',#4710,#2303);
#1925=LINE('',#4712,#2304);
#1926=LINE('',#4714,#2305);
#1927=LINE('',#4717,#2306);
#1928=LINE('',#4718,#2307);
#1929=LINE('',#4720,#2308);
#1930=LINE('',#4722,#2309);
#1931=LINE('',#4724,#2310);
#1932=LINE('',#4725,#2311);
#1933=LINE('',#4727,#2312);
#1934=LINE('',#4729,#2313);
#1935=LINE('',#4731,#2314);
#1936=LINE('',#4733,#2315);
#1937=LINE('',#4735,#2316);
#1938=LINE('',#4737,#2317);
#1939=LINE('',#4739,#2318);
#1940=LINE('',#4741,#2319);
#1941=LINE('',#4760,#2320);
#1942=LINE('',#4762,#2321);
#1943=LINE('',#4768,#2322);
#1944=LINE('',#4770,#2323);
#1945=LINE('',#4825,#2324);
#1946=LINE('',#4828,#2325);
#1947=LINE('',#4829,#2326);
#1948=LINE('',#4830,#2327);
#1949=LINE('',#4834,#2328);
#1950=LINE('',#4836,#2329);
#1951=LINE('',#4838,#2330);
#1952=LINE('',#4841,#2331);
#1953=LINE('',#4843,#2332);
#1954=LINE('',#4845,#2333);
#1955=LINE('',#4848,#2334);
#1956=LINE('',#4850,#2335);
#1957=LINE('',#4852,#2336);
#1958=LINE('',#4855,#2337);
#1959=LINE('',#4857,#2338);
#1960=LINE('',#4859,#2339);
#1961=VECTOR('',#3201,1.);
#1962=VECTOR('',#3202,1.);
#1963=VECTOR('',#3203,1.);
#1964=VECTOR('',#3204,1.);
#1965=VECTOR('',#3205,1.);
#1966=VECTOR('',#3206,1.);
#1967=VECTOR('',#3207,1.);
#1968=VECTOR('',#3210,1.);
#1969=VECTOR('',#3211,1.);
#1970=VECTOR('',#3214,1.);
#1971=VECTOR('',#3215,1.);
#1972=VECTOR('',#3216,1.);
#1973=VECTOR('',#3217,1.);
#1974=VECTOR('',#3218,1.);
#1975=VECTOR('',#3219,1.);
#1976=VECTOR('',#3220,1.);
#1977=VECTOR('',#3221,1.);
#1978=VECTOR('',#3222,1.);
#1979=VECTOR('',#3223,1.);
#1980=VECTOR('',#3224,1.);
#1981=VECTOR('',#3225,1.);
#1982=VECTOR('',#3226,1.);
#1983=VECTOR('',#3227,1.);
#1984=VECTOR('',#3228,1.);
#1985=VECTOR('',#3229,1.);
#1986=VECTOR('',#3230,1.);
#1987=VECTOR('',#3231,1.);
#1988=VECTOR('',#3234,1.);
#1989=VECTOR('',#3235,1.);
#1990=VECTOR('',#3236,1.);
#1991=VECTOR('',#3237,1.);
#1992=VECTOR('',#3238,1.);
#1993=VECTOR('',#3239,1.);
#1994=VECTOR('',#3242,1.);
#1995=VECTOR('',#3243,1.);
#1996=VECTOR('',#3244,1.);
#1997=VECTOR('',#3245,1.);
#1998=VECTOR('',#3248,1.);
#1999=VECTOR('',#3249,1.);
#2000=VECTOR('',#3250,1.);
#2001=VECTOR('',#3251,1.);
#2002=VECTOR('',#3252,1.);
#2003=VECTOR('',#3255,1.);
#2004=VECTOR('',#3256,1.);
#2005=VECTOR('',#3257,1.);
#2006=VECTOR('',#3258,1.);
#2007=VECTOR('',#3259,1.);
#2008=VECTOR('',#3260,1.);
#2009=VECTOR('',#3263,1.);
#2010=VECTOR('',#3264,1.);
#2011=VECTOR('',#3265,1.);
#2012=VECTOR('',#3266,1.);
#2013=VECTOR('',#3267,1.);
#2014=VECTOR('',#3268,1.);
#2015=VECTOR('',#3271,1.);
#2016=VECTOR('',#3272,1.);
#2017=VECTOR('',#3273,1.);
#2018=VECTOR('',#3274,1.);
#2019=VECTOR('',#3277,1.);
#2020=VECTOR('',#3278,1.);
#2021=VECTOR('',#3281,1.);
#2022=VECTOR('',#3284,1.);
#2023=VECTOR('',#3285,1.);
#2024=VECTOR('',#3286,1.);
#2025=VECTOR('',#3287,1.);
#2026=VECTOR('',#3288,1.);
#2027=VECTOR('',#3289,1.);
#2028=VECTOR('',#3290,1.);
#2029=VECTOR('',#3291,1.);
#2030=VECTOR('',#3292,1.);
#2031=VECTOR('',#3293,1.);
#2032=VECTOR('',#3294,1.);
#2033=VECTOR('',#3297,1.);
#2034=VECTOR('',#3298,1.);
#2035=VECTOR('',#3299,1.);
#2036=VECTOR('',#3300,1.);
#2037=VECTOR('',#3301,1.);
#2038=VECTOR('',#3302,1.);
#2039=VECTOR('',#3303,1.);
#2040=VECTOR('',#3304,1.);
#2041=VECTOR('',#3305,1.);
#2042=VECTOR('',#3306,1.);
#2043=VECTOR('',#3307,1.);
#2044=VECTOR('',#3308,1.);
#2045=VECTOR('',#3309,1.);
#2046=VECTOR('',#3310,1.);
#2047=VECTOR('',#3311,1.);
#2048=VECTOR('',#3314,1.);
#2049=VECTOR('',#3315,1.);
#2050=VECTOR('',#3318,1.);
#2051=VECTOR('',#3319,1.);
#2052=VECTOR('',#3320,1.);
#2053=VECTOR('',#3321,1.);
#2054=VECTOR('',#3322,1.);
#2055=VECTOR('',#3323,1.);
#2056=VECTOR('',#3324,1.);
#2057=VECTOR('',#3325,1.);
#2058=VECTOR('',#3326,1.);
#2059=VECTOR('',#3327,1.);
#2060=VECTOR('',#3328,1.);
#2061=VECTOR('',#3329,1.);
#2062=VECTOR('',#3330,1.);
#2063=VECTOR('',#3333,1.);
#2064=VECTOR('',#3334,1.);
#2065=VECTOR('',#3335,1.);
#2066=VECTOR('',#3338,1.);
#2067=VECTOR('',#3339,1.);
#2068=VECTOR('',#3340,1.);
#2069=VECTOR('',#3341,1.);
#2070=VECTOR('',#3342,1.);
#2071=VECTOR('',#3343,1.);
#2072=VECTOR('',#3346,1.);
#2073=VECTOR('',#3347,1.);
#2074=VECTOR('',#3348,1.);
#2075=VECTOR('',#3349,1.);
#2076=VECTOR('',#3350,1.);
#2077=VECTOR('',#3351,1.);
#2078=VECTOR('',#3352,1.);
#2079=VECTOR('',#3355,1.);
#2080=VECTOR('',#3356,1.);
#2081=VECTOR('',#3357,1.);
#2082=VECTOR('',#3358,1.);
#2083=VECTOR('',#3361,1.);
#2084=VECTOR('',#3362,1.);
#2085=VECTOR('',#3363,1.);
#2086=VECTOR('',#3364,1.);
#2087=VECTOR('',#3367,1.);
#2088=VECTOR('',#3368,1.);
#2089=VECTOR('',#3369,1.);
#2090=VECTOR('',#3370,1.);
#2091=VECTOR('',#3373,1.);
#2092=VECTOR('',#3374,1.);
#2093=VECTOR('',#3375,1.);
#2094=VECTOR('',#3376,1.);
#2095=VECTOR('',#3377,1.);
#2096=VECTOR('',#3380,1.);
#2097=VECTOR('',#3381,1.);
#2098=VECTOR('',#3382,1.);
#2099=VECTOR('',#3383,1.);
#2100=VECTOR('',#3400,1.);
#2101=VECTOR('',#3401,1.);
#2102=VECTOR('',#3406,1.);
#2103=VECTOR('',#3407,1.);
#2104=VECTOR('',#3408,1.);
#2105=VECTOR('',#3409,1.);
#2106=VECTOR('',#3410,1.);
#2107=VECTOR('',#3411,1.);
#2108=VECTOR('',#3414,1.);
#2109=VECTOR('',#3417,1.);
#2110=VECTOR('',#3420,1.);
#2111=VECTOR('',#3421,1.);
#2112=VECTOR('',#3424,1.);
#2113=VECTOR('',#3425,1.);
#2114=VECTOR('',#3426,1.);
#2115=VECTOR('',#3429,1.);
#2116=VECTOR('',#3430,1.);
#2117=VECTOR('',#3431,1.);
#2118=VECTOR('',#3432,1.);
#2119=VECTOR('',#3433,1.);
#2120=VECTOR('',#3436,1.);
#2121=VECTOR('',#3437,1.);
#2122=VECTOR('',#3438,1.);
#2123=VECTOR('',#3439,1.);
#2124=VECTOR('',#3442,1.);
#2125=VECTOR('',#3443,1.);
#2126=VECTOR('',#3444,1.);
#2127=VECTOR('',#3445,1.);
#2128=VECTOR('',#3446,1.);
#2129=VECTOR('',#3453,1.);
#2130=VECTOR('',#3454,1.);
#2131=VECTOR('',#3457,1.);
#2132=VECTOR('',#3458,1.);
#2133=VECTOR('',#3459,1.);
#2134=VECTOR('',#3460,1.);
#2135=VECTOR('',#3461,1.);
#2136=VECTOR('',#3462,1.);
#2137=VECTOR('',#3463,1.);
#2138=VECTOR('',#3464,1.);
#2139=VECTOR('',#3465,1.);
#2140=VECTOR('',#3468,1.);
#2141=VECTOR('',#3469,1.);
#2142=VECTOR('',#3470,1.);
#2143=VECTOR('',#3473,1.);
#2144=VECTOR('',#3474,1.);
#2145=VECTOR('',#3475,1.);
#2146=VECTOR('',#3478,1.);
#2147=VECTOR('',#3479,1.);
#2148=VECTOR('',#3480,1.);
#2149=VECTOR('',#3481,1.);
#2150=VECTOR('',#3484,1.);
#2151=VECTOR('',#3485,1.);
#2152=VECTOR('',#3486,1.);
#2153=VECTOR('',#3487,1.);
#2154=VECTOR('',#3490,1.);
#2155=VECTOR('',#3491,1.);
#2156=VECTOR('',#3492,1.);
#2157=VECTOR('',#3493,1.);
#2158=VECTOR('',#3496,1.);
#2159=VECTOR('',#3497,1.);
#2160=VECTOR('',#3498,1.);
#2161=VECTOR('',#3499,1.);
#2162=VECTOR('',#3500,1.);
#2163=VECTOR('',#3501,1.);
#2164=VECTOR('',#3502,1.);
#2165=VECTOR('',#3505,1.);
#2166=VECTOR('',#3506,1.);
#2167=VECTOR('',#3507,1.);
#2168=VECTOR('',#3508,1.);
#2169=VECTOR('',#3509,1.);
#2170=VECTOR('',#3510,1.);
#2171=VECTOR('',#3513,1.);
#2172=VECTOR('',#3514,1.);
#2173=VECTOR('',#3515,1.);
#2174=VECTOR('',#3516,1.);
#2175=VECTOR('',#3517,1.);
#2176=VECTOR('',#3520,1.);
#2177=VECTOR('',#3521,1.);
#2178=VECTOR('',#3522,1.);
#2179=VECTOR('',#3523,1.);
#2180=VECTOR('',#3526,1.);
#2181=VECTOR('',#3527,1.);
#2182=VECTOR('',#3528,1.);
#2183=VECTOR('',#3529,1.);
#2184=VECTOR('',#3530,1.);
#2185=VECTOR('',#3531,1.);
#2186=VECTOR('',#3534,1.);
#2187=VECTOR('',#3535,1.);
#2188=VECTOR('',#3536,1.);
#2189=VECTOR('',#3537,1.);
#2190=VECTOR('',#3538,1.);
#2191=VECTOR('',#3539,1.);
#2192=VECTOR('',#3542,1.);
#2193=VECTOR('',#3543,1.);
#2194=VECTOR('',#3544,1.);
#2195=VECTOR('',#3545,1.);
#2196=VECTOR('',#3548,1.);
#2197=VECTOR('',#3549,1.);
#2198=VECTOR('',#3552,1.);
#2199=VECTOR('',#3571,1.);
#2200=VECTOR('',#3572,1.);
#2201=VECTOR('',#3573,1.);
#2202=VECTOR('',#3574,1.);
#2203=VECTOR('',#3577,1.);
#2204=VECTOR('',#3578,1.);
#2205=VECTOR('',#3581,1.);
#2206=VECTOR('',#3582,1.);
#2207=VECTOR('',#3585,1.);
#2208=VECTOR('',#3586,1.);
#2209=VECTOR('',#3589,1.);
#2210=VECTOR('',#3590,1.);
#2211=VECTOR('',#3593,1.);
#2212=VECTOR('',#3594,1.);
#2213=VECTOR('',#3597,1.);
#2214=VECTOR('',#3598,1.);
#2215=VECTOR('',#3601,1.);
#2216=VECTOR('',#3602,1.);
#2217=VECTOR('',#3605,1.);
#2218=VECTOR('',#3606,1.);
#2219=VECTOR('',#3609,1.);
#2220=VECTOR('',#3612,1.);
#2221=VECTOR('',#3613,1.);
#2222=VECTOR('',#3616,1.);
#2223=VECTOR('',#3617,1.);
#2224=VECTOR('',#3618,1.);
#2225=VECTOR('',#3621,1.);
#2226=VECTOR('',#3622,1.);
#2227=VECTOR('',#3625,1.);
#2228=VECTOR('',#3626,1.);
#2229=VECTOR('',#3627,1.);
#2230=VECTOR('',#3630,1.);
#2231=VECTOR('',#3631,1.);
#2232=VECTOR('',#3636,1.);
#2233=VECTOR('',#3637,1.);
#2234=VECTOR('',#3640,1.);
#2235=VECTOR('',#3643,1.);
#2236=VECTOR('',#3646,1.);
#2237=VECTOR('',#3649,1.);
#2238=VECTOR('',#3652,1.);
#2239=VECTOR('',#3657,1.);
#2240=VECTOR('',#3660,1.);
#2241=VECTOR('',#3663,1.);
#2242=VECTOR('',#3666,1.);
#2243=VECTOR('',#3669,1.);
#2244=VECTOR('',#3672,1.);
#2245=VECTOR('',#3675,1.);
#2246=VECTOR('',#3680,1.);
#2247=VECTOR('',#3681,1.);
#2248=VECTOR('',#3682,1.);
#2249=VECTOR('',#3685,1.);
#2250=VECTOR('',#3686,1.);
#2251=VECTOR('',#3687,1.);
#2252=VECTOR('',#3690,1.);
#2253=VECTOR('',#3691,1.);
#2254=VECTOR('',#3692,1.);
#2255=VECTOR('',#3695,1.);
#2256=VECTOR('',#3696,1.);
#2257=VECTOR('',#3699,1.);
#2258=VECTOR('',#3700,1.);
#2259=VECTOR('',#3703,1.);
#2260=VECTOR('',#3704,1.);
#2261=VECTOR('',#3707,1.);
#2262=VECTOR('',#3708,1.);
#2263=VECTOR('',#3711,1.);
#2264=VECTOR('',#3714,1.);
#2265=VECTOR('',#3717,1.);
#2266=VECTOR('',#3722,1.);
#2267=VECTOR('',#3723,1.);
#2268=VECTOR('',#3726,1.);
#2269=VECTOR('',#3729,1.);
#2270=VECTOR('',#3732,1.);
#2271=VECTOR('',#3735,1.);
#2272=VECTOR('',#3738,1.);
#2273=VECTOR('',#3741,1.);
#2274=VECTOR('',#3744,1.);
#2275=VECTOR('',#3747,1.);
#2276=VECTOR('',#3750,1.);
#2277=VECTOR('',#3753,1.);
#2278=VECTOR('',#3756,1.);
#2279=VECTOR('',#3761,1.);
#2280=VECTOR('',#3762,1.);
#2281=VECTOR('',#3763,1.);
#2282=VECTOR('',#3766,1.);
#2283=VECTOR('',#3767,1.);
#2284=VECTOR('',#3770,1.);
#2285=VECTOR('',#3773,1.);
#2286=VECTOR('',#3776,1.);
#2287=VECTOR('',#3779,1.);
#2288=VECTOR('',#3782,1.);
#2289=VECTOR('',#3785,1.);
#2290=VECTOR('',#3790,1.);
#2291=VECTOR('',#3791,1.);
#2292=VECTOR('',#3792,1.);
#2293=VECTOR('',#3795,1.);
#2294=VECTOR('',#3796,1.);
#2295=VECTOR('',#3799,1.);
#2296=VECTOR('',#3800,1.);
#2297=VECTOR('',#3803,1.);
#2298=VECTOR('',#3804,1.);
#2299=VECTOR('',#3807,1.);
#2300=VECTOR('',#3810,1.);
#2301=VECTOR('',#3813,1.);
#2302=VECTOR('',#3816,1.);
#2303=VECTOR('',#3819,1.);
#2304=VECTOR('',#3822,1.);
#2305=VECTOR('',#3825,1.);
#2306=VECTOR('',#3830,1.);
#2307=VECTOR('',#3831,1.);
#2308=VECTOR('',#3834,1.);
#2309=VECTOR('',#3837,1.);
#2310=VECTOR('',#3838,1.);
#2311=VECTOR('',#3839,1.);
#2312=VECTOR('',#3842,1.);
#2313=VECTOR('',#3845,1.);
#2314=VECTOR('',#3848,1.);
#2315=VECTOR('',#3851,1.);
#2316=VECTOR('',#3854,1.);
#2317=VECTOR('',#3857,1.);
#2318=VECTOR('',#3860,1.);
#2319=VECTOR('',#3863,1.);
#2320=VECTOR('',#3880,1.);
#2321=VECTOR('',#3881,1.);
#2322=VECTOR('',#3884,1.);
#2323=VECTOR('',#3885,1.);
#2324=VECTOR('',#3898,1.);
#2325=VECTOR('',#3903,1.);
#2326=VECTOR('',#3904,1.);
#2327=VECTOR('',#3905,1.);
#2328=VECTOR('',#3912,1.);
#2329=VECTOR('',#3915,1.);
#2330=VECTOR('',#3918,1.);
#2331=VECTOR('',#3923,1.);
#2332=VECTOR('',#3926,1.);
#2333=VECTOR('',#3929,1.);
#2334=VECTOR('',#3934,1.);
#2335=VECTOR('',#3937,1.);
#2336=VECTOR('',#3940,1.);
#2337=VECTOR('',#3945,1.);
#2338=VECTOR('',#3948,1.);
#2339=VECTOR('',#3951,1.);
#2340=EDGE_LOOP('',(#67,#68,#69,#70,#71,#72,#73));
#2341=EDGE_LOOP('',(#74,#75,#76,#77,#78,#79,#80,#81,#82,#83,#84,#85,#86,
#87,#88,#89,#90,#91,#92,#93,#94));
#2342=EDGE_LOOP('',(#95,#96,#97,#98,#99,#100));
#2343=EDGE_LOOP('',(#101,#102,#103,#104));
#2344=EDGE_LOOP('',(#105,#106,#107,#108,#109));
#2345=EDGE_LOOP('',(#110,#111,#112,#113,#114,#115));
#2346=EDGE_LOOP('',(#116,#117,#118,#119,#120,#121));
#2347=EDGE_LOOP('',(#122,#123,#124,#125));
#2348=EDGE_LOOP('',(#126,#127,#128,#129,#130,#131,#132,#133,#134,#135,#136,
#137,#138,#139,#140,#141,#142,#143,#144,#145,#146,#147,#148,#149,#150,#151,
#152,#153,#154,#155,#156,#157,#158));
#2349=EDGE_LOOP('',(#159,#160,#161,#162,#163,#164,#165,#166,#167,#168,#169,
#170,#171,#172,#173,#174));
#2350=EDGE_LOOP('',(#175,#176,#177,#178));
#2351=EDGE_LOOP('',(#179,#180,#181,#182,#183,#184,#185));
#2352=EDGE_LOOP('',(#186,#187,#188,#189,#190,#191,#192,#193));
#2353=EDGE_LOOP('',(#194,#195,#196,#197));
#2354=EDGE_LOOP('',(#198,#199,#200,#201,#202));
#2355=EDGE_LOOP('',(#203,#204,#205,#206));
#2356=EDGE_LOOP('',(#207,#208,#209,#210,#211));
#2357=EDGE_LOOP('',(#212,#213,#214,#215,#216));
#2358=EDGE_LOOP('',(#217,#218,#219,#220,#221,#222));
#2359=EDGE_LOOP('',(#223,#224,#225,#226,#227,#228));
#2360=EDGE_LOOP('',(#229,#230,#231,#232,#233,#234,#235,#236,#237,#238,#239));
#2361=EDGE_LOOP('',(#240,#241,#242,#243));
#2362=EDGE_LOOP('',(#244,#245,#246,#247,#248));
#2363=EDGE_LOOP('',(#249,#250,#251,#252,#253));
#2364=EDGE_LOOP('',(#254,#255,#256,#257));
#2365=EDGE_LOOP('',(#258,#259,#260,#261,#262,#263,#264,#265));
#2366=EDGE_LOOP('',(#266,#267,#268,#269,#270,#271,#272));
#2367=EDGE_LOOP('',(#273,#274,#275,#276,#277,#278,#279,#280,#281,#282,#283,
#284));
#2368=EDGE_LOOP('',(#285,#286,#287,#288,#289,#290));
#2369=EDGE_LOOP('',(#291,#292,#293,#294,#295,#296));
#2370=EDGE_LOOP('',(#297,#298,#299,#300));
#2371=EDGE_LOOP('',(#301,#302,#303,#304));
#2372=EDGE_LOOP('',(#305,#306,#307,#308,#309,#310));
#2373=EDGE_LOOP('',(#311,#312,#313,#314,#315,#316,#317));
#2374=EDGE_LOOP('',(#318,#319,#320,#321,#322,#323,#324));
#2375=EDGE_LOOP('',(#325,#326,#327,#328,#329,#330));
#2376=EDGE_LOOP('',(#331,#332,#333,#334));
#2377=EDGE_LOOP('',(#335,#336,#337,#338,#339,#340));
#2378=EDGE_LOOP('',(#341,#342,#343,#344,#345,#346));
#2379=EDGE_LOOP('',(#347,#348,#349,#350));
#2380=EDGE_LOOP('',(#351,#352,#353,#354));
#2381=EDGE_LOOP('',(#355,#356,#357,#358));
#2382=EDGE_LOOP('',(#359,#360,#361,#362,#363,#364));
#2383=EDGE_LOOP('',(#365,#366,#367,#368));
#2384=EDGE_LOOP('',(#369,#370,#371,#372));
#2385=EDGE_LOOP('',(#373,#374,#375,#376,#377,#378));
#2386=EDGE_LOOP('',(#379,#380,#381,#382));
#2387=EDGE_LOOP('',(#383,#384,#385,#386));
#2388=EDGE_LOOP('',(#387,#388,#389,#390));
#2389=EDGE_LOOP('',(#391,#392,#393,#394));
#2390=EDGE_LOOP('',(#395,#396,#397,#398));
#2391=EDGE_LOOP('',(#399,#400,#401,#402));
#2392=EDGE_LOOP('',(#403,#404,#405,#406));
#2393=EDGE_LOOP('',(#407,#408,#409,#410,#411));
#2394=EDGE_LOOP('',(#412,#413,#414,#415,#416));
#2395=EDGE_LOOP('',(#417,#418,#419,#420));
#2396=EDGE_LOOP('',(#421,#422,#423,#424,#425,#426));
#2397=EDGE_LOOP('',(#427,#428,#429,#430,#431,#432));
#2398=EDGE_LOOP('',(#433,#434,#435,#436,#437,#438));
#2399=EDGE_LOOP('',(#439,#440,#441,#442,#443,#444));
#2400=EDGE_LOOP('',(#445,#446,#447,#448));
#2401=EDGE_LOOP('',(#449,#450,#451,#452));
#2402=EDGE_LOOP('',(#453,#454,#455,#456));
#2403=EDGE_LOOP('',(#457,#458,#459,#460));
#2404=EDGE_LOOP('',(#461,#462,#463,#464));
#2405=EDGE_LOOP('',(#465,#466,#467,#468));
#2406=EDGE_LOOP('',(#469,#470,#471,#472));
#2407=EDGE_LOOP('',(#473,#474,#475,#476));
#2408=EDGE_LOOP('',(#477,#478,#479,#480));
#2409=EDGE_LOOP('',(#481,#482,#483,#484));
#2410=EDGE_LOOP('',(#485,#486,#487,#488));
#2411=EDGE_LOOP('',(#489,#490,#491,#492));
#2412=EDGE_LOOP('',(#493,#494,#495,#496));
#2413=EDGE_LOOP('',(#497,#498,#499,#500));
#2414=EDGE_LOOP('',(#501,#502,#503,#504));
#2415=EDGE_LOOP('',(#505,#506,#507,#508));
#2416=EDGE_LOOP('',(#509,#510,#511,#512,#513));
#2417=EDGE_LOOP('',(#514,#515,#516,#517,#518));
#2418=EDGE_LOOP('',(#519,#520,#521,#522,#523));
#2419=EDGE_LOOP('',(#524,#525,#526,#527,#528));
#2420=EDGE_LOOP('',(#529,#530,#531,#532,#533));
#2421=EDGE_LOOP('',(#534,#535,#536,#537,#538));
#2422=EDGE_LOOP('',(#539,#540,#541,#542,#543));
#2423=EDGE_LOOP('',(#544,#545,#546,#547));
#2424=EDGE_LOOP('',(#548,#549,#550,#551));
#2425=EDGE_LOOP('',(#552,#553,#554,#555));
#2426=EDGE_LOOP('',(#556,#557,#558,#559));
#2427=EDGE_LOOP('',(#560,#561,#562,#563));
#2428=EDGE_LOOP('',(#564,#565,#566,#567));
#2429=EDGE_LOOP('',(#568,#569,#570,#571));
#2430=EDGE_LOOP('',(#572,#573,#574,#575));
#2431=EDGE_LOOP('',(#576,#577,#578,#579));
#2432=EDGE_LOOP('',(#580,#581,#582,#583));
#2433=EDGE_LOOP('',(#584,#585,#586,#587));
#2434=EDGE_LOOP('',(#588,#589,#590,#591));
#2435=EDGE_LOOP('',(#592,#593,#594,#595));
#2436=EDGE_LOOP('',(#596,#597,#598,#599));
#2437=EDGE_LOOP('',(#600,#601,#602,#603,#604));
#2438=EDGE_LOOP('',(#605,#606,#607,#608,#609));
#2439=EDGE_LOOP('',(#610,#611,#612,#613));
#2440=EDGE_LOOP('',(#614,#615,#616,#617,#618,#619));
#2441=EDGE_LOOP('',(#620,#621,#622,#623,#624));
#2442=EDGE_LOOP('',(#625,#626,#627,#628));
#2443=EDGE_LOOP('',(#629,#630,#631,#632));
#2444=EDGE_LOOP('',(#633,#634,#635,#636));
#2445=EDGE_LOOP('',(#637,#638,#639,#640));
#2446=EDGE_LOOP('',(#641,#642,#643,#644));
#2447=EDGE_LOOP('',(#645,#646,#647,#648));
#2448=EDGE_LOOP('',(#649,#650,#651,#652));
#2449=EDGE_LOOP('',(#653,#654,#655,#656,#657));
#2450=EDGE_LOOP('',(#658,#659,#660,#661,#662));
#2451=EDGE_LOOP('',(#663,#664,#665,#666,#667));
#2452=EDGE_LOOP('',(#668,#669,#670,#671,#672));
#2453=EDGE_LOOP('',(#673,#674,#675,#676));
#2454=EDGE_LOOP('',(#677,#678,#679,#680));
#2455=EDGE_LOOP('',(#681,#682,#683,#684));
#2456=EDGE_LOOP('',(#685,#686,#687,#688));
#2457=EDGE_LOOP('',(#689,#690,#691,#692));
#2458=EDGE_LOOP('',(#693,#694,#695,#696));
#2459=EDGE_LOOP('',(#697,#698,#699,#700));
#2460=EDGE_LOOP('',(#701,#702,#703,#704));
#2461=EDGE_LOOP('',(#705,#706,#707,#708));
#2462=EDGE_LOOP('',(#709,#710,#711,#712,#713));
#2463=EDGE_LOOP('',(#714,#715,#716,#717,#718));
#2464=EDGE_LOOP('',(#719,#720,#721));
#2465=EDGE_LOOP('',(#722,#723,#724,#725));
#2466=EDGE_LOOP('',(#726,#727,#728,#729,#730));
#2467=EDGE_LOOP('',(#731,#732,#733,#734));
#2468=EDGE_LOOP('',(#735,#736,#737,#738));
#2469=EDGE_LOOP('',(#739,#740,#741,#742));
#2470=EDGE_LOOP('',(#743,#744,#745,#746));
#2471=EDGE_LOOP('',(#747,#748,#749));
#2472=EDGE_LOOP('',(#750,#751,#752,#753));
#2473=EDGE_LOOP('',(#754,#755,#756,#757));
#2474=EDGE_LOOP('',(#758,#759,#760,#761));
#2475=EDGE_LOOP('',(#762,#763,#764,#765));
#2476=EDGE_LOOP('',(#766,#767,#768,#769,#770,#771));
#2477=EDGE_LOOP('',(#772,#773,#774,#775,#776));
#2478=EDGE_LOOP('',(#777,#778,#779,#780,#781));
#2479=EDGE_LOOP('',(#782,#783,#784,#785,#786));
#2480=EDGE_LOOP('',(#787,#788,#789,#790,#791));
#2481=EDGE_LOOP('',(#792,#793,#794,#795,#796,#797));
#2482=EDGE_LOOP('',(#798,#799,#800,#801,#802,#803));
#2483=EDGE_LOOP('',(#804,#805,#806,#807,#808,#809));
#2484=EDGE_LOOP('',(#810,#811,#812,#813));
#2485=EDGE_LOOP('',(#814,#815,#816,#817,#818,#819));
#2486=EDGE_LOOP('',(#820,#821,#822,#823,#824,#825,#826));
#2487=EDGE_LOOP('',(#827,#828,#829,#830));
#2488=EDGE_LOOP('',(#831,#832,#833,#834,#835));
#2489=EDGE_LOOP('',(#836,#837,#838,#839));
#2490=EDGE_LOOP('',(#840,#841,#842,#843));
#2491=EDGE_LOOP('',(#844,#845,#846));
#2492=EDGE_LOOP('',(#847,#848,#849,#850));
#2493=EDGE_LOOP('',(#851,#852,#853,#854));
#2494=EDGE_LOOP('',(#855,#856,#857,#858));
#2495=EDGE_LOOP('',(#859,#860,#861));
#2496=EDGE_LOOP('',(#862,#863,#864,#865));
#2497=EDGE_LOOP('',(#866,#867,#868,#869));
#2498=EDGE_LOOP('',(#870,#871,#872,#873));
#2499=EDGE_LOOP('',(#874,#875,#876));
#2500=EDGE_LOOP('',(#877,#878,#879,#880));
#2501=EDGE_LOOP('',(#881,#882,#883,#884));
#2502=EDGE_LOOP('',(#885,#886,#887,#888));
#2503=EDGE_LOOP('',(#889,#890,#891));
#2504=EDGE_LOOP('',(#892,#893,#894,#895));
#2505=EDGE_LOOP('',(#896,#897,#898,#899,#900));
#2506=EDGE_LOOP('',(#901,#902,#903,#904,#905,#906));
#2507=FACE_BOUND('',#2340,.T.);
#2508=FACE_BOUND('',#2341,.T.);
#2509=FACE_BOUND('',#2342,.T.);
#2510=FACE_BOUND('',#2343,.T.);
#2511=FACE_BOUND('',#2344,.T.);
#2512=FACE_BOUND('',#2345,.T.);
#2513=FACE_BOUND('',#2346,.T.);
#2514=FACE_BOUND('',#2347,.T.);
#2515=FACE_BOUND('',#2348,.T.);
#2516=FACE_BOUND('',#2349,.T.);
#2517=FACE_BOUND('',#2350,.T.);
#2518=FACE_BOUND('',#2351,.T.);
#2519=FACE_BOUND('',#2352,.T.);
#2520=FACE_BOUND('',#2353,.T.);
#2521=FACE_BOUND('',#2354,.T.);
#2522=FACE_BOUND('',#2355,.T.);
#2523=FACE_BOUND('',#2356,.T.);
#2524=FACE_BOUND('',#2357,.T.);
#2525=FACE_BOUND('',#2358,.T.);
#2526=FACE_BOUND('',#2359,.T.);
#2527=FACE_BOUND('',#2360,.T.);
#2528=FACE_BOUND('',#2361,.T.);
#2529=FACE_BOUND('',#2362,.T.);
#2530=FACE_BOUND('',#2363,.T.);
#2531=FACE_BOUND('',#2364,.T.);
#2532=FACE_BOUND('',#2365,.T.);
#2533=FACE_BOUND('',#2366,.T.);
#2534=FACE_BOUND('',#2367,.T.);
#2535=FACE_BOUND('',#2368,.T.);
#2536=FACE_BOUND('',#2369,.T.);
#2537=FACE_BOUND('',#2370,.T.);
#2538=FACE_BOUND('',#2371,.T.);
#2539=FACE_BOUND('',#2372,.T.);
#2540=FACE_BOUND('',#2373,.T.);
#2541=FACE_BOUND('',#2374,.T.);
#2542=FACE_BOUND('',#2375,.T.);
#2543=FACE_BOUND('',#2376,.T.);
#2544=FACE_BOUND('',#2377,.T.);
#2545=FACE_BOUND('',#2378,.T.);
#2546=FACE_BOUND('',#2379,.T.);
#2547=FACE_BOUND('',#2380,.T.);
#2548=FACE_BOUND('',#2381,.T.);
#2549=FACE_BOUND('',#2382,.T.);
#2550=FACE_BOUND('',#2383,.T.);
#2551=FACE_BOUND('',#2384,.T.);
#2552=FACE_BOUND('',#2385,.T.);
#2553=FACE_BOUND('',#2386,.T.);
#2554=FACE_BOUND('',#2387,.T.);
#2555=FACE_BOUND('',#2388,.T.);
#2556=FACE_BOUND('',#2389,.T.);
#2557=FACE_BOUND('',#2390,.T.);
#2558=FACE_BOUND('',#2391,.T.);
#2559=FACE_BOUND('',#2392,.T.);
#2560=FACE_BOUND('',#2393,.T.);
#2561=FACE_BOUND('',#2394,.T.);
#2562=FACE_BOUND('',#2395,.T.);
#2563=FACE_BOUND('',#2396,.T.);
#2564=FACE_BOUND('',#2397,.T.);
#2565=FACE_BOUND('',#2398,.T.);
#2566=FACE_BOUND('',#2399,.T.);
#2567=FACE_BOUND('',#2400,.T.);
#2568=FACE_BOUND('',#2401,.T.);
#2569=FACE_BOUND('',#2402,.T.);
#2570=FACE_BOUND('',#2403,.T.);
#2571=FACE_BOUND('',#2404,.T.);
#2572=FACE_BOUND('',#2405,.T.);
#2573=FACE_BOUND('',#2406,.T.);
#2574=FACE_BOUND('',#2407,.T.);
#2575=FACE_BOUND('',#2408,.T.);
#2576=FACE_BOUND('',#2409,.T.);
#2577=FACE_BOUND('',#2410,.T.);
#2578=FACE_BOUND('',#2411,.T.);
#2579=FACE_BOUND('',#2412,.T.);
#2580=FACE_BOUND('',#2413,.T.);
#2581=FACE_BOUND('',#2414,.T.);
#2582=FACE_BOUND('',#2415,.T.);
#2583=FACE_BOUND('',#2416,.T.);
#2584=FACE_BOUND('',#2417,.T.);
#2585=FACE_BOUND('',#2418,.T.);
#2586=FACE_BOUND('',#2419,.T.);
#2587=FACE_BOUND('',#2420,.T.);
#2588=FACE_BOUND('',#2421,.T.);
#2589=FACE_BOUND('',#2422,.T.);
#2590=FACE_BOUND('',#2423,.T.);
#2591=FACE_BOUND('',#2424,.T.);
#2592=FACE_BOUND('',#2425,.T.);
#2593=FACE_BOUND('',#2426,.T.);
#2594=FACE_BOUND('',#2427,.T.);
#2595=FACE_BOUND('',#2428,.T.);
#2596=FACE_BOUND('',#2429,.T.);
#2597=FACE_BOUND('',#2430,.T.);
#2598=FACE_BOUND('',#2431,.T.);
#2599=FACE_BOUND('',#2432,.T.);
#2600=FACE_BOUND('',#2433,.T.);
#2601=FACE_BOUND('',#2434,.T.);
#2602=FACE_BOUND('',#2435,.T.);
#2603=FACE_BOUND('',#2436,.T.);
#2604=FACE_BOUND('',#2437,.T.);
#2605=FACE_BOUND('',#2438,.T.);
#2606=FACE_BOUND('',#2439,.T.);
#2607=FACE_BOUND('',#2440,.T.);
#2608=FACE_BOUND('',#2441,.T.);
#2609=FACE_BOUND('',#2442,.T.);
#2610=FACE_BOUND('',#2443,.T.);
#2611=FACE_BOUND('',#2444,.T.);
#2612=FACE_BOUND('',#2445,.T.);
#2613=FACE_BOUND('',#2446,.T.);
#2614=FACE_BOUND('',#2447,.T.);
#2615=FACE_BOUND('',#2448,.T.);
#2616=FACE_BOUND('',#2449,.T.);
#2617=FACE_BOUND('',#2450,.T.);
#2618=FACE_BOUND('',#2451,.T.);
#2619=FACE_BOUND('',#2452,.T.);
#2620=FACE_BOUND('',#2453,.T.);
#2621=FACE_BOUND('',#2454,.T.);
#2622=FACE_BOUND('',#2455,.T.);
#2623=FACE_BOUND('',#2456,.T.);
#2624=FACE_BOUND('',#2457,.T.);
#2625=FACE_BOUND('',#2458,.T.);
#2626=FACE_BOUND('',#2459,.T.);
#2627=FACE_BOUND('',#2460,.T.);
#2628=FACE_BOUND('',#2461,.T.);
#2629=FACE_BOUND('',#2462,.T.);
#2630=FACE_BOUND('',#2463,.T.);
#2631=FACE_BOUND('',#2464,.T.);
#2632=FACE_BOUND('',#2465,.T.);
#2633=FACE_BOUND('',#2466,.T.);
#2634=FACE_BOUND('',#2467,.T.);
#2635=FACE_BOUND('',#2468,.T.);
#2636=FACE_BOUND('',#2469,.T.);
#2637=FACE_BOUND('',#2470,.T.);
#2638=FACE_BOUND('',#2471,.T.);
#2639=FACE_BOUND('',#2472,.T.);
#2640=FACE_BOUND('',#2473,.T.);
#2641=FACE_BOUND('',#2474,.T.);
#2642=FACE_BOUND('',#2475,.T.);
#2643=FACE_BOUND('',#2476,.T.);
#2644=FACE_BOUND('',#2477,.T.);
#2645=FACE_BOUND('',#2478,.T.);
#2646=FACE_BOUND('',#2479,.T.);
#2647=FACE_BOUND('',#2480,.T.);
#2648=FACE_BOUND('',#2481,.T.);
#2649=FACE_BOUND('',#2482,.T.);
#2650=FACE_BOUND('',#2483,.T.);
#2651=FACE_BOUND('',#2484,.T.);
#2652=FACE_BOUND('',#2485,.T.);
#2653=FACE_BOUND('',#2486,.T.);
#2654=FACE_BOUND('',#2487,.T.);
#2655=FACE_BOUND('',#2488,.T.);
#2656=FACE_BOUND('',#2489,.T.);
#2657=FACE_BOUND('',#2490,.T.);
#2658=FACE_BOUND('',#2491,.T.);
#2659=FACE_BOUND('',#2492,.T.);
#2660=FACE_BOUND('',#2493,.T.);
#2661=FACE_BOUND('',#2494,.T.);
#2662=FACE_BOUND('',#2495,.T.);
#2663=FACE_BOUND('',#2496,.T.);
#2664=FACE_BOUND('',#2497,.T.);
#2665=FACE_BOUND('',#2498,.T.);
#2666=FACE_BOUND('',#2499,.T.);
#2667=FACE_BOUND('',#2500,.T.);
#2668=FACE_BOUND('',#2501,.T.);
#2669=FACE_BOUND('',#2502,.T.);
#2670=FACE_BOUND('',#2503,.T.);
#2671=FACE_BOUND('',#2504,.T.);
#2672=FACE_BOUND('',#2505,.T.);
#2673=FACE_BOUND('',#2506,.T.);
#2674=PLANE('',#3007);
#2675=PLANE('',#3008);
#2676=PLANE('',#3010);
#2677=PLANE('',#3011);
#2678=PLANE('',#3012);
#2679=PLANE('',#3013);
#2680=PLANE('',#3014);
#2681=PLANE('',#3015);
#2682=PLANE('',#3016);
#2683=PLANE('',#3020);
#2684=PLANE('',#3022);
#2685=PLANE('',#3023);
#2686=PLANE('',#3024);
#2687=PLANE('',#3025);
#2688=PLANE('',#3026);
#2689=PLANE('',#3027);
#2690=PLANE('',#3028);
#2691=PLANE('',#3029);
#2692=PLANE('',#3039);
#2693=PLANE('',#3042);
#2694=PLANE('',#3043);
#2695=PLANE('',#3044);
#2696=PLANE('',#3045);
#2697=PLANE('',#3046);
#2698=PLANE('',#3047);
#2699=PLANE('',#3050);
#2700=PLANE('',#3051);
#2701=PLANE('',#3052);
#2702=PLANE('',#3053);
#2703=PLANE('',#3054);
#2704=PLANE('',#3055);
#2705=PLANE('',#3056);
#2706=PLANE('',#3057);
#2707=PLANE('',#3058);
#2708=PLANE('',#3059);
#2709=PLANE('',#3060);
#2710=PLANE('',#3061);
#2711=PLANE('',#3062);
#2712=PLANE('',#3063);
#2713=PLANE('',#3064);
#2714=PLANE('',#3073);
#2715=PLANE('',#3074);
#2716=PLANE('',#3075);
#2717=PLANE('',#3076);
#2718=PLANE('',#3077);
#2719=PLANE('',#3078);
#2720=PLANE('',#3079);
#2721=PLANE('',#3080);
#2722=PLANE('',#3081);
#2723=PLANE('',#3082);
#2724=PLANE('',#3083);
#2725=PLANE('',#3084);
#2726=PLANE('',#3085);
#2727=PLANE('',#3086);
#2728=PLANE('',#3087);
#2729=PLANE('',#3088);
#2730=PLANE('',#3089);
#2731=PLANE('',#3090);
#2732=PLANE('',#3091);
#2733=PLANE('',#3092);
#2734=PLANE('',#3093);
#2735=PLANE('',#3094);
#2736=PLANE('',#3095);
#2737=PLANE('',#3096);
#2738=PLANE('',#3097);
#2739=PLANE('',#3098);
#2740=PLANE('',#3099);
#2741=PLANE('',#3100);
#2742=PLANE('',#3101);
#2743=PLANE('',#3102);
#2744=PLANE('',#3103);
#2745=PLANE('',#3104);
#2746=PLANE('',#3105);
#2747=PLANE('',#3106);
#2748=PLANE('',#3107);
#2749=PLANE('',#3108);
#2750=PLANE('',#3109);
#2751=PLANE('',#3110);
#2752=PLANE('',#3112);
#2753=PLANE('',#3113);
#2754=PLANE('',#3114);
#2755=PLANE('',#3115);
#2756=PLANE('',#3117);
#2757=PLANE('',#3119);
#2758=PLANE('',#3120);
#2759=PLANE('',#3121);
#2760=PLANE('',#3122);
#2761=PLANE('',#3123);
#2762=PLANE('',#3124);
#2763=PLANE('',#3125);
#2764=PLANE('',#3126);
#2765=PLANE('',#3128);
#2766=PLANE('',#3129);
#2767=PLANE('',#3130);
#2768=PLANE('',#3131);
#2769=PLANE('',#3132);
#2770=PLANE('',#3134);
#2771=PLANE('',#3135);
#2772=PLANE('',#3136);
#2773=PLANE('',#3137);
#2774=PLANE('',#3138);
#2775=PLANE('',#3139);
#2776=PLANE('',#3140);
#2777=PLANE('',#3141);
#2778=PLANE('',#3142);
#2779=PLANE('',#3143);
#2780=PLANE('',#3144);
#2781=PLANE('',#3145);
#2782=PLANE('',#3146);
#2783=PLANE('',#3147);
#2784=PLANE('',#3148);
#2785=PLANE('',#3149);
#2786=PLANE('',#3150);
#2787=PLANE('',#3151);
#2788=PLANE('',#3152);
#2789=PLANE('',#3153);
#2790=PLANE('',#3154);
#2791=PLANE('',#3155);
#2792=PLANE('',#3156);
#2793=PLANE('',#3157);
#2794=PLANE('',#3158);
#2795=PLANE('',#3159);
#2796=PLANE('',#3160);
#2797=PLANE('',#3161);
#2798=PLANE('',#3162);
#2799=PLANE('',#3163);
#2800=PLANE('',#3167);
#2801=PLANE('',#3168);
#2802=PLANE('',#3172);
#2803=PLANE('',#3173);
#2804=PLANE('',#3174);
#2805=PLANE('',#3175);
#2806=PLANE('',#3176);
#2807=PLANE('',#3177);
#2808=PLANE('',#3178);
#2809=PLANE('',#3179);
#2810=PLANE('',#3180);
#2811=PLANE('',#3181);
#2812=PLANE('',#3182);
#2813=PLANE('',#3183);
#2814=PLANE('',#3184);
#2815=PLANE('',#3185);
#2816=PLANE('',#3186);
#2817=PLANE('',#3187);
#2818=PLANE('',#3188);
#2819=PLANE('',#3189);
#2820=PLANE('',#3190);
#2821=PLANE('',#3191);
#2822=PLANE('',#3192);
#2823=PLANE('',#3193);
#2824=PLANE('',#3194);
#2825=PLANE('',#3195);
#2826=PLANE('',#3196);
#2827=ADVANCED_FACE('',(#2507),#2674,.F.);
#2828=ADVANCED_FACE('',(#2508),#2675,.T.);
#2829=ADVANCED_FACE('',(#2509),#2676,.T.);
#2830=ADVANCED_FACE('',(#2510),#2677,.T.);
#2831=ADVANCED_FACE('',(#2511),#2678,.F.);
#2832=ADVANCED_FACE('',(#2512),#2679,.T.);
#2833=ADVANCED_FACE('',(#2513),#2680,.F.);
#2834=ADVANCED_FACE('',(#2514),#2681,.F.);
#2835=ADVANCED_FACE('',(#2515),#2682,.F.);
#2836=ADVANCED_FACE('',(#2516),#2683,.F.);
#2837=ADVANCED_FACE('',(#2517),#2684,.T.);
#2838=ADVANCED_FACE('',(#2518),#2685,.F.);
#2839=ADVANCED_FACE('',(#2519),#2686,.T.);
#2840=ADVANCED_FACE('',(#2520),#2687,.T.);
#2841=ADVANCED_FACE('',(#2521),#2688,.F.);
#2842=ADVANCED_FACE('',(#2522),#2689,.F.);
#2843=ADVANCED_FACE('',(#2523),#2690,.T.);
#2844=ADVANCED_FACE('',(#2524),#2691,.T.);
#2845=ADVANCED_FACE('',(#2525),#26,.F.);
#2846=ADVANCED_FACE('',(#2526),#14,.F.);
#2847=ADVANCED_FACE('',(#2527),#2692,.F.);
#2848=ADVANCED_FACE('',(#2528),#2693,.F.);
#2849=ADVANCED_FACE('',(#2529),#2694,.F.);
#2850=ADVANCED_FACE('',(#2530),#2695,.T.);
#2851=ADVANCED_FACE('',(#2531),#2696,.T.);
#2852=ADVANCED_FACE('',(#2532),#2697,.F.);
#2853=ADVANCED_FACE('',(#2533),#2698,.T.);
#2854=ADVANCED_FACE('',(#2534),#2699,.F.);
#2855=ADVANCED_FACE('',(#2535),#2700,.F.);
#2856=ADVANCED_FACE('',(#2536),#2701,.F.);
#2857=ADVANCED_FACE('',(#2537),#2702,.F.);
#2858=ADVANCED_FACE('',(#2538),#2703,.F.);
#2859=ADVANCED_FACE('',(#2539),#2704,.F.);
#2860=ADVANCED_FACE('',(#2540),#2705,.T.);
#2861=ADVANCED_FACE('',(#2541),#2706,.F.);
#2862=ADVANCED_FACE('',(#2542),#2707,.T.);
#2863=ADVANCED_FACE('',(#2543),#2708,.T.);
#2864=ADVANCED_FACE('',(#2544),#2709,.T.);
#2865=ADVANCED_FACE('',(#2545),#2710,.F.);
#2866=ADVANCED_FACE('',(#2546),#2711,.T.);
#2867=ADVANCED_FACE('',(#2547),#2712,.T.);
#2868=ADVANCED_FACE('',(#2548),#2713,.T.);
#2869=ADVANCED_FACE('',(#2549),#15,.F.);
#2870=ADVANCED_FACE('',(#2550),#16,.F.);
#2871=ADVANCED_FACE('',(#2551),#17,.F.);
#2872=ADVANCED_FACE('',(#2552),#2714,.F.);
#2873=ADVANCED_FACE('',(#2553),#2715,.F.);
#2874=ADVANCED_FACE('',(#2554),#2716,.F.);
#2875=ADVANCED_FACE('',(#2555),#2717,.T.);
#2876=ADVANCED_FACE('',(#2556),#2718,.F.);
#2877=ADVANCED_FACE('',(#2557),#2719,.F.);
#2878=ADVANCED_FACE('',(#2558),#2720,.T.);
#2879=ADVANCED_FACE('',(#2559),#2721,.F.);
#2880=ADVANCED_FACE('',(#2560),#2722,.T.);
#2881=ADVANCED_FACE('',(#2561),#2723,.F.);
#2882=ADVANCED_FACE('',(#2562),#2724,.F.);
#2883=ADVANCED_FACE('',(#2563),#2725,.F.);
#2884=ADVANCED_FACE('',(#2564),#2726,.T.);
#2885=ADVANCED_FACE('',(#2565),#2727,.T.);
#2886=ADVANCED_FACE('',(#2566),#2728,.T.);
#2887=ADVANCED_FACE('',(#2567),#2729,.F.);
#2888=ADVANCED_FACE('',(#2568),#2730,.F.);
#2889=ADVANCED_FACE('',(#2569),#2731,.F.);
#2890=ADVANCED_FACE('',(#2570),#2732,.T.);
#2891=ADVANCED_FACE('',(#2571),#2733,.T.);
#2892=ADVANCED_FACE('',(#2572),#2734,.F.);
#2893=ADVANCED_FACE('',(#2573),#2735,.T.);
#2894=ADVANCED_FACE('',(#2574),#2736,.T.);
#2895=ADVANCED_FACE('',(#2575),#2737,.T.);
#2896=ADVANCED_FACE('',(#2576),#2738,.T.);
#2897=ADVANCED_FACE('',(#2577),#2739,.T.);
#2898=ADVANCED_FACE('',(#2578),#2740,.T.);
#2899=ADVANCED_FACE('',(#2579),#2741,.T.);
#2900=ADVANCED_FACE('',(#2580),#2742,.T.);
#2901=ADVANCED_FACE('',(#2581),#2743,.T.);
#2902=ADVANCED_FACE('',(#2582),#2744,.T.);
#2903=ADVANCED_FACE('',(#2583),#2745,.T.);
#2904=ADVANCED_FACE('',(#2584),#2746,.T.);
#2905=ADVANCED_FACE('',(#2585),#2747,.F.);
#2906=ADVANCED_FACE('',(#2586),#2748,.T.);
#2907=ADVANCED_FACE('',(#2587),#2749,.T.);
#2908=ADVANCED_FACE('',(#2588),#2750,.F.);
#2909=ADVANCED_FACE('',(#2589),#2751,.F.);
#2910=ADVANCED_FACE('',(#2590),#27,.F.);
#2911=ADVANCED_FACE('',(#2591),#2752,.T.);
#2912=ADVANCED_FACE('',(#2592),#2753,.F.);
#2913=ADVANCED_FACE('',(#2593),#2754,.F.);
#2914=ADVANCED_FACE('',(#2594),#2755,.F.);
#2915=ADVANCED_FACE('',(#2595),#28,.F.);
#2916=ADVANCED_FACE('',(#2596),#2756,.F.);
#2917=ADVANCED_FACE('',(#2597),#29,.F.);
#2918=ADVANCED_FACE('',(#2598),#2757,.F.);
#2919=ADVANCED_FACE('',(#2599),#2758,.F.);
#2920=ADVANCED_FACE('',(#2600),#2759,.F.);
#2921=ADVANCED_FACE('',(#2601),#2760,.F.);
#2922=ADVANCED_FACE('',(#2602),#2761,.F.);
#2923=ADVANCED_FACE('',(#2603),#2762,.F.);
#2924=ADVANCED_FACE('',(#2604),#2763,.F.);
#2925=ADVANCED_FACE('',(#2605),#2764,.F.);
#2926=ADVANCED_FACE('',(#2606),#30,.F.);
#2927=ADVANCED_FACE('',(#2607),#2765,.F.);
#2928=ADVANCED_FACE('',(#2608),#2766,.T.);
#2929=ADVANCED_FACE('',(#2609),#2767,.T.);
#2930=ADVANCED_FACE('',(#2610),#2768,.F.);
#2931=ADVANCED_FACE('',(#2611),#2769,.T.);
#2932=ADVANCED_FACE('',(#2612),#31,.F.);
#2933=ADVANCED_FACE('',(#2613),#2770,.T.);
#2934=ADVANCED_FACE('',(#2614),#2771,.F.);
#2935=ADVANCED_FACE('',(#2615),#2772,.F.);
#2936=ADVANCED_FACE('',(#2616),#2773,.T.);
#2937=ADVANCED_FACE('',(#2617),#2774,.T.);
#2938=ADVANCED_FACE('',(#2618),#2775,.F.);
#2939=ADVANCED_FACE('',(#2619),#2776,.F.);
#2940=ADVANCED_FACE('',(#2620),#2777,.T.);
#2941=ADVANCED_FACE('',(#2621),#2778,.T.);
#2942=ADVANCED_FACE('',(#2622),#2779,.T.);
#2943=ADVANCED_FACE('',(#2623),#2780,.F.);
#2944=ADVANCED_FACE('',(#2624),#2781,.F.);
#2945=ADVANCED_FACE('',(#2625),#2782,.T.);
#2946=ADVANCED_FACE('',(#2626),#2783,.F.);
#2947=ADVANCED_FACE('',(#2627),#2784,.F.);
#2948=ADVANCED_FACE('',(#2628),#2785,.F.);
#2949=ADVANCED_FACE('',(#2629),#2786,.T.);
#2950=ADVANCED_FACE('',(#2630),#2787,.F.);
#2951=ADVANCED_FACE('',(#2631),#2788,.T.);
#2952=ADVANCED_FACE('',(#2632),#2789,.T.);
#2953=ADVANCED_FACE('',(#2633),#2790,.T.);
#2954=ADVANCED_FACE('',(#2634),#2791,.T.);
#2955=ADVANCED_FACE('',(#2635),#2792,.F.);
#2956=ADVANCED_FACE('',(#2636),#2793,.T.);
#2957=ADVANCED_FACE('',(#2637),#2794,.F.);
#2958=ADVANCED_FACE('',(#2638),#2795,.T.);
#2959=ADVANCED_FACE('',(#2639),#2796,.T.);
#2960=ADVANCED_FACE('',(#2640),#2797,.F.);
#2961=ADVANCED_FACE('',(#2641),#2798,.T.);
#2962=ADVANCED_FACE('',(#2642),#2799,.F.);
#2963=ADVANCED_FACE('',(#2643),#32,.F.);
#2964=ADVANCED_FACE('',(#2644),#2800,.T.);
#2965=ADVANCED_FACE('',(#2645),#2801,.T.);
#2966=ADVANCED_FACE('',(#2646),#12,.T.);
#2967=ADVANCED_FACE('',(#2647),#13,.T.);
#2968=ADVANCED_FACE('',(#2648),#33,.F.);
#2969=ADVANCED_FACE('',(#2649),#2802,.T.);
#2970=ADVANCED_FACE('',(#2650),#2803,.F.);
#2971=ADVANCED_FACE('',(#2651),#2804,.F.);
#2972=ADVANCED_FACE('',(#2652),#2805,.F.);
#2973=ADVANCED_FACE('',(#2653),#2806,.T.);
#2974=ADVANCED_FACE('',(#2654),#2807,.T.);
#2975=ADVANCED_FACE('',(#2655),#2808,.T.);
#2976=ADVANCED_FACE('',(#2656),#2809,.T.);
#2977=ADVANCED_FACE('',(#2657),#2810,.F.);
#2978=ADVANCED_FACE('',(#2658),#2811,.T.);
#2979=ADVANCED_FACE('',(#2659),#2812,.T.);
#2980=ADVANCED_FACE('',(#2660),#2813,.T.);
#2981=ADVANCED_FACE('',(#2661),#2814,.T.);
#2982=ADVANCED_FACE('',(#2662),#2815,.T.);
#2983=ADVANCED_FACE('',(#2663),#2816,.T.);
#2984=ADVANCED_FACE('',(#2664),#2817,.T.);
#2985=ADVANCED_FACE('',(#2665),#2818,.T.);
#2986=ADVANCED_FACE('',(#2666),#2819,.T.);
#2987=ADVANCED_FACE('',(#2667),#2820,.T.);
#2988=ADVANCED_FACE('',(#2668),#2821,.T.);
#2989=ADVANCED_FACE('',(#2669),#2822,.T.);
#2990=ADVANCED_FACE('',(#2670),#2823,.T.);
#2991=ADVANCED_FACE('',(#2671),#2824,.T.);
#2992=ADVANCED_FACE('',(#2672),#2825,.T.);
#2993=ADVANCED_FACE('',(#2673),#2826,.T.);
#2994=CLOSED_SHELL('',(#2827,#2828,#2829,#2830,#2831,#2832,#2833,#2834,
#2835,#2836,#2837,#2838,#2839,#2840,#2841,#2842,#2843,#2844,#2845,#2846,
#2847,#2848,#2849,#2850,#2851,#2852,#2853,#2854,#2855,#2856,#2857,#2858,
#2859,#2860,#2861,#2862,#2863,#2864,#2865,#2866,#2867,#2868,#2869,#2870,
#2871,#2872,#2873,#2874,#2875,#2876,#2877,#2878,#2879,#2880,#2881,#2882,
#2883,#2884,#2885,#2886,#2887,#2888,#2889,#2890,#2891,#2892,#2893,#2894,
#2895,#2896,#2897,#2898,#2899,#2900,#2901,#2902,#2903,#2904,#2905,#2906,
#2907,#2908,#2909,#2910,#2911,#2912,#2913,#2914,#2915,#2916,#2917,#2918,
#2919,#2920,#2921,#2922,#2923,#2924,#2925,#2926,#2927,#2928,#2929,#2930,
#2931,#2932,#2933,#2934,#2935,#2936,#2937,#2938,#2939,#2940,#2941,#2942,
#2943,#2944,#2945,#2946,#2947,#2948,#2949,#2950,#2951,#2952,#2953,#2954,
#2955,#2956,#2957,#2958,#2959,#2960,#2961,#2962,#2963,#2964,#2965,#2966,
#2967,#2968,#2969,#2970,#2971,#2972,#2973,#2974,#2975,#2976,#2977,#2978,
#2979,#2980,#2981,#2982,#2983,#2984,#2985,#2986,#2987,#2988,#2989,#2990,
#2991,#2992,#2993));
#2995=STYLED_ITEM('',(#2996),#3003);
#2996=PRESENTATION_STYLE_ASSIGNMENT((#2997));
#2997=SURFACE_STYLE_USAGE(.BOTH.,#2998);
#2998=SURFACE_SIDE_STYLE('',(#2999));
#2999=SURFACE_STYLE_FILL_AREA(#3000);
#3000=FILL_AREA_STYLE('',(#3001));
#3001=FILL_AREA_STYLE_COLOUR('',#3002);
#3002=COLOUR_RGB('',0.615686274509804,0.811764705882353,0.929411764705882);
#3003=MANIFOLD_SOLID_BREP('Part 1',#2994);
#3004=SHAPE_DEFINITION_REPRESENTATION(#4869,#3005);
#3005=SHAPE_REPRESENTATION('Part 1',(#3006),#4864);
#3006=AXIS2_PLACEMENT_3D('',#3958,#3197,#3198);
#3007=AXIS2_PLACEMENT_3D('',#3959,#3199,#3200);
#3008=AXIS2_PLACEMENT_3D('',#3974,#3208,#3209);
#3009=AXIS2_PLACEMENT_3D('',#3980,#3212,#3213);
#3010=AXIS2_PLACEMENT_3D('',#4017,#3232,#3233);
#3011=AXIS2_PLACEMENT_3D('',#4030,#3240,#3241);
#3012=AXIS2_PLACEMENT_3D('',#4039,#3246,#3247);
#3013=AXIS2_PLACEMENT_3D('',#4050,#3253,#3254);
#3014=AXIS2_PLACEMENT_3D('',#4063,#3261,#3262);
#3015=AXIS2_PLACEMENT_3D('',#4076,#3269,#3270);
#3016=AXIS2_PLACEMENT_3D('',#4085,#3275,#3276);
#3017=AXIS2_PLACEMENT_3D('',#4091,#3279,#3280);
#3018=AXIS2_PLACEMENT_3D('',#4095,#3282,#3283);
#3019=AXIS2_PLACEMENT_3D('',#4119,#3295,#3296);
#3020=AXIS2_PLACEMENT_3D('',#4149,#3312,#3313);
#3021=AXIS2_PLACEMENT_3D('',#4155,#3316,#3317);
#3022=AXIS2_PLACEMENT_3D('',#4182,#3331,#3332);
#3023=AXIS2_PLACEMENT_3D('',#4188,#3336,#3337);
#3024=AXIS2_PLACEMENT_3D('',#4206,#3344,#3345);
#3025=AXIS2_PLACEMENT_3D('',#4226,#3353,#3354);
#3026=AXIS2_PLACEMENT_3D('',#4235,#3359,#3360);
#3027=AXIS2_PLACEMENT_3D('',#4243,#3365,#3366);
#3028=AXIS2_PLACEMENT_3D('',#4252,#3371,#3372);
#3029=AXIS2_PLACEMENT_3D('',#4263,#3378,#3379);
#3030=AXIS2_PLACEMENT_3D('',#4271,#3384,#3385);
#3031=AXIS2_PLACEMENT_3D('',#4278,#3386,#3387);
#3032=AXIS2_PLACEMENT_3D('',#4280,#3388,#3389);
#3033=AXIS2_PLACEMENT_3D('',#4282,#3390,#3391);
#3034=AXIS2_PLACEMENT_3D('',#4289,#3392,#3393);
#3035=AXIS2_PLACEMENT_3D('',#4290,#3394,#3395);
#3036=AXIS2_PLACEMENT_3D('',#4291,#3396,#3397);
#3037=AXIS2_PLACEMENT_3D('',#4294,#3398,#3399);
#3038=AXIS2_PLACEMENT_3D('',#4299,#3402,#3403);
#3039=AXIS2_PLACEMENT_3D('',#4300,#3404,#3405);
#3040=AXIS2_PLACEMENT_3D('',#4313,#3412,#3413);
#3041=AXIS2_PLACEMENT_3D('',#4317,#3415,#3416);
#3042=AXIS2_PLACEMENT_3D('',#4320,#3418,#3419);
#3043=AXIS2_PLACEMENT_3D('',#4324,#3422,#3423);
#3044=AXIS2_PLACEMENT_3D('',#4329,#3427,#3428);
#3045=AXIS2_PLACEMENT_3D('',#4340,#3434,#3435);
#3046=AXIS2_PLACEMENT_3D('',#4349,#3440,#3441);
#3047=AXIS2_PLACEMENT_3D('',#4369,#3447,#3448);
#3048=AXIS2_PLACEMENT_3D('',#4370,#3449,#3450);
#3049=AXIS2_PLACEMENT_3D('',#4371,#3451,#3452);
#3050=AXIS2_PLACEMENT_3D('',#4375,#3455,#3456);
#3051=AXIS2_PLACEMENT_3D('',#4392,#3466,#3467);
#3052=AXIS2_PLACEMENT_3D('',#4397,#3471,#3472);
#3053=AXIS2_PLACEMENT_3D('',#4402,#3476,#3477);
#3054=AXIS2_PLACEMENT_3D('',#4411,#3482,#3483);
#3055=AXIS2_PLACEMENT_3D('',#4420,#3488,#3489);
#3056=AXIS2_PLACEMENT_3D('',#4427,#3494,#3495);
#3057=AXIS2_PLACEMENT_3D('',#4442,#3503,#3504);
#3058=AXIS2_PLACEMENT_3D('',#4454,#3511,#3512);
#3059=AXIS2_PLACEMENT_3D('',#4464,#3518,#3519);
#3060=AXIS2_PLACEMENT_3D('',#4473,#3524,#3525);
#3061=AXIS2_PLACEMENT_3D('',#4486,#3532,#3533);
#3062=AXIS2_PLACEMENT_3D('',#4499,#3540,#3541);
#3063=AXIS2_PLACEMENT_3D('',#4508,#3546,#3547);
#3064=AXIS2_PLACEMENT_3D('',#4511,#3550,#3551);
#3065=AXIS2_PLACEMENT_3D('',#4513,#3553,#3554);
#3066=AXIS2_PLACEMENT_3D('',#4514,#3555,#3556);
#3067=AXIS2_PLACEMENT_3D('',#4515,#3557,#3558);
#3068=AXIS2_PLACEMENT_3D('',#4516,#3559,#3560);
#3069=AXIS2_PLACEMENT_3D('',#4517,#3561,#3562);
#3070=AXIS2_PLACEMENT_3D('',#4518,#3563,#3564);
#3071=AXIS2_PLACEMENT_3D('',#4519,#3565,#3566);
#3072=AXIS2_PLACEMENT_3D('',#4520,#3567,#3568);
#3073=AXIS2_PLACEMENT_3D('',#4521,#3569,#3570);
#3074=AXIS2_PLACEMENT_3D('',#4528,#3575,#3576);
#3075=AXIS2_PLACEMENT_3D('',#4531,#3579,#3580);
#3076=AXIS2_PLACEMENT_3D('',#4534,#3583,#3584);
#3077=AXIS2_PLACEMENT_3D('',#4537,#3587,#3588);
#3078=AXIS2_PLACEMENT_3D('',#4540,#3591,#3592);
#3079=AXIS2_PLACEMENT_3D('',#4543,#3595,#3596);
#3080=AXIS2_PLACEMENT_3D('',#4546,#3599,#3600);
#3081=AXIS2_PLACEMENT_3D('',#4549,#3603,#3604);
#3082=AXIS2_PLACEMENT_3D('',#4552,#3607,#3608);
#3083=AXIS2_PLACEMENT_3D('',#4554,#3610,#3611);
#3084=AXIS2_PLACEMENT_3D('',#4557,#3614,#3615);
#3085=AXIS2_PLACEMENT_3D('',#4562,#3619,#3620);
#3086=AXIS2_PLACEMENT_3D('',#4565,#3623,#3624);
#3087=AXIS2_PLACEMENT_3D('',#4570,#3628,#3629);
#3088=AXIS2_PLACEMENT_3D('',#4573,#3632,#3633);
#3089=AXIS2_PLACEMENT_3D('',#4574,#3634,#3635);
#3090=AXIS2_PLACEMENT_3D('',#4577,#3638,#3639);
#3091=AXIS2_PLACEMENT_3D('',#4579,#3641,#3642);
#3092=AXIS2_PLACEMENT_3D('',#4581,#3644,#3645);
#3093=AXIS2_PLACEMENT_3D('',#4583,#3647,#3648);
#3094=AXIS2_PLACEMENT_3D('',#4585,#3650,#3651);
#3095=AXIS2_PLACEMENT_3D('',#4587,#3653,#3654);
#3096=AXIS2_PLACEMENT_3D('',#4588,#3655,#3656);
#3097=AXIS2_PLACEMENT_3D('',#4590,#3658,#3659);
#3098=AXIS2_PLACEMENT_3D('',#4592,#3661,#3662);
#3099=AXIS2_PLACEMENT_3D('',#4594,#3664,#3665);
#3100=AXIS2_PLACEMENT_3D('',#4596,#3667,#3668);
#3101=AXIS2_PLACEMENT_3D('',#4598,#3670,#3671);
#3102=AXIS2_PLACEMENT_3D('',#4600,#3673,#3674);
#3103=AXIS2_PLACEMENT_3D('',#4602,#3676,#3677);
#3104=AXIS2_PLACEMENT_3D('',#4603,#3678,#3679);
#3105=AXIS2_PLACEMENT_3D('',#4608,#3683,#3684);
#3106=AXIS2_PLACEMENT_3D('',#4613,#3688,#3689);
#3107=AXIS2_PLACEMENT_3D('',#4618,#3693,#3694);
#3108=AXIS2_PLACEMENT_3D('',#4622,#3697,#3698);
#3109=AXIS2_PLACEMENT_3D('',#4625,#3701,#3702);
#3110=AXIS2_PLACEMENT_3D('',#4629,#3705,#3706);
#3111=AXIS2_PLACEMENT_3D('',#4632,#3709,#3710);
#3112=AXIS2_PLACEMENT_3D('',#4634,#3712,#3713);
#3113=AXIS2_PLACEMENT_3D('',#4636,#3715,#3716);
#3114=AXIS2_PLACEMENT_3D('',#4638,#3718,#3719);
#3115=AXIS2_PLACEMENT_3D('',#4639,#3720,#3721);
#3116=AXIS2_PLACEMENT_3D('',#4642,#3724,#3725);
#3117=AXIS2_PLACEMENT_3D('',#4644,#3727,#3728);
#3118=AXIS2_PLACEMENT_3D('',#4646,#3730,#3731);
#3119=AXIS2_PLACEMENT_3D('',#4648,#3733,#3734);
#3120=AXIS2_PLACEMENT_3D('',#4650,#3736,#3737);
#3121=AXIS2_PLACEMENT_3D('',#4652,#3739,#3740);
#3122=AXIS2_PLACEMENT_3D('',#4654,#3742,#3743);
#3123=AXIS2_PLACEMENT_3D('',#4656,#3745,#3746);
#3124=AXIS2_PLACEMENT_3D('',#4658,#3748,#3749);
#3125=AXIS2_PLACEMENT_3D('',#4660,#3751,#3752);
#3126=AXIS2_PLACEMENT_3D('',#4662,#3754,#3755);
#3127=AXIS2_PLACEMENT_3D('',#4664,#3757,#3758);
#3128=AXIS2_PLACEMENT_3D('',#4665,#3759,#3760);
#3129=AXIS2_PLACEMENT_3D('',#4670,#3764,#3765);
#3130=AXIS2_PLACEMENT_3D('',#4673,#3768,#3769);
#3131=AXIS2_PLACEMENT_3D('',#4675,#3771,#3772);
#3132=AXIS2_PLACEMENT_3D('',#4677,#3774,#3775);
#3133=AXIS2_PLACEMENT_3D('',#4679,#3777,#3778);
#3134=AXIS2_PLACEMENT_3D('',#4681,#3780,#3781);
#3135=AXIS2_PLACEMENT_3D('',#4683,#3783,#3784);
#3136=AXIS2_PLACEMENT_3D('',#4685,#3786,#3787);
#3137=AXIS2_PLACEMENT_3D('',#4686,#3788,#3789);
#3138=AXIS2_PLACEMENT_3D('',#4691,#3793,#3794);
#3139=AXIS2_PLACEMENT_3D('',#4694,#3797,#3798);
#3140=AXIS2_PLACEMENT_3D('',#4698,#3801,#3802);
#3141=AXIS2_PLACEMENT_3D('',#4701,#3805,#3806);
#3142=AXIS2_PLACEMENT_3D('',#4703,#3808,#3809);
#3143=AXIS2_PLACEMENT_3D('',#4705,#3811,#3812);
#3144=AXIS2_PLACEMENT_3D('',#4707,#3814,#3815);
#3145=AXIS2_PLACEMENT_3D('',#4709,#3817,#3818);
#3146=AXIS2_PLACEMENT_3D('',#4711,#3820,#3821);
#3147=AXIS2_PLACEMENT_3D('',#4713,#3823,#3824);
#3148=AXIS2_PLACEMENT_3D('',#4715,#3826,#3827);
#3149=AXIS2_PLACEMENT_3D('',#4716,#3828,#3829);
#3150=AXIS2_PLACEMENT_3D('',#4719,#3832,#3833);
#3151=AXIS2_PLACEMENT_3D('',#4721,#3835,#3836);
#3152=AXIS2_PLACEMENT_3D('',#4726,#3840,#3841);
#3153=AXIS2_PLACEMENT_3D('',#4728,#3843,#3844);
#3154=AXIS2_PLACEMENT_3D('',#4730,#3846,#3847);
#3155=AXIS2_PLACEMENT_3D('',#4732,#3849,#3850);
#3156=AXIS2_PLACEMENT_3D('',#4734,#3852,#3853);
#3157=AXIS2_PLACEMENT_3D('',#4736,#3855,#3856);
#3158=AXIS2_PLACEMENT_3D('',#4738,#3858,#3859);
#3159=AXIS2_PLACEMENT_3D('',#4740,#3861,#3862);
#3160=AXIS2_PLACEMENT_3D('',#4742,#3864,#3865);
#3161=AXIS2_PLACEMENT_3D('',#4743,#3866,#3867);
#3162=AXIS2_PLACEMENT_3D('',#4744,#3868,#3869);
#3163=AXIS2_PLACEMENT_3D('',#4745,#3870,#3871);
#3164=AXIS2_PLACEMENT_3D('',#4746,#3872,#3873);
#3165=AXIS2_PLACEMENT_3D('',#4747,#3874,#3875);
#3166=AXIS2_PLACEMENT_3D('',#4758,#3876,#3877);
#3167=AXIS2_PLACEMENT_3D('',#4759,#3878,#3879);
#3168=AXIS2_PLACEMENT_3D('',#4767,#3882,#3883);
#3169=AXIS2_PLACEMENT_3D('',#4809,#3886,#3887);
#3170=AXIS2_PLACEMENT_3D('',#4815,#3888,#3889);
#3171=AXIS2_PLACEMENT_3D('',#4816,#3890,#3891);
#3172=AXIS2_PLACEMENT_3D('',#4822,#3892,#3893);
#3173=AXIS2_PLACEMENT_3D('',#4823,#3894,#3895);
#3174=AXIS2_PLACEMENT_3D('',#4824,#3896,#3897);
#3175=AXIS2_PLACEMENT_3D('',#4826,#3899,#3900);
#3176=AXIS2_PLACEMENT_3D('',#4827,#3901,#3902);
#3177=AXIS2_PLACEMENT_3D('',#4831,#3906,#3907);
#3178=AXIS2_PLACEMENT_3D('',#4832,#3908,#3909);
#3179=AXIS2_PLACEMENT_3D('',#4833,#3910,#3911);
#3180=AXIS2_PLACEMENT_3D('',#4835,#3913,#3914);
#3181=AXIS2_PLACEMENT_3D('',#4837,#3916,#3917);
#3182=AXIS2_PLACEMENT_3D('',#4839,#3919,#3920);
#3183=AXIS2_PLACEMENT_3D('',#4840,#3921,#3922);
#3184=AXIS2_PLACEMENT_3D('',#4842,#3924,#3925);
#3185=AXIS2_PLACEMENT_3D('',#4844,#3927,#3928);
#3186=AXIS2_PLACEMENT_3D('',#4846,#3930,#3931);
#3187=AXIS2_PLACEMENT_3D('',#4847,#3932,#3933);
#3188=AXIS2_PLACEMENT_3D('',#4849,#3935,#3936);
#3189=AXIS2_PLACEMENT_3D('',#4851,#3938,#3939);
#3190=AXIS2_PLACEMENT_3D('',#4853,#3941,#3942);
#3191=AXIS2_PLACEMENT_3D('',#4854,#3943,#3944);
#3192=AXIS2_PLACEMENT_3D('',#4856,#3946,#3947);
#3193=AXIS2_PLACEMENT_3D('',#4858,#3949,#3950);
#3194=AXIS2_PLACEMENT_3D('',#4860,#3952,#3953);
#3195=AXIS2_PLACEMENT_3D('',#4861,#3954,#3955);
#3196=AXIS2_PLACEMENT_3D('',#4862,#3956,#3957);
#3197=DIRECTION('',(0.,0.,1.));
#3198=DIRECTION('',(1.,0.,0.));
#3199=DIRECTION('',(-1.,-1.34061306761005E-16,0.));
#3200=DIRECTION('',(1.34061306761005E-16,-1.,0.));
#3201=DIRECTION('',(1.34061306761005E-16,-1.,0.));
#3202=DIRECTION('',(0.,0.,-1.));
#3203=DIRECTION('',(9.47956591054363E-17,-0.707106781186548,-0.707106781186548));
#3204=DIRECTION('',(1.34061306761005E-16,-1.,0.));
#3205=DIRECTION('',(0.,0.,1.));
#3206=DIRECTION('',(1.34061306761005E-16,-1.,0.));
#3207=DIRECTION('',(0.,0.,1.));
#3208=DIRECTION('',(0.,-1.,0.));
#3209=DIRECTION('',(1.,0.,0.));
#3210=DIRECTION('',(0.,0.,-1.));
#3211=DIRECTION('',(0.862794571838652,0.,-0.505554672420063));
#3212=DIRECTION('',(0.,-1.,0.));
#3213=DIRECTION('',(0.,0.,-1.));
#3214=DIRECTION('',(0.862791369555966,0.,0.505560137490824));
#3215=DIRECTION('',(0.,0.,1.));
#3216=DIRECTION('',(-1.,0.,0.));
#3217=DIRECTION('',(0.,0.,1.));
#3218=DIRECTION('',(0.707106781186548,0.,0.707106781186548));
#3219=DIRECTION('',(0.,0.,1.));
#3220=DIRECTION('',(-1.,0.,0.));
#3221=DIRECTION('',(0.,0.,-1.));
#3222=DIRECTION('',(-0.816496580927726,0.,-0.577350269189627));
#3223=DIRECTION('',(1.,0.,0.));
#3224=DIRECTION('',(0.816496580927725,0.,-0.577350269189627));
#3225=DIRECTION('',(0.,0.,1.));
#3226=DIRECTION('',(-1.,0.,0.));
#3227=DIRECTION('',(-0.707106781186548,0.,-0.707106781186548));
#3228=DIRECTION('',(0.707106781186548,0.,-0.707106781186548));
#3229=DIRECTION('',(0.,0.,-1.));
#3230=DIRECTION('',(-1.,0.,-1.02283223819387E-16));
#3231=DIRECTION('',(-0.707106781186548,0.,-0.707106781186548));
#3232=DIRECTION('',(0.,-1.,0.));
#3233=DIRECTION('',(1.,0.,0.));
#3234=DIRECTION('',(-0.707106781186547,0.,-0.707106781186548));
#3235=DIRECTION('',(0.,0.,-1.));
#3236=DIRECTION('',(0.707106781186548,0.,-0.707106781186548));
#3237=DIRECTION('',(-1.,0.,0.));
#3238=DIRECTION('',(0.,0.,-1.));
#3239=DIRECTION('',(-1.,0.,-1.0842021724855E-16));
#3240=DIRECTION('',(1.,0.,0.));
#3241=DIRECTION('',(0.,0.,-1.));
#3242=DIRECTION('',(0.,0.,-1.));
#3243=DIRECTION('',(0.,1.,0.));
#3244=DIRECTION('',(0.,0.,1.));
#3245=DIRECTION('',(0.,-1.,0.));
#3246=DIRECTION('',(0.998511053242005,0.0545497621767679,0.));
#3247=DIRECTION('',(-0.0545497621767679,0.998511053242005,0.));
#3248=DIRECTION('',(0.,0.,1.));
#3249=DIRECTION('',(0.0545497621767679,-0.998511053242005,5.91429706606194E-18));
#3250=DIRECTION('',(0.0371419043691426,-0.679867346274905,-0.732393931166112));
#3251=DIRECTION('',(0.,0.,1.));
#3252=DIRECTION('',(-0.0545497621767679,0.998511053242005,0.));
#3253=DIRECTION('',(0.707106781186547,0.,-0.707106781186548));
#3254=DIRECTION('',(-0.707106781186548,0.,-0.707106781186548));
#3255=DIRECTION('',(-0.707106781186548,0.,-0.707106781186548));
#3256=DIRECTION('',(-0.577350269189626,-0.577350269189626,-0.577350269189626));
#3257=DIRECTION('',(0.357406744336593,0.862856209461017,0.357406744336593));
#3258=DIRECTION('',(0.,1.,0.));
#3259=DIRECTION('',(0.707106781186548,0.,0.707106781186548));
#3260=DIRECTION('',(0.,-1.,0.));
#3261=DIRECTION('',(0.,-1.,0.));
#3262=DIRECTION('',(1.,0.,0.));
#3263=DIRECTION('',(0.707106781186548,0.,-0.707106781186548));
#3264=DIRECTION('',(5.50469183102282E-15,0.,1.));
#3265=DIRECTION('',(-0.707106781186547,0.,-0.707106781186548));
#3266=DIRECTION('',(-1.,0.,-1.0842021724855E-16));
#3267=DIRECTION('',(0.,0.,1.));
#3268=DIRECTION('',(1.,0.,0.));
#3269=DIRECTION('',(-0.707106781186548,0.,-0.707106781186547));
#3270=DIRECTION('',(-0.707106781186548,0.,0.707106781186548));
#3271=DIRECTION('',(0.707106781186548,0.,-0.707106781186548));
#3272=DIRECTION('',(0.,1.,0.));
#3273=DIRECTION('',(-0.707106781186548,0.,0.707106781186548));
#3274=DIRECTION('',(0.,1.,0.));
#3275=DIRECTION('',(0.,0.,-1.));
#3276=DIRECTION('',(-1.,0.,0.));
#3277=DIRECTION('',(-0.707106781186548,0.707106781186547,0.));
#3278=DIRECTION('',(-1.34061306761005E-16,1.,0.));
#3279=DIRECTION('',(0.,0.,-1.));
#3280=DIRECTION('',(-1.,0.,0.));
#3281=DIRECTION('',(1.,0.,0.));
#3282=DIRECTION('',(0.,0.,-1.));
#3283=DIRECTION('',(-1.,0.,0.));
#3284=DIRECTION('',(0.0545497621767679,-0.998511053242005,0.));
#3285=DIRECTION('',(0.,-1.,0.));
#3286=DIRECTION('',(1.,0.,0.));
#3287=DIRECTION('',(0.,1.,0.));
#3288=DIRECTION('',(0.707106781186545,0.70710678118655,0.));
#3289=DIRECTION('',(1.,0.,0.));
#3290=DIRECTION('',(0.,-1.,0.));
#3291=DIRECTION('',(0.492365963917331,-0.87038827977849,0.));
#3292=DIRECTION('',(-1.,0.,0.));
#3293=DIRECTION('',(-0.707106781186547,0.707106781186548,0.));
#3294=DIRECTION('',(0.,1.,0.));
#3295=DIRECTION('',(0.,0.,-1.));
#3296=DIRECTION('',(-1.,0.,0.));
#3297=DIRECTION('',(1.98254111540206E-16,-1.,0.));
#3298=DIRECTION('',(0.707106781186546,-0.707106781186549,0.));
#3299=DIRECTION('',(1.,0.,0.));
#3300=DIRECTION('',(0.816496580927726,-0.577350269189625,0.));
#3301=DIRECTION('',(-1.,0.,0.));
#3302=DIRECTION('',(-0.816496580927726,-0.577350269189626,0.));
#3303=DIRECTION('',(0.,1.,0.));
#3304=DIRECTION('',(1.,0.,0.));
#3305=DIRECTION('',(0.707106781186548,-0.707106781186548,0.));
#3306=DIRECTION('',(0.,-1.,0.));
#3307=DIRECTION('',(1.,0.,0.));
#3308=DIRECTION('',(0.,1.,0.));
#3309=DIRECTION('',(0.707106781186547,0.707106781186548,0.));
#3310=DIRECTION('',(1.,0.,0.));
#3311=DIRECTION('',(0.,1.,0.));
#3312=DIRECTION('',(0.,-1.,0.));
#3313=DIRECTION('',(1.,0.,0.));
#3314=DIRECTION('',(0.,0.,-1.));
#3315=DIRECTION('',(-0.815552736311362,0.,-0.578682757903715));
#3316=DIRECTION('',(0.,-1.,0.));
#3317=DIRECTION('',(0.,0.,-1.));
#3318=DIRECTION('',(-0.815555658212606,0.,0.578678639969891));
#3319=DIRECTION('',(0.,0.,1.));
#3320=DIRECTION('',(0.707106781186548,0.,0.707106781186548));
#3321=DIRECTION('',(1.,0.,1.02283223819387E-16));
#3322=DIRECTION('',(0.,0.,1.));
#3323=DIRECTION('',(-0.707106781186548,0.,0.707106781186548));
#3324=DIRECTION('',(0.707106781186548,0.,0.707106781186548));
#3325=DIRECTION('',(1.,0.,0.));
#3326=DIRECTION('',(0.707106781186548,0.,-0.707106781186548));
#3327=DIRECTION('',(-0.707106781186548,0.,-0.707106781186548));
#3328=DIRECTION('',(0.,0.,-1.));
#3329=DIRECTION('',(1.,0.,-1.02283223819387E-16));
#3330=DIRECTION('',(0.707106781186548,0.,-0.707106781186548));
#3331=DIRECTION('',(-0.707106781186548,0.,0.707106781186547));
#3332=DIRECTION('',(0.707106781186548,0.,0.707106781186548));
#3333=DIRECTION('',(-0.707106781186548,0.,-0.707106781186548));
#3334=DIRECTION('',(0.,-1.,0.));
#3335=DIRECTION('',(0.707106781186548,0.,0.707106781186548));
#3336=DIRECTION('',(1.,0.,0.));
#3337=DIRECTION('',(0.,0.,-1.));
#3338=DIRECTION('',(0.,-0.840980022402414,0.541066171480009));
#3339=DIRECTION('',(0.,0.,1.));
#3340=DIRECTION('',(0.,1.,0.));
#3341=DIRECTION('',(0.,0.,-1.));
#3342=DIRECTION('',(0.,-0.756380422175704,-0.654131987407209));
#3343=DIRECTION('',(0.,-1.,-1.24821790918748E-16));
#3344=DIRECTION('',(1.,0.,0.));
#3345=DIRECTION('',(0.,0.,-1.));
#3346=DIRECTION('',(0.,0.,-1.));
#3347=DIRECTION('',(0.,0.84097035073174,-0.541081203878064));
#3348=DIRECTION('',(0.,1.,1.24820446698946E-16));
#3349=DIRECTION('',(0.,-0.756372253435785,-0.654141432896948));
#3350=DIRECTION('',(0.,0.,1.));
#3351=DIRECTION('',(0.,-1.,0.));
#3352=DIRECTION('',(0.,-0.707106781186548,-0.707106781186548));
#3353=DIRECTION('',(-0.707106781186548,0.,-0.707106781186548));
#3354=DIRECTION('',(-0.707106781186548,0.,0.707106781186548));
#3355=DIRECTION('',(-0.707106781186548,0.,0.707106781186548));
#3356=DIRECTION('',(0.,1.,0.));
#3357=DIRECTION('',(0.707106781186548,0.,-0.707106781186548));
#3358=DIRECTION('',(0.,1.,0.));
#3359=DIRECTION('',(1.,0.,0.));
#3360=DIRECTION('',(0.,0.,-1.));
#3361=DIRECTION('',(0.,0.,-1.));
#3362=DIRECTION('',(0.,-1.,0.));
#3363=DIRECTION('',(0.,0.,1.));
#3364=DIRECTION('',(0.,0.577350269189626,0.816496580927726));
#3365=DIRECTION('',(1.02283223819387E-16,0.,-1.));
#3366=DIRECTION('',(-1.,0.,-1.02283223819387E-16));
#3367=DIRECTION('',(1.,0.,1.02283223819387E-16));
#3368=DIRECTION('',(0.,1.,0.));
#3369=DIRECTION('',(-1.,0.,-1.02283223819387E-16));
#3370=DIRECTION('',(0.,-1.,0.));
#3371=DIRECTION('',(1.02283223819387E-16,0.,1.));
#3372=DIRECTION('',(1.,0.,-1.02283223819387E-16));
#3373=DIRECTION('',(-1.,0.,1.02283223819387E-16));
#3374=DIRECTION('',(0.,-1.,0.));
#3375=DIRECTION('',(-0.577350269189625,-0.816496580927726,5.90532468057059E-17));
#3376=DIRECTION('',(1.,-1.02283223819387E-16,-1.02283223819387E-16));
#3377=DIRECTION('',(0.,1.,0.));
#3378=DIRECTION('',(1.,0.,0.));
#3379=DIRECTION('',(0.,0.,-1.));
#3380=DIRECTION('',(0.,-0.707106781186548,-0.707106781186548));
#3381=DIRECTION('',(0.,1.,0.));
#3382=DIRECTION('',(0.,0.,1.));
#3383=DIRECTION('',(0.,-0.577350269189626,-0.816496580927726));
#3384=DIRECTION('',(0.,1.,1.29999343669972E-16));
#3385=DIRECTION('',(0.,-1.29999343669972E-16,1.));
#3386=DIRECTION('',(0.176730199987365,-0.27017738020258,-0.946451593922952));
#3387=DIRECTION('',(0.0495928318538166,0.962810564559234,-0.265586836650178));
#3388=DIRECTION('',(-7.86247971230177E-17,-1.,0.));
#3389=DIRECTION('',(1.,-7.86247971230177E-17,0.));
#3390=DIRECTION('',(-0.176702159750311,-0.270169424806627,-0.94645910035206));
#3391=DIRECTION('',(-0.0495833883958425,0.962812796913115,-0.265580506994642));
#3392=DIRECTION('',(0.,-1.,-1.29999343669972E-16));
#3393=DIRECTION('',(0.,1.29999343669972E-16,-1.));
#3394=DIRECTION('',(0.,-1.,-1.29999343669972E-16));
#3395=DIRECTION('',(0.,1.29999343669972E-16,-1.));
#3396=DIRECTION('',(0.,-1.,0.));
#3397=DIRECTION('',(0.,0.,-1.));
#3398=DIRECTION('',(0.203755768443238,0.421690568896306,-0.883550027406494));
#3399=DIRECTION('',(0.0947591425374091,-0.906739799558788,-0.410905878275871));
#3400=DIRECTION('',(0.,-1.,-1.29999343669972E-16));
#3401=DIRECTION('',(0.,-1.,-1.29999343669972E-16));
#3402=DIRECTION('',(-0.203727904975886,0.421689663564008,-0.883556884630192));
#3403=DIRECTION('',(-0.0947459368809963,-0.906740220594231,-0.410907994326307));
#3404=DIRECTION('',(-1.0842021724855E-16,0.,1.));
#3405=DIRECTION('',(1.,0.,1.0842021724855E-16));
#3406=DIRECTION('',(0.707106781186547,-0.707106781186548,7.66646708341687E-17));
#3407=DIRECTION('',(1.,0.,1.0842021724855E-16));
#3408=DIRECTION('',(-0.49236596391733,0.87038827977849,-5.33824247737089E-17));
#3409=DIRECTION('',(0.,-1.,0.));
#3410=DIRECTION('',(-1.,0.,0.));
#3411=DIRECTION('',(-0.0545497621767679,0.998511053242005,-5.91429706606194E-18));
#3412=DIRECTION('',(-1.0842021724855E-16,0.,1.));
#3413=DIRECTION('',(1.,0.,1.0842021724855E-16));
#3414=DIRECTION('',(1.,0.,0.));
#3415=DIRECTION('',(-1.0842021724855E-16,0.,1.));
#3416=DIRECTION('',(1.,0.,1.0842021724855E-16));
#3417=DIRECTION('',(0.,-1.,0.));
#3418=DIRECTION('',(-0.707106781186548,0.,0.707106781186547));
#3419=DIRECTION('',(0.707106781186547,0.,0.707106781186548));
#3420=DIRECTION('',(0.707106781186547,0.,0.707106781186548));
#3421=DIRECTION('',(0.,-1.,0.));
#3422=DIRECTION('',(-0.707106781186548,0.,-0.707106781186548));
#3423=DIRECTION('',(-0.707106781186548,0.,0.707106781186548));
#3424=DIRECTION('',(0.,1.,0.));
#3425=DIRECTION('',(-0.707106781186548,0.,0.707106781186548));
#3426=DIRECTION('',(0.577350269189626,-0.577350269189626,-0.577350269189626));
#3427=DIRECTION('',(0.,-1.,0.));
#3428=DIRECTION('',(0.,0.,-1.));
#3429=DIRECTION('',(-0.707106781186548,0.,0.707106781186548));
#3430=DIRECTION('',(-1.,0.,0.));
#3431=DIRECTION('',(0.,0.,-1.));
#3432=DIRECTION('',(-1.,0.,0.));
#3433=DIRECTION('',(0.707106781186548,0.,0.707106781186548));
#3434=DIRECTION('',(-1.,-1.98254111540206E-16,0.));
#3435=DIRECTION('',(1.98254111540206E-16,-1.,0.));
#3436=DIRECTION('',(0.,0.,1.));
#3437=DIRECTION('',(-1.98254111540206E-16,1.,0.));
#3438=DIRECTION('',(0.,0.,1.));
#3439=DIRECTION('',(1.98254111540206E-16,-1.,0.));
#3440=DIRECTION('',(0.,1.,0.));
#3441=DIRECTION('',(0.,0.,1.));
#3442=DIRECTION('',(0.,0.,1.));
#3443=DIRECTION('',(-1.,0.,0.));
#3444=DIRECTION('',(0.,0.,1.));
#3445=DIRECTION('',(-1.,0.,0.));
#3446=DIRECTION('',(0.,0.,1.));
#3447=DIRECTION('',(0.,0.,1.));
#3448=DIRECTION('',(1.,0.,0.));
#3449=DIRECTION('',(0.,0.,1.));
#3450=DIRECTION('',(1.,0.,0.));
#3451=DIRECTION('',(0.,0.,1.));
#3452=DIRECTION('',(1.,0.,0.));
#3453=DIRECTION('',(1.,0.,0.));
#3454=DIRECTION('',(0.707106781186546,-0.707106781186549,0.));
#3455=DIRECTION('',(0.,0.707106781186548,-0.707106781186548));
#3456=DIRECTION('',(-1.,0.,0.));
#3457=DIRECTION('',(0.577350269189626,-0.577350269189626,-0.577350269189626));
#3458=DIRECTION('',(1.,-1.02283223819387E-16,-1.02283223819387E-16));
#3459=DIRECTION('',(0.,-0.707106781186548,-0.707106781186548));
#3460=DIRECTION('',(-0.577350269189626,-0.577350269189626,-0.577350269189626));
#3461=DIRECTION('',(-0.862856209461016,-0.357406744336594,-0.357406744336594));
#3462=DIRECTION('',(-0.577350269189624,0.577350269189626,0.577350269189626));
#3463=DIRECTION('',(0.577350269189624,0.577350269189627,0.577350269189627));
#3464=DIRECTION('',(-1.,0.,0.));
#3465=DIRECTION('',(0.,-0.707106781186548,-0.707106781186548));
#3466=DIRECTION('',(-0.656532164298613,-0.371390676354103,-0.656532164298613));
#3467=DIRECTION('',(0.707106781186548,0.,-0.707106781186548));
#3468=DIRECTION('',(0.,0.870388279778489,-0.492365963917331));
#3469=DIRECTION('',(0.49236596391733,-0.87038827977849,1.56003173430054E-16));
#3470=DIRECTION('',(-0.293574489504758,-0.675948969638989,0.675948969638989));
#3471=DIRECTION('',(-0.656532164298613,-0.371390676354103,0.656532164298613));
#3472=DIRECTION('',(-0.707106781186547,0.,-0.707106781186548));
#3473=DIRECTION('',(-0.49236596391733,0.87038827977849,-1.62810055083708E-16));
#3474=DIRECTION('',(0.,-0.87038827977849,-0.492365963917331));
#3475=DIRECTION('',(0.293574489504759,0.675948969638988,0.675948969638989));
#3476=DIRECTION('',(0.,1.,0.));
#3477=DIRECTION('',(0.,0.,1.));
#3478=DIRECTION('',(1.,0.,0.));
#3479=DIRECTION('',(0.,0.,1.));
#3480=DIRECTION('',(-1.,0.,0.));
#3481=DIRECTION('',(0.,0.,-1.));
#3482=DIRECTION('',(0.,0.,1.));
#3483=DIRECTION('',(1.,0.,0.));
#3484=DIRECTION('',(-1.,0.,0.));
#3485=DIRECTION('',(0.,-1.,0.));
#3486=DIRECTION('',(-1.,0.,0.));
#3487=DIRECTION('',(0.,1.,0.));
#3488=DIRECTION('',(0.,-0.707106781186548,0.707106781186547));
#3489=DIRECTION('',(0.,-0.707106781186547,-0.707106781186548));
#3490=DIRECTION('',(0.577350269189623,0.577350269189627,0.577350269189628));
#3491=DIRECTION('',(0.,-0.707106781186547,-0.707106781186548));
#3492=DIRECTION('',(0.,0.707106781186547,0.707106781186548));
#3493=DIRECTION('',(-0.598353304852407,0.566556847356116,0.566556847356116));
#3494=DIRECTION('',(1.,0.,0.));
#3495=DIRECTION('',(0.,1.,0.));
#3496=DIRECTION('',(0.,1.,0.));
#3497=DIRECTION('',(0.,0.707106781186547,0.707106781186548));
#3498=DIRECTION('',(0.,0.,1.));
#3499=DIRECTION('',(0.,-1.,0.));
#3500=DIRECTION('',(0.,-0.707106781186548,-0.707106781186548));
#3501=DIRECTION('',(0.,0.,-1.));
#3502=DIRECTION('',(0.,0.707106781186548,-0.707106781186547));
#3503=DIRECTION('',(1.,0.,0.));
#3504=DIRECTION('',(0.,1.,0.));
#3505=DIRECTION('',(0.,-0.707106781186547,-0.707106781186548));
#3506=DIRECTION('',(0.,-1.,0.));
#3507=DIRECTION('',(0.,-0.707106781186548,0.707106781186547));
#3508=DIRECTION('',(0.,0.,1.));
#3509=DIRECTION('',(0.,0.707106781186548,0.707106781186548));
#3510=DIRECTION('',(0.,1.,0.));
#3511=DIRECTION('',(0.,0.,-1.));
#3512=DIRECTION('',(-1.,0.,0.));
#3513=DIRECTION('',(-0.707106781186547,-0.707106781186548,0.));
#3514=DIRECTION('',(0.,-1.,0.));
#3515=DIRECTION('',(-1.,0.,0.));
#3516=DIRECTION('',(0.,1.,0.));
#3517=DIRECTION('',(-0.707106781186548,0.707106781186548,0.));
#3518=DIRECTION('',(0.,-1.,0.));
#3519=DIRECTION('',(0.,0.,-1.));
#3520=DIRECTION('',(1.,0.,0.));
#3521=DIRECTION('',(0.,0.,1.));
#3522=DIRECTION('',(-1.,0.,0.));
#3523=DIRECTION('',(0.,0.,-1.));
#3524=DIRECTION('',(-1.,0.,0.));
#3525=DIRECTION('',(0.,-1.,0.));
#3526=DIRECTION('',(0.,0.,-1.));
#3527=DIRECTION('',(0.,-1.,0.));
#3528=DIRECTION('',(0.,-0.707106781186548,0.707106781186547));
#3529=DIRECTION('',(0.,0.,1.));
#3530=DIRECTION('',(0.,0.707106781186548,0.707106781186548));
#3531=DIRECTION('',(0.,1.,0.));
#3532=DIRECTION('',(-1.,0.,0.));
#3533=DIRECTION('',(0.,-1.,0.));
#3534=DIRECTION('',(0.,0.707106781186548,-0.707106781186547));
#3535=DIRECTION('',(0.,1.,0.));
#3536=DIRECTION('',(0.,0.,1.));
#3537=DIRECTION('',(0.,-1.,0.));
#3538=DIRECTION('',(0.,-0.707106781186548,-0.707106781186548));
#3539=DIRECTION('',(0.,0.,-1.));
#3540=DIRECTION('',(1.,0.,0.));
#3541=DIRECTION('',(0.,0.,-1.));
#3542=DIRECTION('',(0.,0.,1.));
#3543=DIRECTION('',(0.,-1.,0.));
#3544=DIRECTION('',(0.,0.,-1.));
#3545=DIRECTION('',(0.,-1.,-1.34061306761005E-16));
#3546=DIRECTION('',(0.707106781186547,0.707106781186548,0.));
#3547=DIRECTION('',(-0.707106781186548,0.707106781186547,0.));
#3548=DIRECTION('',(0.707106781186548,-0.707106781186547,0.));
#3549=DIRECTION('',(0.577350269189626,-0.577350269189626,0.577350269189626));
#3550=DIRECTION('',(0.707106781186548,9.47956591054363E-17,-0.707106781186548));
#3551=DIRECTION('',(-1.34061306761005E-16,1.,0.));
#3552=DIRECTION('',(0.707106781186548,6.16297582203916E-33,0.707106781186548));
#3553=DIRECTION('',(0.,0.,1.));
#3554=DIRECTION('',(1.,0.,0.));
#3555=DIRECTION('',(0.,0.,1.));
#3556=DIRECTION('',(1.,0.,0.));
#3557=DIRECTION('',(0.,0.,-1.));
#3558=DIRECTION('',(-1.,0.,0.));
#3559=DIRECTION('',(0.,0.,-1.));
#3560=DIRECTION('',(-1.,0.,0.));
#3561=DIRECTION('',(0.,0.,1.));
#3562=DIRECTION('',(1.,0.,0.));
#3563=DIRECTION('',(0.,0.,-1.));
#3564=DIRECTION('',(-1.,0.,0.));
#3565=DIRECTION('',(0.,0.,-1.));
#3566=DIRECTION('',(-1.,0.,0.));
#3567=DIRECTION('',(0.,0.,-1.));
#3568=DIRECTION('',(-1.,0.,0.));
#3569=DIRECTION('',(-0.707106781186548,0.,-0.707106781186548));
#3570=DIRECTION('',(0.,1.,0.));
#3571=DIRECTION('',(-0.357406744336593,0.862856209461017,0.357406744336593));
#3572=DIRECTION('',(-0.577350269189626,0.577350269189626,0.577350269189626));
#3573=DIRECTION('',(-0.678598344545848,-0.281084637714816,0.678598344545848));
#3574=DIRECTION('',(0.707106781186548,0.,-0.707106781186548));
#3575=DIRECTION('',(0.707106781186548,0.,-0.707106781186548));
#3576=DIRECTION('',(0.,1.,0.));
#3577=DIRECTION('',(-0.707106781186548,0.,-0.707106781186548));
#3578=DIRECTION('',(0.707106781186548,0.,0.707106781186548));
#3579=DIRECTION('',(0.,0.707106781186547,0.707106781186548));
#3580=DIRECTION('',(1.,0.,0.));
#3581=DIRECTION('',(0.,0.707106781186548,-0.707106781186547));
#3582=DIRECTION('',(0.,-0.707106781186548,0.707106781186547));
#3583=DIRECTION('',(0.,-0.707106781186548,0.707106781186548));
#3584=DIRECTION('',(-1.,0.,0.));
#3585=DIRECTION('',(0.,0.707106781186548,0.707106781186548));
#3586=DIRECTION('',(0.,-0.707106781186548,-0.707106781186548));
#3587=DIRECTION('',(0.,0.707106781186547,0.707106781186548));
#3588=DIRECTION('',(-1.,0.,0.));
#3589=DIRECTION('',(0.,0.707106781186548,-0.707106781186547));
#3590=DIRECTION('',(0.,-0.707106781186548,0.707106781186547));
#3591=DIRECTION('',(0.,0.707106781186548,-0.707106781186548));
#3592=DIRECTION('',(-1.,0.,0.));
#3593=DIRECTION('',(0.,-0.707106781186548,-0.707106781186548));
#3594=DIRECTION('',(0.,0.707106781186548,0.707106781186548));
#3595=DIRECTION('',(-0.707106781186548,-0.707106781186548,0.));
#3596=DIRECTION('',(0.,0.,1.));
#3597=DIRECTION('',(-0.707106781186548,0.707106781186548,0.));
#3598=DIRECTION('',(0.707106781186548,-0.707106781186548,0.));
#3599=DIRECTION('',(-0.707106781186548,0.707106781186547,0.));
#3600=DIRECTION('',(0.,0.,-1.));
#3601=DIRECTION('',(0.707106781186547,0.707106781186548,0.));
#3602=DIRECTION('',(-0.707106781186547,-0.707106781186548,0.));
#3603=DIRECTION('',(0.70710678118655,-0.707106781186545,0.));
#3604=DIRECTION('',(0.,0.,1.));
#3605=DIRECTION('',(0.707106781186545,0.70710678118655,0.));
#3606=DIRECTION('',(0.357406744336593,0.357406744336596,0.862856209461016));
#3607=DIRECTION('',(0.707106781186549,0.707106781186546,0.));
#3608=DIRECTION('',(0.,0.,1.));
#3609=DIRECTION('',(0.707106781186546,-0.707106781186549,0.));
#3610=DIRECTION('',(-0.707106781186548,-0.707106781186547,0.));
#3611=DIRECTION('',(0.,0.,1.));
#3612=DIRECTION('',(-0.707106781186547,0.707106781186548,-7.66646708341687E-17));
#3613=DIRECTION('',(0.707106781186547,-0.707106781186548,0.));
#3614=DIRECTION('',(-0.5,-0.707106781186548,-0.5));
#3615=DIRECTION('',(-0.707106781186548,0.,0.707106781186548));
#3616=DIRECTION('',(0.,-0.577350269189625,0.816496580927727));
#3617=DIRECTION('',(0.816496580927726,-0.577350269189626,6.40987562127855E-16));
#3618=DIRECTION('',(0.281084637714822,-0.678598344545847,0.678598344545847));
#3619=DIRECTION('',(0.5,0.707106781186548,-0.5));
#3620=DIRECTION('',(0.707106781186548,0.,0.707106781186548));
#3621=DIRECTION('',(0.,-0.577350269189626,-0.816496580927726));
#3622=DIRECTION('',(-0.678598344545847,0.678598344545847,0.28108463771482));
#3623=DIRECTION('',(-0.5,0.707106781186548,-0.5));
#3624=DIRECTION('',(0.707106781186548,0.,-0.707106781186548));
#3625=DIRECTION('',(6.67695377216525E-15,-0.577350269189623,-0.816496580927729));
#3626=DIRECTION('',(0.816496580927726,0.577350269189626,2.56395024851142E-16));
#3627=DIRECTION('',(0.678598344545847,0.678598344545847,0.281084637714821));
#3628=DIRECTION('',(-0.5,0.707106781186548,0.5));
#3629=DIRECTION('',(-0.707106781186548,0.,-0.707106781186548));
#3630=DIRECTION('',(6.67695377216521E-15,0.577350269189629,-0.816496580927724));
#3631=DIRECTION('',(-0.28108463771482,-0.678598344545847,0.678598344545847));
#3632=DIRECTION('',(0.,-0.707106781186548,-0.707106781186548));
#3633=DIRECTION('',(-1.,0.,0.));
#3634=DIRECTION('',(-0.5,0.5,-0.70710678118655));
#3635=DIRECTION('',(0.707106781186547,0.707106781186548,0.));
#3636=DIRECTION('',(0.281084637714827,-0.678598344545846,-0.678598344545846));
#3637=DIRECTION('',(0.678598344545846,-0.281084637714826,-0.678598344545846));
#3638=DIRECTION('',(-0.707106781186548,0.,-0.707106781186548));
#3639=DIRECTION('',(0.,-1.,0.));
#3640=DIRECTION('',(-0.678598344545846,-0.281084637714824,0.678598344545846));
#3641=DIRECTION('',(0.707106781186549,-0.5,0.5));
#3642=DIRECTION('',(0.,0.707106781186548,0.707106781186548));
#3643=DIRECTION('',(0.678598344545846,0.678598344545848,-0.281084637714821));
#3644=DIRECTION('',(0.707106781186549,-0.707106781186546,0.));
#3645=DIRECTION('',(0.,0.,1.));
#3646=DIRECTION('',(-0.678598344545846,-0.678598344545849,-0.281084637714819));
#3647=DIRECTION('',(-0.707106781186548,0.5,0.5));
#3648=DIRECTION('',(0.,0.707106781186548,-0.707106781186547));
#3649=DIRECTION('',(-0.678598344545847,-0.28108463771482,-0.678598344545848));
#3650=DIRECTION('',(0.707106781186548,0.,-0.707106781186547));
#3651=DIRECTION('',(0.,-1.,0.));
#3652=DIRECTION('',(0.678598344545847,-0.28108463771482,0.678598344545848));
#3653=DIRECTION('',(0.5,-0.5,-0.707106781186547));
#3654=DIRECTION('',(0.707106781186547,0.707106781186548,0.));
#3655=DIRECTION('',(0.,-0.707106781186548,0.707106781186548));
#3656=DIRECTION('',(-1.,0.,0.));
#3657=DIRECTION('',(0.281084637714819,-0.678598344545847,-0.678598344545847));
#3658=DIRECTION('',(0.5,-0.5,0.707106781186547));
#3659=DIRECTION('',(-0.707106781186545,-0.70710678118655,0.));
#3660=DIRECTION('',(0.678598344545848,-0.281084637714817,-0.678598344545848));
#3661=DIRECTION('',(0.707106781186548,0.,0.707106781186548));
#3662=DIRECTION('',(0.,1.,0.));
#3663=DIRECTION('',(0.678598344545846,0.281084637714823,-0.678598344545846));
#3664=DIRECTION('',(0.707106781186549,-0.5,0.5));
#3665=DIRECTION('',(0.,0.707106781186548,0.707106781186548));
#3666=DIRECTION('',(0.678598344545846,0.678598344545846,-0.281084637714823));
#3667=DIRECTION('',(0.707106781186548,-0.707106781186548,0.));
#3668=DIRECTION('',(0.,0.,1.));
#3669=DIRECTION('',(0.678598344545848,0.678598344545848,0.281084637714818));
#3670=DIRECTION('',(0.707106781186547,-0.5,-0.5));
#3671=DIRECTION('',(0.,-0.707106781186548,0.707106781186547));
#3672=DIRECTION('',(0.678598344545848,0.281084637714818,0.678598344545848));
#3673=DIRECTION('',(0.707106781186548,0.,-0.707106781186548));
#3674=DIRECTION('',(0.,-1.,0.));
#3675=DIRECTION('',(0.678598344545849,-0.281084637714814,0.678598344545849));
#3676=DIRECTION('',(0.707106781186545,0.5,-0.5));
#3677=DIRECTION('',(0.,-0.707106781186547,-0.707106781186548));
#3678=DIRECTION('',(0.707106781186548,0.707106781186548,0.));
#3679=DIRECTION('',(0.,0.,1.));
#3680=DIRECTION('',(-0.632974971482545,0.632974971482545,-0.445741372270225));
#3681=DIRECTION('',(-0.501968111375987,0.501968111375987,0.704312452199483));
#3682=DIRECTION('',(-0.678598344545848,0.678598344545848,-0.281084637714814));
#3683=DIRECTION('',(-0.707106781186548,-0.707106781186548,0.));
#3684=DIRECTION('',(0.,0.,1.));
#3685=DIRECTION('',(0.58789318500947,-0.58789318500947,-0.555664652500806));
#3686=DIRECTION('',(0.531666999290576,-0.531666999290576,0.659287800380615));
#3687=DIRECTION('',(-0.678598344545848,0.678598344545848,0.281084637714814));
#3688=DIRECTION('',(0.707106781186548,-0.707106781186548,0.));
#3689=DIRECTION('',(0.,0.,-1.));
#3690=DIRECTION('',(0.501965450981273,0.501965450981273,0.704316244340803));
#3691=DIRECTION('',(0.632984546525489,0.632984546525489,-0.445714177158235));
#3692=DIRECTION('',(0.678598344545848,0.678598344545848,-0.281084637714814));
#3693=DIRECTION('',(0.707106781186548,0.707106781186548,0.));
#3694=DIRECTION('',(0.,0.,1.));
#3695=DIRECTION('',(-0.577350269189627,0.577350269189627,0.577350269189624));
#3696=DIRECTION('',(-0.577350269189626,0.577350269189626,-0.577350269189626));
#3697=DIRECTION('',(7.23251611643101E-17,0.707106781186548,0.707106781186547));
#3698=DIRECTION('',(-1.,0.,1.02283223819387E-16));
#3699=DIRECTION('',(0.281084637714814,-0.678598344545848,0.678598344545849));
#3700=DIRECTION('',(-0.577350269189628,-0.577350269189625,0.577350269189625));
#3701=DIRECTION('',(0.707106781186548,-0.707106781186548,0.));
#3702=DIRECTION('',(0.,0.,-1.));
#3703=DIRECTION('',(-0.577350269189626,-0.577350269189626,0.577350269189626));
#3704=DIRECTION('',(0.577350269189627,0.577350269189627,0.577350269189623));
#3705=DIRECTION('',(7.23251611643101E-17,-0.707106781186547,-0.707106781186548));
#3706=DIRECTION('',(-1.,0.,-1.02283223819387E-16));
#3707=DIRECTION('',(-0.281084637714815,-0.678598344545848,0.678598344545848));
#3708=DIRECTION('',(0.577350269189628,-0.577350269189625,0.577350269189625));
#3709=DIRECTION('',(0.,0.,-1.));
#3710=DIRECTION('',(-1.,0.,0.));
#3711=DIRECTION('',(0.707106781186548,0.,0.707106781186547));
#3712=DIRECTION('',(0.707106781186547,0.,-0.707106781186548));
#3713=DIRECTION('',(0.,-1.,0.));
#3714=DIRECTION('',(0.67859834454585,0.281084637714806,0.67859834454585));
#3715=DIRECTION('',(-0.5,-0.5,0.707106781186542));
#3716=DIRECTION('',(0.707106781186547,-0.707106781186548,7.66646708341687E-17));
#3717=DIRECTION('',(-0.281084637714809,-0.678598344545849,-0.67859834454585));
#3718=DIRECTION('',(-7.66646708341687E-17,-0.707106781186548,0.707106781186547));
#3719=DIRECTION('',(-1.,0.,-1.0842021724855E-16));
#3720=DIRECTION('',(-0.707106781186547,-9.47956591054362E-17,-0.707106781186549));
#3721=DIRECTION('',(1.34061306761005E-16,-1.,0.));
#3722=DIRECTION('',(-0.678598344545848,-0.281084637714819,0.678598344545846));
#3723=DIRECTION('',(0.707106781186549,0.,-0.707106781186546));
#3724=DIRECTION('',(0.,0.,1.));
#3725=DIRECTION('',(1.,0.,0.));
#3726=DIRECTION('',(0.,-0.707106781186548,-0.707106781186548));
#3727=DIRECTION('',(0.,0.707106781186546,-0.707106781186549));
#3728=DIRECTION('',(-1.,0.,0.));
#3729=DIRECTION('',(0.,-0.707106781186549,-0.707106781186546));
#3730=DIRECTION('',(0.,0.,1.));
#3731=DIRECTION('',(1.,0.,0.));
#3732=DIRECTION('',(-0.706053936837146,-0.0385725067473055,-0.707106781186545));
#3733=DIRECTION('',(0.706053936837143,0.038572506747306,-0.707106781186548));
#3734=DIRECTION('',(-0.0545497621767679,0.998511053242005,0.));
#3735=DIRECTION('',(0.706975114377712,0.0192970283009396,0.706975114377709));
#3736=DIRECTION('',(0.707106781186546,0.,-0.707106781186549));
#3737=DIRECTION('',(0.,-1.,0.));
#3738=DIRECTION('',(0.678598344545848,-0.281084637714824,0.678598344545845));
#3739=DIRECTION('',(0.707106781186548,0.5,-0.5));
#3740=DIRECTION('',(0.,0.707106781186548,0.707106781186548));
#3741=DIRECTION('',(0.678598344545847,-0.678598344545847,0.281084637714821));
#3742=DIRECTION('',(0.707106781186548,0.707106781186548,0.));
#3743=DIRECTION('',(0.,0.,-1.));
#3744=DIRECTION('',(0.678598344545848,-0.678598344545848,-0.281084637714818));
#3745=DIRECTION('',(0.707106781186547,0.5,0.5));
#3746=DIRECTION('',(0.,-0.707106781186548,0.707106781186547));
#3747=DIRECTION('',(0.678598344545848,-0.281084637714819,-0.678598344545847));
#3748=DIRECTION('',(0.707106781186547,0.,0.707106781186548));
#3749=DIRECTION('',(0.,1.,0.));
#3750=DIRECTION('',(0.678598344545849,0.281084637714815,-0.678598344545848));
#3751=DIRECTION('',(0.707106781186545,-0.5,0.5));
#3752=DIRECTION('',(0.,0.707106781186547,0.707106781186548));
#3753=DIRECTION('',(0.674840881892045,0.266021631153456,-0.688347496462087));
#3754=DIRECTION('',(0.706053936837144,0.038572506747306,0.707106781186547));
#3755=DIRECTION('',(-0.0545497621767679,0.998511053242005,-5.91429706606194E-18));
#3756=DIRECTION('',(-0.706053936837143,-0.0385725067473056,0.707106781186549));
#3757=DIRECTION('',(0.,0.,-1.));
#3758=DIRECTION('',(-1.,0.,0.));
#3759=DIRECTION('',(-0.5,0.707106781186546,0.5));
#3760=DIRECTION('',(-0.707106781186548,0.,-0.707106781186548));
#3761=DIRECTION('',(0.,0.577350269189628,-0.816496580927725));
#3762=DIRECTION('',(0.816496580927725,0.577350269189628,-8.29277658502909E-16));
#3763=DIRECTION('',(-0.678598344545844,-0.678598344545849,0.281084637714823));
#3764=DIRECTION('',(0.5,-0.707106781186545,0.5));
#3765=DIRECTION('',(0.707106781186548,0.,-0.707106781186548));
#3766=DIRECTION('',(0.,0.577350269189628,0.816496580927724));
#3767=DIRECTION('',(-0.281084637714815,-0.678598344545848,-0.678598344545848));
#3768=DIRECTION('',(0.,-0.707106781186548,0.707106781186548));
#3769=DIRECTION('',(-1.,0.,0.));
#3770=DIRECTION('',(0.281084637714821,0.678598344545847,0.678598344545847));
#3771=DIRECTION('',(0.5,0.5,-0.707106781186548));
#3772=DIRECTION('',(0.707106781186546,-0.707106781186549,0.));
#3773=DIRECTION('',(0.678598344545847,0.28108463771482,0.678598344545847));
#3774=DIRECTION('',(-0.707106781186548,-1.40186826668194E-16,0.707106781186547));
#3775=DIRECTION('',(-1.98254111540206E-16,1.,0.));
#3776=DIRECTION('',(0.707106781186548,0.,0.707106781186548));
#3777=DIRECTION('',(0.,0.,1.));
#3778=DIRECTION('',(1.,0.,0.));
#3779=DIRECTION('',(-0.707106781186546,0.,0.707106781186549));
#3780=DIRECTION('',(0.707106781186548,0.,0.707106781186548));
#3781=DIRECTION('',(0.,-1.,0.));
#3782=DIRECTION('',(-0.678598344545849,-0.28108463771481,0.678598344545849));
#3783=DIRECTION('',(-0.5,-0.5,-0.707106781186543));
#3784=DIRECTION('',(-0.707106781186547,0.707106781186548,0.));
#3785=DIRECTION('',(0.281084637714811,0.678598344545849,-0.678598344545849));
#3786=DIRECTION('',(0.,-0.707106781186548,-0.707106781186548));
#3787=DIRECTION('',(1.,0.,0.));
#3788=DIRECTION('',(-7.23251611643101E-17,-0.707106781186547,0.707106781186548));
#3789=DIRECTION('',(1.,0.,1.02283223819387E-16));
#3790=DIRECTION('',(0.281084637714815,-0.678598344545848,-0.678598344545848));
#3791=DIRECTION('',(-0.577350269189626,0.577350269189626,0.577350269189626));
#3792=DIRECTION('',(0.577350269189628,0.577350269189625,0.577350269189625));
#3793=DIRECTION('',(-0.707106781186548,-0.707106781186548,0.));
#3794=DIRECTION('',(0.,0.,1.));
#3795=DIRECTION('',(0.678598344545848,-0.678598344545848,0.281084637714817));
#3796=DIRECTION('',(0.577350269189627,-0.577350269189627,0.577350269189623));
#3797=DIRECTION('',(0.5,0.707106781186546,0.5));
#3798=DIRECTION('',(-0.707106781186548,0.,0.707106781186548));
#3799=DIRECTION('',(-0.816496580927726,0.577350269189627,1.34206770820519E-15));
#3800=DIRECTION('',(6.67695377216524E-15,0.577350269189624,-0.816496580927727));
#3801=DIRECTION('',(0.5,0.707106781186548,-0.5));
#3802=DIRECTION('',(0.707106781186548,0.,0.707106781186548));
#3803=DIRECTION('',(6.67695377216521E-15,-0.577350269189629,-0.816496580927724));
#3804=DIRECTION('',(0.28108463771482,-0.678598344545847,-0.678598344545847));
#3805=DIRECTION('',(0.,-0.707106781186548,0.707106781186548));
#3806=DIRECTION('',(1.,0.,0.));
#3807=DIRECTION('',(0.281084637714811,0.678598344545849,0.678598344545849));
#3808=DIRECTION('',(-0.5,-0.5,0.707106781186544));
#3809=DIRECTION('',(-0.707106781186548,0.707106781186548,0.));
#3810=DIRECTION('',(0.678598344545846,0.281084637714817,0.67859834454585));
#3811=DIRECTION('',(-0.70710678118655,0.,0.707106781186545));
#3812=DIRECTION('',(0.,1.,0.));
#3813=DIRECTION('',(-0.678598344545844,0.281084637714824,-0.678598344545849));
#3814=DIRECTION('',(0.707106781186551,0.5,-0.5));
#3815=DIRECTION('',(0.,0.707106781186548,0.707106781186548));
#3816=DIRECTION('',(0.678598344545845,-0.678598344545845,0.281084637714829));
#3817=DIRECTION('',(0.707106781186548,0.707106781186548,0.));
#3818=DIRECTION('',(0.,0.,-1.));
#3819=DIRECTION('',(-0.678598344545847,0.678598344545847,0.281084637714818));
#3820=DIRECTION('',(-0.707106781186547,-0.5,-0.5));
#3821=DIRECTION('',(0.,0.707106781186548,-0.707106781186547));
#3822=DIRECTION('',(-0.678598344545848,0.28108463771482,0.678598344545847));
#3823=DIRECTION('',(0.707106781186547,0.,0.707106781186548));
#3824=DIRECTION('',(0.,1.,0.));
#3825=DIRECTION('',(0.678598344545848,0.281084637714817,-0.678598344545847));
#3826=DIRECTION('',(0.5,0.5,0.707106781186547));
#3827=DIRECTION('',(-0.707106781186548,0.707106781186548,0.));
#3828=DIRECTION('',(-0.408248290463871,0.408248290463856,-0.816496580927726));
#3829=DIRECTION('',(-0.577350269189626,0.577350269189626,0.577350269189626));
#3830=DIRECTION('',(0.156558010815601,0.912486956834079,0.377964473009229));
#3831=DIRECTION('',(0.470635470535515,0.86052266019479,0.194943594829625));
#3832=DIRECTION('',(0.707106781186546,-0.5,0.5));
#3833=DIRECTION('',(0.,0.707106781186548,0.707106781186548));
#3834=DIRECTION('',(-0.707106781186549,-0.5,0.5));
#3835=DIRECTION('',(-0.707106781186548,0.707106781186548,0.));
#3836=DIRECTION('',(0.,0.,-1.));
#3837=DIRECTION('',(-0.531670020925982,-0.531670020925982,0.659282926896436));
#3838=DIRECTION('',(-0.587883373779993,-0.587883373779993,-0.55568541250073));
#3839=DIRECTION('',(-0.707106781186548,-0.707106781186548,0.));
#3840=DIRECTION('',(0.678598344545846,-0.678598344545846,0.281084637714825));
#3841=DIRECTION('',(0.707106781186548,0.707106781186548,0.));
#3842=DIRECTION('',(1.09558237937785E-16,-0.382683432365095,-0.923879532511285));
#3843=DIRECTION('',(0.,-0.923879532511285,0.382683432365095));
#3844=DIRECTION('',(1.,0.,0.));
#3845=DIRECTION('',(-0.357406744336595,-0.357406744336598,-0.862856209461014));
#3846=DIRECTION('',(0.707106781186549,-0.707106781186546,0.));
#3847=DIRECTION('',(0.,0.,1.));
#3848=DIRECTION('',(0.678598344545844,0.678598344545848,-0.281084637714825));
#3849=DIRECTION('',(0.5,0.5,0.707106781186548));
#3850=DIRECTION('',(0.707106781186548,-0.707106781186547,0.));
#3851=DIRECTION('',(-0.678598344545847,-0.281084637714821,0.678598344545847));
#3852=DIRECTION('',(-0.5,0.707106781186548,0.5));
#3853=DIRECTION('',(0.707106781186548,0.,0.707106781186548));
#3854=DIRECTION('',(-0.678598344545845,-0.678598344545847,0.281084637714824));
#3855=DIRECTION('',(0.707106781186548,0.,0.707106781186548));
#3856=DIRECTION('',(0.,-1.,0.));
#3857=DIRECTION('',(-0.707106781186548,0.,0.707106781186548));
#3858=DIRECTION('',(-0.707106781186549,0.707106781186546,0.));
#3859=DIRECTION('',(0.,0.,1.));
#3860=DIRECTION('',(-0.707106781186546,-0.707106781186549,-6.40987562127853E-17));
#3861=DIRECTION('',(0.577350269189626,-0.577350269189624,0.577350269189626));
#3862=DIRECTION('',(0.707106781186548,0.,-0.707106781186548));
#3863=DIRECTION('',(2.40370335797946E-15,-0.707106781186548,-0.707106781186548));
#3864=DIRECTION('',(0.,-0.707106781186548,0.707106781186548));
#3865=DIRECTION('',(1.,0.,0.));
#3866=DIRECTION('',(-0.5,-0.707106781186545,-0.5));
#3867=DIRECTION('',(0.707106781186548,0.,-0.707106781186548));
#3868=DIRECTION('',(-0.5,-0.707106781186545,0.5));
#3869=DIRECTION('',(0.707106781186548,0.,0.707106781186548));
#3870=DIRECTION('',(0.5,-0.707106781186545,-0.5));
#3871=DIRECTION('',(0.707106781186548,0.,0.707106781186548));
#3872=DIRECTION('',(0.,1.,0.));
#3873=DIRECTION('',(0.,0.,1.));
#3874=DIRECTION('',(0.290480765839339,0.864885652269585,-0.409382135877478));
#3875=DIRECTION('',(-0.500494414526717,0.501968931805759,0.705359860304897));
#3876=DIRECTION('',(-0.290477159249899,0.864887196325297,-0.40938143287975));
#3877=DIRECTION('',(0.500491746496895,0.501966271409313,0.705363646678732));
#3878=DIRECTION('',(0.575765105902438,1.0628943361521E-16,-0.817615155696832));
#3879=DIRECTION('',(0.,-1.,-1.29999343669972E-16));
#3880=DIRECTION('',(0.634930941447046,0.630037703078423,0.447118767547095));
#3881=DIRECTION('',(0.632974971482545,-0.632974971482545,0.445741372270226));
#3882=DIRECTION('',(-0.575735800031712,1.06292116337166E-16,-0.817635792123757));
#3883=DIRECTION('',(0.,-1.,-1.29999343669972E-16));
#3884=DIRECTION('',(0.632984546525489,0.632984546525489,-0.445714177158235));
#3885=DIRECTION('',(0.634948906958714,-0.630034778567667,-0.447097375688031));
#3886=DIRECTION('',(-7.86247971230177E-17,-1.,0.));
#3887=DIRECTION('',(1.,-7.86247971230177E-17,0.));
#3888=DIRECTION('',(0.270930270729458,-0.844280719146141,-0.462370907043834));
#3889=DIRECTION('',(-0.426834676452375,-0.535901173051595,0.728438117961794));
#3890=DIRECTION('',(-0.270925810335485,-0.844282642190323,-0.462370009181162));
#3891=DIRECTION('',(0.426831034602474,-0.53589814339679,0.728442480779406));
#3892=DIRECTION('',(1.,0.,0.));
#3893=DIRECTION('',(0.,-1.,0.));
#3894=DIRECTION('',(1.,0.,8.17756488897808E-15));
#3895=DIRECTION('',(0.,1.,0.));
#3896=DIRECTION('',(-0.87038827977849,-0.49236596391733,4.79121925351466E-15));
#3897=DIRECTION('',(0.49236596391733,-0.87038827977849,1.69895840577652E-16));
#3898=DIRECTION('',(0.,-9.73101230514609E-15,-1.));
#3899=DIRECTION('',(-1.,0.,0.));
#3900=DIRECTION('',(0.,-1.,0.));
#3901=DIRECTION('',(0.707106781186548,-0.5,0.5));
#3902=DIRECTION('',(0.,0.707106781186548,0.707106781186548));
#3903=DIRECTION('',(-0.678598344545845,-0.678598344545851,0.281084637714816));
#3904=DIRECTION('',(0.357406744336592,0.862856209461017,0.357406744336593));
#3905=DIRECTION('',(0.678598344545848,0.281084637714826,-0.678598344545844));
#3906=DIRECTION('',(0.707106781186549,-0.707106781186546,-5.20417042793038E-15));
#3907=DIRECTION('',(0.577350269189626,0.577350269189626,0.577350269189626));
#3908=DIRECTION('',(5.53552818414329E-17,-0.38268343236509,0.923879532511287));
#3909=DIRECTION('',(-1.,1.02283223819387E-16,1.02283223819387E-16));
#3910=DIRECTION('',(0.203755768443238,0.421690568896306,-0.883550027406494));
#3911=DIRECTION('',(0.,0.902482531643682,0.430726456208591));
#3912=DIRECTION('',(-0.709844829385723,0.685164379809937,0.163309800177512));
#3913=DIRECTION('',(-0.764718468226211,-0.421505545505679,0.487379461468902));
#3914=DIRECTION('',(-0.632974971482545,0.632974971482545,-0.445741372270225));
#3915=DIRECTION('',(0.0840217676312672,0.684686561012711,0.723978353082952));
#3916=DIRECTION('',(0.452340381732392,0.621167666048006,-0.639952271431759));
#3917=DIRECTION('',(0.,0.717559665496465,0.696497039801751));
#3918=DIRECTION('',(-0.817491073413757,0.00195022094844174,-0.5759379667352));
#3919=DIRECTION('',(0.290480765839339,0.864885652269585,-0.409382135877478));
#3920=DIRECTION('',(0.,0.427829801400226,0.903859314845979));
#3921=DIRECTION('',(-0.764706629863369,0.421508649238313,-0.487395351701574));
#3922=DIRECTION('',(0.632984546525489,0.632984546525489,-0.445714177158235));
#3923=DIRECTION('',(-0.0840413721994072,0.684680071092839,0.723982215256111));
#3924=DIRECTION('',(-0.203727904975886,0.421689663564008,-0.883556884630192));
#3925=DIRECTION('',(0.,0.902484190540182,0.430722980377217));
#3926=DIRECTION('',(-0.709840209677515,-0.685164079678926,-0.163331138007155));
#3927=DIRECTION('',(-0.452326594438213,0.621171881823908,-0.639957924550727));
#3928=DIRECTION('',(0.,0.717560377969534,0.696496305782177));
#3929=DIRECTION('',(-0.817508343581448,-0.00196470366470236,0.575913403311841));
#3930=DIRECTION('',(-0.290477159249899,0.864887196325297,-0.40938143287975));
#3931=DIRECTION('',(0.,0.427828577209742,0.90385989429927));
#3932=DIRECTION('',(-0.176702159750311,-0.270169424806627,-0.94645910035206));
#3933=DIRECTION('',(0.,0.96159033164014,-0.274488677537354));
#3934=DIRECTION('',(0.707879904418659,-0.703002038088013,0.0685140523128607));
#3935=DIRECTION('',(-0.800562704127452,-0.324233358924313,-0.50395643236375));
#3936=DIRECTION('',(-0.532736381050165,0.,0.846281246575613));
#3937=DIRECTION('',(0.0918053773780855,0.764692305222401,-0.637822429064797));
#3938=DIRECTION('',(-0.462392230830086,-0.534545975466899,-0.707427752480858));
#3939=DIRECTION('',(0.,0.797842909073002,-0.602865401596351));
#3940=DIRECTION('',(0.817598940778088,0.051692922953925,-0.573463001208472));
#3941=DIRECTION('',(-0.270925810335485,-0.844282642190323,-0.462370009181162));
#3942=DIRECTION('',(0.,0.480334404821317,-0.87708543457576));
#3943=DIRECTION('',(0.800573216611409,-0.324234767945468,-0.50393882575151));
#3944=DIRECTION('',(-0.532718040923958,0.,-0.846292791458217));
#3945=DIRECTION('',(0.0917913973109796,-0.764691156555679,0.637825818280536));
#3946=DIRECTION('',(0.176730199987365,-0.27017738020258,-0.946451593922952));
#3947=DIRECTION('',(0.,0.961587623611025,-0.274498164143407));
#3948=DIRECTION('',(0.707882232907862,0.703001174743888,-0.0684988513925084));
#3949=DIRECTION('',(0.462407628342855,-0.534547293557055,-0.707416692057209));
#3950=DIRECTION('',(0.,0.797837660327468,-0.602872347817672));
#3951=DIRECTION('',(0.81757882718535,-0.0517106160999801,0.573490081449356));
#3952=DIRECTION('',(0.270930270729458,-0.844280719146141,-0.462370907043834));
#3953=DIRECTION('',(0.,0.480335964010192,-0.87708458068672));
#3954=DIRECTION('',(0.707106781186546,0.,0.707106781186549));
#3955=DIRECTION('',(0.,-1.,0.));
#3956=DIRECTION('',(-0.707106781186545,0.,0.70710678118655));
#3957=DIRECTION('',(0.,-1.,0.));
#3958=CARTESIAN_POINT('',(0.,0.,0.));
#3959=CARTESIAN_POINT('',(0.00674974746830584,-0.0381795549273491,-5.02525316941668E-5));
#3960=CARTESIAN_POINT('',(0.00674974746830584,-0.06,0.00194974746830584));
#3961=CARTESIAN_POINT('',(0.00674974746830584,-0.0541,0.00194974746830584));
#3962=CARTESIAN_POINT('',(0.00674974746830584,-0.0595,0.00194974746830584));
#3963=CARTESIAN_POINT('',(0.00674974746830584,-0.0595,-0.0130502525316942));
#3964=CARTESIAN_POINT('',(0.00674974746830584,-0.0595,-0.0125502525316942));
#3965=CARTESIAN_POINT('',(0.00674974746830584,-0.0425897774636746,0.00435997000463129));
#3966=CARTESIAN_POINT('',(0.00674974746830584,-0.047,-5.02525316941668E-5));
#3967=CARTESIAN_POINT('',(0.00674974746830584,-0.0381795549273491,-5.02525316941668E-5));
#3968=CARTESIAN_POINT('',(0.00674974746830583,-0.0133,-5.02525316941668E-5));
#3969=CARTESIAN_POINT('',(0.00674974746830583,-0.0133,0.00894974746830583));
#3970=CARTESIAN_POINT('',(0.00674974746830583,-0.0133,0.00844974746830584));
#3971=CARTESIAN_POINT('',(0.00674974746830584,-0.0381795549273491,0.00844974746830584));
#3972=CARTESIAN_POINT('',(0.00674974746830584,-0.0541,0.00844974746830584));
#3973=CARTESIAN_POINT('',(0.00674974746830584,-0.0541,0.00394974746830584));
#3974=CARTESIAN_POINT('',(-0.00720117655722024,-0.06,0.00515018133923408));
#3975=CARTESIAN_POINT('',(-0.0395,-0.06,-0.0237310154315128));
#3976=CARTESIAN_POINT('',(-0.0395,-0.06,-0.00925761184457488));
#3977=CARTESIAN_POINT('',(-0.0395,-0.06,-0.0221979741639857));
#3978=CARTESIAN_POINT('',(-0.0273852755833695,-0.06,-0.0292965996465929));
#3979=CARTESIAN_POINT('',(-0.038679990489448,-0.06,-0.0226793635302271));
#3980=CARTESIAN_POINT('',(-2.70177720916193E-18,-0.06,-0.124050505063388));
#3981=CARTESIAN_POINT('',(0.0386799855876295,-0.06,-0.0226793616598498));
#3982=CARTESIAN_POINT('',(0.0166642956434344,-0.06,-0.035578748649785));
#3983=CARTESIAN_POINT('',(0.0395,-0.06,-0.0221979682646651));
#3984=CARTESIAN_POINT('',(0.0395,-0.06,0.00515018133923408));
#3985=CARTESIAN_POINT('',(0.0395,-0.06,-0.0132573593128807));
#3986=CARTESIAN_POINT('',(-0.00720117655722024,-0.06,-0.0132573593128807));
#3987=CARTESIAN_POINT('',(0.00624974746830584,-0.06,-0.0132573593128807));
#3988=CARTESIAN_POINT('',(0.00624974746830584,-0.06,0.00194974746830584));
#3989=CARTESIAN_POINT('',(0.00624974746830584,-0.06,0.00215685424949239));
#3990=CARTESIAN_POINT('',(0.00829619407771257,-0.06,0.00420330085889911));
#3991=CARTESIAN_POINT('',(0.00814974746830584,-0.06,0.00405685424949238));
#3992=CARTESIAN_POINT('',(0.00814974746830584,-0.06,0.00515018133923408));
#3993=CARTESIAN_POINT('',(0.00814974746830584,-0.06,0.00844974746830583));
#3994=CARTESIAN_POINT('',(-0.00963553735108542,-0.06,0.00844974746830583));
#3995=CARTESIAN_POINT('',(-0.00892843056989888,-0.06,0.00844974746830584));
#3996=CARTESIAN_POINT('',(-0.00892843056989888,-0.06,0.00515018133923408));
#3997=CARTESIAN_POINT('',(-0.00892843056989888,-0.06,-0.00325025253169417));
#3998=CARTESIAN_POINT('',(-0.0137331684240232,-0.06,-0.00664771525016921));
#3999=CARTESIAN_POINT('',(-0.00963553735108542,-0.06,-0.00375025253169417));
#4000=CARTESIAN_POINT('',(-0.0169284305698989,-0.06,-0.00375025253169417));
#4001=CARTESIAN_POINT('',(-0.0172213237887123,-0.06,-0.00375025253169417));
#4002=CARTESIAN_POINT('',(-0.0154570260491079,-0.06,-0.0049977994274006));
#4003=CARTESIAN_POINT('',(-0.0179284305698989,-0.06,-0.00325025253169417));
#4004=CARTESIAN_POINT('',(-0.0179284305698989,-0.06,0.00894974746830583));
#4005=CARTESIAN_POINT('',(-0.0179284305698989,-0.06,0.00844974746830583));
#4006=CARTESIAN_POINT('',(-0.0207497474683058,-0.06,0.00844974746830583));
#4007=CARTESIAN_POINT('',(-0.0205426406871193,-0.06,0.00844974746830583));
#4008=CARTESIAN_POINT('',(-0.0155216916867056,-0.06,0.0134706964687195));
#4009=CARTESIAN_POINT('',(-0.0240426406871193,-0.06,0.00494974746830583));
#4010=CARTESIAN_POINT('',(-0.0157221255576339,-0.06,-0.00337076766117957));
#4011=CARTESIAN_POINT('',(-0.0183,-0.06,-0.000792893218813455));
#4012=CARTESIAN_POINT('',(-0.0183,-0.06,-0.00205050506338833));
#4013=CARTESIAN_POINT('',(-0.0183,-0.06,-0.00255050506338833));
#4014=CARTESIAN_POINT('',(-0.033,-0.06,-0.00255050506338834));
#4015=CARTESIAN_POINT('',(-0.0327928932188135,-0.06,-0.00255050506338834));
#4016=CARTESIAN_POINT('',(-0.0161466916867056,-0.06,0.0140956964687195));
#4017=CARTESIAN_POINT('',(0.,-0.0548,-0.00691576024745053));
#4018=CARTESIAN_POINT('',(0.0249997474683059,-0.0548,0.00319974746830584));
#4019=CARTESIAN_POINT('',(0.0265060263161667,-0.0548,0.00470602631616676));
#4020=CARTESIAN_POINT('',(0.0232497474683059,-0.0548,0.00144974746830583));
#4021=CARTESIAN_POINT('',(0.0265060263161667,-0.0548,-0.00691576024745053));
#4022=CARTESIAN_POINT('',(0.0265060263161667,-0.0548,0.00519346862044491));
#4023=CARTESIAN_POINT('',(0.0247497474683059,-0.0548,0.00694974746830583));
#4024=CARTESIAN_POINT('',(0.0232497474683059,-0.0548,0.00844974746830583));
#4025=CARTESIAN_POINT('',(0.0190715694301012,-0.0548,0.00844974746830583));
#4026=CARTESIAN_POINT('',(0.0190715694301012,-0.0548,0.00844974746830583));
#4027=CARTESIAN_POINT('',(0.0190715694301012,-0.0548,0.00144974746830583));
#4028=CARTESIAN_POINT('',(0.0190715694301012,-0.0548,0.00144974746830583));
#4029=CARTESIAN_POINT('',(0.0222497474683058,-0.0548,0.00144974746830583));
#4030=CARTESIAN_POINT('',(0.0147497474683058,-0.03055,-5.02525316941668E-5));
#4031=CARTESIAN_POINT('',(0.0147497474683058,-0.0478,-5.02525316941668E-5));
#4032=CARTESIAN_POINT('',(0.0147497474683058,-0.0478,0.00844974746830583));
#4033=CARTESIAN_POINT('',(0.0147497474683058,-0.0478,0.00194974746830584));
#4034=CARTESIAN_POINT('',(0.0147497474683058,-0.0133,0.00194974746830584));
#4035=CARTESIAN_POINT('',(0.0147497474683058,-0.0133,0.00194974746830584));
#4036=CARTESIAN_POINT('',(0.0147497474683058,-0.0133,-5.02525316941668E-5));
#4037=CARTESIAN_POINT('',(0.0147497474683058,-0.0133,0.00844974746830583));
#4038=CARTESIAN_POINT('',(0.0147497474683058,-0.0478,0.00844974746830583));
#4039=CARTESIAN_POINT('',(0.00991065844920348,-0.03355,-5.02525316941668E-5));
#4040=CARTESIAN_POINT('',(0.00880139845950495,-0.0132454502378232,0.00144974746830583));
#4041=CARTESIAN_POINT('',(0.00880139845950495,-0.0132454502378232,0.00844974746830584));
#4042=CARTESIAN_POINT('',(0.00880139845950495,-0.0132454502378232,0.00194974746830584));
#4043=CARTESIAN_POINT('',(0.00991065844920348,-0.03355,0.00194974746830584));
#4044=CARTESIAN_POINT('',(0.0110820724393885,-0.0549922532830067,0.00194974746830584));
#4045=CARTESIAN_POINT('',(0.0105934109438518,-0.0460475047613535,0.0115855677043566));
#4046=CARTESIAN_POINT('',(0.0110715694301011,-0.0548,0.00215685424949238));
#4047=CARTESIAN_POINT('',(0.0110715694301011,-0.0548,-5.02525316941668E-5));
#4048=CARTESIAN_POINT('',(0.0110715694301011,-0.0548,0.00844974746830584));
#4049=CARTESIAN_POINT('',(0.00991065844920348,-0.03355,0.00844974746830584));
#4050=CARTESIAN_POINT('',(0.0193,-0.06,-0.0005));
#4051=CARTESIAN_POINT('',(0.0193,-0.0468,-0.0005));
#4052=CARTESIAN_POINT('',(0.0245376154339499,-0.0468,0.00473761543394987));
#4053=CARTESIAN_POINT('',(0.0193373750326101,-0.0468,-0.000462624967389957));
#4054=CARTESIAN_POINT('',(0.0149124583442033,-0.0512249166884067,-0.00488754165579665));
#4055=CARTESIAN_POINT('',(0.0187330127018922,-0.0474043623307178,-0.00106698729810778));
#4056=CARTESIAN_POINT('',(0.0159035258564181,-0.0542353478476177,-0.0038964741435819));
#4057=CARTESIAN_POINT('',(0.0188,-0.0472426406871193,-0.001));
#4058=CARTESIAN_POINT('',(0.0188,-0.06,-0.001));
#4059=CARTESIAN_POINT('',(0.0188,-0.001,-0.001));
#4060=CARTESIAN_POINT('',(0.0247497474683059,-0.001,0.00494974746830584));
#4061=CARTESIAN_POINT('',(0.0245376154339499,-0.001,0.00473761543394987));
#4062=CARTESIAN_POINT('',(0.0245376154339499,-0.0468,0.00473761543394987));
#4063=CARTESIAN_POINT('',(0.,-0.0488,-0.00691576024745053));
#4064=CARTESIAN_POINT('',(0.0181762567421327,-0.0488,0.0112604964946821));
#4065=CARTESIAN_POINT('',(0.0209870057685089,-0.0488,0.00844974746830583));
#4066=CARTESIAN_POINT('',(0.024260716359672,-0.0488,0.00517603687714267));
#4067=CARTESIAN_POINT('',(0.024260716359672,-0.0488,0.00472345805946897));
#4068=CARTESIAN_POINT('',(0.024260716359672,-0.0488,0.004723458059469));
#4069=CARTESIAN_POINT('',(0.00631074902637627,-0.0488,-0.0132265092738268));
#4070=CARTESIAN_POINT('',(0.0214870057685089,-0.0488,0.00194974746830584));
#4071=CARTESIAN_POINT('',(-9.61200272561005E-19,-0.0488,0.00194974746830584));
#4072=CARTESIAN_POINT('',(0.0157497474683059,-0.0488,0.00194974746830584));
#4073=CARTESIAN_POINT('',(0.0157497474683059,-0.0488,-0.00691576024745053));
#4074=CARTESIAN_POINT('',(0.0157497474683059,-0.0488,0.00844974746830583));
#4075=CARTESIAN_POINT('',(0.,-0.0488,0.00844974746830583));
#4076=CARTESIAN_POINT('',(0.0222748737341529,-0.06,0.00742462120245875));
#4077=CARTESIAN_POINT('',(0.0247497474683059,-0.0468,0.00494974746830583));
#4078=CARTESIAN_POINT('',(0.0207497474683058,-0.0468,0.00894974746830583));
#4079=CARTESIAN_POINT('',(0.0245376154339499,-0.0468,0.0051618795026618));
#4080=CARTESIAN_POINT('',(0.0245376154339499,-0.001,0.0051618795026618));
#4081=CARTESIAN_POINT('',(0.0245376154339499,-0.001,0.0051618795026618));
#4082=CARTESIAN_POINT('',(0.0222748737341529,-0.001,0.00742462120245875));
#4083=CARTESIAN_POINT('',(0.0207497474683058,-0.001,0.00894974746830583));
#4084=CARTESIAN_POINT('',(0.0207497474683058,-0.06,0.00894974746830583));
#4085=CARTESIAN_POINT('',(0.0217497474683059,-0.0488,0.00894974746830583));
#4086=CARTESIAN_POINT('',(0.00589619407771256,-0.0539535533905933,0.00894974746830583));
#4087=CARTESIAN_POINT('',(0.00814974746830584,-0.0562071067811865,0.00894974746830583));
#4088=CARTESIAN_POINT('',(0.00624974746830584,-0.0543071067811865,0.00894974746830583));
#4089=CARTESIAN_POINT('',(0.00624974746830584,-0.0488,0.00894974746830583));
#4090=CARTESIAN_POINT('',(0.00624974746830583,-0.0133,0.00894974746830583));
#4091=CARTESIAN_POINT('',(0.00774974746830583,-0.0133,0.00894974746830583));
#4092=CARTESIAN_POINT('',(0.00774974746830583,-0.0118,0.00894974746830583));
#4093=CARTESIAN_POINT('',(0.0217497474683059,-0.0118,0.00894974746830583));
#4094=CARTESIAN_POINT('',(0.00780288740626295,-0.0118,0.00894974746830583));
#4095=CARTESIAN_POINT('',(0.00780288740626295,-0.0133,0.00894974746830583));
#4096=CARTESIAN_POINT('',(0.00930065398612596,-0.0132181753567348,0.00894974746830583));
#4097=CARTESIAN_POINT('',(0.0112757885178336,-0.0493722039510153,0.00894974746830583));
#4098=CARTESIAN_POINT('',(0.0115715694301011,-0.0547863523991803,0.00894974746830583));
#4099=CARTESIAN_POINT('',(0.0115715694301011,-0.0488,0.00894974746830583));
#4100=CARTESIAN_POINT('',(0.0115715694301011,-0.068,0.00894974746830583));
#4101=CARTESIAN_POINT('',(0.0217497474683059,-0.068,0.00894974746830583));
#4102=CARTESIAN_POINT('',(0.0175715694301012,-0.068,0.00894974746830583));
#4103=CARTESIAN_POINT('',(0.0175715694301012,-0.0558,0.00894974746830583));
#4104=CARTESIAN_POINT('',(0.0175715694301012,-0.0555928932188135,0.00894974746830583));
#4105=CARTESIAN_POINT('',(0.0230571050586102,-0.0501073575903044,0.00894974746830583));
#4106=CARTESIAN_POINT('',(0.0188644626489146,-0.0543,0.00894974746830583));
#4107=CARTESIAN_POINT('',(0.0227497474683058,-0.0543,0.00894974746830583));
#4108=CARTESIAN_POINT('',(0.0227497474683058,-0.0543,0.00894974746830583));
#4109=CARTESIAN_POINT('',(0.0227497474683058,-0.0488,0.00894974746830583));
#4110=CARTESIAN_POINT('',(0.0227497474683058,-0.0528,0.00894974746830583));
#4111=CARTESIAN_POINT('',(0.0199268241863571,-0.0478097295114116,0.00894974746830583));
#4112=CARTESIAN_POINT('',(0.0207698484809835,-0.0493,0.00894974746830583));
#4113=CARTESIAN_POINT('',(0.0217497474683059,-0.0493,0.00894974746830583));
#4114=CARTESIAN_POINT('',(0.0155426406871193,-0.0493,0.00894974746830583));
#4115=CARTESIAN_POINT('',(0.0183961940777125,-0.0521535533905933,0.00894974746830583));
#4116=CARTESIAN_POINT('',(0.0142497474683058,-0.0480071067811865,0.00894974746830583));
#4117=CARTESIAN_POINT('',(0.0142497474683058,-0.0133,0.00894974746830583));
#4118=CARTESIAN_POINT('',(0.0142497474683058,-0.0133,0.00894974746830583));
#4119=CARTESIAN_POINT('',(0.0157497474683059,-0.0133,0.00894974746830583));
#4120=CARTESIAN_POINT('',(0.0172497474683058,-0.0133,0.00894974746830583));
#4121=CARTESIAN_POINT('',(0.0172497474683058,-0.0463,0.00894974746830583));
#4122=CARTESIAN_POINT('',(0.0172497474683058,-0.0460928932188135,0.00894974746830583));
#4123=CARTESIAN_POINT('',(0.0181033008588991,-0.0469464466094067,0.00894974746830583));
#4124=CARTESIAN_POINT('',(0.0179568542494924,-0.0468,0.00894974746830583));
#4125=CARTESIAN_POINT('',(0.0207497474683058,-0.0468,0.00894974746830583));
#4126=CARTESIAN_POINT('',(0.0217664983122039,-0.00171895141649746,0.00894974746830583));
#4127=CARTESIAN_POINT('',(0.0200426406871193,-0.0005,0.00894974746830583));
#4128=CARTESIAN_POINT('',(0.0217497474683059,-0.0005,0.00894974746830583));
#4129=CARTESIAN_POINT('',(-0.0200426406871193,-0.0005,0.00894974746830583));
#4130=CARTESIAN_POINT('',(-0.0165572701660525,0.00196452913039402,0.00894974746830583));
#4131=CARTESIAN_POINT('',(-0.0207497474683058,-0.001,0.00894974746830583));
#4132=CARTESIAN_POINT('',(-0.0207497474683058,-0.06,0.00894974746830583));
#4133=CARTESIAN_POINT('',(-0.0207497474683058,-0.0595,0.00894974746830583));
#4134=CARTESIAN_POINT('',(-0.0179284305698989,-0.0595,0.00894974746830583));
#4135=CARTESIAN_POINT('',(-0.0177213237887123,-0.0595,0.00894974746830583));
#4136=CARTESIAN_POINT('',(-0.00333578816020325,-0.0738855356285091,0.00894974746830583));
#4137=CARTESIAN_POINT('',(-0.0164284305698989,-0.0607928932188135,0.00894974746830583));
#4138=CARTESIAN_POINT('',(-0.0164284305698989,-0.068,0.00894974746830583));
#4139=CARTESIAN_POINT('',(-0.0164284305698989,-0.068,0.00894974746830583));
#4140=CARTESIAN_POINT('',(-0.00992843056989887,-0.068,0.00894974746830583));
#4141=CARTESIAN_POINT('',(-0.0104284305698989,-0.068,0.00894974746830583));
#4142=CARTESIAN_POINT('',(-0.0104284305698989,-0.0488,0.00894974746830583));
#4143=CARTESIAN_POINT('',(-0.0104284305698989,-0.0607928932188135,0.00894974746830583));
#4144=CARTESIAN_POINT('',(0.0116571050586102,-0.0387073575903043,0.00894974746830583));
#4145=CARTESIAN_POINT('',(-0.00913553735108543,-0.0595,0.00894974746830583));
#4146=CARTESIAN_POINT('',(0.00864974746830584,-0.0595,0.00894974746830583));
#4147=CARTESIAN_POINT('',(0.00814974746830584,-0.0595,0.00894974746830583));
#4148=CARTESIAN_POINT('',(0.00814974746830584,-0.056,0.00894974746830583));
#4149=CARTESIAN_POINT('',(-0.00720117655722024,0.,0.00515018133923408));
#4150=CARTESIAN_POINT('',(0.0395,0.,-0.013036992372365));
#4151=CARTESIAN_POINT('',(0.0395,0.,-0.00925761184457488));
#4152=CARTESIAN_POINT('',(0.0395,1.30104260698261E-18,-0.0114825654132979));
#4153=CARTESIAN_POINT('',(0.0391013931197327,0.,-0.0117654004998869));
#4154=CARTESIAN_POINT('',(0.0387029308193138,0.,-0.0120490178143549));
#4155=CARTESIAN_POINT('',(0.,0.,-0.124050505063388));
#4156=CARTESIAN_POINT('',(-0.0387029350708061,0.,-0.0120490192834891));
#4157=CARTESIAN_POINT('',(-0.0391013949007779,0.,-0.0117654011313571));
#4158=CARTESIAN_POINT('',(-0.0395,-2.16840434497101E-19,-0.0114825703344886));
#4159=CARTESIAN_POINT('',(-0.0395,0.,0.00515018133923408));
#4160=CARTESIAN_POINT('',(-0.0395,0.,-0.00925761184457488));
#4161=CARTESIAN_POINT('',(-0.0331464466094068,0.,-0.00290405845398161));
#4162=CARTESIAN_POINT('',(-0.0327928932188135,0.,-0.00255050506338834));
#4163=CARTESIAN_POINT('',(-0.00720117655722024,0.,-0.00255050506338833));
#4164=CARTESIAN_POINT('',(-0.0183,0.,-0.00255050506338833));
#4165=CARTESIAN_POINT('',(-0.0183,0.,0.00515018133923408));
#4166=CARTESIAN_POINT('',(-0.0183,0.,-8.57864376269052E-5));
#4167=CARTESIAN_POINT('',(-0.0240426406871193,0.,0.00565685424949238));
#4168=CARTESIAN_POINT('',(-0.0233355339059328,0.,0.00494974746830584));
#4169=CARTESIAN_POINT('',(-0.0200426406871193,0.,0.00824264068711929));
#4170=CARTESIAN_POINT('',(-0.0198355339059328,0.,0.00844974746830583));
#4171=CARTESIAN_POINT('',(-0.00720117655722024,0.,0.00844974746830583));
#4172=CARTESIAN_POINT('',(0.0198355339059328,0.,0.00844974746830583));
#4173=CARTESIAN_POINT('',(0.00796696173889213,0.,0.0203183196353465));
#4174=CARTESIAN_POINT('',(0.0233355339059328,0.,0.00494974746830583));
#4175=CARTESIAN_POINT('',(0.0180928932188134,0.,-0.000292893218813453));
#4176=CARTESIAN_POINT('',(0.0183,0.,-8.57864376269086E-5));
#4177=CARTESIAN_POINT('',(0.0183,0.,-0.00205050506338833));
#4178=CARTESIAN_POINT('',(0.0183,0.,-0.00255050506338834));
#4179=CARTESIAN_POINT('',(0.033,0.,-0.00255050506338834));
#4180=CARTESIAN_POINT('',(0.0327928932188135,0.,-0.00255050506338834));
#4181=CARTESIAN_POINT('',(0.0391464466094067,0.,-0.00890405845398161));
#4182=CARTESIAN_POINT('',(-0.0222748737341529,-0.06,0.00742462120245875));
#4183=CARTESIAN_POINT('',(-0.0247497474683059,-0.001,0.00494974746830583));
#4184=CARTESIAN_POINT('',(-0.0245376154339499,-0.001,0.00516187950266179));
#4185=CARTESIAN_POINT('',(-0.0245376154339499,-0.06,0.00516187950266179));
#4186=CARTESIAN_POINT('',(-0.0245376154339499,-0.0595,0.00516187950266179));
#4187=CARTESIAN_POINT('',(-0.0222748737341529,-0.0595,0.00742462120245875));
#4188=CARTESIAN_POINT('',(-0.04,-0.06,-0.0145505050633883));
#4189=CARTESIAN_POINT('',(-0.04,-0.0150383412699881,-0.0125405928731701));
#4190=CARTESIAN_POINT('',(-0.04,-0.0302958451403339,-0.0161391409043775));
#4191=CARTESIAN_POINT('',(-0.04,-0.0448436886149612,-0.0195898687556298));
#4192=CARTESIAN_POINT('',(-0.04,-0.0586818716938699,-0.0228927764269269));
#4193=CARTESIAN_POINT('',(-0.04,-0.0150383412699881,-0.0125405928731701));
#4194=CARTESIAN_POINT('',(-0.04,-0.058681871724861,-0.0228927762970836));
#4195=CARTESIAN_POINT('',(-0.04,-0.0591196297597424,-0.0226111384200389));
#4196=CARTESIAN_POINT('',(-0.04,-0.0595,-0.022366417422918));
#4197=CARTESIAN_POINT('',(-0.04,-0.0595,-0.00905050506338833));
#4198=CARTESIAN_POINT('',(-0.04,-0.0595,-0.00905050506338833));
#4199=CARTESIAN_POINT('',(-0.04,-0.06,-0.00905050506338833));
#4200=CARTESIAN_POINT('',(-0.04,-0.0005,-0.00905050506338833));
#4201=CARTESIAN_POINT('',(-0.04,-0.0005,-0.0145505050633883));
#4202=CARTESIAN_POINT('',(-0.04,-0.0005,-0.0118703264116173));
#4203=CARTESIAN_POINT('',(-0.04,-0.000330833042934676,-0.0117240276516488));
#4204=CARTESIAN_POINT('',(-0.04,-0.00127502915034356,-0.0125405861692066));
#4205=CARTESIAN_POINT('',(-0.04,-0.015,-0.0125405861692066));
#4206=CARTESIAN_POINT('',(0.04,-0.06,-0.0145505050633883));
#4207=CARTESIAN_POINT('',(0.04,-0.0595,-0.0145505050633883));
#4208=CARTESIAN_POINT('',(0.04,-0.0595,-0.0132573593128807));
#4209=CARTESIAN_POINT('',(0.04,-0.0595,-0.0223626178316387));
#4210=CARTESIAN_POINT('',(0.04,-0.0634083866261436,-0.0198479577855924));
#4211=CARTESIAN_POINT('',(0.04,-0.0586818688148403,-0.0228889909888067));
#4212=CARTESIAN_POINT('',(0.04,-0.0586818687838587,-0.022888991118612));
#4213=CARTESIAN_POINT('',(0.04,-0.0448437500564215,-0.0195861432522991));
#4214=CARTESIAN_POINT('',(0.04,-0.0302960004799018,-0.0161354792382608));
#4215=CARTESIAN_POINT('',(0.04,-0.0150386200542995,-0.0125369990764971));
#4216=CARTESIAN_POINT('',(0.04,-0.0150386200542996,-0.0125369990764971));
#4217=CARTESIAN_POINT('',(0.04,-0.06,-0.012536992372365));
#4218=CARTESIAN_POINT('',(0.04,-0.00127502131287928,-0.012536992372365));
#4219=CARTESIAN_POINT('',(0.04,-0.035867756652327,-0.0424541943320907));
#4220=CARTESIAN_POINT('',(0.04,-0.0005,-0.011866722475724));
#4221=CARTESIAN_POINT('',(0.04,-0.0005,-0.00905050506338833));
#4222=CARTESIAN_POINT('',(0.04,-0.0005,-0.00905050506338833));
#4223=CARTESIAN_POINT('',(0.04,-0.06,-0.00905050506338833));
#4224=CARTESIAN_POINT('',(0.04,-0.0552931457505076,-0.00905050506338833));
#4225=CARTESIAN_POINT('',(0.04,-0.0603965728752538,-0.0141539321881345));
#4226=CARTESIAN_POINT('',(-0.0222748737341529,-0.06,0.00247487373415292));
#4227=CARTESIAN_POINT('',(-0.0222748737341529,-0.0595,0.00247487373415292));
#4228=CARTESIAN_POINT('',(-0.0188,-0.0595,-0.001));
#4229=CARTESIAN_POINT('',(-0.0245376154339499,-0.0595,0.00473761543394987));
#4230=CARTESIAN_POINT('',(-0.0245376154339499,-0.06,0.00473761543394987));
#4231=CARTESIAN_POINT('',(-0.0245376154339499,-0.001,0.00473761543394987));
#4232=CARTESIAN_POINT('',(-0.0188,-0.001,-0.001));
#4233=CARTESIAN_POINT('',(-0.0188,-0.001,-0.001));
#4234=CARTESIAN_POINT('',(-0.0188,-0.06,-0.001));
#4235=CARTESIAN_POINT('',(-0.0188,-0.06,-0.00152525253169416));
#4236=CARTESIAN_POINT('',(-0.0188,-0.0005,-0.00152525253169416));
#4237=CARTESIAN_POINT('',(-0.0188,-0.0005,-0.00029289321881346));
#4238=CARTESIAN_POINT('',(-0.0188,-0.0005,-0.00175050506338833));
#4239=CARTESIAN_POINT('',(-0.0188,-0.0595,-0.00175050506338833));
#4240=CARTESIAN_POINT('',(-0.0188,-0.0595,-0.00175050506338833));
#4241=CARTESIAN_POINT('',(-0.0188,-0.0595,-0.001));
#4242=CARTESIAN_POINT('',(-0.0188,-0.0209142730846642,-0.0291630350811336));
#4243=CARTESIAN_POINT('',(-0.0294,-0.06,-0.00205050506338833));
#4244=CARTESIAN_POINT('',(-0.0188,-0.0595,-0.00205050506338833));
#4245=CARTESIAN_POINT('',(-0.033,-0.0595,-0.00205050506338834));
#4246=CARTESIAN_POINT('',(-0.0191,-0.0595,-0.00205050506338833));
#4247=CARTESIAN_POINT('',(-0.0191,-0.0005,-0.00205050506338833));
#4248=CARTESIAN_POINT('',(-0.0191,-0.0005,-0.00205050506338833));
#4249=CARTESIAN_POINT('',(-0.0294,-0.0005,-0.00205050506338833));
#4250=CARTESIAN_POINT('',(-0.033,-0.0005,-0.00205050506338834));
#4251=CARTESIAN_POINT('',(-0.033,-0.06,-0.00205050506338834));
#4252=CARTESIAN_POINT('',(0.0294,-0.06,-0.00205050506338834));
#4253=CARTESIAN_POINT('',(0.0188,-0.0005,-0.00205050506338833));
#4254=CARTESIAN_POINT('',(0.033,-0.0005,-0.00205050506338834));
#4255=CARTESIAN_POINT('',(0.0191,-0.0005,-0.00205050506338833));
#4256=CARTESIAN_POINT('',(0.0191,-0.0482931457505076,-0.00205050506338833));
#4257=CARTESIAN_POINT('',(0.0191,-0.0478688816817957,-0.00205050506338834));
#4258=CARTESIAN_POINT('',(0.0161644712002726,-0.052020346323107,-0.00205050506338833));
#4259=CARTESIAN_POINT('',(0.0186535533905933,-0.0485002525316942,-0.00205050506338834));
#4260=CARTESIAN_POINT('',(0.0294,-0.0485002525316942,-0.00205050506338834));
#4261=CARTESIAN_POINT('',(0.033,-0.0485002525316942,-0.00205050506338834));
#4262=CARTESIAN_POINT('',(0.033,-0.06,-0.00205050506338834));
#4263=CARTESIAN_POINT('',(0.0188,-0.06,-0.00152525253169416));
#4264=CARTESIAN_POINT('',(0.0188,-0.0538839466094067,-0.00764130592228744));
#4265=CARTESIAN_POINT('',(0.0188,-0.0479931457505076,-0.00175050506338833));
#4266=CARTESIAN_POINT('',(0.0188,-0.0005,-0.00175050506338833));
#4267=CARTESIAN_POINT('',(0.0188,-0.0005,-0.00175050506338833));
#4268=CARTESIAN_POINT('',(0.0188,-0.0005,0.000414213562373091));
#4269=CARTESIAN_POINT('',(0.0188,-0.0005,-0.000292893218813454));
#4270=CARTESIAN_POINT('',(0.0188,-0.00501225777731325,-0.00667418936441332));
#4271=CARTESIAN_POINT('',(0.,-0.015,-0.124050505063388));
#4272=CARTESIAN_POINT('',(0.0395320462852243,-0.014999999836738,-0.0128694935323492));
#4273=CARTESIAN_POINT('',(0.039528753586398,-0.030284827228113,-0.0164732741417199));
#4274=CARTESIAN_POINT('',(0.0395253210094174,-0.0448840368083012,-0.0199348999838143));
#4275=CARTESIAN_POINT('',(0.0395217364676813,-0.0587976285773026,-0.0232545846731516));
#4276=CARTESIAN_POINT('',(0.0395320442477482,-0.015,-0.0128694928464001));
#4277=CARTESIAN_POINT('',(0.0395217347539911,-0.0587976276169802,-0.0232545886962417));
#4278=CARTESIAN_POINT('',(0.070557509581267,1.63827084135238,-0.501910471335131));
#4279=CARTESIAN_POINT('',(0.0388716969579045,-0.0595119064699081,-0.0231722049698442));
#4280=CARTESIAN_POINT('',(0.,-0.0595119064699081,-0.124050505063388));
#4281=CARTESIAN_POINT('',(-0.0388751176202934,-0.0595119064699081,-0.0231735231291599));
#4282=CARTESIAN_POINT('',(-0.070556765904578,1.63853010406739,-0.501969446609772));
#4283=CARTESIAN_POINT('',(-0.0395251557086101,-0.0587975623084949,-0.0232559145165732));
#4284=CARTESIAN_POINT('',(-0.039525157421741,-0.0587975632683518,-0.0232559104954858));
#4285=CARTESIAN_POINT('',(-0.0395287165913904,-0.044884017510951,-0.0199361828499968));
#4286=CARTESIAN_POINT('',(-0.0395321246934642,-0.0302848297003898,-0.0164745119139555));
#4287=CARTESIAN_POINT('',(-0.0395353938951644,-0.0149999998366683,-0.0128706838811251));
#4288=CARTESIAN_POINT('',(-0.0395347071630647,-0.015,-0.0128696989390925));
#4289=CARTESIAN_POINT('',(0.,-0.015,-0.124050505063388));
#4290=CARTESIAN_POINT('',(0.,-0.106752752868091,-0.124050505063388));
#4291=CARTESIAN_POINT('',(0.,-0.0005,-0.124050505063388));
#4292=CARTESIAN_POINT('',(-0.0389000186423627,-0.0005,-0.0126467863210419));
#4293=CARTESIAN_POINT('',(0.0388966480783052,-0.0005,-0.0126456094426281));
#4294=CARTESIAN_POINT('',(0.,-0.215127515119421,-0.124050505063388));
#4295=CARTESIAN_POINT('',(0.0395292457232927,-0.00127271173533005,-0.0128684978295399));
#4296=CARTESIAN_POINT('',(0.0395292457232927,-0.106752752868091,-0.0128684978295398));
#4297=CARTESIAN_POINT('',(-0.039532613238267,-0.106752752868091,-0.0128696951609884));
#4298=CARTESIAN_POINT('',(-0.039532613238267,-0.00127271463211019,-0.0128696951609884));
#4299=CARTESIAN_POINT('',(0.,-0.21512826136899,-0.124050505063388));
#4300=CARTESIAN_POINT('',(0.0222497474683058,-0.0488,0.00144974746830583));
#4301=CARTESIAN_POINT('',(0.0186461940777125,-0.0524035533905933,0.00144974746830583));
#4302=CARTESIAN_POINT('',(0.0142497474683058,-0.0480071067811865,0.00144974746830583));
#4303=CARTESIAN_POINT('',(0.0155426406871193,-0.0493,0.00144974746830583));
#4304=CARTESIAN_POINT('',(0.0222497474683058,-0.0493,0.00144974746830583));
#4305=CARTESIAN_POINT('',(0.0212698484809835,-0.0493,0.00144974746830584));
#4306=CARTESIAN_POINT('',(0.0174291253461737,-0.0425104965667899,0.00144974746830584));
#4307=CARTESIAN_POINT('',(0.0232497474683059,-0.0528,0.00144974746830583));
#4308=CARTESIAN_POINT('',(0.0232497474683059,-0.0488,0.00144974746830583));
#4309=CARTESIAN_POINT('',(0.0180715694301012,-0.0548,0.00144974746830583));
#4310=CARTESIAN_POINT('',(0.0115723150136143,-0.0548,0.00144974746830583));
#4311=CARTESIAN_POINT('',(0.0112772763561104,-0.0493994382212579,0.00144974746830583));
#4312=CARTESIAN_POINT('',(0.00930065398612595,-0.0132181753567348,0.00144974746830583));
#4313=CARTESIAN_POINT('',(0.00780288740626295,-0.0133,0.00144974746830583));
#4314=CARTESIAN_POINT('',(0.00892092139501284,-0.0123,0.00144974746830583));
#4315=CARTESIAN_POINT('',(0.0117497474683058,-0.0123,0.00144974746830583));
#4316=CARTESIAN_POINT('',(0.0146317134795559,-0.0123,0.00144974746830583));
#4317=CARTESIAN_POINT('',(0.0157497474683059,-0.0133,0.00144974746830583));
#4318=CARTESIAN_POINT('',(0.0142497474683058,-0.0133,0.00144974746830583));
#4319=CARTESIAN_POINT('',(0.0142497474683058,-0.0478,0.00144974746830583));
#4320=CARTESIAN_POINT('',(0.0249997474683059,-0.0488,0.00319974746830584));
#4321=CARTESIAN_POINT('',(0.0249997474683059,-0.0528,0.00319974746830584));
#4322=CARTESIAN_POINT('',(0.0265060263161667,-0.0528,0.00470602631616676));
#4323=CARTESIAN_POINT('',(0.0265060263161667,-0.0488,0.00470602631616676));
#4324=CARTESIAN_POINT('',(0.0247497474683059,-0.0488,0.00694974746830583));
#4325=CARTESIAN_POINT('',(0.0265060263161667,-0.0488,0.00519346862044491));
#4326=CARTESIAN_POINT('',(0.0265060263161667,-0.0528,0.00519346862044491));
#4327=CARTESIAN_POINT('',(0.0247497474683059,-0.0528,0.00694974746830583));
#4328=CARTESIAN_POINT('',(0.0224164141349725,-0.0539666666666667,0.00928308080163917));
#4329=CARTESIAN_POINT('',(0.0232497474683059,-0.0473,-5.02525316941668E-5));
#4330=CARTESIAN_POINT('',(0.0203961940777125,-0.0473,0.00859619407771256));
#4331=CARTESIAN_POINT('',(0.0240426406871193,-0.0473,0.00494974746830583));
#4332=CARTESIAN_POINT('',(0.0205426406871193,-0.0473,0.00844974746830583));
#4333=CARTESIAN_POINT('',(0.0177497474683058,-0.0473,0.00844974746830583));
#4334=CARTESIAN_POINT('',(0.0177497474683058,-0.0473,0.00844974746830583));
#4335=CARTESIAN_POINT('',(0.0177497474683058,-0.0473,-5.02525316941668E-5));
#4336=CARTESIAN_POINT('',(0.0177497474683058,-0.0473,-0.00035025253169416));
#4337=CARTESIAN_POINT('',(-0.00720117655722024,-0.0473,-0.00035025253169416));
#4338=CARTESIAN_POINT('',(0.0187426406871193,-0.0473,-0.00035025253169416));
#4339=CARTESIAN_POINT('',(0.0211461940777125,-0.0473,0.00205330085889911));
#4340=CARTESIAN_POINT('',(0.0167497474683058,-0.0298,-5.02525316941668E-5));
#4341=CARTESIAN_POINT('',(0.0167497474683058,-0.0463,-5.02525316941668E-5));
#4342=CARTESIAN_POINT('',(0.0167497474683058,-0.0463,-5.02525316941668E-5));
#4343=CARTESIAN_POINT('',(0.0167497474683058,-0.0463,0.00844974746830583));
#4344=CARTESIAN_POINT('',(0.0167497474683058,-0.0133,0.00844974746830583));
#4345=CARTESIAN_POINT('',(0.0167497474683058,-0.0133,0.00844974746830583));
#4346=CARTESIAN_POINT('',(0.0167497474683058,-0.0133,-5.02525316941668E-5));
#4347=CARTESIAN_POINT('',(0.0167497474683058,-0.0133,-5.02525316941668E-5));
#4348=CARTESIAN_POINT('',(0.0167497474683058,-0.0298,-5.02525316941668E-5));
#4349=CARTESIAN_POINT('',(0.00774974746830583,-0.0123,-5.02525316941668E-5));
#4350=CARTESIAN_POINT('',(0.00780288740626295,-0.0123,0.00894974746830583));
#4351=CARTESIAN_POINT('',(0.00780288740626295,-0.0123,0.00194974746830583));
#4352=CARTESIAN_POINT('',(0.00780288740626295,-0.0123,0.00844974746830584));
#4353=CARTESIAN_POINT('',(0.00774974746830583,-0.0123,0.00844974746830584));
#4354=CARTESIAN_POINT('',(0.00774974746830583,-0.0123,0.00844974746830584));
#4355=CARTESIAN_POINT('',(0.00774974746830583,-0.0123,-5.02525316941668E-5));
#4356=CARTESIAN_POINT('',(0.00774974746830583,-0.0123,-5.02525316941668E-5));
#4357=CARTESIAN_POINT('',(0.00774974746830583,-0.0123,-5.02525316941668E-5));
#4358=CARTESIAN_POINT('',(0.0157497474683059,-0.0123,-5.02525316941668E-5));
#4359=CARTESIAN_POINT('',(0.0157497474683059,-0.0123,-5.02525316941668E-5));
#4360=CARTESIAN_POINT('',(0.0157497474683059,-0.0123,0.00194974746830584));
#4361=CARTESIAN_POINT('',(0.0157497474683059,-0.0123,0.00194974746830584));
#4362=CARTESIAN_POINT('',(0.0153277276211725,-0.0123,0.00194974746830584));
#4363=CARTESIAN_POINT('',(0.0149648000563482,-0.0123,0.00169801554433921));
#4364=CARTESIAN_POINT('',(0.0146317134795559,-0.0123,0.00144974746830583));
#4365=CARTESIAN_POINT('',(0.00892092139501284,-0.0123,0.00144974746830583));
#4366=CARTESIAN_POINT('',(0.00858787540881708,-0.0123,0.00169798528989489));
#4367=CARTESIAN_POINT('',(0.00822501279495621,-0.0123,0.00194974746830583));
#4368=CARTESIAN_POINT('',(0.00780288740626295,-0.0123,0.00194974746830583));
#4369=CARTESIAN_POINT('',(0.00596206959523261,-0.0320295549273491,-5.02525316941668E-5));
#4370=CARTESIAN_POINT('',(0.0157497474683059,-0.0133,-5.02525316941668E-5));
#4371=CARTESIAN_POINT('',(0.00774974746830583,-0.0133,-5.02525316941668E-5));
#4372=CARTESIAN_POINT('',(0.00596206959523261,-0.047,-5.02525316941668E-5));
#4373=CARTESIAN_POINT('',(0.0174497474683059,-0.047,-5.02525316941668E-5));
#4374=CARTESIAN_POINT('',(0.0167497474683058,-0.0463,-5.02525316941668E-5));
#4375=CARTESIAN_POINT('',(-0.00720117655722024,-0.06,-0.0130502525316942));
#4376=CARTESIAN_POINT('',(0.0266970705327349,-0.0430508764550224,0.00389887101328344));
#4377=CARTESIAN_POINT('',(0.0395,-0.0558538059222874,-0.00890405845398159));
#4378=CARTESIAN_POINT('',(0.033,-0.0493538059222874,-0.00240405845398161));
#4379=CARTESIAN_POINT('',(-0.00720117655722024,-0.0493538059222874,-0.0024040584539816));
#4380=CARTESIAN_POINT('',(0.0183,-0.0493538059222874,-0.00240405845398161));
#4381=CARTESIAN_POINT('',(0.0183,-0.06,-0.0130502525316942));
#4382=CARTESIAN_POINT('',(0.0183,-0.0478373750326101,-0.000887627564304215));
#4383=CARTESIAN_POINT('',(0.00169119116933329,-0.0644461838632768,-0.017496436394971));
#4384=CARTESIAN_POINT('',(0.0189043623307178,-0.0472330127018922,-0.000283265233586375));
#4385=CARTESIAN_POINT('',(0.0192656209083637,-0.0470833744995077,-0.000133627031201852));
#4386=CARTESIAN_POINT('',(0.0169830808016392,-0.0465333333333333,0.000416414134972503));
#4387=CARTESIAN_POINT('',(0.0109164141349725,-0.0553333333333333,-0.00838358586502748));
#4388=CARTESIAN_POINT('',(0.00639619407771257,-0.0598535533905933,-0.0129038059222874));
#4389=CARTESIAN_POINT('',(-0.00720117655722024,-0.0598535533905933,-0.0129038059222874));
#4390=CARTESIAN_POINT('',(0.0395,-0.0598535533905933,-0.0129038059222874));
#4391=CARTESIAN_POINT('',(0.0395,-0.06,-0.0130502525316942));
#4392=CARTESIAN_POINT('',(0.0181762567421327,-0.0488,0.0112604964946821));
#4393=CARTESIAN_POINT('',(0.0265060263161667,-0.0523697191221339,0.00495006499920169));
#4394=CARTESIAN_POINT('',(0.0265060263161667,-0.0527691847402577,0.00517603687714267));
#4395=CARTESIAN_POINT('',(0.0227856958463291,-0.046192507481565,0.00517603687714267));
#4396=CARTESIAN_POINT('',(0.0201869897087403,-0.0506420198301545,0.0102917672984603));
#4397=CARTESIAN_POINT('',(0.00631074902637627,-0.0488,-0.0132265092738268));
#4398=CARTESIAN_POINT('',(0.0199092091273579,-0.0411075493191209,0.00472345805946899));
#4399=CARTESIAN_POINT('',(0.0265060263161667,-0.0527691847402577,0.004723458059469));
#4400=CARTESIAN_POINT('',(0.0265060263161667,-0.0574546772845779,0.00207294321843874));
#4401=CARTESIAN_POINT('',(0.0171674279595534,-0.058745735319729,-0.0079959878514232));
#4402=CARTESIAN_POINT('',(0.0180715694301012,-0.07,0.00259974746830583));
#4403=CARTESIAN_POINT('',(0.0180715694301012,-0.07,-0.00175025253169417));
#4404=CARTESIAN_POINT('',(0.0115715694301011,-0.07,-0.00175025253169417));
#4405=CARTESIAN_POINT('',(0.0175715694301012,-0.07,-0.00175025253169417));
#4406=CARTESIAN_POINT('',(0.0175715694301012,-0.07,0.00694974746830583));
#4407=CARTESIAN_POINT('',(0.0175715694301012,-0.07,0.00694974746830583));
#4408=CARTESIAN_POINT('',(0.0180715694301012,-0.07,0.00694974746830583));
#4409=CARTESIAN_POINT('',(0.0115715694301011,-0.07,0.00694974746830583));
#4410=CARTESIAN_POINT('',(0.0115715694301011,-0.07,0.00259974746830583));
#4411=CARTESIAN_POINT('',(0.0180715694301012,-0.065,-0.00375025253169417));
#4412=CARTESIAN_POINT('',(0.0180715694301012,-0.06,-0.00375025253169417));
#4413=CARTESIAN_POINT('',(0.0175715694301012,-0.06,-0.00375025253169417));
#4414=CARTESIAN_POINT('',(0.0115715694301011,-0.06,-0.00375025253169417));
#4415=CARTESIAN_POINT('',(0.0175715694301012,-0.068,-0.00375025253169417));
#4416=CARTESIAN_POINT('',(0.0175715694301012,-0.068,-0.00375025253169417));
#4417=CARTESIAN_POINT('',(0.0180715694301012,-0.068,-0.00375025253169417));
#4418=CARTESIAN_POINT('',(0.0115715694301011,-0.068,-0.00375025253169417));
#4419=CARTESIAN_POINT('',(0.0115715694301011,-0.065,-0.00375025253169417));
#4420=CARTESIAN_POINT('',(0.0180715694301012,-0.0574,-0.00115025253169417));
#4421=CARTESIAN_POINT('',(0.0170049027634344,-0.0568666666666667,-0.000616919198360843));
#4422=CARTESIAN_POINT('',(0.0175715694301012,-0.0563,-5.02525316941735E-5));
#4423=CARTESIAN_POINT('',(0.0175715694301012,-0.06,-0.00375025253169417));
#4424=CARTESIAN_POINT('',(0.0115715694301011,-0.0574,-0.00115025253169417));
#4425=CARTESIAN_POINT('',(0.0115715694301011,-0.0547992940367485,0.00145045343155735));
#4426=CARTESIAN_POINT('',(0.0156620275205189,-0.0586723854380253,-0.00242263796971947));
#4427=CARTESIAN_POINT('',(0.0180715694301012,-0.0624,0.00259974746830583));
#4428=CARTESIAN_POINT('',(0.0180715694301012,-0.06,-0.00325025253169417));
#4429=CARTESIAN_POINT('',(0.0180715694301012,-0.0677928932188135,-0.00325025253169417));
#4430=CARTESIAN_POINT('',(0.0180715694301012,-0.0602071067811865,-0.00325025253169417));
#4431=CARTESIAN_POINT('',(0.0180715694301012,-0.0561535533905933,0.0008033008588991));
#4432=CARTESIAN_POINT('',(0.0180715694301012,-0.0558,0.00115685424949237));
#4433=CARTESIAN_POINT('',(0.0180715694301012,-0.0558,0.00894974746830583));
#4434=CARTESIAN_POINT('',(0.0180715694301012,-0.0558,0.00844974746830583));
#4435=CARTESIAN_POINT('',(0.0180715694301012,-0.068,0.00844974746830583));
#4436=CARTESIAN_POINT('',(0.0180715694301012,-0.0677928932188135,0.00844974746830583));
#4437=CARTESIAN_POINT('',(0.0180715694301012,-0.0680214466094067,0.00822119407771256));
#4438=CARTESIAN_POINT('',(0.0180715694301012,-0.0695,0.00674264068711929));
#4439=CARTESIAN_POINT('',(0.0180715694301012,-0.0695,-0.00175025253169417));
#4440=CARTESIAN_POINT('',(0.0180715694301012,-0.0695,-0.00154314575050762));
#4441=CARTESIAN_POINT('',(0.0180715694301012,-0.0680214466094067,-0.00302169914110089));
#4442=CARTESIAN_POINT('',(0.0110715694301011,-0.0624,0.00259974746830583));
#4443=CARTESIAN_POINT('',(0.0110715694301011,-0.0583785533905933,-0.00142169914110089));
#4444=CARTESIAN_POINT('',(0.0110715694301011,-0.0602071067811865,-0.00325025253169417));
#4445=CARTESIAN_POINT('',(0.0110715694301011,-0.0624,-0.00325025253169417));
#4446=CARTESIAN_POINT('',(0.0110715694301011,-0.0677928932188135,-0.00325025253169417));
#4447=CARTESIAN_POINT('',(0.0110715694301011,-0.0696464466094067,-0.0013966991411009));
#4448=CARTESIAN_POINT('',(0.0110715694301011,-0.0695,-0.00154314575050762));
#4449=CARTESIAN_POINT('',(0.0110715694301011,-0.0695,0.00259974746830583));
#4450=CARTESIAN_POINT('',(0.0110715694301011,-0.0695,0.00674264068711929));
#4451=CARTESIAN_POINT('',(0.0110715694301011,-0.0676464466094067,0.00859619407771256));
#4452=CARTESIAN_POINT('',(0.0110715694301011,-0.0677928932188135,0.00844974746830584));
#4453=CARTESIAN_POINT('',(0.0110715694301011,-0.0624,0.00844974746830584));
#4454=CARTESIAN_POINT('',(-0.0169284305698989,-0.065,-0.00375025253169417));
#4455=CARTESIAN_POINT('',(-0.0102819839604921,-0.0606464466094067,-0.00375025253169417));
#4456=CARTESIAN_POINT('',(-0.0104284305698989,-0.0607928932188135,-0.00375025253169417));
#4457=CARTESIAN_POINT('',(-0.0104284305698989,-0.068,-0.00375025253169417));
#4458=CARTESIAN_POINT('',(-0.0104284305698989,-0.068,-0.00375025253169417));
#4459=CARTESIAN_POINT('',(-0.0169284305698989,-0.068,-0.00375025253169417));
#4460=CARTESIAN_POINT('',(-0.0164284305698989,-0.068,-0.00375025253169417));
#4461=CARTESIAN_POINT('',(-0.0164284305698989,-0.065,-0.00375025253169417));
#4462=CARTESIAN_POINT('',(-0.0164284305698989,-0.0607928932188135,-0.00375025253169417));
#4463=CARTESIAN_POINT('',(-0.0175748771793056,-0.0596464466094067,-0.00375025253169417));
#4464=CARTESIAN_POINT('',(-0.0169284305698989,-0.07,0.00259974746830583));
#4465=CARTESIAN_POINT('',(-0.0169284305698989,-0.07,-0.00175025253169417));
#4466=CARTESIAN_POINT('',(-0.0164284305698989,-0.07,-0.00175025253169417));
#4467=CARTESIAN_POINT('',(-0.0104284305698989,-0.07,-0.00175025253169417));
#4468=CARTESIAN_POINT('',(-0.0104284305698989,-0.07,0.00694974746830583));
#4469=CARTESIAN_POINT('',(-0.0104284305698989,-0.07,0.00694974746830583));
#4470=CARTESIAN_POINT('',(-0.0169284305698989,-0.07,0.00694974746830583));
#4471=CARTESIAN_POINT('',(-0.0164284305698989,-0.07,0.00694974746830583));
#4472=CARTESIAN_POINT('',(-0.0164284305698989,-0.07,0.00259974746830583));
#4473=CARTESIAN_POINT('',(-0.0169284305698989,-0.0624,0.00259974746830583));
#4474=CARTESIAN_POINT('',(-0.0169284305698989,-0.061,-0.00375025253169417));
#4475=CARTESIAN_POINT('',(-0.0169284305698989,-0.061,0.00844974746830583));
#4476=CARTESIAN_POINT('',(-0.0169284305698989,-0.061,-0.00325025253169417));
#4477=CARTESIAN_POINT('',(-0.0169284305698989,-0.0624,-0.00325025253169417));
#4478=CARTESIAN_POINT('',(-0.0169284305698989,-0.0677928932188135,-0.00325025253169417));
#4479=CARTESIAN_POINT('',(-0.0169284305698989,-0.0680214466094067,-0.00302169914110089));
#4480=CARTESIAN_POINT('',(-0.0169284305698989,-0.0695,-0.00154314575050762));
#4481=CARTESIAN_POINT('',(-0.0169284305698989,-0.0695,0.00259974746830583));
#4482=CARTESIAN_POINT('',(-0.0169284305698989,-0.0695,0.00674264068711928));
#4483=CARTESIAN_POINT('',(-0.0169284305698989,-0.0680214466094067,0.00822119407771255));
#4484=CARTESIAN_POINT('',(-0.0169284305698989,-0.0677928932188135,0.00844974746830583));
#4485=CARTESIAN_POINT('',(-0.0169284305698989,-0.061,0.00844974746830583));
#4486=CARTESIAN_POINT('',(-0.00992843056989887,-0.0624,0.00259974746830583));
#4487=CARTESIAN_POINT('',(-0.00992843056989887,-0.0676464466094067,-0.00339669914110089));
#4488=CARTESIAN_POINT('',(-0.00992843056989887,-0.0695,-0.00154314575050762));
#4489=CARTESIAN_POINT('',(-0.00992843056989887,-0.0677928932188135,-0.00325025253169417));
#4490=CARTESIAN_POINT('',(-0.00992843056989887,-0.061,-0.00325025253169417));
#4491=CARTESIAN_POINT('',(-0.00992843056989887,-0.061,-0.00325025253169417));
#4492=CARTESIAN_POINT('',(-0.00992843056989887,-0.061,0.00259974746830583));
#4493=CARTESIAN_POINT('',(-0.00992843056989887,-0.061,0.00844974746830584));
#4494=CARTESIAN_POINT('',(-0.00992843056989887,-0.0624,0.00844974746830584));
#4495=CARTESIAN_POINT('',(-0.00992843056989887,-0.0677928932188135,0.00844974746830584));
#4496=CARTESIAN_POINT('',(-0.00992843056989887,-0.0696464466094067,0.00659619407771256));
#4497=CARTESIAN_POINT('',(-0.00992843056989887,-0.0695,0.00674264068711929));
#4498=CARTESIAN_POINT('',(-0.00992843056989887,-0.0695,-0.00175025253169417));
#4499=CARTESIAN_POINT('',(0.00864974746830584,-0.058,0.00394974746830584));
#4500=CARTESIAN_POINT('',(0.00864974746830584,-0.056,0.00394974746830584));
#4501=CARTESIAN_POINT('',(0.00864974746830584,-0.056,0.00384974746830584));
#4502=CARTESIAN_POINT('',(0.00864974746830584,-0.056,0.00844974746830583));
#4503=CARTESIAN_POINT('',(0.00864974746830584,-0.06,0.00844974746830583));
#4504=CARTESIAN_POINT('',(0.00864974746830584,-0.0595,0.00844974746830583));
#4505=CARTESIAN_POINT('',(0.00864974746830584,-0.0595,0.00394974746830584));
#4506=CARTESIAN_POINT('',(0.00864974746830584,-0.0595,0.00384974746830584));
#4507=CARTESIAN_POINT('',(0.00864974746830584,-0.0381795549273491,0.00384974746830584));
#4508=CARTESIAN_POINT('',(0.00769974746830584,-0.05505,0.00394974746830584));
#4509=CARTESIAN_POINT('',(0.00864974746830584,-0.056,0.00844974746830583));
#4510=CARTESIAN_POINT('',(0.00144293244408887,-0.048793184975783,-0.00335706755591113));
#4511=CARTESIAN_POINT('',(0.00674974746830584,-0.0381795549273491,0.00194974746830584));
#4512=CARTESIAN_POINT('',(0.00674974746830584,-0.0595,0.00194974746830584));
#4513=CARTESIAN_POINT('',(0.0157497474683059,-0.0133,-5.02525316941668E-5));
#4514=CARTESIAN_POINT('',(0.0157497474683059,-0.0133,0.00194974746830584));
#4515=CARTESIAN_POINT('',(0.0157497474683059,-0.0133,0.00844974746830583));
#4516=CARTESIAN_POINT('',(0.00780288740626295,-0.0133,-5.02525316941668E-5));
#4517=CARTESIAN_POINT('',(0.00780288740626295,-0.0133,0.00194974746830583));
#4518=CARTESIAN_POINT('',(0.00780288740626295,-0.0133,0.00844974746830584));
#4519=CARTESIAN_POINT('',(0.00774974746830583,-0.0133,-5.02525316941668E-5));
#4520=CARTESIAN_POINT('',(0.00774974746830583,-0.0133,0.00844974746830584));
#4521=CARTESIAN_POINT('',(0.033,-0.06,-0.00205050506338834));
#4522=CARTESIAN_POINT('',(0.036546414351114,-0.057062054155948,-0.00559691941450229));
#4523=CARTESIAN_POINT('',(0.0331035533905933,-0.0487502525316942,-0.00215405845398161));
#4524=CARTESIAN_POINT('',(0.0367844336196331,-0.0524311327607339,-0.00583493868302137));
#4525=CARTESIAN_POINT('',(0.03975,-0.0553966991411009,-0.00880050506338833));
#4526=CARTESIAN_POINT('',(0.0326552578326946,-0.058335437568339,-0.00170576289608298));
#4527=CARTESIAN_POINT('',(0.0335,-0.0005,-0.00255050506338834));
#4528=CARTESIAN_POINT('',(-0.04,-0.06,-0.00905050506338833));
#4529=CARTESIAN_POINT('',(-0.04,-0.0595,-0.00905050506338833));
#4530=CARTESIAN_POINT('',(-0.0395,-0.0005,-0.00855050506338833));
#4531=CARTESIAN_POINT('',(-0.0169284305698989,-0.07,-0.00175025253169417));
#4532=CARTESIAN_POINT('',(-0.0104284305698989,-0.07,-0.00175025253169417));
#4533=CARTESIAN_POINT('',(-0.0164284305698989,-0.07,-0.00175025253169417));
#4534=CARTESIAN_POINT('',(0.0217497474683059,-0.068,0.00894974746830583));
#4535=CARTESIAN_POINT('',(-0.0104284305698989,-0.068,0.00894974746830583));
#4536=CARTESIAN_POINT('',(-0.0164284305698989,-0.068,0.00894974746830583));
#4537=CARTESIAN_POINT('',(0.0180715694301012,-0.068,-0.00375025253169417));
#4538=CARTESIAN_POINT('',(0.0175715694301012,-0.068,-0.00375025253169417));
#4539=CARTESIAN_POINT('',(0.0115715694301011,-0.068,-0.00375025253169417));
#4540=CARTESIAN_POINT('',(0.0180715694301012,-0.07,0.00694974746830583));
#4541=CARTESIAN_POINT('',(0.0175715694301012,-0.07,0.00694974746830583));
#4542=CARTESIAN_POINT('',(0.0115715694301011,-0.07,0.00694974746830583));
#4543=CARTESIAN_POINT('',(-0.0169284305698989,-0.061,0.00259974746830583));
#4544=CARTESIAN_POINT('',(-0.0169284305698989,-0.061,-0.00325025253169417));
#4545=CARTESIAN_POINT('',(-0.0169284305698989,-0.061,0.00844974746830583));
#4546=CARTESIAN_POINT('',(-0.00892843056989888,-0.06,0.00515018133923408));
#4547=CARTESIAN_POINT('',(-0.00892843056989888,-0.06,-0.00325025253169417));
#4548=CARTESIAN_POINT('',(-0.00892843056989888,-0.06,0.00844974746830584));
#4549=CARTESIAN_POINT('',(0.0190715694301012,-0.0548,-0.00691576024745053));
#4550=CARTESIAN_POINT('',(0.0190715694301012,-0.0548,0.00844974746830583));
#4551=CARTESIAN_POINT('',(0.0158375299323015,-0.0580340394977997,-0.00423659420497273));
#4552=CARTESIAN_POINT('',(0.0167497474683058,-0.0463,-5.02525316941668E-5));
#4553=CARTESIAN_POINT('',(0.0167497474683058,-0.0463,0.00844974746830583));
#4554=CARTESIAN_POINT('',(0.0157497474683059,-0.0488,-0.00691576024745053));
#4555=CARTESIAN_POINT('',(0.0157497474683059,-0.0488,0.00194974746830584));
#4556=CARTESIAN_POINT('',(0.0157497474683059,-0.0488,0.00844974746830583));
#4557=CARTESIAN_POINT('',(0.0222748737341529,-0.001,0.00742462120245875));
#4558=CARTESIAN_POINT('',(0.0245376154339499,-0.00206666666666667,0.0066703739691931));
#4559=CARTESIAN_POINT('',(0.0245376154339499,-0.00085,0.00494974746830583));
#4560=CARTESIAN_POINT('',(0.0230998316455372,0.000166666666666665,0.00494974746830583));
#4561=CARTESIAN_POINT('',(0.0200234699925426,-0.000453717849152734,0.00890346531745857));
#4562=CARTESIAN_POINT('',(0.00816739560982037,0.,-0.0102183908278065));
#4563=CARTESIAN_POINT('',(0.0245376154339499,-0.00771699563143761,-0.00476165088643003));
#4564=CARTESIAN_POINT('',(0.0173012728147239,0.000998727185276173,0.00032789990762519));
#4565=CARTESIAN_POINT('',(-0.0153685721670406,0.,-0.00301721427058629));
#4566=CARTESIAN_POINT('',(-0.0245376154339499,-0.00432232844734963,3.91334850500472E-5));
#4567=CARTESIAN_POINT('',(-0.0245376154339499,-0.00085,0.00494974746830583));
#4568=CARTESIAN_POINT('',(-0.0180242260800046,0.00375566178068292,0.00494974746830584));
#4569=CARTESIAN_POINT('',(-0.0190350646146528,-0.000735064614652787,-0.000390260170236642));
#4570=CARTESIAN_POINT('',(-0.0151681382961124,0.,0.0131171430781262));
#4571=CARTESIAN_POINT('',(-0.0245376154339499,-0.00441681388022479,0.00999398403218029));
#4572=CARTESIAN_POINT('',(-0.0203570453369926,-0.00125903996979727,0.00970878743810311));
#4573=CARTESIAN_POINT('',(0.0217497474683059,-0.0005,0.00894974746830583));
#4574=CARTESIAN_POINT('',(0.0116571050586102,-0.0387073575903043,0.00894974746830583));
#4575=CARTESIAN_POINT('',(-0.0087919626941826,-0.0603294625963825,0.00812028487192337));
#4576=CARTESIAN_POINT('',(-0.00966138957213611,-0.061110612002983,0.00818270647054307));
#4577=CARTESIAN_POINT('',(-0.00992843056989887,-0.0624,0.00844974746830584));
#4578=CARTESIAN_POINT('',(-0.00889977086562744,-0.0673668084182375,0.0074210877640344));
#4579=CARTESIAN_POINT('',(-0.00992843056989887,-0.0680214466094067,0.00822119407771256));
#4580=CARTESIAN_POINT('',(-0.00952958762367006,-0.0691011570537712,0.00657743452953447));
#4581=CARTESIAN_POINT('',(-0.00992843056989887,-0.0695,0.00259974746830583));
#4582=CARTESIAN_POINT('',(-0.00913820032791564,-0.0687097697580168,-0.0012158216668808));
#4583=CARTESIAN_POINT('',(-0.00992843056989887,-0.0680214466094067,-0.00302169914110089));
#4584=CARTESIAN_POINT('',(-0.00986677780290733,-0.0677673558065677,-0.00318859976470262));
#4585=CARTESIAN_POINT('',(-0.00992843056989887,-0.0624,-0.00325025253169417));
#4586=CARTESIAN_POINT('',(-0.0118725630717632,-0.0601947139506774,-0.00519438503355853));
#4587=CARTESIAN_POINT('',(-0.0157819839604922,-0.0661464466094067,-0.00375025253169417));
#4588=CARTESIAN_POINT('',(0.0217497474683059,-0.0543,0.00894974746830583));
#4589=CARTESIAN_POINT('',(0.0183959977649005,-0.0531690257235175,0.0100807217447883));
#4590=CARTESIAN_POINT('',(0.0230571050586102,-0.0501073575903044,0.00894974746830583));
#4591=CARTESIAN_POINT('',(0.0193304769909827,-0.0563214565854912,0.00719083990742425));
#4592=CARTESIAN_POINT('',(0.0180715694301012,-0.0624,0.00844974746830583));
#4593=CARTESIAN_POINT('',(0.0191002291343726,-0.0673668084182375,0.0074210877640344));
#4594=CARTESIAN_POINT('',(0.0180715694301012,-0.0680214466094067,0.00822119407771256));
#4595=CARTESIAN_POINT('',(0.01847041237633,-0.0691011570537712,0.00657743452953446));
#4596=CARTESIAN_POINT('',(0.0180715694301012,-0.0695,0.00259974746830583));
#4597=CARTESIAN_POINT('',(0.0188617996720843,-0.0687097697580168,-0.0012158216668808));
#4598=CARTESIAN_POINT('',(0.0180715694301012,-0.0680214466094067,-0.00302169914110089));
#4599=CARTESIAN_POINT('',(0.0181332221970926,-0.0677673558065677,-0.00318859976470262));
#4600=CARTESIAN_POINT('',(0.0180715694301012,-0.0624,-0.00325025253169417));
#4601=CARTESIAN_POINT('',(0.0184898497109148,-0.0603803641463728,-0.0028319722508805));
#4602=CARTESIAN_POINT('',(0.0180715694301012,-0.0583785533905933,-0.00142169914110089));
#4603=CARTESIAN_POINT('',(0.0395,0.,0.00515018133923408));
#4604=CARTESIAN_POINT('',(0.0444005452316012,-0.00490054523160118,-0.00876785576117301));
#4605=CARTESIAN_POINT('',(0.0398489623828909,-0.000348962382890976,-0.0119730832605065));
#4606=CARTESIAN_POINT('',(0.0336196189367415,0.00588038106325849,-0.00323179108586497));
#4607=CARTESIAN_POINT('',(0.0422481939052598,-0.00274819390525988,-0.00811927265698518));
#4608=CARTESIAN_POINT('',(-0.0395,-0.06,0.00515018133923408));
#4609=CARTESIAN_POINT('',(-0.0486432691597116,-0.0508567308402884,-0.0141969756321874));
#4610=CARTESIAN_POINT('',(-0.0397929287182594,-0.0597070712817407,-0.0225621237005126));
#4611=CARTESIAN_POINT('',(-0.0299138816922011,-0.0695861183077989,-0.010310813851666));
#4612=CARTESIAN_POINT('',(-0.0422481939052598,-0.0572518060947401,-0.00811927265698519));
#4613=CARTESIAN_POINT('',(-0.04,-0.0005,-0.0145505050633883));
#4614=CARTESIAN_POINT('',(-0.0408366143861911,-0.00133661438619114,-0.0133579966666669));
#4615=CARTESIAN_POINT('',(-0.0398506612850678,-0.000350661285067834,-0.0119754828215316));
#4616=CARTESIAN_POINT('',(-0.0392438406976358,0.000256159302364192,-0.0124027737250688));
#4617=CARTESIAN_POINT('',(-0.038950910365932,0.000549089634067981,-0.00948505221796431));
#4618=CARTESIAN_POINT('',(0.0183,0.,0.00515018133923408));
#4619=CARTESIAN_POINT('',(0.0386333333333334,-0.0203333333333334,-0.0215838383967217));
#4620=CARTESIAN_POINT('',(0.01895,-0.00065,-0.00190050506338833));
#4621=CARTESIAN_POINT('',(0.00979960781425992,0.00850039218574008,-0.0110508972491284));
#4622=CARTESIAN_POINT('',(-0.00720117655722024,0.,-0.00255050506338833));
#4623=CARTESIAN_POINT('',(0.0296330188149792,0.00762861164113245,-0.0101791167045208));
#4624=CARTESIAN_POINT('',(-0.000933333333333359,-0.0205333333333333,0.017982828269945));
#4625=CARTESIAN_POINT('',(-0.0188,-0.0005,-0.00152525253169416));
#4626=CARTESIAN_POINT('',(-0.0223333333333334,-0.00403333333333333,0.001482828269945));
#4627=CARTESIAN_POINT('',(-0.01895,-0.00065,-0.00190050506338833));
#4628=CARTESIAN_POINT('',(-0.0388333333333334,-0.0205333333333334,-0.0217838383967216));
#4629=CARTESIAN_POINT('',(-0.0294,-0.0005,-0.00205050506338833));
#4630=CARTESIAN_POINT('',(-0.0327155691351867,0.000186676851389952,-0.00273718191477828));
#4631=CARTESIAN_POINT('',(0.000733333333333374,-0.0203333333333333,0.0177828282699449));
#4632=CARTESIAN_POINT('',(0.0157497474683059,-0.0133,0.00144974746830583));
#4633=CARTESIAN_POINT('',(0.0142497474683058,-0.0133,0.00144974746830583));
#4634=CARTESIAN_POINT('',(0.0147497474683058,-0.03055,0.00194974746830584));
#4635=CARTESIAN_POINT('',(0.0154356983644923,-0.0475158698356776,0.00263569836449225));
#4636=CARTESIAN_POINT('',(0.0186461940777125,-0.0524035533905933,0.00144974746830583));
#4637=CARTESIAN_POINT('',(0.0145053823869163,-0.0518041630560341,-0.00105441558772832));
#4638=CARTESIAN_POINT('',(-9.61200272561005E-19,-0.0488,0.00194974746830584));
#4639=CARTESIAN_POINT('',(0.00674974746830584,-0.0381795549273491,0.00844974746830584));
#4640=CARTESIAN_POINT('',(0.00759754965052611,-0.0537488288379149,0.00760194528608557));
#4641=CARTESIAN_POINT('',(0.00624974746830583,-0.0133,0.00894974746830583));
#4642=CARTESIAN_POINT('',(0.00774974746830583,-0.0133,0.00894974746830583));
#4643=CARTESIAN_POINT('',(0.00774974746830583,-0.0118,0.00894974746830583));
#4644=CARTESIAN_POINT('',(0.00774974746830583,-0.0123,0.00844974746830584));
#4645=CARTESIAN_POINT('',(0.00780288740626295,-0.0118,0.00894974746830583));
#4646=CARTESIAN_POINT('',(0.00780288740626295,-0.0133,0.00894974746830583));
#4647=CARTESIAN_POINT('',(0.00930065398612596,-0.0132181753567348,0.00894974746830583));
#4648=CARTESIAN_POINT('',(0.00991065844920348,-0.03355,0.00844974746830584));
#4649=CARTESIAN_POINT('',(0.0116532383551917,-0.0547841232294023,0.00903141639339645));
#4650=CARTESIAN_POINT('',(0.0115715694301011,-0.0488,0.00894974746830583));
#4651=CARTESIAN_POINT('',(0.0079092928893546,-0.0664830353876619,0.00528747092755932));
#4652=CARTESIAN_POINT('',(0.0110715694301011,-0.0680214466094067,0.00822119407771256));
#4653=CARTESIAN_POINT('',(0.0106727264838723,-0.0691011570537712,0.00657743452953447));
#4654=CARTESIAN_POINT('',(0.0115715694301011,-0.07,0.00259974746830583));
#4655=CARTESIAN_POINT('',(0.0107418349013383,-0.0691702654712371,-0.00140656523671134));
#4656=CARTESIAN_POINT('',(0.0110715694301011,-0.0680214466094067,-0.00302169914110089));
#4657=CARTESIAN_POINT('',(0.0110099166631096,-0.0677673558065677,-0.00318859976470262));
#4658=CARTESIAN_POINT('',(0.0115715694301011,-0.065,-0.00375025253169417));
#4659=CARTESIAN_POINT('',(0.0106178515809484,-0.0603950428677963,-0.00279653468254146));
#4660=CARTESIAN_POINT('',(0.0115715694301011,-0.0574,-0.00115025253169417));
#4661=CARTESIAN_POINT('',(0.0124072676807338,-0.0544698625844599,0.000598029083749682));
#4662=CARTESIAN_POINT('',(0.0112772763561104,-0.0493994382212579,0.00144974746830583));
#4663=CARTESIAN_POINT('',(0.00930065398612595,-0.0132181753567348,0.00144974746830583));
#4664=CARTESIAN_POINT('',(0.00780288740626295,-0.0133,0.00144974746830583));
#4665=CARTESIAN_POINT('',(0.0193,-0.0468,-0.0005));
#4666=CARTESIAN_POINT('',(0.0245376154339499,-0.0443309644062711,0.00124587181131663));
#4667=CARTESIAN_POINT('',(0.0245376154339499,-0.04695,0.00494974746830583));
#4668=CARTESIAN_POINT('',(0.0211165824894353,-0.0493690355937289,0.00494974746830584));
#4669=CARTESIAN_POINT('',(0.0161060891052224,-0.0500312859273876,0.000875817487639332));
#4670=CARTESIAN_POINT('',(0.0261461940777126,-0.0473,0.00284619407771256));
#4671=CARTESIAN_POINT('',(0.0245376154339499,-0.0480582912447176,0.0033823869589668));
#4672=CARTESIAN_POINT('',(0.0199165276699154,-0.0488115705377118,0.00693817693059399));
#4673=CARTESIAN_POINT('',(0.0217497474683059,-0.0468,0.00894974746830583));
#4674=CARTESIAN_POINT('',(0.0182565253323734,-0.0460765300074574,0.00967321746084838));
#4675=CARTESIAN_POINT('',(0.0208533008588991,-0.0496964466094067,0.00894974746830583));
#4676=CARTESIAN_POINT('',(0.018221813719238,-0.0456902501941522,0.00992181371923801));
#4677=CARTESIAN_POINT('',(0.0172497474683058,-0.0488,0.00894974746830583));
#4678=CARTESIAN_POINT('',(0.0167497474683058,-0.0133,0.00844974746830583));
#4679=CARTESIAN_POINT('',(0.0157497474683059,-0.0133,0.00894974746830583));
#4680=CARTESIAN_POINT('',(0.0147497474683058,-0.0133,0.00844974746830583));
#4681=CARTESIAN_POINT('',(0.0142497474683058,-0.0488,0.00894974746830583));
#4682=CARTESIAN_POINT('',(0.0153682603286448,-0.0475438035847454,0.00783123460796689));
#4683=CARTESIAN_POINT('',(0.0183961940777125,-0.0521535533905933,0.00894974746830583));
#4684=CARTESIAN_POINT('',(0.0145053823869163,-0.0518041630560342,0.01145391052434));
#4685=CARTESIAN_POINT('',(0.,-0.0488,0.00844974746830583));
#4686=CARTESIAN_POINT('',(-0.00720117655722024,-0.06,-0.00255050506338833));
#4687=CARTESIAN_POINT('',(-0.030770928190448,-0.0648814553941241,-0.0074319604575124));
#4688=CARTESIAN_POINT('',(-0.0208668954675408,-0.0574331045324592,1.63904041524708E-5));
#4689=CARTESIAN_POINT('',(-0.01895,-0.05935,-0.00190050506338833));
#4690=CARTESIAN_POINT('',(-0.0192666666666667,-0.0596666666666667,-0.002217171730055));
#4691=CARTESIAN_POINT('',(-0.0183,-0.06,0.00515018133923408));
#4692=CARTESIAN_POINT('',(-0.0197373546377967,-0.0585626453622033,-0.00138826500372873));
#4693=CARTESIAN_POINT('',(-0.0188333333333334,-0.0594666666666667,-0.00178383839672166));
#4694=CARTESIAN_POINT('',(-0.0222748737341529,-0.0595,0.00247487373415292));
#4695=CARTESIAN_POINT('',(-0.0230998316455372,-0.0606666666666667,0.00494974746830583));
#4696=CARTESIAN_POINT('',(-0.0245376154339499,-0.05965,0.00494974746830583));
#4697=CARTESIAN_POINT('',(-0.0245376154339499,-0.0584333333333333,0.00322912096741855));
#4698=CARTESIAN_POINT('',(-0.0222748737341529,-0.0595,0.00742462120245875));
#4699=CARTESIAN_POINT('',(-0.0245376154339499,-0.0584333333333333,0.00667037396919308));
#4700=CARTESIAN_POINT('',(-0.0205793374906782,-0.0599114060791524,0.00853834138915347));
#4701=CARTESIAN_POINT('',(-0.00720117655722024,-0.06,0.00844974746830583));
#4702=CARTESIAN_POINT('',(-0.0193286915585241,-0.063380529069601,0.0050692183987048));
#4703=CARTESIAN_POINT('',(-0.00333578816020325,-0.0738855356285091,0.00894974746830583));
#4704=CARTESIAN_POINT('',(-0.0141408633047459,-0.0598453518327464,0.0112373147334588));
#4705=CARTESIAN_POINT('',(-0.0164284305698989,-0.0488,0.00894974746830583));
#4706=CARTESIAN_POINT('',(-0.0200907071106454,-0.0664830353876619,0.00528747092755929));
#4707=CARTESIAN_POINT('',(-0.0169284305698989,-0.0680214466094067,0.00822119407771256));
#4708=CARTESIAN_POINT('',(-0.0173272735161277,-0.0691011570537712,0.00657743452953446));
#4709=CARTESIAN_POINT('',(-0.0164284305698989,-0.07,0.00259974746830583));
#4710=CARTESIAN_POINT('',(-0.0172581650986617,-0.0691702654712371,-0.00140656523671134));
#4711=CARTESIAN_POINT('',(-0.0169284305698989,-0.0680214466094067,-0.00302169914110089));
#4712=CARTESIAN_POINT('',(-0.0169900833368904,-0.0677673558065677,-0.00318859976470262));
#4713=CARTESIAN_POINT('',(-0.0164284305698989,-0.065,-0.00375025253169417));
#4714=CARTESIAN_POINT('',(-0.0159284305698989,-0.0605857864376269,-0.00425025253169418));
#4715=CARTESIAN_POINT('',(-0.0145748771793056,-0.0626464466094067,-0.00375025253169417));
#4716=CARTESIAN_POINT('',(0.0266970705327349,-0.0430508764550224,0.00389887101328344));
#4717=CARTESIAN_POINT('',(0.0341188966577237,-0.042832398292622,0.000297197031989197));
#4718=CARTESIAN_POINT('',(0.0372893002760602,-0.0598959092622078,-0.00981976026197179));
#4719=CARTESIAN_POINT('',(0.04,-0.0603965728752538,-0.0141539321881345));
#4720=CARTESIAN_POINT('',(0.04,-0.0595,-0.0132573593128807));
#4721=CARTESIAN_POINT('',(0.04,-0.0595,-0.0145505050633883));
#4722=CARTESIAN_POINT('',(0.0371020768106197,-0.0623979231893803,-0.0192244889324769));
#4723=CARTESIAN_POINT('',(0.0397912022897724,-0.0597087977102276,-0.0225599664019167));
#4724=CARTESIAN_POINT('',(0.0425520470549893,-0.0569479529450107,-0.0199503446092228));
#4725=CARTESIAN_POINT('',(0.04,-0.0595,-0.0132573593128807));
#4726=CARTESIAN_POINT('',(0.04,-0.0595,-0.0132573593128807));
#4727=CARTESIAN_POINT('',(0.0395,-0.0599267766952966,-0.0130805826175841));
#4728=CARTESIAN_POINT('',(-0.00720117655722024,-0.06,-0.0132573593128807));
#4729=CARTESIAN_POINT('',(0.0104504350121548,-0.0557993124561511,-0.00311600247322902));
#4730=CARTESIAN_POINT('',(0.00674974746830584,-0.0595,-5.02525316941668E-5));
#4731=CARTESIAN_POINT('',(0.00483926787423856,-0.0614104795940673,0.00274109402680556));
#4732=CARTESIAN_POINT('',(0.0112461940777126,-0.0593035533905933,0.00894974746830583));
#4733=CARTESIAN_POINT('',(0.00956260545786541,-0.0556218818402038,0.00753688947874627));
#4734=CARTESIAN_POINT('',(0.00102094900041365,-0.06,-0.00307194421839981));
#4735=CARTESIAN_POINT('',(0.0062267388017979,-0.0619230086665079,0.00485339051972098));
#4736=CARTESIAN_POINT('',(0.00814974746830584,-0.0488,0.00894974746830583));
#4737=CARTESIAN_POINT('',(0.00814974746830584,-0.0595,0.00894974746830583));
#4738=CARTESIAN_POINT('',(0.00814974746830584,-0.06,0.00515018133923408));
#4739=CARTESIAN_POINT('',(0.00839974746830584,-0.05975,0.00844974746830583));
#4740=CARTESIAN_POINT('',(0.00814974746830584,-0.0595,0.00894974746830583));
#4741=CARTESIAN_POINT('',(0.00814974746830584,-0.0595,0.00894974746830583));
#4742=CARTESIAN_POINT('',(-0.00720117655722024,-0.06,0.00844974746830583));
#4743=CARTESIAN_POINT('',(0.0089455151294854,0.,0.0212968730259397));
#4744=CARTESIAN_POINT('',(-0.0161466916867056,-0.06,0.0140956964687195));
#4745=CARTESIAN_POINT('',(-0.0161466916867056,0.,0.0140956964687195));
#4746=CARTESIAN_POINT('',(0.,0.,-0.124050505063388));
#4747=CARTESIAN_POINT('',(-0.0397491272429024,-0.000149823721414057,-0.068031021078121));
#4748=CARTESIAN_POINT('',(0.0390487359400907,-0.000348139609649162,-0.0125379123431847));
#4749=CARTESIAN_POINT('',(0.0390488884978317,-0.000348205356904076,-0.012538035426723));
#4750=CARTESIAN_POINT('',(0.0389981501551822,-0.00039881430124431,-0.0125738902663399));
#4751=CARTESIAN_POINT('',(0.0389473957618779,-0.000449409253705657,-0.0126097421295211));
#4752=CARTESIAN_POINT('',(0.0388966252126731,-0.00049999012215545,-0.0126455909965653));
#4753=CARTESIAN_POINT('',(-0.0388999969079356,-0.000499990610522898,-0.0126467687863708));
#4754=CARTESIAN_POINT('',(-0.0389502039086584,-0.000449972499197985,-0.0126113203753472));
#4755=CARTESIAN_POINT('',(-0.039000395110705,-0.000399940615433056,-0.012575869034049));
#4756=CARTESIAN_POINT('',(-0.0390505706162476,-0.000349895047932356,-0.0125404147812527));
#4757=CARTESIAN_POINT('',(-0.039050418878321,-0.000349829650114625,-0.0125402923511233));
#4758=CARTESIAN_POINT('',(0.0397482769346153,-0.000150674753516326,-0.0680316201086685));
#4759=CARTESIAN_POINT('',(0.04,-0.106752752868091,-0.012536992372365));
#4760=CARTESIAN_POINT('',(-0.00238209115447335,-0.0428610494516075,-0.0423824875688488));
#4761=CARTESIAN_POINT('',(0.039764250590094,-0.00103927190296987,-0.0127030072548133));
#4762=CARTESIAN_POINT('',(0.0822604246669235,-0.0435354459798027,0.0172228252072095));
#4763=CARTESIAN_POINT('',(0.0395306481131768,-0.015,-0.0128675102657032));
#4764=CARTESIAN_POINT('',(0.0396870987421179,-0.0150128738784937,-0.0127573376345904));
#4765=CARTESIAN_POINT('',(0.0398435493710589,-0.0150257477569873,-0.0126471650034777));
#4766=CARTESIAN_POINT('',(0.04,-0.015038621635481,-0.012536992372365));
#4767=CARTESIAN_POINT('',(-0.039532613238267,-0.106752752868091,-0.0128696951609884));
#4768=CARTESIAN_POINT('',(-0.0819815809158786,-0.0432566100662222,0.0170206185970606));
#4769=CARTESIAN_POINT('',(-0.0397659303153833,-0.0010409594657234,-0.0127054056382588));
#4770=CARTESIAN_POINT('',(0.00266361007650855,-0.0431423641758096,-0.0425820397311145));
#4771=CARTESIAN_POINT('',(-0.04,-0.0150383428511468,-0.0125405861692066));
#4772=CARTESIAN_POINT('',(-0.0398446704359812,-0.0150255619007645,-0.0126499610176053));
#4773=CARTESIAN_POINT('',(-0.0396893408719624,-0.0150127809503823,-0.0127593358660041));
#4774=CARTESIAN_POINT('',(-0.0395340113079436,-0.015,-0.0128687107144029));
#4775=CARTESIAN_POINT('',(0.04,-0.0592894796890489,-0.0230340280385192));
#4776=CARTESIAN_POINT('',(0.04,-0.0444562958151156,-0.0194929999472574));
#4777=CARTESIAN_POINT('',(0.04,-0.0296174516401593,-0.0159752279392818));
#4778=CARTESIAN_POINT('',(0.04,-0.0147746174965669,-0.0124747355303618));
#4779=CARTESIAN_POINT('',(0.0395216263641528,-0.0592131561127684,-0.0233537410497367));
#4780=CARTESIAN_POINT('',(0.0395254376069219,-0.0443799722388351,-0.0198142085943131));
#4781=CARTESIAN_POINT('',(0.039528905552917,-0.0295411280638789,-0.0162977207527497));
#4782=CARTESIAN_POINT('',(0.0395321093063634,-0.0146982939202864,-0.012798367053287));
#4783=CARTESIAN_POINT('',(0.0397035248820981,-0.0589783404378107,-0.0231692439241426));
#4784=CARTESIAN_POINT('',(0.0398023517146847,-0.0588795173149481,-0.0230758273812276));
#4785=CARTESIAN_POINT('',(0.0399011785472712,-0.0587806941920855,-0.0229824108383127));
#4786=CARTESIAN_POINT('',(0.0400000053798578,-0.0586818710692229,-0.0228889942953977));
#4787=CARTESIAN_POINT('',(0.0397035191632345,-0.0589783381216555,-0.0231692403242781));
#4788=CARTESIAN_POINT('',(0.039521770264865,-0.0587976237098654,-0.023254655858035));
#4789=CARTESIAN_POINT('',(0.0395823471162747,-0.058857852499223,-0.0232261512670354));
#4790=CARTESIAN_POINT('',(0.0396429239676844,-0.0589180812885806,-0.0231976466760358));
#4791=CARTESIAN_POINT('',(0.0397035008190942,-0.0589783100779382,-0.0231691420850363));
#4792=CARTESIAN_POINT('',(-0.0395250484326258,-0.0592116999723313,-0.0233547365905362));
#4793=CARTESIAN_POINT('',(-0.0395288324077836,-0.0443790964277844,-0.0198152865384925));
#4794=CARTESIAN_POINT('',(-0.0395322755494215,-0.0295408316881816,-0.0162988859543304));
#4795=CARTESIAN_POINT('',(-0.0395354563922186,-0.0146985763611908,-0.0127996230669211));
#4796=CARTESIAN_POINT('',(-0.04,-0.0592874726186181,-0.0230373354659548));
#4797=CARTESIAN_POINT('',(-0.04,-0.0444548690740712,-0.0194964003355036));
#4798=CARTESIAN_POINT('',(-0.04,-0.0296166043344684,-0.0159787246470952));
#4799=CARTESIAN_POINT('',(-0.04,-0.0147743490074777,-0.0124783310849117));
#4800=CARTESIAN_POINT('',(-0.0397052149823532,-0.05897659020566,-0.0231712910962599));
#4801=CARTESIAN_POINT('',(-0.0396452005754931,-0.0589169226071854,-0.0231995279593825));
#4802=CARTESIAN_POINT('',(-0.0395851861686329,-0.0588572550087107,-0.0232277648225052));
#4803=CARTESIAN_POINT('',(-0.0395251717617728,-0.0587975874102361,-0.0232560016856278));
#4804=CARTESIAN_POINT('',(-0.0397052331221487,-0.0589766179405677,-0.0231713882573501));
#4805=CARTESIAN_POINT('',(-0.0400000014220171,-0.0586818686549107,-0.0228927810500307));
#4806=CARTESIAN_POINT('',(-0.0399017472066057,-0.0587801191800488,-0.0229856513054623));
#4807=CARTESIAN_POINT('',(-0.0398034929911943,-0.0588783697051869,-0.023078521560894));
#4808=CARTESIAN_POINT('',(-0.0397052387757829,-0.058976620230325,-0.0231713918163256));
#4809=CARTESIAN_POINT('',(-2.66340095438139E-18,-0.059511906469908,-0.124050505063388));
#4810=CARTESIAN_POINT('',(0.0388716274638797,-0.0595119470597428,-0.02317214329791));
#4811=CARTESIAN_POINT('',(0.0389207258355869,-0.059560862421173,-0.023149011645542));
#4812=CARTESIAN_POINT('',(0.0389698056092355,-0.0596097956648075,-0.0231258783612591));
#4813=CARTESIAN_POINT('',(0.0390188668985664,-0.059658746681429,-0.023102743455));
#4814=CARTESIAN_POINT('',(0.0390187627360878,-0.059658807379713,-0.0231026509925494));
#4815=CARTESIAN_POINT('',(-0.0256892174966437,-0.0491493954918392,-0.0802091625541552));
#4816=CARTESIAN_POINT('',(0.025688593733184,-0.0491487062383889,-0.08020959043973));
#4817=CARTESIAN_POINT('',(-0.0390204708801288,-0.0596570919770517,-0.0231047865206104));
#4818=CARTESIAN_POINT('',(-0.0390205742588021,-0.0596570317312383,-0.0231048782940034));
#4819=CARTESIAN_POINT('',(-0.0389720840561218,-0.0596086525350698,-0.0231277413032278));
#4820=CARTESIAN_POINT('',(-0.0389235757967349,-0.0595602907008954,-0.0231506027275754));
#4821=CARTESIAN_POINT('',(-0.0388750493710957,-0.0595119463344215,-0.0231734625573243));
#4822=CARTESIAN_POINT('',(0.0245376154339499,-0.06,0.0051618795026618));
#4823=CARTESIAN_POINT('',(-0.0245376154339499,-0.06,0.00473761543394987));
#4824=CARTESIAN_POINT('',(0.019909209127358,-0.0411075493191209,0.004723458059469));
#4825=CARTESIAN_POINT('',(0.0265060263161667,-0.0527691847402577,0.00472345805946911));
#4826=CARTESIAN_POINT('',(0.0265060263161667,-0.0488,0.00470602631616676));
#4827=CARTESIAN_POINT('',(0.0188,-0.0538839466094067,-0.00764130592228744));
#4828=CARTESIAN_POINT('',(0.0159430610711272,-0.0501943139614828,8.86485057199939E-5));
#4829=CARTESIAN_POINT('',(0.0200262999766139,-0.0451861491060218,-0.000677758477367691));
#4830=CARTESIAN_POINT('',(0.0165097697580167,-0.0489417901776941,0.000539725178594942));
#4831=CARTESIAN_POINT('',(0.0149124583442033,-0.0512249166884067,-0.00488754165579665));
#4832=CARTESIAN_POINT('',(0.0294,-0.0485002525316942,-0.00205050506338834));
#4833=CARTESIAN_POINT('',(0.0392892549530142,-0.000810584640439792,-0.0127032834905649));
#4834=CARTESIAN_POINT('',(0.0390485819210796,-0.000348248123087626,-0.0125381265374417));
#4835=CARTESIAN_POINT('',(0.0444005452316012,-0.0049005452316012,-0.00876785576117303));
#4836=CARTESIAN_POINT('',(0.0398090018715583,-0.000674597344545102,-0.0123174052856035));
#4837=CARTESIAN_POINT('',(0.0390487359400747,-0.000348139609606203,-0.0125379123432226));
#4838=CARTESIAN_POINT('',(0.0394480524431749,-0.000348783570249913,-0.0122562866971239));
#4839=CARTESIAN_POINT('',(0.0392754465880464,-0.000174566250952317,-0.0120106986021872));
#4840=CARTESIAN_POINT('',(-0.0392438406976358,0.000256159302364193,-0.0124027737250688));
#4841=CARTESIAN_POINT('',(-0.0398506612850496,-0.000350661285063603,-0.0119754828215565));
#4842=CARTESIAN_POINT('',(-0.0392917802137045,-0.000811428313428923,-0.0127050704859748));
#4843=CARTESIAN_POINT('',(-0.0393884073385046,-0.00067632443593292,-0.0126183103105064));
#4844=CARTESIAN_POINT('',(-0.0398506612850741,-0.000350661285074098,-0.0119754828215494));
#4845=CARTESIAN_POINT('',(-0.0394497323797105,-0.000350480285703564,-0.01225868640057));
#4846=CARTESIAN_POINT('',(-0.0392762961493049,-0.000175416534243388,-0.0120118966696615));
#4847=CARTESIAN_POINT('',(-0.0392730084177201,-0.0592272929067226,-0.023180419466289));
#4848=CARTESIAN_POINT('',(-0.039020364200425,-0.0596569982547261,-0.0231049270674781));
#4849=CARTESIAN_POINT('',(-0.039896446319422,-0.0591944818549777,-0.022727481152307));
#4850=CARTESIAN_POINT('',(-0.0397511472061642,-0.0593589341633983,-0.0228524922100673));
#4851=CARTESIAN_POINT('',(-0.0390204708801302,-0.0596570919770487,-0.0231047865206069));
#4852=CARTESIAN_POINT('',(-0.0393998275134726,-0.0596813704354965,-0.0228384843977901));
#4853=CARTESIAN_POINT('',(-0.0392360233831917,-0.0598533421190578,-0.0226204470280546));
#4854=CARTESIAN_POINT('',(0.039895583038229,-0.0591953482623661,-0.0227245111787881));
#4855=CARTESIAN_POINT('',(0.0397912159885376,-0.0597087921202967,-0.0225599616715621));
#4856=CARTESIAN_POINT('',(0.0392704456985862,-0.0592281586408646,-0.0231786835005002));
#4857=CARTESIAN_POINT('',(0.039354531005079,-0.0593251531594001,-0.0231352939196615));
#4858=CARTESIAN_POINT('',(0.0397912022897726,-0.0597087977102273,-0.0225599664019157));
#4859=CARTESIAN_POINT('',(0.0393981522375673,-0.0596830964192513,-0.0228363069239692));
#4860=CARTESIAN_POINT('',(0.0392351588988259,-0.0598542072106199,-0.0226193691558917));
#4861=CARTESIAN_POINT('',(0.0188,-0.06,-0.00175050506338833));
#4862=CARTESIAN_POINT('',(-0.0191,-0.06,-0.00205050506338833));
#4863=MECHANICAL_DESIGN_GEOMETRIC_PRESENTATION_REPRESENTATION('',(#2995),
#4864);
#4864=(
GEOMETRIC_REPRESENTATION_CONTEXT(3)
GLOBAL_UNCERTAINTY_ASSIGNED_CONTEXT((#4865))
GLOBAL_UNIT_ASSIGNED_CONTEXT((#4868,#4867,#4866))
REPRESENTATION_CONTEXT('Part 1','TOP_LEVEL_ASSEMBLY_PART')
);
#4865=UNCERTAINTY_MEASURE_WITH_UNIT(LENGTH_MEASURE(2.E-5),#4868,
'DISTANCE_ACCURACY_VALUE','Maximum Tolerance applied to model');
#4866=(
NAMED_UNIT(*)
SI_UNIT($,.STERADIAN.)
SOLID_ANGLE_UNIT()
);
#4867=(
NAMED_UNIT(*)
PLANE_ANGLE_UNIT()
SI_UNIT($,.RADIAN.)
);
#4868=(
LENGTH_UNIT()
NAMED_UNIT(*)
SI_UNIT($,.METRE.)
);
#4869=PRODUCT_DEFINITION_SHAPE('','',#4870);
#4870=PRODUCT_DEFINITION('','',#4872,#4871);
#4871=PRODUCT_DEFINITION_CONTEXT('',#4878,'design');
#4872=PRODUCT_DEFINITION_FORMATION_WITH_SPECIFIED_SOURCE('','',#4874,
 .NOT_KNOWN.);
#4873=PRODUCT_RELATED_PRODUCT_CATEGORY('','',(#4874));
#4874=PRODUCT('Part 1','Part 1','Part 1',(#4876));
#4875=PRODUCT_CATEGORY('','');
#4876=PRODUCT_CONTEXT('',#4878,'mechanical');
#4877=APPLICATION_PROTOCOL_DEFINITION('international standard',
'ap242_managed_model_based_3d_engineering',2011,#4878);
#4878=APPLICATION_CONTEXT('managed model based 3d engineering');
ENDSEC;
END-ISO-10303-21;
